
 /----------------------------------------------------------------------------\
 |  yosys -- Yosys Open SYnthesis Suite                                       |
 |  Copyright (C) 2012 - 2025  Claire Xenia Wolf <claire@yosyshq.com>         |
 |  Distributed under an ISC-like license, type "license" to see terms        |
 \----------------------------------------------------------------------------/
 Yosys 0.52 (git sha1 fee39a3284c90249e1d9684cf6944ffbbcbb8f90)

-- Executing script file `/mnt/c/Users/sethu/Downloads/vlsi/ARe_UBNN_KWS/scripts/synth_baseline.ys' --

1. Executing Liberty frontend: constraints/sky130_fd_sc_hd__tt_025C_1v80.lib
Imported 428 cell types from liberty file.

2. Executing Verilog-2005 frontend: src/popcount16.sv
Parsing SystemVerilog input from `src/popcount16.sv' to AST representation.
Generating RTLIL representation for module `\popcount16'.
Warning: Replacing memory \s2 with list of registers. See src/popcount16.sv:36
Warning: Replacing memory \s1 with list of registers. See src/popcount16.sv:28
Warning: Replacing memory \s3 with list of registers. See src/popcount16.sv:42
Successfully finished Verilog frontend.

3. Executing Verilog-2005 frontend: src/unipolar_pe.sv
Parsing SystemVerilog input from `src/unipolar_pe.sv' to AST representation.
Generating RTLIL representation for module `\unipolar_pe'.
Successfully finished Verilog frontend.

4. Executing Verilog-2005 frontend: src/accumulator.sv
Parsing SystemVerilog input from `src/accumulator.sv' to AST representation.
Generating RTLIL representation for module `\accumulator'.
Warning: Replacing memory \s2 with list of registers. See src/accumulator.sv:61
Warning: Replacing memory \s1 with list of registers. See src/accumulator.sv:53
Warning: Replacing memory \pe with list of registers. See src/accumulator.sv:44
Warning: Replacing memory \s3 with list of registers. See src/accumulator.sv:67
Successfully finished Verilog frontend.

5. Executing Verilog-2005 frontend: src/threshold_unit.sv
Parsing SystemVerilog input from `src/threshold_unit.sv' to AST representation.
Generating RTLIL representation for module `\threshold_unit'.
Successfully finished Verilog frontend.

6. Executing Verilog-2005 frontend: src/controller.sv
Parsing SystemVerilog input from `src/controller.sv' to AST representation.
Generating RTLIL representation for module `\controller'.
Successfully finished Verilog frontend.

7. Executing Verilog-2005 frontend: src/baseline_ubnn_kws_top.sv
Parsing SystemVerilog input from `src/baseline_ubnn_kws_top.sv' to AST representation.
Generating RTLIL representation for module `\baseline_ubnn_kws_top'.
Warning: Replacing memory \raw_weight_mem with list of registers. See src/baseline_ubnn_kws_top.sv:63
Successfully finished Verilog frontend.

8. Executing HIERARCHY pass (managing design hierarchy).

8.1. Analyzing design hierarchy..
Top module:  \baseline_ubnn_kws_top
Used module:     \unipolar_pe
Used module:         \popcount16
Used module:     \threshold_unit
Used module:     \accumulator
Used module:     \controller

8.2. Analyzing design hierarchy..
Top module:  \baseline_ubnn_kws_top
Used module:     \unipolar_pe
Used module:         \popcount16
Used module:     \threshold_unit
Used module:     \accumulator
Used module:     \controller
Removed 0 unused modules.

9. Executing SYNTH pass.

9.1. Executing HIERARCHY pass (managing design hierarchy).

9.1.1. Analyzing design hierarchy..
Top module:  \baseline_ubnn_kws_top
Used module:     \unipolar_pe
Used module:         \popcount16
Used module:     \threshold_unit
Used module:     \accumulator
Used module:     \controller

9.1.2. Analyzing design hierarchy..
Top module:  \baseline_ubnn_kws_top
Used module:     \unipolar_pe
Used module:         \popcount16
Used module:     \threshold_unit
Used module:     \accumulator
Used module:     \controller
Removed 0 unused modules.

9.2. Executing PROC pass (convert processes to netlists).

9.2.1. Executing PROC_CLEAN pass (remove empty switches from decision trees).
Cleaned up 0 empty switches.

9.2.2. Executing PROC_RMDEAD pass (remove dead branches from decision trees).
Marked 3 switch rules as full_case in process $proc$src/baseline_ubnn_kws_top.sv:60$55 in module baseline_ubnn_kws_top.
Marked 3 switch rules as full_case in process $proc$src/controller.sv:0$44 in module controller.
Marked 1 switch rules as full_case in process $proc$src/controller.sv:46$42 in module controller.
Marked 3 switch rules as full_case in process $proc$src/accumulator.sv:80$22 in module accumulator.
Marked 1 switch rules as full_case in process $proc$src/unipolar_pe.sv:48$18 in module unipolar_pe.
Removed a total of 0 dead cases.

9.2.3. Executing PROC_PRUNE pass (remove redundant assignments in processes).
Removed 1 redundant assignment.
Promoted 48 assignments to connections.

9.2.4. Executing PROC_INIT pass (extract init attributes).

9.2.5. Executing PROC_ARST pass (detect async resets in processes).
Found async reset \rst_n in `\baseline_ubnn_kws_top.$proc$src/baseline_ubnn_kws_top.sv:60$55'.
Found async reset \rst_n in `\controller.$proc$src/controller.sv:46$42'.
Found async reset \rst_n in `\accumulator.$proc$src/accumulator.sv:80$22'.
Found async reset \rst_n in `\unipolar_pe.$proc$src/unipolar_pe.sv:48$18'.

9.2.6. Executing PROC_ROM pass (convert switches to ROMs).
Converted 0 switches.
<suppressed ~9 debug messages>

9.2.7. Executing PROC_MUX pass (convert decision trees to multiplexers).
Creating decoders for process `\baseline_ubnn_kws_top.$proc$src/baseline_ubnn_kws_top.sv:60$55'.
     1/21: $2$mem2reg_wr$\raw_weight_mem$src/baseline_ubnn_kws_top.sv:66$54_ADDR[3:0]$61
     2/21: $2$mem2reg_wr$\raw_weight_mem$src/baseline_ubnn_kws_top.sv:66$54_DATA[15:0]$62
     3/21: $1$mem2reg_wr$\raw_weight_mem$src/baseline_ubnn_kws_top.sv:66$54_DATA[15:0]$60
     4/21: $1$mem2reg_wr$\raw_weight_mem$src/baseline_ubnn_kws_top.sv:66$54_ADDR[3:0]$59
     5/21: $1\k[31:0]
     6/21: $0\raw_weight_mem[15][15:0]
     7/21: $0\raw_weight_mem[14][15:0]
     8/21: $0\raw_weight_mem[13][15:0]
     9/21: $0\raw_weight_mem[12][15:0]
    10/21: $0\raw_weight_mem[11][15:0]
    11/21: $0\raw_weight_mem[10][15:0]
    12/21: $0\raw_weight_mem[9][15:0]
    13/21: $0\raw_weight_mem[8][15:0]
    14/21: $0\raw_weight_mem[7][15:0]
    15/21: $0\raw_weight_mem[6][15:0]
    16/21: $0\raw_weight_mem[5][15:0]
    17/21: $0\raw_weight_mem[4][15:0]
    18/21: $0\raw_weight_mem[3][15:0]
    19/21: $0\raw_weight_mem[2][15:0]
    20/21: $0\raw_weight_mem[1][15:0]
    21/21: $0\raw_weight_mem[0][15:0]
Creating decoders for process `\controller.$proc$src/controller.sv:0$44'.
     1/3: $3\next_state[2:0]
     2/3: $2\next_state[2:0]
     3/3: $1\next_state[2:0]
Creating decoders for process `\controller.$proc$src/controller.sv:46$42'.
     1/1: $0\current_state[2:0]
Creating decoders for process `\accumulator.$proc$src/accumulator.sv:0$25'.
Creating decoders for process `\accumulator.$proc$src/accumulator.sv:80$22'.
     1/1: $0\acc_reg[7:0]
Creating decoders for process `\unipolar_pe.$proc$src/unipolar_pe.sv:48$18'.
     1/1: $0\partial_sum[4:0]
Creating decoders for process `\popcount16.$proc$src/popcount16.sv:0$2'.

9.2.8. Executing PROC_DLATCH pass (convert process syncs to latches).
No latch inferred for signal `\controller.\next_state' from process `\controller.$proc$src/controller.sv:0$44'.
No latch inferred for signal `\accumulator.\s3[0]' from process `\accumulator.$proc$src/accumulator.sv:0$25'.
No latch inferred for signal `\accumulator.\s3[1]' from process `\accumulator.$proc$src/accumulator.sv:0$25'.
No latch inferred for signal `\accumulator.\s1[0]' from process `\accumulator.$proc$src/accumulator.sv:0$25'.
No latch inferred for signal `\accumulator.\s1[1]' from process `\accumulator.$proc$src/accumulator.sv:0$25'.
No latch inferred for signal `\accumulator.\s1[2]' from process `\accumulator.$proc$src/accumulator.sv:0$25'.
No latch inferred for signal `\accumulator.\s1[3]' from process `\accumulator.$proc$src/accumulator.sv:0$25'.
No latch inferred for signal `\accumulator.\s1[4]' from process `\accumulator.$proc$src/accumulator.sv:0$25'.
No latch inferred for signal `\accumulator.\s1[5]' from process `\accumulator.$proc$src/accumulator.sv:0$25'.
No latch inferred for signal `\accumulator.\s1[6]' from process `\accumulator.$proc$src/accumulator.sv:0$25'.
No latch inferred for signal `\accumulator.\s1[7]' from process `\accumulator.$proc$src/accumulator.sv:0$25'.
No latch inferred for signal `\accumulator.\s2[0]' from process `\accumulator.$proc$src/accumulator.sv:0$25'.
No latch inferred for signal `\accumulator.\s2[1]' from process `\accumulator.$proc$src/accumulator.sv:0$25'.
No latch inferred for signal `\accumulator.\s2[2]' from process `\accumulator.$proc$src/accumulator.sv:0$25'.
No latch inferred for signal `\accumulator.\s2[3]' from process `\accumulator.$proc$src/accumulator.sv:0$25'.
No latch inferred for signal `\accumulator.\pe[0]' from process `\accumulator.$proc$src/accumulator.sv:0$25'.
No latch inferred for signal `\accumulator.\pe[1]' from process `\accumulator.$proc$src/accumulator.sv:0$25'.
No latch inferred for signal `\accumulator.\pe[2]' from process `\accumulator.$proc$src/accumulator.sv:0$25'.
No latch inferred for signal `\accumulator.\pe[3]' from process `\accumulator.$proc$src/accumulator.sv:0$25'.
No latch inferred for signal `\accumulator.\pe[4]' from process `\accumulator.$proc$src/accumulator.sv:0$25'.
No latch inferred for signal `\accumulator.\pe[5]' from process `\accumulator.$proc$src/accumulator.sv:0$25'.
No latch inferred for signal `\accumulator.\pe[6]' from process `\accumulator.$proc$src/accumulator.sv:0$25'.
No latch inferred for signal `\accumulator.\pe[7]' from process `\accumulator.$proc$src/accumulator.sv:0$25'.
No latch inferred for signal `\accumulator.\pe[8]' from process `\accumulator.$proc$src/accumulator.sv:0$25'.
No latch inferred for signal `\accumulator.\pe[9]' from process `\accumulator.$proc$src/accumulator.sv:0$25'.
No latch inferred for signal `\accumulator.\pe[10]' from process `\accumulator.$proc$src/accumulator.sv:0$25'.
No latch inferred for signal `\accumulator.\pe[11]' from process `\accumulator.$proc$src/accumulator.sv:0$25'.
No latch inferred for signal `\accumulator.\pe[12]' from process `\accumulator.$proc$src/accumulator.sv:0$25'.
No latch inferred for signal `\accumulator.\pe[13]' from process `\accumulator.$proc$src/accumulator.sv:0$25'.
No latch inferred for signal `\accumulator.\pe[14]' from process `\accumulator.$proc$src/accumulator.sv:0$25'.
No latch inferred for signal `\accumulator.\pe[15]' from process `\accumulator.$proc$src/accumulator.sv:0$25'.
No latch inferred for signal `\popcount16.\s3[0]' from process `\popcount16.$proc$src/popcount16.sv:0$2'.
No latch inferred for signal `\popcount16.\s3[1]' from process `\popcount16.$proc$src/popcount16.sv:0$2'.
No latch inferred for signal `\popcount16.\s1[0]' from process `\popcount16.$proc$src/popcount16.sv:0$2'.
No latch inferred for signal `\popcount16.\s1[1]' from process `\popcount16.$proc$src/popcount16.sv:0$2'.
No latch inferred for signal `\popcount16.\s1[2]' from process `\popcount16.$proc$src/popcount16.sv:0$2'.
No latch inferred for signal `\popcount16.\s1[3]' from process `\popcount16.$proc$src/popcount16.sv:0$2'.
No latch inferred for signal `\popcount16.\s1[4]' from process `\popcount16.$proc$src/popcount16.sv:0$2'.
No latch inferred for signal `\popcount16.\s1[5]' from process `\popcount16.$proc$src/popcount16.sv:0$2'.
No latch inferred for signal `\popcount16.\s1[6]' from process `\popcount16.$proc$src/popcount16.sv:0$2'.
No latch inferred for signal `\popcount16.\s1[7]' from process `\popcount16.$proc$src/popcount16.sv:0$2'.
No latch inferred for signal `\popcount16.\s2[0]' from process `\popcount16.$proc$src/popcount16.sv:0$2'.
No latch inferred for signal `\popcount16.\s2[1]' from process `\popcount16.$proc$src/popcount16.sv:0$2'.
No latch inferred for signal `\popcount16.\s2[2]' from process `\popcount16.$proc$src/popcount16.sv:0$2'.
No latch inferred for signal `\popcount16.\s2[3]' from process `\popcount16.$proc$src/popcount16.sv:0$2'.

9.2.9. Executing PROC_DFF pass (convert process syncs to FFs).
Creating register for signal `\baseline_ubnn_kws_top.\k' using process `\baseline_ubnn_kws_top.$proc$src/baseline_ubnn_kws_top.sv:60$55'.
  created $adff cell `$procdff$312' with positive edge clock and positive level reset.
Creating register for signal `\baseline_ubnn_kws_top.\raw_weight_mem[0]' using process `\baseline_ubnn_kws_top.$proc$src/baseline_ubnn_kws_top.sv:60$55'.
  created $adff cell `$procdff$317' with positive edge clock and positive level reset.
Creating register for signal `\baseline_ubnn_kws_top.\raw_weight_mem[1]' using process `\baseline_ubnn_kws_top.$proc$src/baseline_ubnn_kws_top.sv:60$55'.
  created $adff cell `$procdff$322' with positive edge clock and positive level reset.
Creating register for signal `\baseline_ubnn_kws_top.\raw_weight_mem[2]' using process `\baseline_ubnn_kws_top.$proc$src/baseline_ubnn_kws_top.sv:60$55'.
  created $adff cell `$procdff$327' with positive edge clock and positive level reset.
Creating register for signal `\baseline_ubnn_kws_top.\raw_weight_mem[3]' using process `\baseline_ubnn_kws_top.$proc$src/baseline_ubnn_kws_top.sv:60$55'.
  created $adff cell `$procdff$332' with positive edge clock and positive level reset.
Creating register for signal `\baseline_ubnn_kws_top.\raw_weight_mem[4]' using process `\baseline_ubnn_kws_top.$proc$src/baseline_ubnn_kws_top.sv:60$55'.
  created $adff cell `$procdff$337' with positive edge clock and positive level reset.
Creating register for signal `\baseline_ubnn_kws_top.\raw_weight_mem[5]' using process `\baseline_ubnn_kws_top.$proc$src/baseline_ubnn_kws_top.sv:60$55'.
  created $adff cell `$procdff$342' with positive edge clock and positive level reset.
Creating register for signal `\baseline_ubnn_kws_top.\raw_weight_mem[6]' using process `\baseline_ubnn_kws_top.$proc$src/baseline_ubnn_kws_top.sv:60$55'.
  created $adff cell `$procdff$347' with positive edge clock and positive level reset.
Creating register for signal `\baseline_ubnn_kws_top.\raw_weight_mem[7]' using process `\baseline_ubnn_kws_top.$proc$src/baseline_ubnn_kws_top.sv:60$55'.
  created $adff cell `$procdff$352' with positive edge clock and positive level reset.
Creating register for signal `\baseline_ubnn_kws_top.\raw_weight_mem[8]' using process `\baseline_ubnn_kws_top.$proc$src/baseline_ubnn_kws_top.sv:60$55'.
  created $adff cell `$procdff$357' with positive edge clock and positive level reset.
Creating register for signal `\baseline_ubnn_kws_top.\raw_weight_mem[9]' using process `\baseline_ubnn_kws_top.$proc$src/baseline_ubnn_kws_top.sv:60$55'.
  created $adff cell `$procdff$362' with positive edge clock and positive level reset.
Creating register for signal `\baseline_ubnn_kws_top.\raw_weight_mem[10]' using process `\baseline_ubnn_kws_top.$proc$src/baseline_ubnn_kws_top.sv:60$55'.
  created $adff cell `$procdff$367' with positive edge clock and positive level reset.
Creating register for signal `\baseline_ubnn_kws_top.\raw_weight_mem[11]' using process `\baseline_ubnn_kws_top.$proc$src/baseline_ubnn_kws_top.sv:60$55'.
  created $adff cell `$procdff$372' with positive edge clock and positive level reset.
Creating register for signal `\baseline_ubnn_kws_top.\raw_weight_mem[12]' using process `\baseline_ubnn_kws_top.$proc$src/baseline_ubnn_kws_top.sv:60$55'.
  created $adff cell `$procdff$377' with positive edge clock and positive level reset.
Creating register for signal `\baseline_ubnn_kws_top.\raw_weight_mem[13]' using process `\baseline_ubnn_kws_top.$proc$src/baseline_ubnn_kws_top.sv:60$55'.
  created $adff cell `$procdff$382' with positive edge clock and positive level reset.
Creating register for signal `\baseline_ubnn_kws_top.\raw_weight_mem[14]' using process `\baseline_ubnn_kws_top.$proc$src/baseline_ubnn_kws_top.sv:60$55'.
  created $adff cell `$procdff$387' with positive edge clock and positive level reset.
Creating register for signal `\baseline_ubnn_kws_top.\raw_weight_mem[15]' using process `\baseline_ubnn_kws_top.$proc$src/baseline_ubnn_kws_top.sv:60$55'.
  created $adff cell `$procdff$392' with positive edge clock and positive level reset.
Creating register for signal `\baseline_ubnn_kws_top.$mem2reg_wr$\raw_weight_mem$src/baseline_ubnn_kws_top.sv:66$54_ADDR' using process `\baseline_ubnn_kws_top.$proc$src/baseline_ubnn_kws_top.sv:60$55'.
  created $adff cell `$procdff$397' with positive edge clock and positive level reset.
Creating register for signal `\baseline_ubnn_kws_top.$mem2reg_wr$\raw_weight_mem$src/baseline_ubnn_kws_top.sv:66$54_DATA' using process `\baseline_ubnn_kws_top.$proc$src/baseline_ubnn_kws_top.sv:60$55'.
  created $adff cell `$procdff$402' with positive edge clock and positive level reset.
Creating register for signal `\controller.\current_state' using process `\controller.$proc$src/controller.sv:46$42'.
  created $adff cell `$procdff$407' with positive edge clock and positive level reset.
Creating register for signal `\accumulator.\acc_reg' using process `\accumulator.$proc$src/accumulator.sv:80$22'.
  created $adff cell `$procdff$412' with positive edge clock and positive level reset.
Creating register for signal `\unipolar_pe.\partial_sum' using process `\unipolar_pe.$proc$src/unipolar_pe.sv:48$18'.
  created $adff cell `$procdff$417' with positive edge clock and positive level reset.

9.2.10. Executing PROC_MEMWR pass (convert process memory writes to cells).

9.2.11. Executing PROC_CLEAN pass (remove empty switches from decision trees).
Found and cleaned up 2 empty switches in `\baseline_ubnn_kws_top.$proc$src/baseline_ubnn_kws_top.sv:60$55'.
Removing empty process `baseline_ubnn_kws_top.$proc$src/baseline_ubnn_kws_top.sv:60$55'.
Found and cleaned up 3 empty switches in `\controller.$proc$src/controller.sv:0$44'.
Removing empty process `controller.$proc$src/controller.sv:0$44'.
Removing empty process `controller.$proc$src/controller.sv:46$42'.
Removing empty process `accumulator.$proc$src/accumulator.sv:0$25'.
Found and cleaned up 3 empty switches in `\accumulator.$proc$src/accumulator.sv:80$22'.
Removing empty process `accumulator.$proc$src/accumulator.sv:80$22'.
Found and cleaned up 1 empty switch in `\unipolar_pe.$proc$src/unipolar_pe.sv:48$18'.
Removing empty process `unipolar_pe.$proc$src/unipolar_pe.sv:48$18'.
Removing empty process `popcount16.$proc$src/popcount16.sv:0$2'.
Cleaned up 9 empty switches.

9.2.12. Executing OPT_EXPR pass (perform const folding).
Optimizing module baseline_ubnn_kws_top.
<suppressed ~39 debug messages>
Optimizing module controller.
<suppressed ~7 debug messages>
Optimizing module threshold_unit.
Optimizing module accumulator.
<suppressed ~2 debug messages>
Optimizing module unipolar_pe.
<suppressed ~2 debug messages>
Optimizing module popcount16.

9.3. Executing OPT_EXPR pass (perform const folding).
Optimizing module baseline_ubnn_kws_top.
Optimizing module controller.
Optimizing module threshold_unit.
Optimizing module accumulator.
Optimizing module unipolar_pe.
Optimizing module popcount16.

9.4. Executing OPT_CLEAN pass (remove unused cells and wires).
Finding unused cells or wires in module \baseline_ubnn_kws_top..
Finding unused cells or wires in module \controller..
Finding unused cells or wires in module \threshold_unit..
Finding unused cells or wires in module \accumulator..
Finding unused cells or wires in module \unipolar_pe..
Finding unused cells or wires in module \popcount16..
Removed 31 unused cells and 193 unused wires.
<suppressed ~38 debug messages>

9.5. Executing CHECK pass (checking for obvious problems).
Checking module accumulator...
Checking module baseline_ubnn_kws_top...
Checking module controller...
Checking module popcount16...
Checking module threshold_unit...
Checking module unipolar_pe...
Found and reported 0 problems.

9.6. Executing OPT pass (performing simple optimizations).

9.6.1. Executing OPT_EXPR pass (perform const folding).
Optimizing module accumulator.
Optimizing module baseline_ubnn_kws_top.
Optimizing module controller.
Optimizing module popcount16.
Optimizing module threshold_unit.
Optimizing module unipolar_pe.

9.6.2. Executing OPT_MERGE pass (detect identical cells).
Finding identical cells in module `\accumulator'.
Finding identical cells in module `\baseline_ubnn_kws_top'.
Finding identical cells in module `\controller'.
<suppressed ~15 debug messages>
Finding identical cells in module `\popcount16'.
Finding identical cells in module `\threshold_unit'.
Finding identical cells in module `\unipolar_pe'.
Removed a total of 5 cells.

9.6.3. Executing OPT_MUXTREE pass (detect dead branches in mux trees).
Running muxtree optimizer on module \accumulator..
  Creating internal representation of mux trees.
  Evaluating internal representation of mux trees.
  Analyzing evaluation results.
Running muxtree optimizer on module \baseline_ubnn_kws_top..
  Creating internal representation of mux trees.
  Evaluating internal representation of mux trees.
  Analyzing evaluation results.
Running muxtree optimizer on module \controller..
  Creating internal representation of mux trees.
  Evaluating internal representation of mux trees.
  Analyzing evaluation results.
    dead port 1/2 on $mux $procmux$278.
    dead port 2/2 on $mux $procmux$280.
    dead port 2/2 on $mux $procmux$290.
Running muxtree optimizer on module \popcount16..
  Creating internal representation of mux trees.
  No muxes found in this module.
Running muxtree optimizer on module \threshold_unit..
  Creating internal representation of mux trees.
  Evaluating internal representation of mux trees.
  Analyzing evaluation results.
Running muxtree optimizer on module \unipolar_pe..
  Creating internal representation of mux trees.
  Evaluating internal representation of mux trees.
  Analyzing evaluation results.
Removed 3 multiplexer ports.
<suppressed ~20 debug messages>

9.6.4. Executing OPT_REDUCE pass (consolidate $*mux and $reduce_* inputs).
  Optimizing cells in module \accumulator.
  Optimizing cells in module \baseline_ubnn_kws_top.
  Optimizing cells in module \controller.
  Optimizing cells in module \popcount16.
  Optimizing cells in module \threshold_unit.
  Optimizing cells in module \unipolar_pe.
Performed a total of 0 changes.

9.6.5. Executing OPT_MERGE pass (detect identical cells).
Finding identical cells in module `\accumulator'.
Finding identical cells in module `\baseline_ubnn_kws_top'.
Finding identical cells in module `\controller'.
Finding identical cells in module `\popcount16'.
Finding identical cells in module `\threshold_unit'.
Finding identical cells in module `\unipolar_pe'.
Removed a total of 0 cells.

9.6.6. Executing OPT_DFF pass (perform DFF optimizations).

9.6.7. Executing OPT_CLEAN pass (remove unused cells and wires).
Finding unused cells or wires in module \accumulator..
Finding unused cells or wires in module \baseline_ubnn_kws_top..
Finding unused cells or wires in module \controller..
Finding unused cells or wires in module \popcount16..
Finding unused cells or wires in module \threshold_unit..
Finding unused cells or wires in module \unipolar_pe..
Removed 0 unused cells and 8 unused wires.
<suppressed ~1 debug messages>

9.6.8. Executing OPT_EXPR pass (perform const folding).
Optimizing module accumulator.
Optimizing module baseline_ubnn_kws_top.
Optimizing module controller.
Optimizing module popcount16.
Optimizing module threshold_unit.
Optimizing module unipolar_pe.

9.6.9. Rerunning OPT passes. (Maybe there is more to do..)

9.6.10. Executing OPT_MUXTREE pass (detect dead branches in mux trees).
Running muxtree optimizer on module \accumulator..
  Creating internal representation of mux trees.
  Evaluating internal representation of mux trees.
  Analyzing evaluation results.
Running muxtree optimizer on module \baseline_ubnn_kws_top..
  Creating internal representation of mux trees.
  Evaluating internal representation of mux trees.
  Analyzing evaluation results.
Running muxtree optimizer on module \controller..
  Creating internal representation of mux trees.
  Evaluating internal representation of mux trees.
  Analyzing evaluation results.
Running muxtree optimizer on module \popcount16..
  Creating internal representation of mux trees.
  No muxes found in this module.
Running muxtree optimizer on module \threshold_unit..
  Creating internal representation of mux trees.
  Evaluating internal representation of mux trees.
  Analyzing evaluation results.
Running muxtree optimizer on module \unipolar_pe..
  Creating internal representation of mux trees.
  Evaluating internal representation of mux trees.
  Analyzing evaluation results.
Removed 0 multiplexer ports.
<suppressed ~20 debug messages>

9.6.11. Executing OPT_REDUCE pass (consolidate $*mux and $reduce_* inputs).
  Optimizing cells in module \accumulator.
  Optimizing cells in module \baseline_ubnn_kws_top.
  Optimizing cells in module \controller.
  Optimizing cells in module \popcount16.
  Optimizing cells in module \threshold_unit.
  Optimizing cells in module \unipolar_pe.
Performed a total of 0 changes.

9.6.12. Executing OPT_MERGE pass (detect identical cells).
Finding identical cells in module `\accumulator'.
Finding identical cells in module `\baseline_ubnn_kws_top'.
Finding identical cells in module `\controller'.
Finding identical cells in module `\popcount16'.
Finding identical cells in module `\threshold_unit'.
Finding identical cells in module `\unipolar_pe'.
Removed a total of 0 cells.

9.6.13. Executing OPT_DFF pass (perform DFF optimizations).

9.6.14. Executing OPT_CLEAN pass (remove unused cells and wires).
Finding unused cells or wires in module \accumulator..
Finding unused cells or wires in module \baseline_ubnn_kws_top..
Finding unused cells or wires in module \controller..
Finding unused cells or wires in module \popcount16..
Finding unused cells or wires in module \threshold_unit..
Finding unused cells or wires in module \unipolar_pe..

9.6.15. Executing OPT_EXPR pass (perform const folding).
Optimizing module accumulator.
Optimizing module baseline_ubnn_kws_top.
Optimizing module controller.
Optimizing module popcount16.
Optimizing module threshold_unit.
Optimizing module unipolar_pe.

9.6.16. Finished OPT passes. (There is nothing left to do.)

9.7. Executing FSM pass (extract and optimize FSM).

9.7.1. Executing FSM_DETECT pass (finding FSMs in design).
Not marking controller.current_state as FSM state register:
    Register is connected to module port.
    Users of register don't seem to benefit from recoding.
    Circuit seems to be self-resetting.

9.7.2. Executing FSM_EXTRACT pass (extracting FSM from design).

9.7.3. Executing FSM_OPT pass (simple optimizations of FSMs).

9.7.4. Executing OPT_CLEAN pass (remove unused cells and wires).
Finding unused cells or wires in module \accumulator..
Finding unused cells or wires in module \baseline_ubnn_kws_top..
Finding unused cells or wires in module \controller..
Finding unused cells or wires in module \popcount16..
Finding unused cells or wires in module \threshold_unit..
Finding unused cells or wires in module \unipolar_pe..

9.7.5. Executing FSM_OPT pass (simple optimizations of FSMs).

9.7.6. Executing FSM_RECODE pass (re-assigning FSM state encoding).

9.7.7. Executing FSM_INFO pass (dumping all available information on FSM cells).

9.7.8. Executing FSM_MAP pass (mapping FSMs to basic logic).

9.8. Executing OPT pass (performing simple optimizations).

9.8.1. Executing OPT_EXPR pass (perform const folding).
Optimizing module accumulator.
Optimizing module baseline_ubnn_kws_top.
Optimizing module controller.
Optimizing module popcount16.
Optimizing module threshold_unit.
Optimizing module unipolar_pe.

9.8.2. Executing OPT_MERGE pass (detect identical cells).
Finding identical cells in module `\accumulator'.
Finding identical cells in module `\baseline_ubnn_kws_top'.
Finding identical cells in module `\controller'.
Finding identical cells in module `\popcount16'.
Finding identical cells in module `\threshold_unit'.
Finding identical cells in module `\unipolar_pe'.
Removed a total of 0 cells.

9.8.3. Executing OPT_MUXTREE pass (detect dead branches in mux trees).
Running muxtree optimizer on module \accumulator..
  Creating internal representation of mux trees.
  Evaluating internal representation of mux trees.
  Analyzing evaluation results.
Running muxtree optimizer on module \baseline_ubnn_kws_top..
  Creating internal representation of mux trees.
  Evaluating internal representation of mux trees.
  Analyzing evaluation results.
Running muxtree optimizer on module \controller..
  Creating internal representation of mux trees.
  Evaluating internal representation of mux trees.
  Analyzing evaluation results.
Running muxtree optimizer on module \popcount16..
  Creating internal representation of mux trees.
  No muxes found in this module.
Running muxtree optimizer on module \threshold_unit..
  Creating internal representation of mux trees.
  Evaluating internal representation of mux trees.
  Analyzing evaluation results.
Running muxtree optimizer on module \unipolar_pe..
  Creating internal representation of mux trees.
  Evaluating internal representation of mux trees.
  Analyzing evaluation results.
Removed 0 multiplexer ports.
<suppressed ~20 debug messages>

9.8.4. Executing OPT_REDUCE pass (consolidate $*mux and $reduce_* inputs).
  Optimizing cells in module \accumulator.
  Optimizing cells in module \baseline_ubnn_kws_top.
  Optimizing cells in module \controller.
  Optimizing cells in module \popcount16.
  Optimizing cells in module \threshold_unit.
  Optimizing cells in module \unipolar_pe.
Performed a total of 0 changes.

9.8.5. Executing OPT_MERGE pass (detect identical cells).
Finding identical cells in module `\accumulator'.
Finding identical cells in module `\baseline_ubnn_kws_top'.
Finding identical cells in module `\controller'.
Finding identical cells in module `\popcount16'.
Finding identical cells in module `\threshold_unit'.
Finding identical cells in module `\unipolar_pe'.
Removed a total of 0 cells.

9.8.6. Executing OPT_DFF pass (perform DFF optimizations).
Adding EN signal on $procdff$412 ($adff) from module accumulator (D = $0\acc_reg[7:0], Q = \acc_reg).
Adding EN signal on $procdff$392 ($adff) from module baseline_ubnn_kws_top (D = \weight_data_in, Q = \raw_weight_mem[15]).
Adding EN signal on $procdff$387 ($adff) from module baseline_ubnn_kws_top (D = \weight_data_in, Q = \raw_weight_mem[14]).
Adding EN signal on $procdff$382 ($adff) from module baseline_ubnn_kws_top (D = \weight_data_in, Q = \raw_weight_mem[13]).
Adding EN signal on $procdff$377 ($adff) from module baseline_ubnn_kws_top (D = \weight_data_in, Q = \raw_weight_mem[12]).
Adding EN signal on $procdff$372 ($adff) from module baseline_ubnn_kws_top (D = \weight_data_in, Q = \raw_weight_mem[11]).
Adding EN signal on $procdff$367 ($adff) from module baseline_ubnn_kws_top (D = \weight_data_in, Q = \raw_weight_mem[10]).
Adding EN signal on $procdff$362 ($adff) from module baseline_ubnn_kws_top (D = \weight_data_in, Q = \raw_weight_mem[9]).
Adding EN signal on $procdff$357 ($adff) from module baseline_ubnn_kws_top (D = \weight_data_in, Q = \raw_weight_mem[8]).
Adding EN signal on $procdff$352 ($adff) from module baseline_ubnn_kws_top (D = \weight_data_in, Q = \raw_weight_mem[7]).
Adding EN signal on $procdff$347 ($adff) from module baseline_ubnn_kws_top (D = \weight_data_in, Q = \raw_weight_mem[6]).
Adding EN signal on $procdff$342 ($adff) from module baseline_ubnn_kws_top (D = \weight_data_in, Q = \raw_weight_mem[5]).
Adding EN signal on $procdff$337 ($adff) from module baseline_ubnn_kws_top (D = \weight_data_in, Q = \raw_weight_mem[4]).
Adding EN signal on $procdff$332 ($adff) from module baseline_ubnn_kws_top (D = \weight_data_in, Q = \raw_weight_mem[3]).
Adding EN signal on $procdff$327 ($adff) from module baseline_ubnn_kws_top (D = \weight_data_in, Q = \raw_weight_mem[2]).
Adding EN signal on $procdff$322 ($adff) from module baseline_ubnn_kws_top (D = \weight_data_in, Q = \raw_weight_mem[1]).
Adding EN signal on $procdff$317 ($adff) from module baseline_ubnn_kws_top (D = \weight_data_in, Q = \raw_weight_mem[0]).
Adding EN signal on $procdff$407 ($adff) from module controller (D = \next_state, Q = \current_state).
Adding EN signal on $procdff$417 ($adff) from module unipolar_pe (D = \count_out, Q = \partial_sum).

9.8.7. Executing OPT_CLEAN pass (remove unused cells and wires).
Finding unused cells or wires in module \accumulator..
Finding unused cells or wires in module \baseline_ubnn_kws_top..
Finding unused cells or wires in module \controller..
Finding unused cells or wires in module \popcount16..
Finding unused cells or wires in module \threshold_unit..
Finding unused cells or wires in module \unipolar_pe..
Removed 33 unused cells and 33 unused wires.
<suppressed ~35 debug messages>

9.8.8. Executing OPT_EXPR pass (perform const folding).
Optimizing module accumulator.
<suppressed ~1 debug messages>
Optimizing module baseline_ubnn_kws_top.
Optimizing module controller.
Optimizing module popcount16.
Optimizing module threshold_unit.
Optimizing module unipolar_pe.

9.8.9. Rerunning OPT passes. (Maybe there is more to do..)

9.8.10. Executing OPT_MUXTREE pass (detect dead branches in mux trees).
Running muxtree optimizer on module \accumulator..
  Creating internal representation of mux trees.
  Evaluating internal representation of mux trees.
  Analyzing evaluation results.
Running muxtree optimizer on module \baseline_ubnn_kws_top..
  Creating internal representation of mux trees.
  No muxes found in this module.
Running muxtree optimizer on module \controller..
  Creating internal representation of mux trees.
  Evaluating internal representation of mux trees.
  Analyzing evaluation results.
Running muxtree optimizer on module \popcount16..
  Creating internal representation of mux trees.
  No muxes found in this module.
Running muxtree optimizer on module \threshold_unit..
  Creating internal representation of mux trees.
  Evaluating internal representation of mux trees.
  Analyzing evaluation results.
Running muxtree optimizer on module \unipolar_pe..
  Creating internal representation of mux trees.
  No muxes found in this module.
Removed 0 multiplexer ports.
<suppressed ~3 debug messages>

9.8.11. Executing OPT_REDUCE pass (consolidate $*mux and $reduce_* inputs).
  Optimizing cells in module \accumulator.
  Optimizing cells in module \baseline_ubnn_kws_top.
  Optimizing cells in module \controller.
  Optimizing cells in module \popcount16.
  Optimizing cells in module \threshold_unit.
  Optimizing cells in module \unipolar_pe.
Performed a total of 0 changes.

9.8.12. Executing OPT_MERGE pass (detect identical cells).
Finding identical cells in module `\accumulator'.
Finding identical cells in module `\baseline_ubnn_kws_top'.
Finding identical cells in module `\controller'.
Finding identical cells in module `\popcount16'.
Finding identical cells in module `\threshold_unit'.
Finding identical cells in module `\unipolar_pe'.
Removed a total of 0 cells.

9.8.13. Executing OPT_DFF pass (perform DFF optimizations).

9.8.14. Executing OPT_CLEAN pass (remove unused cells and wires).
Finding unused cells or wires in module \accumulator..
Finding unused cells or wires in module \baseline_ubnn_kws_top..
Finding unused cells or wires in module \controller..
Finding unused cells or wires in module \popcount16..
Finding unused cells or wires in module \threshold_unit..
Finding unused cells or wires in module \unipolar_pe..

9.8.15. Executing OPT_EXPR pass (perform const folding).
Optimizing module accumulator.
Optimizing module baseline_ubnn_kws_top.
Optimizing module controller.
Optimizing module popcount16.
Optimizing module threshold_unit.
Optimizing module unipolar_pe.

9.8.16. Finished OPT passes. (There is nothing left to do.)

9.9. Executing WREDUCE pass (reducing word size of cells).
Removed top 1 bits (of 9) from port A of cell accumulator.$add$src/accumulator.sv:72$20 ($add).
Removed top 1 bits (of 9) from port B of cell accumulator.$add$src/accumulator.sv:72$20 ($add).
Removed top 2 bits (of 10) from port A of cell accumulator.$add$src/accumulator.sv:78$21 ($add).
Removed top 1 bits (of 10) from port B of cell accumulator.$add$src/accumulator.sv:78$21 ($add).
Removed top 2 bits (of 10) from port B of cell accumulator.$gt$src/accumulator.sv:86$24 ($gt).
Removed top 1 bits (of 8) from port A of cell accumulator.$add$src/accumulator.sv:67$26 ($add).
Removed top 1 bits (of 8) from port B of cell accumulator.$add$src/accumulator.sv:67$26 ($add).
Removed top 1 bits (of 8) from port A of cell accumulator.$add$src/accumulator.sv:68$27 ($add).
Removed top 1 bits (of 8) from port B of cell accumulator.$add$src/accumulator.sv:68$27 ($add).
Removed top 1 bits (of 6) from port A of cell accumulator.$add$src/accumulator.sv:53$28 ($add).
Removed top 1 bits (of 6) from port B of cell accumulator.$add$src/accumulator.sv:53$28 ($add).
Removed top 1 bits (of 6) from port A of cell accumulator.$add$src/accumulator.sv:53$29 ($add).
Removed top 1 bits (of 6) from port B of cell accumulator.$add$src/accumulator.sv:53$29 ($add).
Removed top 1 bits (of 6) from port A of cell accumulator.$add$src/accumulator.sv:53$30 ($add).
Removed top 1 bits (of 6) from port B of cell accumulator.$add$src/accumulator.sv:53$30 ($add).
Removed top 1 bits (of 6) from port A of cell accumulator.$add$src/accumulator.sv:53$31 ($add).
Removed top 1 bits (of 6) from port B of cell accumulator.$add$src/accumulator.sv:53$31 ($add).
Removed top 1 bits (of 6) from port A of cell accumulator.$add$src/accumulator.sv:53$32 ($add).
Removed top 1 bits (of 6) from port B of cell accumulator.$add$src/accumulator.sv:53$32 ($add).
Removed top 1 bits (of 6) from port A of cell accumulator.$add$src/accumulator.sv:53$33 ($add).
Removed top 1 bits (of 6) from port B of cell accumulator.$add$src/accumulator.sv:53$33 ($add).
Removed top 1 bits (of 6) from port A of cell accumulator.$add$src/accumulator.sv:53$34 ($add).
Removed top 1 bits (of 6) from port B of cell accumulator.$add$src/accumulator.sv:53$34 ($add).
Removed top 1 bits (of 6) from port A of cell accumulator.$add$src/accumulator.sv:53$35 ($add).
Removed top 1 bits (of 6) from port B of cell accumulator.$add$src/accumulator.sv:53$35 ($add).
Removed top 1 bits (of 7) from port A of cell accumulator.$add$src/accumulator.sv:61$36 ($add).
Removed top 1 bits (of 7) from port B of cell accumulator.$add$src/accumulator.sv:61$36 ($add).
Removed top 1 bits (of 7) from port A of cell accumulator.$add$src/accumulator.sv:61$37 ($add).
Removed top 1 bits (of 7) from port B of cell accumulator.$add$src/accumulator.sv:61$37 ($add).
Removed top 1 bits (of 7) from port A of cell accumulator.$add$src/accumulator.sv:61$38 ($add).
Removed top 1 bits (of 7) from port B of cell accumulator.$add$src/accumulator.sv:61$38 ($add).
Removed top 1 bits (of 7) from port A of cell accumulator.$add$src/accumulator.sv:61$39 ($add).
Removed top 1 bits (of 7) from port B of cell accumulator.$add$src/accumulator.sv:61$39 ($add).
Removed top 1 bits (of 4) from port B of cell baseline_ubnn_kws_top.$procmux$147_CMP0 ($eq).
Removed top 1 bits (of 4) from port B of cell baseline_ubnn_kws_top.$procmux$161_CMP0 ($eq).
Removed top 1 bits (of 4) from port B of cell baseline_ubnn_kws_top.$procmux$176_CMP0 ($eq).
Removed top 1 bits (of 4) from port B of cell baseline_ubnn_kws_top.$procmux$192_CMP0 ($eq).
Removed top 2 bits (of 4) from port B of cell baseline_ubnn_kws_top.$procmux$209_CMP0 ($eq).
Removed top 2 bits (of 4) from port B of cell baseline_ubnn_kws_top.$procmux$227_CMP0 ($eq).
Removed top 3 bits (of 4) from port B of cell baseline_ubnn_kws_top.$procmux$246_CMP0 ($eq).
Removed top 2 bits (of 3) from port B of cell controller.$eq$src/controller.sv:90$47 ($eq).
Removed top 1 bits (of 3) from port B of cell controller.$eq$src/controller.sv:91$48 ($eq).
Removed top 1 bits (of 3) from port B of cell controller.$eq$src/controller.sv:92$49 ($eq).
Removed top 1 bits (of 5) from port A of cell popcount16.$add$src/popcount16.sv:46$1 ($add).
Removed top 1 bits (of 5) from port B of cell popcount16.$add$src/popcount16.sv:46$1 ($add).
Removed top 1 bits (of 4) from port A of cell popcount16.$add$src/popcount16.sv:42$3 ($add).
Removed top 1 bits (of 4) from port B of cell popcount16.$add$src/popcount16.sv:42$3 ($add).
Removed top 1 bits (of 4) from port A of cell popcount16.$add$src/popcount16.sv:43$4 ($add).
Removed top 1 bits (of 4) from port B of cell popcount16.$add$src/popcount16.sv:43$4 ($add).
Removed top 1 bits (of 2) from port A of cell popcount16.$add$src/popcount16.sv:28$5 ($add).
Removed top 1 bits (of 2) from port B of cell popcount16.$add$src/popcount16.sv:28$5 ($add).
Removed top 1 bits (of 2) from port A of cell popcount16.$add$src/popcount16.sv:28$6 ($add).
Removed top 1 bits (of 2) from port B of cell popcount16.$add$src/popcount16.sv:28$6 ($add).
Removed top 1 bits (of 2) from port A of cell popcount16.$add$src/popcount16.sv:28$7 ($add).
Removed top 1 bits (of 2) from port B of cell popcount16.$add$src/popcount16.sv:28$7 ($add).
Removed top 1 bits (of 2) from port A of cell popcount16.$add$src/popcount16.sv:28$8 ($add).
Removed top 1 bits (of 2) from port B of cell popcount16.$add$src/popcount16.sv:28$8 ($add).
Removed top 1 bits (of 2) from port A of cell popcount16.$add$src/popcount16.sv:28$9 ($add).
Removed top 1 bits (of 2) from port B of cell popcount16.$add$src/popcount16.sv:28$9 ($add).
Removed top 1 bits (of 2) from port A of cell popcount16.$add$src/popcount16.sv:28$10 ($add).
Removed top 1 bits (of 2) from port B of cell popcount16.$add$src/popcount16.sv:28$10 ($add).
Removed top 1 bits (of 2) from port A of cell popcount16.$add$src/popcount16.sv:28$11 ($add).
Removed top 1 bits (of 2) from port B of cell popcount16.$add$src/popcount16.sv:28$11 ($add).
Removed top 1 bits (of 2) from port A of cell popcount16.$add$src/popcount16.sv:28$12 ($add).
Removed top 1 bits (of 2) from port B of cell popcount16.$add$src/popcount16.sv:28$12 ($add).
Removed top 1 bits (of 3) from port A of cell popcount16.$add$src/popcount16.sv:36$13 ($add).
Removed top 1 bits (of 3) from port B of cell popcount16.$add$src/popcount16.sv:36$13 ($add).
Removed top 1 bits (of 3) from port A of cell popcount16.$add$src/popcount16.sv:36$14 ($add).
Removed top 1 bits (of 3) from port B of cell popcount16.$add$src/popcount16.sv:36$14 ($add).
Removed top 1 bits (of 3) from port A of cell popcount16.$add$src/popcount16.sv:36$15 ($add).
Removed top 1 bits (of 3) from port B of cell popcount16.$add$src/popcount16.sv:36$15 ($add).
Removed top 1 bits (of 3) from port A of cell popcount16.$add$src/popcount16.sv:36$16 ($add).
Removed top 1 bits (of 3) from port B of cell popcount16.$add$src/popcount16.sv:36$16 ($add).

9.10. Executing PEEPOPT pass (run peephole optimizers).

9.11. Executing OPT_CLEAN pass (remove unused cells and wires).
Finding unused cells or wires in module \accumulator..
Finding unused cells or wires in module \baseline_ubnn_kws_top..
Finding unused cells or wires in module \controller..
Finding unused cells or wires in module \popcount16..
Finding unused cells or wires in module \threshold_unit..
Finding unused cells or wires in module \unipolar_pe..

9.12. Executing ALUMACC pass (create $alu and $macc cells).
Extracting $alu and $macc cells in module accumulator:
  creating $macc model for $add$src/accumulator.sv:53$28 ($add).
  creating $macc model for $add$src/accumulator.sv:53$29 ($add).
  creating $macc model for $add$src/accumulator.sv:53$30 ($add).
  creating $macc model for $add$src/accumulator.sv:53$31 ($add).
  creating $macc model for $add$src/accumulator.sv:53$32 ($add).
  creating $macc model for $add$src/accumulator.sv:53$33 ($add).
  creating $macc model for $add$src/accumulator.sv:53$34 ($add).
  creating $macc model for $add$src/accumulator.sv:53$35 ($add).
  creating $macc model for $add$src/accumulator.sv:61$36 ($add).
  creating $macc model for $add$src/accumulator.sv:61$37 ($add).
  creating $macc model for $add$src/accumulator.sv:61$38 ($add).
  creating $macc model for $add$src/accumulator.sv:61$39 ($add).
  creating $macc model for $add$src/accumulator.sv:67$26 ($add).
  creating $macc model for $add$src/accumulator.sv:68$27 ($add).
  creating $macc model for $add$src/accumulator.sv:72$20 ($add).
  creating $macc model for $add$src/accumulator.sv:78$21 ($add).
  merging $macc model for $add$src/accumulator.sv:67$26 into $add$src/accumulator.sv:72$20.
  merging $macc model for $add$src/accumulator.sv:61$36 into $add$src/accumulator.sv:72$20.
  merging $macc model for $add$src/accumulator.sv:53$28 into $add$src/accumulator.sv:72$20.
  merging $macc model for $add$src/accumulator.sv:68$27 into $add$src/accumulator.sv:72$20.
  merging $macc model for $add$src/accumulator.sv:61$38 into $add$src/accumulator.sv:72$20.
  merging $macc model for $add$src/accumulator.sv:53$32 into $add$src/accumulator.sv:72$20.
  merging $macc model for $add$src/accumulator.sv:61$37 into $add$src/accumulator.sv:72$20.
  merging $macc model for $add$src/accumulator.sv:53$30 into $add$src/accumulator.sv:72$20.
  merging $macc model for $add$src/accumulator.sv:53$29 into $add$src/accumulator.sv:72$20.
  merging $macc model for $add$src/accumulator.sv:61$39 into $add$src/accumulator.sv:72$20.
  merging $macc model for $add$src/accumulator.sv:53$34 into $add$src/accumulator.sv:72$20.
  merging $macc model for $add$src/accumulator.sv:53$33 into $add$src/accumulator.sv:72$20.
  merging $macc model for $add$src/accumulator.sv:53$31 into $add$src/accumulator.sv:72$20.
  merging $macc model for $add$src/accumulator.sv:53$35 into $add$src/accumulator.sv:72$20.
  creating $alu model for $macc $add$src/accumulator.sv:78$21.
  creating $macc cell for $add$src/accumulator.sv:72$20: $auto$alumacc.cc:365:replace_macc$473
  creating $alu model for $gt$src/accumulator.sv:86$24 ($gt): new $alu
  creating $alu cell for $gt$src/accumulator.sv:86$24: $auto$alumacc.cc:495:replace_alu$475
  creating $alu cell for $add$src/accumulator.sv:78$21: $auto$alumacc.cc:495:replace_alu$486
  created 2 $alu and 1 $macc cells.
Extracting $alu and $macc cells in module baseline_ubnn_kws_top:
  created 0 $alu and 0 $macc cells.
Extracting $alu and $macc cells in module controller:
  created 0 $alu and 0 $macc cells.
Extracting $alu and $macc cells in module popcount16:
  creating $macc model for $add$src/popcount16.sv:28$10 ($add).
  creating $macc model for $add$src/popcount16.sv:28$11 ($add).
  creating $macc model for $add$src/popcount16.sv:28$12 ($add).
  creating $macc model for $add$src/popcount16.sv:28$5 ($add).
  creating $macc model for $add$src/popcount16.sv:28$6 ($add).
  creating $macc model for $add$src/popcount16.sv:28$7 ($add).
  creating $macc model for $add$src/popcount16.sv:28$8 ($add).
  creating $macc model for $add$src/popcount16.sv:28$9 ($add).
  creating $macc model for $add$src/popcount16.sv:36$13 ($add).
  creating $macc model for $add$src/popcount16.sv:36$14 ($add).
  creating $macc model for $add$src/popcount16.sv:36$15 ($add).
  creating $macc model for $add$src/popcount16.sv:36$16 ($add).
  creating $macc model for $add$src/popcount16.sv:42$3 ($add).
  creating $macc model for $add$src/popcount16.sv:43$4 ($add).
  creating $macc model for $add$src/popcount16.sv:46$1 ($add).
  merging $macc model for $add$src/popcount16.sv:42$3 into $add$src/popcount16.sv:46$1.
  merging $macc model for $add$src/popcount16.sv:36$13 into $add$src/popcount16.sv:46$1.
  merging $macc model for $add$src/popcount16.sv:28$5 into $add$src/popcount16.sv:46$1.
  merging $macc model for $add$src/popcount16.sv:43$4 into $add$src/popcount16.sv:46$1.
  merging $macc model for $add$src/popcount16.sv:36$15 into $add$src/popcount16.sv:46$1.
  merging $macc model for $add$src/popcount16.sv:28$9 into $add$src/popcount16.sv:46$1.
  merging $macc model for $add$src/popcount16.sv:36$14 into $add$src/popcount16.sv:46$1.
  merging $macc model for $add$src/popcount16.sv:28$7 into $add$src/popcount16.sv:46$1.
  merging $macc model for $add$src/popcount16.sv:28$6 into $add$src/popcount16.sv:46$1.
  merging $macc model for $add$src/popcount16.sv:36$16 into $add$src/popcount16.sv:46$1.
  merging $macc model for $add$src/popcount16.sv:28$11 into $add$src/popcount16.sv:46$1.
  merging $macc model for $add$src/popcount16.sv:28$10 into $add$src/popcount16.sv:46$1.
  merging $macc model for $add$src/popcount16.sv:28$8 into $add$src/popcount16.sv:46$1.
  merging $macc model for $add$src/popcount16.sv:28$12 into $add$src/popcount16.sv:46$1.
  creating $macc cell for $add$src/popcount16.sv:46$1: $auto$alumacc.cc:365:replace_macc$489
  created 0 $alu and 1 $macc cells.
Extracting $alu and $macc cells in module threshold_unit:
  creating $alu model for $ge$src/threshold_unit.sv:26$40 ($ge): new $alu
  creating $alu cell for $ge$src/threshold_unit.sv:26$40: $auto$alumacc.cc:495:replace_alu$491
  created 1 $alu and 0 $macc cells.
Extracting $alu and $macc cells in module unipolar_pe:
  created 0 $alu and 0 $macc cells.

9.13. Executing SHARE pass (SAT-based resource sharing).

9.14. Executing OPT pass (performing simple optimizations).

9.14.1. Executing OPT_EXPR pass (perform const folding).
Optimizing module accumulator.
<suppressed ~1 debug messages>
Optimizing module baseline_ubnn_kws_top.
Optimizing module controller.
Optimizing module popcount16.
Optimizing module threshold_unit.
Optimizing module unipolar_pe.

9.14.2. Executing OPT_MERGE pass (detect identical cells).
Finding identical cells in module `\accumulator'.
Finding identical cells in module `\baseline_ubnn_kws_top'.
Finding identical cells in module `\controller'.
Finding identical cells in module `\popcount16'.
Finding identical cells in module `\threshold_unit'.
Finding identical cells in module `\unipolar_pe'.
Removed a total of 0 cells.

9.14.3. Executing OPT_MUXTREE pass (detect dead branches in mux trees).
Running muxtree optimizer on module \accumulator..
  Creating internal representation of mux trees.
  Evaluating internal representation of mux trees.
  Analyzing evaluation results.
Running muxtree optimizer on module \baseline_ubnn_kws_top..
  Creating internal representation of mux trees.
  No muxes found in this module.
Running muxtree optimizer on module \controller..
  Creating internal representation of mux trees.
  Evaluating internal representation of mux trees.
  Analyzing evaluation results.
Running muxtree optimizer on module \popcount16..
  Creating internal representation of mux trees.
  No muxes found in this module.
Running muxtree optimizer on module \threshold_unit..
  Creating internal representation of mux trees.
  Evaluating internal representation of mux trees.
  Analyzing evaluation results.
Running muxtree optimizer on module \unipolar_pe..
  Creating internal representation of mux trees.
  No muxes found in this module.
Removed 0 multiplexer ports.
<suppressed ~3 debug messages>

9.14.4. Executing OPT_REDUCE pass (consolidate $*mux and $reduce_* inputs).
  Optimizing cells in module \accumulator.
  Optimizing cells in module \baseline_ubnn_kws_top.
  Optimizing cells in module \controller.
  Optimizing cells in module \popcount16.
  Optimizing cells in module \threshold_unit.
  Optimizing cells in module \unipolar_pe.
Performed a total of 0 changes.

9.14.5. Executing OPT_MERGE pass (detect identical cells).
Finding identical cells in module `\accumulator'.
Finding identical cells in module `\baseline_ubnn_kws_top'.
Finding identical cells in module `\controller'.
Finding identical cells in module `\popcount16'.
Finding identical cells in module `\threshold_unit'.
Finding identical cells in module `\unipolar_pe'.
Removed a total of 0 cells.

9.14.6. Executing OPT_DFF pass (perform DFF optimizations).

9.14.7. Executing OPT_CLEAN pass (remove unused cells and wires).
Finding unused cells or wires in module \accumulator..
Finding unused cells or wires in module \baseline_ubnn_kws_top..
Finding unused cells or wires in module \controller..
Finding unused cells or wires in module \popcount16..
Finding unused cells or wires in module \threshold_unit..
Finding unused cells or wires in module \unipolar_pe..
Removed 29 unused cells and 31 unused wires.
<suppressed ~59 debug messages>

9.14.8. Executing OPT_EXPR pass (perform const folding).
Optimizing module accumulator.
Optimizing module baseline_ubnn_kws_top.
Optimizing module controller.
Optimizing module popcount16.
Optimizing module threshold_unit.
Optimizing module unipolar_pe.

9.14.9. Rerunning OPT passes. (Maybe there is more to do..)

9.14.10. Executing OPT_MUXTREE pass (detect dead branches in mux trees).
Running muxtree optimizer on module \accumulator..
  Creating internal representation of mux trees.
  Evaluating internal representation of mux trees.
  Analyzing evaluation results.
Running muxtree optimizer on module \baseline_ubnn_kws_top..
  Creating internal representation of mux trees.
  No muxes found in this module.
Running muxtree optimizer on module \controller..
  Creating internal representation of mux trees.
  Evaluating internal representation of mux trees.
  Analyzing evaluation results.
Running muxtree optimizer on module \popcount16..
  Creating internal representation of mux trees.
  No muxes found in this module.
Running muxtree optimizer on module \threshold_unit..
  Creating internal representation of mux trees.
  Evaluating internal representation of mux trees.
  Analyzing evaluation results.
Running muxtree optimizer on module \unipolar_pe..
  Creating internal representation of mux trees.
  No muxes found in this module.
Removed 0 multiplexer ports.
<suppressed ~3 debug messages>

9.14.11. Executing OPT_REDUCE pass (consolidate $*mux and $reduce_* inputs).
  Optimizing cells in module \accumulator.
  Optimizing cells in module \baseline_ubnn_kws_top.
  Optimizing cells in module \controller.
  Optimizing cells in module \popcount16.
  Optimizing cells in module \threshold_unit.
  Optimizing cells in module \unipolar_pe.
Performed a total of 0 changes.

9.14.12. Executing OPT_MERGE pass (detect identical cells).
Finding identical cells in module `\accumulator'.
Finding identical cells in module `\baseline_ubnn_kws_top'.
Finding identical cells in module `\controller'.
Finding identical cells in module `\popcount16'.
Finding identical cells in module `\threshold_unit'.
Finding identical cells in module `\unipolar_pe'.
Removed a total of 0 cells.

9.14.13. Executing OPT_DFF pass (perform DFF optimizations).

9.14.14. Executing OPT_CLEAN pass (remove unused cells and wires).
Finding unused cells or wires in module \accumulator..
Finding unused cells or wires in module \baseline_ubnn_kws_top..
Finding unused cells or wires in module \controller..
Finding unused cells or wires in module \popcount16..
Finding unused cells or wires in module \threshold_unit..
Finding unused cells or wires in module \unipolar_pe..

9.14.15. Executing OPT_EXPR pass (perform const folding).
Optimizing module accumulator.
Optimizing module baseline_ubnn_kws_top.
Optimizing module controller.
Optimizing module popcount16.
Optimizing module threshold_unit.
Optimizing module unipolar_pe.

9.14.16. Finished OPT passes. (There is nothing left to do.)

9.15. Executing MEMORY pass.

9.15.1. Executing OPT_MEM pass (optimize memories).
Performed a total of 0 transformations.

9.15.2. Executing OPT_MEM_PRIORITY pass (removing unnecessary memory write priority relations).
Performed a total of 0 transformations.

9.15.3. Executing OPT_MEM_FEEDBACK pass (finding memory read-to-write feedback paths).

9.15.4. Executing MEMORY_BMUX2ROM pass (converting muxes to ROMs).

9.15.5. Executing MEMORY_DFF pass (merging $dff cells to $memrd).

9.15.6. Executing OPT_CLEAN pass (remove unused cells and wires).
Finding unused cells or wires in module \accumulator..
Finding unused cells or wires in module \baseline_ubnn_kws_top..
Finding unused cells or wires in module \controller..
Finding unused cells or wires in module \popcount16..
Finding unused cells or wires in module \threshold_unit..
Finding unused cells or wires in module \unipolar_pe..

9.15.7. Executing MEMORY_SHARE pass (consolidating $memrd/$memwr cells).

9.15.8. Executing OPT_MEM_WIDEN pass (optimize memories where all ports are wide).
Performed a total of 0 transformations.

9.15.9. Executing OPT_CLEAN pass (remove unused cells and wires).
Finding unused cells or wires in module \accumulator..
Finding unused cells or wires in module \baseline_ubnn_kws_top..
Finding unused cells or wires in module \controller..
Finding unused cells or wires in module \popcount16..
Finding unused cells or wires in module \threshold_unit..
Finding unused cells or wires in module \unipolar_pe..

9.15.10. Executing MEMORY_COLLECT pass (generating $mem cells).

9.16. Executing OPT_CLEAN pass (remove unused cells and wires).
Finding unused cells or wires in module \accumulator..
Finding unused cells or wires in module \baseline_ubnn_kws_top..
Finding unused cells or wires in module \controller..
Finding unused cells or wires in module \popcount16..
Finding unused cells or wires in module \threshold_unit..
Finding unused cells or wires in module \unipolar_pe..

9.17. Executing OPT pass (performing simple optimizations).

9.17.1. Executing OPT_EXPR pass (perform const folding).
Optimizing module accumulator.
<suppressed ~1 debug messages>
Optimizing module baseline_ubnn_kws_top.
Optimizing module controller.
<suppressed ~1 debug messages>
Optimizing module popcount16.
Optimizing module threshold_unit.
<suppressed ~1 debug messages>
Optimizing module unipolar_pe.

9.17.2. Executing OPT_MERGE pass (detect identical cells).
Finding identical cells in module `\accumulator'.
Finding identical cells in module `\baseline_ubnn_kws_top'.
Finding identical cells in module `\controller'.
Finding identical cells in module `\popcount16'.
Finding identical cells in module `\threshold_unit'.
Finding identical cells in module `\unipolar_pe'.
Removed a total of 0 cells.

9.17.3. Executing OPT_DFF pass (perform DFF optimizations).

9.17.4. Executing OPT_CLEAN pass (remove unused cells and wires).
Finding unused cells or wires in module \accumulator..
Finding unused cells or wires in module \baseline_ubnn_kws_top..
Finding unused cells or wires in module \controller..
Finding unused cells or wires in module \popcount16..
Finding unused cells or wires in module \threshold_unit..
Finding unused cells or wires in module \unipolar_pe..
Removed 0 unused cells and 3 unused wires.
<suppressed ~3 debug messages>

9.17.5. Finished fast OPT passes.

9.18. Executing MEMORY_MAP pass (converting memories to logic and flip-flops).

9.19. Executing OPT pass (performing simple optimizations).

9.19.1. Executing OPT_EXPR pass (perform const folding).
Optimizing module accumulator.
Optimizing module baseline_ubnn_kws_top.
Optimizing module controller.
Optimizing module popcount16.
Optimizing module threshold_unit.
Optimizing module unipolar_pe.

9.19.2. Executing OPT_MERGE pass (detect identical cells).
Finding identical cells in module `\accumulator'.
Finding identical cells in module `\baseline_ubnn_kws_top'.
Finding identical cells in module `\controller'.
Finding identical cells in module `\popcount16'.
Finding identical cells in module `\threshold_unit'.
Finding identical cells in module `\unipolar_pe'.
Removed a total of 0 cells.

9.19.3. Executing OPT_MUXTREE pass (detect dead branches in mux trees).
Running muxtree optimizer on module \accumulator..
  Creating internal representation of mux trees.
  Evaluating internal representation of mux trees.
  Analyzing evaluation results.
Running muxtree optimizer on module \baseline_ubnn_kws_top..
  Creating internal representation of mux trees.
  No muxes found in this module.
Running muxtree optimizer on module \controller..
  Creating internal representation of mux trees.
  Evaluating internal representation of mux trees.
  Analyzing evaluation results.
Running muxtree optimizer on module \popcount16..
  Creating internal representation of mux trees.
  No muxes found in this module.
Running muxtree optimizer on module \threshold_unit..
  Creating internal representation of mux trees.
  No muxes found in this module.
Running muxtree optimizer on module \unipolar_pe..
  Creating internal representation of mux trees.
  No muxes found in this module.
Removed 0 multiplexer ports.
<suppressed ~2 debug messages>

9.19.4. Executing OPT_REDUCE pass (consolidate $*mux and $reduce_* inputs).
  Optimizing cells in module \accumulator.
  Optimizing cells in module \baseline_ubnn_kws_top.
  Optimizing cells in module \controller.
    Consolidated identical input bits for $mux cell $procmux$288:
      Old ports: A=3'010, B=3'001, Y=$2\next_state[2:0]
      New ports: A=2'10, B=2'01, Y=$2\next_state[2:0] [1:0]
      New connections: $2\next_state[2:0] [2] = 1'0
  Optimizing cells in module \controller.
  Optimizing cells in module \popcount16.
  Optimizing cells in module \threshold_unit.
  Optimizing cells in module \unipolar_pe.
Performed a total of 1 changes.

9.19.5. Executing OPT_MERGE pass (detect identical cells).
Finding identical cells in module `\accumulator'.
Finding identical cells in module `\baseline_ubnn_kws_top'.
Finding identical cells in module `\controller'.
Finding identical cells in module `\popcount16'.
Finding identical cells in module `\threshold_unit'.
Finding identical cells in module `\unipolar_pe'.
Removed a total of 0 cells.

9.19.6. Executing OPT_SHARE pass.

9.19.7. Executing OPT_DFF pass (perform DFF optimizations).

9.19.8. Executing OPT_CLEAN pass (remove unused cells and wires).
Finding unused cells or wires in module \accumulator..
Finding unused cells or wires in module \baseline_ubnn_kws_top..
Finding unused cells or wires in module \controller..
Finding unused cells or wires in module \popcount16..
Finding unused cells or wires in module \threshold_unit..
Finding unused cells or wires in module \unipolar_pe..

9.19.9. Executing OPT_EXPR pass (perform const folding).
Optimizing module accumulator.
Optimizing module baseline_ubnn_kws_top.
Optimizing module controller.
Optimizing module popcount16.
Optimizing module threshold_unit.
Optimizing module unipolar_pe.

9.19.10. Rerunning OPT passes. (Maybe there is more to do..)

9.19.11. Executing OPT_MUXTREE pass (detect dead branches in mux trees).
Running muxtree optimizer on module \accumulator..
  Creating internal representation of mux trees.
  Evaluating internal representation of mux trees.
  Analyzing evaluation results.
Running muxtree optimizer on module \baseline_ubnn_kws_top..
  Creating internal representation of mux trees.
  No muxes found in this module.
Running muxtree optimizer on module \controller..
  Creating internal representation of mux trees.
  Evaluating internal representation of mux trees.
  Analyzing evaluation results.
Running muxtree optimizer on module \popcount16..
  Creating internal representation of mux trees.
  No muxes found in this module.
Running muxtree optimizer on module \threshold_unit..
  Creating internal representation of mux trees.
  No muxes found in this module.
Running muxtree optimizer on module \unipolar_pe..
  Creating internal representation of mux trees.
  No muxes found in this module.
Removed 0 multiplexer ports.
<suppressed ~2 debug messages>

9.19.12. Executing OPT_REDUCE pass (consolidate $*mux and $reduce_* inputs).
  Optimizing cells in module \accumulator.
  Optimizing cells in module \baseline_ubnn_kws_top.
  Optimizing cells in module \controller.
  Optimizing cells in module \popcount16.
  Optimizing cells in module \threshold_unit.
  Optimizing cells in module \unipolar_pe.
Performed a total of 0 changes.

9.19.13. Executing OPT_MERGE pass (detect identical cells).
Finding identical cells in module `\accumulator'.
Finding identical cells in module `\baseline_ubnn_kws_top'.
Finding identical cells in module `\controller'.
Finding identical cells in module `\popcount16'.
Finding identical cells in module `\threshold_unit'.
Finding identical cells in module `\unipolar_pe'.
Removed a total of 0 cells.

9.19.14. Executing OPT_SHARE pass.

9.19.15. Executing OPT_DFF pass (perform DFF optimizations).

9.19.16. Executing OPT_CLEAN pass (remove unused cells and wires).
Finding unused cells or wires in module \accumulator..
Finding unused cells or wires in module \baseline_ubnn_kws_top..
Finding unused cells or wires in module \controller..
Finding unused cells or wires in module \popcount16..
Finding unused cells or wires in module \threshold_unit..
Finding unused cells or wires in module \unipolar_pe..

9.19.17. Executing OPT_EXPR pass (perform const folding).
Optimizing module accumulator.
Optimizing module baseline_ubnn_kws_top.
Optimizing module controller.
Optimizing module popcount16.
Optimizing module threshold_unit.
Optimizing module unipolar_pe.

9.19.18. Finished OPT passes. (There is nothing left to do.)

9.20. Executing TECHMAP pass (map to technology primitives).

9.20.1. Executing Verilog-2005 frontend: /usr/bin/../share/yosys/techmap.v
Parsing Verilog input from `/usr/bin/../share/yosys/techmap.v' to AST representation.
Generating RTLIL representation for module `\_90_simplemap_bool_ops'.
Generating RTLIL representation for module `\_90_simplemap_reduce_ops'.
Generating RTLIL representation for module `\_90_simplemap_logic_ops'.
Generating RTLIL representation for module `\_90_simplemap_compare_ops'.
Generating RTLIL representation for module `\_90_simplemap_various'.
Generating RTLIL representation for module `\_90_simplemap_registers'.
Generating RTLIL representation for module `\_90_shift_ops_shr_shl_sshl_sshr'.
Generating RTLIL representation for module `\_90_shift_shiftx'.
Generating RTLIL representation for module `\_90_fa'.
Generating RTLIL representation for module `\_90_lcu_brent_kung'.
Generating RTLIL representation for module `\_90_alu'.
Generating RTLIL representation for module `\_90_macc'.
Generating RTLIL representation for module `\_90_alumacc'.
Generating RTLIL representation for module `\$__div_mod_u'.
Generating RTLIL representation for module `\$__div_mod_trunc'.
Generating RTLIL representation for module `\_90_div'.
Generating RTLIL representation for module `\_90_mod'.
Generating RTLIL representation for module `\$__div_mod_floor'.
Generating RTLIL representation for module `\_90_divfloor'.
Generating RTLIL representation for module `\_90_modfloor'.
Generating RTLIL representation for module `\_90_pow'.
Generating RTLIL representation for module `\_90_pmux'.
Generating RTLIL representation for module `\_90_demux'.
Generating RTLIL representation for module `\_90_lut'.
Successfully finished Verilog frontend.

9.20.2. Continuing TECHMAP pass.
Using extmapper simplemap for cells of type $and.
Using extmapper simplemap for cells of type $adffe.
Using template $paramod$a1bc51c02ce12ac21eb18988e83292af48ed7d72\_90_alu for cells of type $alu.
Using extmapper simplemap for cells of type $not.
Using extmapper simplemap for cells of type $reduce_and.
Using extmapper simplemap for cells of type $or.
Using extmapper simplemap for cells of type $reduce_or.
Using extmapper simplemap for cells of type $mux.
Using extmapper simplemap for cells of type $pos.
Using template $paramod\_90_lcu_brent_kung\WIDTH=32'00000000000000000000000000001000 for cells of type $lcu.
Using extmapper simplemap for cells of type $xor.
Using extmapper maccmap for cells of type $macc_v2.
  add \in_data [0] (1 bits, unsigned)
  add \in_data [8] (1 bits, unsigned)
  add \in_data [4] (1 bits, unsigned)
  add \in_data [2] (1 bits, unsigned)
  add \in_data [1] (1 bits, unsigned)
  add \in_data [12] (1 bits, unsigned)
  add \in_data [10] (1 bits, unsigned)
  add \in_data [9] (1 bits, unsigned)
  add \in_data [6] (1 bits, unsigned)
  add \in_data [5] (1 bits, unsigned)
  add \in_data [3] (1 bits, unsigned)
  add \in_data [14] (1 bits, unsigned)
  add \in_data [13] (1 bits, unsigned)
  add \in_data [11] (1 bits, unsigned)
  add \in_data [7] (1 bits, unsigned)
  add \in_data [15] (1 bits, unsigned)
  packed 7 (7) bits / 7 words into adder tree
Using template $paramod\_90_fa\WIDTH=32'00000000000000000000000000000001 for cells of type $fa.
Using template $paramod\_90_fa\WIDTH=32'00000000000000000000000000000010 for cells of type $fa.
Using template $paramod\_90_fa\WIDTH=32'00000000000000000000000000000011 for cells of type $fa.
Using template $paramod\_90_fa\WIDTH=32'00000000000000000000000000000100 for cells of type $fa.
Using template $paramod$b18e16801adf491a64caa0542270798e5d4ac6b6\_90_alu for cells of type $alu.
Using template $paramod\_90_lcu_brent_kung\WIDTH=32'00000000000000000000000000000101 for cells of type $lcu.
Using extmapper simplemap for cells of type $ne.
Using extmapper simplemap for cells of type $reduce_bool.
Using extmapper simplemap for cells of type $eq.
Using extmapper simplemap for cells of type $logic_not.
Using extmapper simplemap for cells of type $logic_and.
Using extmapper simplemap for cells of type $logic_or.
Using template $paramod$85df5dc01c7df96a7d8e5f1fdf76ce9ac452af63\_90_pmux for cells of type $pmux.
  add \pe_results [4:0] (5 bits, unsigned)
  add \pe_results [44:40] (5 bits, unsigned)
  add \pe_results [24:20] (5 bits, unsigned)
  add \pe_results [14:10] (5 bits, unsigned)
  add \pe_results [9:5] (5 bits, unsigned)
  add \pe_results [64:60] (5 bits, unsigned)
  add \pe_results [54:50] (5 bits, unsigned)
  add \pe_results [49:45] (5 bits, unsigned)
  add \pe_results [34:30] (5 bits, unsigned)
  add \pe_results [29:25] (5 bits, unsigned)
  add \pe_results [19:15] (5 bits, unsigned)
  add \pe_results [74:70] (5 bits, unsigned)
  add \pe_results [69:65] (5 bits, unsigned)
  add \pe_results [59:55] (5 bits, unsigned)
  add \pe_results [39:35] (5 bits, unsigned)
  add \pe_results [79:75] (5 bits, unsigned)
Using template $paramod$9befa12646ab1d64090f7cfa4f3c72972b2004e7\_90_alu for cells of type $alu.
Using template $paramod$0bf21d6ba6357507623b189abbc1d6f284d75c81\_90_alu for cells of type $alu.
Using template $paramod\_90_fa\WIDTH=32'00000000000000000000000000000101 for cells of type $fa.
Using template $paramod\_90_fa\WIDTH=32'00000000000000000000000000000110 for cells of type $fa.
Using template $paramod\_90_fa\WIDTH=32'00000000000000000000000000000111 for cells of type $fa.
Using template $paramod\_90_fa\WIDTH=32'00000000000000000000000000001000 for cells of type $fa.
Using template $paramod\_90_fa\WIDTH=32'00000000000000000000000000001001 for cells of type $fa.
Using template $paramod$d2fa05d38998afabc6d4f34471305d0af4b8b2df\_90_alu for cells of type $alu.
Using template $paramod\_90_lcu_brent_kung\WIDTH=32'00000000000000000000000000001010 for cells of type $lcu.
Using template $paramod\_90_lcu_brent_kung\WIDTH=32'00000000000000000000000000001001 for cells of type $lcu.
No more expansions possible.
<suppressed ~1130 debug messages>

9.21. Executing OPT pass (performing simple optimizations).

9.21.1. Executing OPT_EXPR pass (perform const folding).
Optimizing module accumulator.
<suppressed ~221 debug messages>
Optimizing module baseline_ubnn_kws_top.
<suppressed ~60 debug messages>
Optimizing module controller.
<suppressed ~28 debug messages>
Optimizing module popcount16.
<suppressed ~39 debug messages>
Optimizing module threshold_unit.
<suppressed ~11 debug messages>
Optimizing module unipolar_pe.

9.21.2. Executing OPT_MERGE pass (detect identical cells).
Finding identical cells in module `\accumulator'.
<suppressed ~27 debug messages>
Finding identical cells in module `\baseline_ubnn_kws_top'.
<suppressed ~156 debug messages>
Finding identical cells in module `\controller'.
<suppressed ~15 debug messages>
Finding identical cells in module `\popcount16'.
Finding identical cells in module `\threshold_unit'.
<suppressed ~12 debug messages>
Finding identical cells in module `\unipolar_pe'.
Removed a total of 70 cells.

9.21.3. Executing OPT_DFF pass (perform DFF optimizations).

9.21.4. Executing OPT_CLEAN pass (remove unused cells and wires).
Finding unused cells or wires in module \accumulator..
Finding unused cells or wires in module \baseline_ubnn_kws_top..
Finding unused cells or wires in module \controller..
Finding unused cells or wires in module \popcount16..
Finding unused cells or wires in module \threshold_unit..
Finding unused cells or wires in module \unipolar_pe..
Removed 54 unused cells and 512 unused wires.
<suppressed ~59 debug messages>

9.21.5. Finished fast OPT passes.

9.22. Executing ABC pass (technology mapping using ABC).

9.22.1. Extracting gate netlist of module `\accumulator' to `<abc-temp-dir>/input.blif'..
Extracted 470 gates and 562 wires to a netlist network with 90 inputs and 18 outputs.

9.22.1.1. Executing ABC.
Running ABC command: "<yosys-exe-dir>/yosys-abc" -s -f <abc-temp-dir>/abc.script 2>&1
ABC: ABC command line: "source <abc-temp-dir>/abc.script".
ABC: 
ABC: + read_blif <abc-temp-dir>/input.blif 
ABC: + read_library <abc-temp-dir>/stdcells.genlib 
ABC: + strash 
ABC: + dretime 
ABC: + map 
ABC: + write_blif <abc-temp-dir>/output.blif 

9.22.1.2. Re-integrating ABC results.
ABC RESULTS:               AND cells:        8
ABC RESULTS:            ANDNOT cells:      179
ABC RESULTS:              NAND cells:       22
ABC RESULTS:               NOR cells:       17
ABC RESULTS:               NOT cells:       16
ABC RESULTS:                OR cells:       26
ABC RESULTS:             ORNOT cells:       32
ABC RESULTS:              XNOR cells:       76
ABC RESULTS:               XOR cells:       93
ABC RESULTS:        internal signals:      454
ABC RESULTS:           input signals:       90
ABC RESULTS:          output signals:       18
Removing temp directory.

9.22.2. Extracting gate netlist of module `\baseline_ubnn_kws_top' to `<abc-temp-dir>/input.blif'..
Extracted 60 gates and 65 wires to a netlist network with 5 inputs and 16 outputs.

9.22.2.1. Executing ABC.
Running ABC command: "<yosys-exe-dir>/yosys-abc" -s -f <abc-temp-dir>/abc.script 2>&1
ABC: ABC command line: "source <abc-temp-dir>/abc.script".
ABC: 
ABC: + read_blif <abc-temp-dir>/input.blif 
ABC: + read_library <abc-temp-dir>/stdcells.genlib 
ABC: + strash 
ABC: + dretime 
ABC: + map 
ABC: + write_blif <abc-temp-dir>/output.blif 

9.22.2.2. Re-integrating ABC results.
ABC RESULTS:            ANDNOT cells:       16
ABC RESULTS:              NAND cells:        2
ABC RESULTS:                OR cells:       18
ABC RESULTS:             ORNOT cells:        4
ABC RESULTS:        internal signals:       44
ABC RESULTS:           input signals:        5
ABC RESULTS:          output signals:       16
Removing temp directory.

9.22.3. Extracting gate netlist of module `\controller' to `<abc-temp-dir>/input.blif'..
Extracted 31 gates and 38 wires to a netlist network with 6 inputs and 10 outputs.

9.22.3.1. Executing ABC.
Running ABC command: "<yosys-exe-dir>/yosys-abc" -s -f <abc-temp-dir>/abc.script 2>&1
ABC: ABC command line: "source <abc-temp-dir>/abc.script".
ABC: 
ABC: + read_blif <abc-temp-dir>/input.blif 
ABC: + read_library <abc-temp-dir>/stdcells.genlib 
ABC: + strash 
ABC: + dretime 
ABC: + map 
ABC: + write_blif <abc-temp-dir>/output.blif 

9.22.3.2. Re-integrating ABC results.
ABC RESULTS:            ANDNOT cells:        9
ABC RESULTS:              NAND cells:        1
ABC RESULTS:               NOR cells:        3
ABC RESULTS:               NOT cells:        1
ABC RESULTS:                OR cells:        7
ABC RESULTS:             ORNOT cells:        2
ABC RESULTS:        internal signals:       22
ABC RESULTS:           input signals:        6
ABC RESULTS:          output signals:       10
Removing temp directory.

9.22.4. Extracting gate netlist of module `\popcount16' to `<abc-temp-dir>/input.blif'..
Extracted 66 gates and 82 wires to a netlist network with 16 inputs and 5 outputs.

9.22.4.1. Executing ABC.
Running ABC command: "<yosys-exe-dir>/yosys-abc" -s -f <abc-temp-dir>/abc.script 2>&1
ABC: ABC command line: "source <abc-temp-dir>/abc.script".
ABC: 
ABC: + read_blif <abc-temp-dir>/input.blif 
ABC: + read_library <abc-temp-dir>/stdcells.genlib 
ABC: + strash 
ABC: + dretime 
ABC: + map 
ABC: + write_blif <abc-temp-dir>/output.blif 

9.22.4.2. Re-integrating ABC results.
ABC RESULTS:               AND cells:        1
ABC RESULTS:            ANDNOT cells:       22
ABC RESULTS:              NAND cells:        2
ABC RESULTS:               NOR cells:        1
ABC RESULTS:               NOT cells:        1
ABC RESULTS:                OR cells:        8
ABC RESULTS:             ORNOT cells:        6
ABC RESULTS:              XNOR cells:        8
ABC RESULTS:               XOR cells:       18
ABC RESULTS:        internal signals:       61
ABC RESULTS:           input signals:       16
ABC RESULTS:          output signals:        5
Removing temp directory.

9.22.5. Extracting gate netlist of module `\threshold_unit' to `<abc-temp-dir>/input.blif'..
Extracted 50 gates and 66 wires to a netlist network with 16 inputs and 1 outputs.

9.22.5.1. Executing ABC.
Running ABC command: "<yosys-exe-dir>/yosys-abc" -s -f <abc-temp-dir>/abc.script 2>&1
ABC: ABC command line: "source <abc-temp-dir>/abc.script".
ABC: 
ABC: + read_blif <abc-temp-dir>/input.blif 
ABC: + read_library <abc-temp-dir>/stdcells.genlib 
ABC: + strash 
ABC: + dretime 
ABC: + map 
ABC: + write_blif <abc-temp-dir>/output.blif 

9.22.5.2. Re-integrating ABC results.
ABC RESULTS:            ANDNOT cells:       18
ABC RESULTS:              NAND cells:        2
ABC RESULTS:                OR cells:        4
ABC RESULTS:             ORNOT cells:        6
ABC RESULTS:              XNOR cells:        5
ABC RESULTS:               XOR cells:        3
ABC RESULTS:        internal signals:       49
ABC RESULTS:           input signals:       16
ABC RESULTS:          output signals:        1
Removing temp directory.

9.22.6. Extracting gate netlist of module `\unipolar_pe' to `<abc-temp-dir>/input.blif'..
Extracted 16 gates and 48 wires to a netlist network with 32 inputs and 16 outputs.

9.22.6.1. Executing ABC.
Running ABC command: "<yosys-exe-dir>/yosys-abc" -s -f <abc-temp-dir>/abc.script 2>&1
ABC: ABC command line: "source <abc-temp-dir>/abc.script".
ABC: 
ABC: + read_blif <abc-temp-dir>/input.blif 
ABC: + read_library <abc-temp-dir>/stdcells.genlib 
ABC: + strash 
ABC: + dretime 
ABC: + map 
ABC: + write_blif <abc-temp-dir>/output.blif 

9.22.6.2. Re-integrating ABC results.
ABC RESULTS:               AND cells:       16
ABC RESULTS:        internal signals:        0
ABC RESULTS:           input signals:       32
ABC RESULTS:          output signals:       16
Removing temp directory.

9.23. Executing OPT pass (performing simple optimizations).

9.23.1. Executing OPT_EXPR pass (perform const folding).
Optimizing module accumulator.
Optimizing module baseline_ubnn_kws_top.
Optimizing module controller.
Optimizing module popcount16.
Optimizing module threshold_unit.
Optimizing module unipolar_pe.

9.23.2. Executing OPT_MERGE pass (detect identical cells).
Finding identical cells in module `\accumulator'.
Finding identical cells in module `\baseline_ubnn_kws_top'.
Finding identical cells in module `\controller'.
Finding identical cells in module `\popcount16'.
Finding identical cells in module `\threshold_unit'.
Finding identical cells in module `\unipolar_pe'.
Removed a total of 0 cells.

9.23.3. Executing OPT_DFF pass (perform DFF optimizations).

9.23.4. Executing OPT_CLEAN pass (remove unused cells and wires).
Finding unused cells or wires in module \accumulator..
Finding unused cells or wires in module \baseline_ubnn_kws_top..
Finding unused cells or wires in module \controller..
Finding unused cells or wires in module \popcount16..
Finding unused cells or wires in module \threshold_unit..
Finding unused cells or wires in module \unipolar_pe..
Removed 0 unused cells and 477 unused wires.
<suppressed ~7 debug messages>

9.23.5. Finished fast OPT passes.

9.24. Executing HIERARCHY pass (managing design hierarchy).
Attribute `top' found on module `baseline_ubnn_kws_top'. Setting top module to baseline_ubnn_kws_top.

9.24.1. Analyzing design hierarchy..
Top module:  \baseline_ubnn_kws_top
Used module:     \unipolar_pe
Used module:         \popcount16
Used module:     \accumulator
Used module:     \controller
Used module:     \threshold_unit

9.24.2. Analyzing design hierarchy..
Top module:  \baseline_ubnn_kws_top
Used module:     \unipolar_pe
Used module:         \popcount16
Used module:     \accumulator
Used module:     \controller
Used module:     \threshold_unit
Removed 0 unused modules.

9.25. Printing statistics.

=== accumulator ===

   Number of wires:                478
   Number of wire bits:            658
   Number of public wires:          25
   Number of public wire bits:     198
   Number of ports:                  7
   Number of port bits:            101
   Number of memories:               0
   Number of memory bits:            0
   Number of processes:              0
   Number of cells:                477
     $_ANDNOT_                     179
     $_AND_                          8
     $_DFFE_PN0P_                    8
     $_NAND_                        22
     $_NOR_                         17
     $_NOT_                         16
     $_ORNOT_                       32
     $_OR_                          26
     $_XNOR_                        76
     $_XOR_                         93

=== baseline_ubnn_kws_top ===

   Number of wires:                 80
   Number of wire bits:           1124
   Number of public wires:          40
   Number of public wire bits:    1084
   Number of ports:                 14
   Number of port bits:            388
   Number of memories:               0
   Number of memory bits:            0
   Number of processes:              0
   Number of cells:                315
     $_ANDNOT_                      16
     $_DFFE_PN0P_                  256
     $_NAND_                         2
     $_ORNOT_                        4
     $_OR_                          18
     accumulator                     1
     controller                      1
     threshold_unit                  1
     unipolar_pe                    16

=== controller ===

   Number of wires:                 28
   Number of wire bits:             34
   Number of public wires:          14
   Number of public wire bits:      20
   Number of ports:                 12
   Number of port bits:             14
   Number of memories:               0
   Number of memory bits:            0
   Number of processes:              0
   Number of cells:                 26
     $_ANDNOT_                       9
     $_DFFE_PN0P_                    3
     $_NAND_                         1
     $_NOR_                          3
     $_NOT_                          1
     $_ORNOT_                        2
     $_OR_                           7

=== popcount16 ===

   Number of wires:                 64
   Number of wire bits:             83
   Number of public wires:           2
   Number of public wire bits:      21
   Number of ports:                  2
   Number of port bits:             21
   Number of memories:               0
   Number of memory bits:            0
   Number of processes:              0
   Number of cells:                 67
     $_ANDNOT_                      22
     $_AND_                          1
     $_NAND_                         2
     $_NOR_                          1
     $_NOT_                          1
     $_ORNOT_                        6
     $_OR_                           8
     $_XNOR_                         8
     $_XOR_                         18

=== threshold_unit ===

   Number of wires:                 40
   Number of wire bits:             54
   Number of public wires:           3
   Number of public wire bits:      17
   Number of ports:                  3
   Number of port bits:             17
   Number of memories:               0
   Number of memory bits:            0
   Number of processes:              0
   Number of cells:                 38
     $_ANDNOT_                      18
     $_NAND_                         2
     $_ORNOT_                        6
     $_OR_                           4
     $_XNOR_                         5
     $_XOR_                          3

=== unipolar_pe ===

   Number of wires:                  9
   Number of wire bits:             66
   Number of public wires:           9
   Number of public wire bits:      66
   Number of ports:                  7
   Number of port bits:             45
   Number of memories:               0
   Number of memory bits:            0
   Number of processes:              0
   Number of cells:                 22
     $_AND_                         16
     $_DFFE_PN0P_                    5
     popcount16                      1

=== design hierarchy ===

   baseline_ubnn_kws_top             1
     accumulator                     1
     controller                      1
     threshold_unit                  1
     unipolar_pe                    16
       popcount16                    1

   Number of wires:               1794
   Number of wire bits:           4254
   Number of public wires:         258
   Number of public wire bits:    2711
   Number of ports:                180
   Number of port bits:           1576
   Number of memories:               0
   Number of memory bits:            0
   Number of processes:              0
   Number of cells:               2245
     $_ANDNOT_                     574
     $_AND_                        280
     $_DFFE_PN0P_                  347
     $_NAND_                        59
     $_NOR_                         36
     $_NOT_                         33
     $_ORNOT_                      140
     $_OR_                         183
     $_XNOR_                       209
     $_XOR_                        384

9.26. Executing CHECK pass (checking for obvious problems).
Checking module accumulator...
Checking module baseline_ubnn_kws_top...
Checking module controller...
Checking module popcount16...
Checking module threshold_unit...
Checking module unipolar_pe...
Found and reported 0 problems.

10. Executing DFFLIBMAP pass (mapping DFF cells to sequential cells from liberty file).
  cell sky130_fd_sc_hd__dfxtp_1 (noninv, pins=3, area=20.02) is a direct match for cell type $_DFF_P_.
  cell sky130_fd_sc_hd__dfrtn_1 (noninv, pins=4, area=25.02) is a direct match for cell type $_DFF_NN0_.
  cell sky130_fd_sc_hd__dfrtp_1 (noninv, pins=4, area=25.02) is a direct match for cell type $_DFF_PN0_.
  cell sky130_fd_sc_hd__dfstp_2 (noninv, pins=4, area=26.28) is a direct match for cell type $_DFF_PN1_.
  cell sky130_fd_sc_hd__edfxtp_1 (noninv, pins=4, area=30.03) is a direct match for cell type $_DFFE_PP_.
  cell sky130_fd_sc_hd__dfbbn_1 (noninv, pins=6, area=32.53) is a direct match for cell type $_DFFSR_NNN_.
  cell sky130_fd_sc_hd__dfbbp_1 (noninv, pins=6, area=32.53) is a direct match for cell type $_DFFSR_PNN_.
  final dff cell mappings:
    unmapped dff cell: $_DFF_N_
    \sky130_fd_sc_hd__dfxtp_1 _DFF_P_ (.CLK( C), .D( D), .Q( Q));
    \sky130_fd_sc_hd__dfrtn_1 _DFF_NN0_ (.CLK_N( C), .D( D), .Q( Q), .RESET_B( R));
    unmapped dff cell: $_DFF_NN1_
    unmapped dff cell: $_DFF_NP0_
    unmapped dff cell: $_DFF_NP1_
    \sky130_fd_sc_hd__dfrtp_1 _DFF_PN0_ (.CLK( C), .D( D), .Q( Q), .RESET_B( R));
    \sky130_fd_sc_hd__dfstp_2 _DFF_PN1_ (.CLK( C), .D( D), .Q( Q), .SET_B( R));
    unmapped dff cell: $_DFF_PP0_
    unmapped dff cell: $_DFF_PP1_
    unmapped dff cell: $_DFFE_NN_
    unmapped dff cell: $_DFFE_NP_
    unmapped dff cell: $_DFFE_PN_
    \sky130_fd_sc_hd__edfxtp_1 _DFFE_PP_ (.CLK( C), .D( D), .DE( E), .Q( Q));
    \sky130_fd_sc_hd__dfbbn_1 _DFFSR_NNN_ (.CLK_N( C), .D( D), .Q( Q), .Q_N(~Q), .RESET_B( R), .SET_B( S));
    unmapped dff cell: $_DFFSR_NNP_
    unmapped dff cell: $_DFFSR_NPN_
    unmapped dff cell: $_DFFSR_NPP_
    \sky130_fd_sc_hd__dfbbp_1 _DFFSR_PNN_ (.CLK( C), .D( D), .Q( Q), .Q_N(~Q), .RESET_B( R), .SET_B( S));
    unmapped dff cell: $_DFFSR_PNP_
    unmapped dff cell: $_DFFSR_PPN_
    unmapped dff cell: $_DFFSR_PPP_

10.1. Executing DFFLEGALIZE pass (convert FFs to types supported by the target).
<suppressed ~24 debug messages>
Mapping DFF cells in module `\accumulator':
  mapped 8 $_DFF_PN0_ cells to \sky130_fd_sc_hd__dfrtp_1 cells.
Mapping DFF cells in module `\baseline_ubnn_kws_top':
  mapped 256 $_DFF_PN0_ cells to \sky130_fd_sc_hd__dfrtp_1 cells.
Mapping DFF cells in module `\controller':
  mapped 3 $_DFF_PN0_ cells to \sky130_fd_sc_hd__dfrtp_1 cells.
Mapping DFF cells in module `\popcount16':
Mapping DFF cells in module `\threshold_unit':
Mapping DFF cells in module `\unipolar_pe':
  mapped 5 $_DFF_PN0_ cells to \sky130_fd_sc_hd__dfrtp_1 cells.

11. Executing ABC pass (technology mapping using ABC).

11.1. Extracting gate netlist of module `\accumulator' to `<abc-temp-dir>/input.blif'..
Extracted 477 gates and 567 wires to a netlist network with 90 inputs and 17 outputs.

11.1.1. Executing ABC.
Running ABC command: "<yosys-exe-dir>/yosys-abc" -s -f <abc-temp-dir>/abc.script 2>&1
ABC: ABC command line: "source <abc-temp-dir>/abc.script".
ABC: 
ABC: + read_blif <abc-temp-dir>/input.blif 
ABC: + read_lib -w /mnt/c/Users/sethu/Downloads/vlsi/ARe_UBNN_KWS/constraints/sky130_fd_sc_hd__tt_025C_1v80.lib 
ABC: Parsing finished successfully.  Parsing time =     0.19 sec
ABC: Scl_LibertyReadGenlib() skipped cell "sky130_fd_sc_hd__decap_12" without logic function.
ABC: Scl_LibertyReadGenlib() skipped cell "sky130_fd_sc_hd__decap_3" without logic function.
ABC: Scl_LibertyReadGenlib() skipped cell "sky130_fd_sc_hd__decap_4" without logic function.
ABC: Scl_LibertyReadGenlib() skipped cell "sky130_fd_sc_hd__decap_6" without logic function.
ABC: Scl_LibertyReadGenlib() skipped cell "sky130_fd_sc_hd__decap_8" without logic function.
ABC: Scl_LibertyReadGenlib() skipped sequential cell "sky130_fd_sc_hd__dfbbn_1".
ABC: Scl_LibertyReadGenlib() skipped sequential cell "sky130_fd_sc_hd__dfbbn_2".
ABC: Scl_LibertyReadGenlib() skipped sequential cell "sky130_fd_sc_hd__dfbbp_1".
ABC: Scl_LibertyReadGenlib() skipped sequential cell "sky130_fd_sc_hd__dfrbp_1".
ABC: Scl_LibertyReadGenlib() skipped sequential cell "sky130_fd_sc_hd__dfrbp_2".
ABC: Scl_LibertyReadGenlib() skipped sequential cell "sky130_fd_sc_hd__dfrtn_1".
ABC: Scl_LibertyReadGenlib() skipped sequential cell "sky130_fd_sc_hd__dfrtp_1".
ABC: Scl_LibertyReadGenlib() skipped sequential cell "sky130_fd_sc_hd__dfrtp_2".
ABC: Scl_LibertyReadGenlib() skipped sequential cell "sky130_fd_sc_hd__dfrtp_4".
ABC: Scl_LibertyReadGenlib() skipped sequential cell "sky130_fd_sc_hd__dfsbp_1".
ABC: Scl_LibertyReadGenlib() skipped sequential cell "sky130_fd_sc_hd__dfsbp_2".
ABC: Scl_LibertyReadGenlib() skipped sequential cell "sky130_fd_sc_hd__dfstp_1".
ABC: Scl_LibertyReadGenlib() skipped sequential cell "sky130_fd_sc_hd__dfstp_2".
ABC: Scl_LibertyReadGenlib() skipped sequential cell "sky130_fd_sc_hd__dfstp_4".
ABC: Scl_LibertyReadGenlib() skipped sequential cell "sky130_fd_sc_hd__dfxbp_1".
ABC: Scl_LibertyReadGenlib() skipped sequential cell "sky130_fd_sc_hd__dfxbp_2".
ABC: Scl_LibertyReadGenlib() skipped sequential cell "sky130_fd_sc_hd__dfxtp_1".
ABC: Scl_LibertyReadGenlib() skipped sequential cell "sky130_fd_sc_hd__dfxtp_2".
ABC: Scl_LibertyReadGenlib() skipped sequential cell "sky130_fd_sc_hd__dfxtp_4".
ABC: Scl_LibertyReadGenlib() skipped cell "sky130_fd_sc_hd__diode_2" without logic function.
ABC: Scl_LibertyReadGenlib() skipped cell "sky130_fd_sc_hd__dlclkp_1" without logic function.
ABC: Scl_LibertyReadGenlib() skipped cell "sky130_fd_sc_hd__dlclkp_2" without logic function.
ABC: Scl_LibertyReadGenlib() skipped cell "sky130_fd_sc_hd__dlclkp_4" without logic function.
ABC: Scl_LibertyReadGenlib() skipped sequential cell "sky130_fd_sc_hd__dlrbn_1".
ABC: Scl_LibertyReadGenlib() skipped sequential cell "sky130_fd_sc_hd__dlrbn_2".
ABC: Scl_LibertyReadGenlib() skipped sequential cell "sky130_fd_sc_hd__dlrbp_1".
ABC: Scl_LibertyReadGenlib() skipped sequential cell "sky130_fd_sc_hd__dlrbp_2".
ABC: Scl_LibertyReadGenlib() skipped sequential cell "sky130_fd_sc_hd__dlrtn_1".
ABC: Scl_LibertyReadGenlib() skipped sequential cell "sky130_fd_sc_hd__dlrtn_2".
ABC: Scl_LibertyReadGenlib() skipped sequential cell "sky130_fd_sc_hd__dlrtn_4".
ABC: Scl_LibertyReadGenlib() skipped sequential cell "sky130_fd_sc_hd__dlrtp_1".
ABC: Scl_LibertyReadGenlib() skipped sequential cell "sky130_fd_sc_hd__dlrtp_2".
ABC: Scl_LibertyReadGenlib() skipped sequential cell "sky130_fd_sc_hd__dlrtp_4".
ABC: Scl_LibertyReadGenlib() skipped sequential cell "sky130_fd_sc_hd__dlxbn_1".
ABC: Scl_LibertyReadGenlib() skipped sequential cell "sky130_fd_sc_hd__dlxbn_2".
ABC: Scl_LibertyReadGenlib() skipped sequential cell "sky130_fd_sc_hd__dlxbp_1".
ABC: Scl_LibertyReadGenlib() skipped sequential cell "sky130_fd_sc_hd__dlxtn_1".
ABC: Scl_LibertyReadGenlib() skipped sequential cell "sky130_fd_sc_hd__dlxtn_2".
ABC: Scl_LibertyReadGenlib() skipped sequential cell "sky130_fd_sc_hd__dlxtn_4".
ABC: Scl_LibertyReadGenlib() skipped sequential cell "sky130_fd_sc_hd__dlxtp_1".
ABC: Scl_LibertyReadGenlib() skipped three-state cell "sky130_fd_sc_hd__ebufn_1".
ABC: Scl_LibertyReadGenlib() skipped three-state cell "sky130_fd_sc_hd__ebufn_2".
ABC: Scl_LibertyReadGenlib() skipped three-state cell "sky130_fd_sc_hd__ebufn_4".
ABC: Scl_LibertyReadGenlib() skipped three-state cell "sky130_fd_sc_hd__ebufn_8".
ABC: Scl_LibertyReadGenlib() skipped sequential cell "sky130_fd_sc_hd__edfxbp_1".
ABC: Scl_LibertyReadGenlib() skipped sequential cell "sky130_fd_sc_hd__edfxtp_1".
ABC: Scl_LibertyReadGenlib() skipped three-state cell "sky130_fd_sc_hd__einvn_0".
ABC: Scl_LibertyReadGenlib() skipped three-state cell "sky130_fd_sc_hd__einvn_1".
ABC: Scl_LibertyReadGenlib() skipped three-state cell "sky130_fd_sc_hd__einvn_2".
ABC: Scl_LibertyReadGenlib() skipped three-state cell "sky130_fd_sc_hd__einvn_4".
ABC: Scl_LibertyReadGenlib() skipped three-state cell "sky130_fd_sc_hd__einvn_8".
ABC: Scl_LibertyReadGenlib() skipped three-state cell "sky130_fd_sc_hd__einvp_1".
ABC: Scl_LibertyReadGenlib() skipped three-state cell "sky130_fd_sc_hd__einvp_2".
ABC: Scl_LibertyReadGenlib() skipped three-state cell "sky130_fd_sc_hd__einvp_4".
ABC: Scl_LibertyReadGenlib() skipped three-state cell "sky130_fd_sc_hd__einvp_8".
ABC: Scl_LibertyReadGenlib() skipped cell "sky130_fd_sc_hd__lpflow_bleeder_1" without logic function.
ABC: Scl_LibertyReadGenlib() skipped cell "sky130_fd_sc_hd__lpflow_decapkapwr_12" without logic function.
ABC: Scl_LibertyReadGenlib() skipped cell "sky130_fd_sc_hd__lpflow_decapkapwr_3" without logic function.
ABC: Scl_LibertyReadGenlib() skipped cell "sky130_fd_sc_hd__lpflow_decapkapwr_4" without logic function.
ABC: Scl_LibertyReadGenlib() skipped cell "sky130_fd_sc_hd__lpflow_decapkapwr_6" without logic function.
ABC: Scl_LibertyReadGenlib() skipped cell "sky130_fd_sc_hd__lpflow_decapkapwr_8" without logic function.
ABC: Scl_LibertyReadGenlib() skipped sequential cell "sky130_fd_sc_hd__lpflow_inputisolatch_1".
ABC: Scl_LibertyReadGenlib() skipped sequential cell "sky130_fd_sc_hd__sdfbbn_1".
ABC: Scl_LibertyReadGenlib() skipped sequential cell "sky130_fd_sc_hd__sdfbbn_2".
ABC: Scl_LibertyReadGenlib() skipped sequential cell "sky130_fd_sc_hd__sdfbbp_1".
ABC: Scl_LibertyReadGenlib() skipped sequential cell "sky130_fd_sc_hd__sdfrbp_1".
ABC: Scl_LibertyReadGenlib() skipped sequential cell "sky130_fd_sc_hd__sdfrbp_2".
ABC: Scl_LibertyReadGenlib() skipped sequential cell "sky130_fd_sc_hd__sdfrtn_1".
ABC: Scl_LibertyReadGenlib() skipped sequential cell "sky130_fd_sc_hd__sdfrtp_1".
ABC: Scl_LibertyReadGenlib() skipped sequential cell "sky130_fd_sc_hd__sdfrtp_2".
ABC: Scl_LibertyReadGenlib() skipped sequential cell "sky130_fd_sc_hd__sdfrtp_4".
ABC: Scl_LibertyReadGenlib() skipped sequential cell "sky130_fd_sc_hd__sdfsbp_1".
ABC: Scl_LibertyReadGenlib() skipped sequential cell "sky130_fd_sc_hd__sdfsbp_2".
ABC: Scl_LibertyReadGenlib() skipped sequential cell "sky130_fd_sc_hd__sdfstp_1".
ABC: Scl_LibertyReadGenlib() skipped sequential cell "sky130_fd_sc_hd__sdfstp_2".
ABC: Scl_LibertyReadGenlib() skipped sequential cell "sky130_fd_sc_hd__sdfstp_4".
ABC: Scl_LibertyReadGenlib() skipped sequential cell "sky130_fd_sc_hd__sdfxbp_1".
ABC: Scl_LibertyReadGenlib() skipped sequential cell "sky130_fd_sc_hd__sdfxbp_2".
ABC: Scl_LibertyReadGenlib() skipped sequential cell "sky130_fd_sc_hd__sdfxtp_1".
ABC: Scl_LibertyReadGenlib() skipped sequential cell "sky130_fd_sc_hd__sdfxtp_2".
ABC: Scl_LibertyReadGenlib() skipped sequential cell "sky130_fd_sc_hd__sdfxtp_4".
ABC: Scl_LibertyReadGenlib() skipped cell "sky130_fd_sc_hd__sdlclkp_1" without logic function.
ABC: Scl_LibertyReadGenlib() skipped cell "sky130_fd_sc_hd__sdlclkp_2" without logic function.
ABC: Scl_LibertyReadGenlib() skipped cell "sky130_fd_sc_hd__sdlclkp_4" without logic function.
ABC: Scl_LibertyReadGenlib() skipped sequential cell "sky130_fd_sc_hd__sedfxbp_1".
ABC: Scl_LibertyReadGenlib() skipped sequential cell "sky130_fd_sc_hd__sedfxbp_2".
ABC: Scl_LibertyReadGenlib() skipped sequential cell "sky130_fd_sc_hd__sedfxtp_1".
ABC: Scl_LibertyReadGenlib() skipped sequential cell "sky130_fd_sc_hd__sedfxtp_2".
ABC: Scl_LibertyReadGenlib() skipped sequential cell "sky130_fd_sc_hd__sedfxtp_4".
ABC: Library "sky130_fd_sc_hd__tt_025C_1v80" from "/mnt/c/Users/sethu/Downloads/vlsi/ARe_UBNN_KWS/constraints/sky130_fd_sc_hd__tt_025C_1v80.lib" has 334 cells (94 skipped: 63 seq; 13 tri-state; 18 no func; 0 dont_use).  Time =     0.27 sec
ABC: Memory =   19.85 MB. Time =     0.27 sec
ABC: Warning: Detected 9 multi-output gates (for example, "sky130_fd_sc_hd__fa_1").
ABC: + strash 
ABC: + &get -n 
ABC: + &fraig -x 
ABC: + &put 
ABC: + scorr 
ABC: Warning: The network is combinational (run "fraig" or "fraig_sweep").
ABC: + dc2 
ABC: + dretime 
ABC: + strash 
ABC: + &get -n 
ABC: + &dch -f 
ABC: + &nf 
ABC: + &put 
ABC: + write_blif <abc-temp-dir>/output.blif 

11.1.2. Re-integrating ABC results.
ABC RESULTS:   sky130_fd_sc_hd__a211o_1 cells:        1
ABC RESULTS:   sky130_fd_sc_hd__a21o_1 cells:        1
ABC RESULTS:   sky130_fd_sc_hd__a21oi_1 cells:       11
ABC RESULTS:   sky130_fd_sc_hd__a2bb2oi_1 cells:        1
ABC RESULTS:   sky130_fd_sc_hd__and2_0 cells:        3
ABC RESULTS:   sky130_fd_sc_hd__clkinv_1 cells:        6
ABC RESULTS:   sky130_fd_sc_hd__lpflow_inputiso1p_1 cells:        2
ABC RESULTS:   sky130_fd_sc_hd__lpflow_isobufsrc_1 cells:        5
ABC RESULTS:   sky130_fd_sc_hd__maj3_1 cells:       67
ABC RESULTS:   sky130_fd_sc_hd__nand2_1 cells:       15
ABC RESULTS:   sky130_fd_sc_hd__nand2b_1 cells:        4
ABC RESULTS:   sky130_fd_sc_hd__nand3_1 cells:        3
ABC RESULTS:   sky130_fd_sc_hd__nor2_1 cells:        5
ABC RESULTS:   sky130_fd_sc_hd__nor2b_1 cells:        1
ABC RESULTS:   sky130_fd_sc_hd__o21a_1 cells:        1
ABC RESULTS:   sky130_fd_sc_hd__o21ai_0 cells:       13
ABC RESULTS:   sky130_fd_sc_hd__or3_1 cells:        1
ABC RESULTS:   sky130_fd_sc_hd__xnor2_1 cells:       34
ABC RESULTS:   sky130_fd_sc_hd__xnor3_1 cells:       22
ABC RESULTS:   sky130_fd_sc_hd__xor2_1 cells:       17
ABC RESULTS:   sky130_fd_sc_hd__xor3_1 cells:       35
ABC RESULTS:        internal signals:      460
ABC RESULTS:           input signals:       90
ABC RESULTS:          output signals:       17
Removing temp directory.

11.2. Extracting gate netlist of module `\baseline_ubnn_kws_top' to `<abc-temp-dir>/input.blif'..
Extracted 296 gates and 573 wires to a netlist network with 277 inputs and 256 outputs.

11.2.1. Executing ABC.
Running ABC command: "<yosys-exe-dir>/yosys-abc" -s -f <abc-temp-dir>/abc.script 2>&1
ABC: ABC command line: "source <abc-temp-dir>/abc.script".
ABC: 
ABC: + read_blif <abc-temp-dir>/input.blif 
ABC: + read_lib -w /mnt/c/Users/sethu/Downloads/vlsi/ARe_UBNN_KWS/constraints/sky130_fd_sc_hd__tt_025C_1v80.lib 
ABC: Parsing finished successfully.  Parsing time =     0.19 sec
ABC: Scl_LibertyReadGenlib() skipped cell "sky130_fd_sc_hd__decap_12" without logic function.
ABC: Scl_LibertyReadGenlib() skipped cell "sky130_fd_sc_hd__decap_3" without logic function.
ABC: Scl_LibertyReadGenlib() skipped cell "sky130_fd_sc_hd__decap_4" without logic function.
ABC: Scl_LibertyReadGenlib() skipped cell "sky130_fd_sc_hd__decap_6" without logic function.
ABC: Scl_LibertyReadGenlib() skipped cell "sky130_fd_sc_hd__decap_8" without logic function.
ABC: Scl_LibertyReadGenlib() skipped sequential cell "sky130_fd_sc_hd__dfbbn_1".
ABC: Scl_LibertyReadGenlib() skipped sequential cell "sky130_fd_sc_hd__dfbbn_2".
ABC: Scl_LibertyReadGenlib() skipped sequential cell "sky130_fd_sc_hd__dfbbp_1".
ABC: Scl_LibertyReadGenlib() skipped sequential cell "sky130_fd_sc_hd__dfrbp_1".
ABC: Scl_LibertyReadGenlib() skipped sequential cell "sky130_fd_sc_hd__dfrbp_2".
ABC: Scl_LibertyReadGenlib() skipped sequential cell "sky130_fd_sc_hd__dfrtn_1".
ABC: Scl_LibertyReadGenlib() skipped sequential cell "sky130_fd_sc_hd__dfrtp_1".
ABC: Scl_LibertyReadGenlib() skipped sequential cell "sky130_fd_sc_hd__dfrtp_2".
ABC: Scl_LibertyReadGenlib() skipped sequential cell "sky130_fd_sc_hd__dfrtp_4".
ABC: Scl_LibertyReadGenlib() skipped sequential cell "sky130_fd_sc_hd__dfsbp_1".
ABC: Scl_LibertyReadGenlib() skipped sequential cell "sky130_fd_sc_hd__dfsbp_2".
ABC: Scl_LibertyReadGenlib() skipped sequential cell "sky130_fd_sc_hd__dfstp_1".
ABC: Scl_LibertyReadGenlib() skipped sequential cell "sky130_fd_sc_hd__dfstp_2".
ABC: Scl_LibertyReadGenlib() skipped sequential cell "sky130_fd_sc_hd__dfstp_4".
ABC: Scl_LibertyReadGenlib() skipped sequential cell "sky130_fd_sc_hd__dfxbp_1".
ABC: Scl_LibertyReadGenlib() skipped sequential cell "sky130_fd_sc_hd__dfxbp_2".
ABC: Scl_LibertyReadGenlib() skipped sequential cell "sky130_fd_sc_hd__dfxtp_1".
ABC: Scl_LibertyReadGenlib() skipped sequential cell "sky130_fd_sc_hd__dfxtp_2".
ABC: Scl_LibertyReadGenlib() skipped sequential cell "sky130_fd_sc_hd__dfxtp_4".
ABC: Scl_LibertyReadGenlib() skipped cell "sky130_fd_sc_hd__diode_2" without logic function.
ABC: Scl_LibertyReadGenlib() skipped cell "sky130_fd_sc_hd__dlclkp_1" without logic function.
ABC: Scl_LibertyReadGenlib() skipped cell "sky130_fd_sc_hd__dlclkp_2" without logic function.
ABC: Scl_LibertyReadGenlib() skipped cell "sky130_fd_sc_hd__dlclkp_4" without logic function.
ABC: Scl_LibertyReadGenlib() skipped sequential cell "sky130_fd_sc_hd__dlrbn_1".
ABC: Scl_LibertyReadGenlib() skipped sequential cell "sky130_fd_sc_hd__dlrbn_2".
ABC: Scl_LibertyReadGenlib() skipped sequential cell "sky130_fd_sc_hd__dlrbp_1".
ABC: Scl_LibertyReadGenlib() skipped sequential cell "sky130_fd_sc_hd__dlrbp_2".
ABC: Scl_LibertyReadGenlib() skipped sequential cell "sky130_fd_sc_hd__dlrtn_1".
ABC: Scl_LibertyReadGenlib() skipped sequential cell "sky130_fd_sc_hd__dlrtn_2".
ABC: Scl_LibertyReadGenlib() skipped sequential cell "sky130_fd_sc_hd__dlrtn_4".
ABC: Scl_LibertyReadGenlib() skipped sequential cell "sky130_fd_sc_hd__dlrtp_1".
ABC: Scl_LibertyReadGenlib() skipped sequential cell "sky130_fd_sc_hd__dlrtp_2".
ABC: Scl_LibertyReadGenlib() skipped sequential cell "sky130_fd_sc_hd__dlrtp_4".
ABC: Scl_LibertyReadGenlib() skipped sequential cell "sky130_fd_sc_hd__dlxbn_1".
ABC: Scl_LibertyReadGenlib() skipped sequential cell "sky130_fd_sc_hd__dlxbn_2".
ABC: Scl_LibertyReadGenlib() skipped sequential cell "sky130_fd_sc_hd__dlxbp_1".
ABC: Scl_LibertyReadGenlib() skipped sequential cell "sky130_fd_sc_hd__dlxtn_1".
ABC: Scl_LibertyReadGenlib() skipped sequential cell "sky130_fd_sc_hd__dlxtn_2".
ABC: Scl_LibertyReadGenlib() skipped sequential cell "sky130_fd_sc_hd__dlxtn_4".
ABC: Scl_LibertyReadGenlib() skipped sequential cell "sky130_fd_sc_hd__dlxtp_1".
ABC: Scl_LibertyReadGenlib() skipped three-state cell "sky130_fd_sc_hd__ebufn_1".
ABC: Scl_LibertyReadGenlib() skipped three-state cell "sky130_fd_sc_hd__ebufn_2".
ABC: Scl_LibertyReadGenlib() skipped three-state cell "sky130_fd_sc_hd__ebufn_4".
ABC: Scl_LibertyReadGenlib() skipped three-state cell "sky130_fd_sc_hd__ebufn_8".
ABC: Scl_LibertyReadGenlib() skipped sequential cell "sky130_fd_sc_hd__edfxbp_1".
ABC: Scl_LibertyReadGenlib() skipped sequential cell "sky130_fd_sc_hd__edfxtp_1".
ABC: Scl_LibertyReadGenlib() skipped three-state cell "sky130_fd_sc_hd__einvn_0".
ABC: Scl_LibertyReadGenlib() skipped three-state cell "sky130_fd_sc_hd__einvn_1".
ABC: Scl_LibertyReadGenlib() skipped three-state cell "sky130_fd_sc_hd__einvn_2".
ABC: Scl_LibertyReadGenlib() skipped three-state cell "sky130_fd_sc_hd__einvn_4".
ABC: Scl_LibertyReadGenlib() skipped three-state cell "sky130_fd_sc_hd__einvn_8".
ABC: Scl_LibertyReadGenlib() skipped three-state cell "sky130_fd_sc_hd__einvp_1".
ABC: Scl_LibertyReadGenlib() skipped three-state cell "sky130_fd_sc_hd__einvp_2".
ABC: Scl_LibertyReadGenlib() skipped three-state cell "sky130_fd_sc_hd__einvp_4".
ABC: Scl_LibertyReadGenlib() skipped three-state cell "sky130_fd_sc_hd__einvp_8".
ABC: Scl_LibertyReadGenlib() skipped cell "sky130_fd_sc_hd__lpflow_bleeder_1" without logic function.
ABC: Scl_LibertyReadGenlib() skipped cell "sky130_fd_sc_hd__lpflow_decapkapwr_12" without logic function.
ABC: Scl_LibertyReadGenlib() skipped cell "sky130_fd_sc_hd__lpflow_decapkapwr_3" without logic function.
ABC: Scl_LibertyReadGenlib() skipped cell "sky130_fd_sc_hd__lpflow_decapkapwr_4" without logic function.
ABC: Scl_LibertyReadGenlib() skipped cell "sky130_fd_sc_hd__lpflow_decapkapwr_6" without logic function.
ABC: Scl_LibertyReadGenlib() skipped cell "sky130_fd_sc_hd__lpflow_decapkapwr_8" without logic function.
ABC: Scl_LibertyReadGenlib() skipped sequential cell "sky130_fd_sc_hd__lpflow_inputisolatch_1".
ABC: Scl_LibertyReadGenlib() skipped sequential cell "sky130_fd_sc_hd__sdfbbn_1".
ABC: Scl_LibertyReadGenlib() skipped sequential cell "sky130_fd_sc_hd__sdfbbn_2".
ABC: Scl_LibertyReadGenlib() skipped sequential cell "sky130_fd_sc_hd__sdfbbp_1".
ABC: Scl_LibertyReadGenlib() skipped sequential cell "sky130_fd_sc_hd__sdfrbp_1".
ABC: Scl_LibertyReadGenlib() skipped sequential cell "sky130_fd_sc_hd__sdfrbp_2".
ABC: Scl_LibertyReadGenlib() skipped sequential cell "sky130_fd_sc_hd__sdfrtn_1".
ABC: Scl_LibertyReadGenlib() skipped sequential cell "sky130_fd_sc_hd__sdfrtp_1".
ABC: Scl_LibertyReadGenlib() skipped sequential cell "sky130_fd_sc_hd__sdfrtp_2".
ABC: Scl_LibertyReadGenlib() skipped sequential cell "sky130_fd_sc_hd__sdfrtp_4".
ABC: Scl_LibertyReadGenlib() skipped sequential cell "sky130_fd_sc_hd__sdfsbp_1".
ABC: Scl_LibertyReadGenlib() skipped sequential cell "sky130_fd_sc_hd__sdfsbp_2".
ABC: Scl_LibertyReadGenlib() skipped sequential cell "sky130_fd_sc_hd__sdfstp_1".
ABC: Scl_LibertyReadGenlib() skipped sequential cell "sky130_fd_sc_hd__sdfstp_2".
ABC: Scl_LibertyReadGenlib() skipped sequential cell "sky130_fd_sc_hd__sdfstp_4".
ABC: Scl_LibertyReadGenlib() skipped sequential cell "sky130_fd_sc_hd__sdfxbp_1".
ABC: Scl_LibertyReadGenlib() skipped sequential cell "sky130_fd_sc_hd__sdfxbp_2".
ABC: Scl_LibertyReadGenlib() skipped sequential cell "sky130_fd_sc_hd__sdfxtp_1".
ABC: Scl_LibertyReadGenlib() skipped sequential cell "sky130_fd_sc_hd__sdfxtp_2".
ABC: Scl_LibertyReadGenlib() skipped sequential cell "sky130_fd_sc_hd__sdfxtp_4".
ABC: Scl_LibertyReadGenlib() skipped cell "sky130_fd_sc_hd__sdlclkp_1" without logic function.
ABC: Scl_LibertyReadGenlib() skipped cell "sky130_fd_sc_hd__sdlclkp_2" without logic function.
ABC: Scl_LibertyReadGenlib() skipped cell "sky130_fd_sc_hd__sdlclkp_4" without logic function.
ABC: Scl_LibertyReadGenlib() skipped sequential cell "sky130_fd_sc_hd__sedfxbp_1".
ABC: Scl_LibertyReadGenlib() skipped sequential cell "sky130_fd_sc_hd__sedfxbp_2".
ABC: Scl_LibertyReadGenlib() skipped sequential cell "sky130_fd_sc_hd__sedfxtp_1".
ABC: Scl_LibertyReadGenlib() skipped sequential cell "sky130_fd_sc_hd__sedfxtp_2".
ABC: Scl_LibertyReadGenlib() skipped sequential cell "sky130_fd_sc_hd__sedfxtp_4".
ABC: Library "sky130_fd_sc_hd__tt_025C_1v80" from "/mnt/c/Users/sethu/Downloads/vlsi/ARe_UBNN_KWS/constraints/sky130_fd_sc_hd__tt_025C_1v80.lib" has 334 cells (94 skipped: 63 seq; 13 tri-state; 18 no func; 0 dont_use).  Time =     0.28 sec
ABC: Memory =   19.85 MB. Time =     0.28 sec
ABC: Warning: Detected 9 multi-output gates (for example, "sky130_fd_sc_hd__fa_1").
ABC: + strash 
ABC: + &get -n 
ABC: + &fraig -x 
ABC: + &put 
ABC: + scorr 
ABC: Warning: The network is combinational (run "fraig" or "fraig_sweep").
ABC: + dc2 
ABC: + dretime 
ABC: + strash 
ABC: + &get -n 
ABC: + &dch -f 
ABC: + &nf 
ABC: + &put 
ABC: + write_blif <abc-temp-dir>/output.blif 

11.2.2. Re-integrating ABC results.
ABC RESULTS:   sky130_fd_sc_hd__and3_1 cells:        1
ABC RESULTS:   sky130_fd_sc_hd__lpflow_isobufsrc_1 cells:        1
ABC RESULTS:   sky130_fd_sc_hd__mux2_1 cells:      256
ABC RESULTS:   sky130_fd_sc_hd__nand2_1 cells:        2
ABC RESULTS:   sky130_fd_sc_hd__nand2b_1 cells:        3
ABC RESULTS:   sky130_fd_sc_hd__nand3_1 cells:        1
ABC RESULTS:   sky130_fd_sc_hd__nand3b_1 cells:        5
ABC RESULTS:   sky130_fd_sc_hd__nor2_1 cells:       10
ABC RESULTS:   sky130_fd_sc_hd__nor3b_1 cells:        2
ABC RESULTS:        internal signals:       40
ABC RESULTS:           input signals:      277
ABC RESULTS:          output signals:      256
Removing temp directory.

11.3. Extracting gate netlist of module `\controller' to `<abc-temp-dir>/input.blif'..
Extracted 26 gates and 32 wires to a netlist network with 6 inputs and 9 outputs.

11.3.1. Executing ABC.
Running ABC command: "<yosys-exe-dir>/yosys-abc" -s -f <abc-temp-dir>/abc.script 2>&1
ABC: ABC command line: "source <abc-temp-dir>/abc.script".
ABC: 
ABC: + read_blif <abc-temp-dir>/input.blif 
ABC: + read_lib -w /mnt/c/Users/sethu/Downloads/vlsi/ARe_UBNN_KWS/constraints/sky130_fd_sc_hd__tt_025C_1v80.lib 
ABC: Parsing finished successfully.  Parsing time =     0.19 sec
ABC: Scl_LibertyReadGenlib() skipped cell "sky130_fd_sc_hd__decap_12" without logic function.
ABC: Scl_LibertyReadGenlib() skipped cell "sky130_fd_sc_hd__decap_3" without logic function.
ABC: Scl_LibertyReadGenlib() skipped cell "sky130_fd_sc_hd__decap_4" without logic function.
ABC: Scl_LibertyReadGenlib() skipped cell "sky130_fd_sc_hd__decap_6" without logic function.
ABC: Scl_LibertyReadGenlib() skipped cell "sky130_fd_sc_hd__decap_8" without logic function.
ABC: Scl_LibertyReadGenlib() skipped sequential cell "sky130_fd_sc_hd__dfbbn_1".
ABC: Scl_LibertyReadGenlib() skipped sequential cell "sky130_fd_sc_hd__dfbbn_2".
ABC: Scl_LibertyReadGenlib() skipped sequential cell "sky130_fd_sc_hd__dfbbp_1".
ABC: Scl_LibertyReadGenlib() skipped sequential cell "sky130_fd_sc_hd__dfrbp_1".
ABC: Scl_LibertyReadGenlib() skipped sequential cell "sky130_fd_sc_hd__dfrbp_2".
ABC: Scl_LibertyReadGenlib() skipped sequential cell "sky130_fd_sc_hd__dfrtn_1".
ABC: Scl_LibertyReadGenlib() skipped sequential cell "sky130_fd_sc_hd__dfrtp_1".
ABC: Scl_LibertyReadGenlib() skipped sequential cell "sky130_fd_sc_hd__dfrtp_2".
ABC: Scl_LibertyReadGenlib() skipped sequential cell "sky130_fd_sc_hd__dfrtp_4".
ABC: Scl_LibertyReadGenlib() skipped sequential cell "sky130_fd_sc_hd__dfsbp_1".
ABC: Scl_LibertyReadGenlib() skipped sequential cell "sky130_fd_sc_hd__dfsbp_2".
ABC: Scl_LibertyReadGenlib() skipped sequential cell "sky130_fd_sc_hd__dfstp_1".
ABC: Scl_LibertyReadGenlib() skipped sequential cell "sky130_fd_sc_hd__dfstp_2".
ABC: Scl_LibertyReadGenlib() skipped sequential cell "sky130_fd_sc_hd__dfstp_4".
ABC: Scl_LibertyReadGenlib() skipped sequential cell "sky130_fd_sc_hd__dfxbp_1".
ABC: Scl_LibertyReadGenlib() skipped sequential cell "sky130_fd_sc_hd__dfxbp_2".
ABC: Scl_LibertyReadGenlib() skipped sequential cell "sky130_fd_sc_hd__dfxtp_1".
ABC: Scl_LibertyReadGenlib() skipped sequential cell "sky130_fd_sc_hd__dfxtp_2".
ABC: Scl_LibertyReadGenlib() skipped sequential cell "sky130_fd_sc_hd__dfxtp_4".
ABC: Scl_LibertyReadGenlib() skipped cell "sky130_fd_sc_hd__diode_2" without logic function.
ABC: Scl_LibertyReadGenlib() skipped cell "sky130_fd_sc_hd__dlclkp_1" without logic function.
ABC: Scl_LibertyReadGenlib() skipped cell "sky130_fd_sc_hd__dlclkp_2" without logic function.
ABC: Scl_LibertyReadGenlib() skipped cell "sky130_fd_sc_hd__dlclkp_4" without logic function.
ABC: Scl_LibertyReadGenlib() skipped sequential cell "sky130_fd_sc_hd__dlrbn_1".
ABC: Scl_LibertyReadGenlib() skipped sequential cell "sky130_fd_sc_hd__dlrbn_2".
ABC: Scl_LibertyReadGenlib() skipped sequential cell "sky130_fd_sc_hd__dlrbp_1".
ABC: Scl_LibertyReadGenlib() skipped sequential cell "sky130_fd_sc_hd__dlrbp_2".
ABC: Scl_LibertyReadGenlib() skipped sequential cell "sky130_fd_sc_hd__dlrtn_1".
ABC: Scl_LibertyReadGenlib() skipped sequential cell "sky130_fd_sc_hd__dlrtn_2".
ABC: Scl_LibertyReadGenlib() skipped sequential cell "sky130_fd_sc_hd__dlrtn_4".
ABC: Scl_LibertyReadGenlib() skipped sequential cell "sky130_fd_sc_hd__dlrtp_1".
ABC: Scl_LibertyReadGenlib() skipped sequential cell "sky130_fd_sc_hd__dlrtp_2".
ABC: Scl_LibertyReadGenlib() skipped sequential cell "sky130_fd_sc_hd__dlrtp_4".
ABC: Scl_LibertyReadGenlib() skipped sequential cell "sky130_fd_sc_hd__dlxbn_1".
ABC: Scl_LibertyReadGenlib() skipped sequential cell "sky130_fd_sc_hd__dlxbn_2".
ABC: Scl_LibertyReadGenlib() skipped sequential cell "sky130_fd_sc_hd__dlxbp_1".
ABC: Scl_LibertyReadGenlib() skipped sequential cell "sky130_fd_sc_hd__dlxtn_1".
ABC: Scl_LibertyReadGenlib() skipped sequential cell "sky130_fd_sc_hd__dlxtn_2".
ABC: Scl_LibertyReadGenlib() skipped sequential cell "sky130_fd_sc_hd__dlxtn_4".
ABC: Scl_LibertyReadGenlib() skipped sequential cell "sky130_fd_sc_hd__dlxtp_1".
ABC: Scl_LibertyReadGenlib() skipped three-state cell "sky130_fd_sc_hd__ebufn_1".
ABC: Scl_LibertyReadGenlib() skipped three-state cell "sky130_fd_sc_hd__ebufn_2".
ABC: Scl_LibertyReadGenlib() skipped three-state cell "sky130_fd_sc_hd__ebufn_4".
ABC: Scl_LibertyReadGenlib() skipped three-state cell "sky130_fd_sc_hd__ebufn_8".
ABC: Scl_LibertyReadGenlib() skipped sequential cell "sky130_fd_sc_hd__edfxbp_1".
ABC: Scl_LibertyReadGenlib() skipped sequential cell "sky130_fd_sc_hd__edfxtp_1".
ABC: Scl_LibertyReadGenlib() skipped three-state cell "sky130_fd_sc_hd__einvn_0".
ABC: Scl_LibertyReadGenlib() skipped three-state cell "sky130_fd_sc_hd__einvn_1".
ABC: Scl_LibertyReadGenlib() skipped three-state cell "sky130_fd_sc_hd__einvn_2".
ABC: Scl_LibertyReadGenlib() skipped three-state cell "sky130_fd_sc_hd__einvn_4".
ABC: Scl_LibertyReadGenlib() skipped three-state cell "sky130_fd_sc_hd__einvn_8".
ABC: Scl_LibertyReadGenlib() skipped three-state cell "sky130_fd_sc_hd__einvp_1".
ABC: Scl_LibertyReadGenlib() skipped three-state cell "sky130_fd_sc_hd__einvp_2".
ABC: Scl_LibertyReadGenlib() skipped three-state cell "sky130_fd_sc_hd__einvp_4".
ABC: Scl_LibertyReadGenlib() skipped three-state cell "sky130_fd_sc_hd__einvp_8".
ABC: Scl_LibertyReadGenlib() skipped cell "sky130_fd_sc_hd__lpflow_bleeder_1" without logic function.
ABC: Scl_LibertyReadGenlib() skipped cell "sky130_fd_sc_hd__lpflow_decapkapwr_12" without logic function.
ABC: Scl_LibertyReadGenlib() skipped cell "sky130_fd_sc_hd__lpflow_decapkapwr_3" without logic function.
ABC: Scl_LibertyReadGenlib() skipped cell "sky130_fd_sc_hd__lpflow_decapkapwr_4" without logic function.
ABC: Scl_LibertyReadGenlib() skipped cell "sky130_fd_sc_hd__lpflow_decapkapwr_6" without logic function.
ABC: Scl_LibertyReadGenlib() skipped cell "sky130_fd_sc_hd__lpflow_decapkapwr_8" without logic function.
ABC: Scl_LibertyReadGenlib() skipped sequential cell "sky130_fd_sc_hd__lpflow_inputisolatch_1".
ABC: Scl_LibertyReadGenlib() skipped sequential cell "sky130_fd_sc_hd__sdfbbn_1".
ABC: Scl_LibertyReadGenlib() skipped sequential cell "sky130_fd_sc_hd__sdfbbn_2".
ABC: Scl_LibertyReadGenlib() skipped sequential cell "sky130_fd_sc_hd__sdfbbp_1".
ABC: Scl_LibertyReadGenlib() skipped sequential cell "sky130_fd_sc_hd__sdfrbp_1".
ABC: Scl_LibertyReadGenlib() skipped sequential cell "sky130_fd_sc_hd__sdfrbp_2".
ABC: Scl_LibertyReadGenlib() skipped sequential cell "sky130_fd_sc_hd__sdfrtn_1".
ABC: Scl_LibertyReadGenlib() skipped sequential cell "sky130_fd_sc_hd__sdfrtp_1".
ABC: Scl_LibertyReadGenlib() skipped sequential cell "sky130_fd_sc_hd__sdfrtp_2".
ABC: Scl_LibertyReadGenlib() skipped sequential cell "sky130_fd_sc_hd__sdfrtp_4".
ABC: Scl_LibertyReadGenlib() skipped sequential cell "sky130_fd_sc_hd__sdfsbp_1".
ABC: Scl_LibertyReadGenlib() skipped sequential cell "sky130_fd_sc_hd__sdfsbp_2".
ABC: Scl_LibertyReadGenlib() skipped sequential cell "sky130_fd_sc_hd__sdfstp_1".
ABC: Scl_LibertyReadGenlib() skipped sequential cell "sky130_fd_sc_hd__sdfstp_2".
ABC: Scl_LibertyReadGenlib() skipped sequential cell "sky130_fd_sc_hd__sdfstp_4".
ABC: Scl_LibertyReadGenlib() skipped sequential cell "sky130_fd_sc_hd__sdfxbp_1".
ABC: Scl_LibertyReadGenlib() skipped sequential cell "sky130_fd_sc_hd__sdfxbp_2".
ABC: Scl_LibertyReadGenlib() skipped sequential cell "sky130_fd_sc_hd__sdfxtp_1".
ABC: Scl_LibertyReadGenlib() skipped sequential cell "sky130_fd_sc_hd__sdfxtp_2".
ABC: Scl_LibertyReadGenlib() skipped sequential cell "sky130_fd_sc_hd__sdfxtp_4".
ABC: Scl_LibertyReadGenlib() skipped cell "sky130_fd_sc_hd__sdlclkp_1" without logic function.
ABC: Scl_LibertyReadGenlib() skipped cell "sky130_fd_sc_hd__sdlclkp_2" without logic function.
ABC: Scl_LibertyReadGenlib() skipped cell "sky130_fd_sc_hd__sdlclkp_4" without logic function.
ABC: Scl_LibertyReadGenlib() skipped sequential cell "sky130_fd_sc_hd__sedfxbp_1".
ABC: Scl_LibertyReadGenlib() skipped sequential cell "sky130_fd_sc_hd__sedfxbp_2".
ABC: Scl_LibertyReadGenlib() skipped sequential cell "sky130_fd_sc_hd__sedfxtp_1".
ABC: Scl_LibertyReadGenlib() skipped sequential cell "sky130_fd_sc_hd__sedfxtp_2".
ABC: Scl_LibertyReadGenlib() skipped sequential cell "sky130_fd_sc_hd__sedfxtp_4".
ABC: Library "sky130_fd_sc_hd__tt_025C_1v80" from "/mnt/c/Users/sethu/Downloads/vlsi/ARe_UBNN_KWS/constraints/sky130_fd_sc_hd__tt_025C_1v80.lib" has 334 cells (94 skipped: 63 seq; 13 tri-state; 18 no func; 0 dont_use).  Time =     0.26 sec
ABC: Memory =   19.85 MB. Time =     0.26 sec
ABC: Warning: Detected 9 multi-output gates (for example, "sky130_fd_sc_hd__fa_1").
ABC: + strash 
ABC: + &get -n 
ABC: + &fraig -x 
ABC: + &put 
ABC: + scorr 
ABC: Warning: The network is combinational (run "fraig" or "fraig_sweep").
ABC: + dc2 
ABC: + dretime 
ABC: + strash 
ABC: + &get -n 
ABC: + &dch -f 
ABC: + &nf 
ABC: + &put 
ABC: + write_blif <abc-temp-dir>/output.blif 

11.3.2. Re-integrating ABC results.
ABC RESULTS:   sky130_fd_sc_hd__a21o_1 cells:        2
ABC RESULTS:   sky130_fd_sc_hd__a31o_1 cells:        1
ABC RESULTS:   sky130_fd_sc_hd__and3b_1 cells:        2
ABC RESULTS:   sky130_fd_sc_hd__clkinv_1 cells:        2
ABC RESULTS:   sky130_fd_sc_hd__nor3_1 cells:        1
ABC RESULTS:   sky130_fd_sc_hd__nor3b_1 cells:        3
ABC RESULTS:        internal signals:       17
ABC RESULTS:           input signals:        6
ABC RESULTS:          output signals:        9
Removing temp directory.

11.4. Extracting gate netlist of module `\popcount16' to `<abc-temp-dir>/input.blif'..
Extracted 67 gates and 83 wires to a netlist network with 16 inputs and 5 outputs.

11.4.1. Executing ABC.
Running ABC command: "<yosys-exe-dir>/yosys-abc" -s -f <abc-temp-dir>/abc.script 2>&1
ABC: ABC command line: "source <abc-temp-dir>/abc.script".
ABC: 
ABC: + read_blif <abc-temp-dir>/input.blif 
ABC: + read_lib -w /mnt/c/Users/sethu/Downloads/vlsi/ARe_UBNN_KWS/constraints/sky130_fd_sc_hd__tt_025C_1v80.lib 
ABC: Parsing finished successfully.  Parsing time =     0.20 sec
ABC: Scl_LibertyReadGenlib() skipped cell "sky130_fd_sc_hd__decap_12" without logic function.
ABC: Scl_LibertyReadGenlib() skipped cell "sky130_fd_sc_hd__decap_3" without logic function.
ABC: Scl_LibertyReadGenlib() skipped cell "sky130_fd_sc_hd__decap_4" without logic function.
ABC: Scl_LibertyReadGenlib() skipped cell "sky130_fd_sc_hd__decap_6" without logic function.
ABC: Scl_LibertyReadGenlib() skipped cell "sky130_fd_sc_hd__decap_8" without logic function.
ABC: Scl_LibertyReadGenlib() skipped sequential cell "sky130_fd_sc_hd__dfbbn_1".
ABC: Scl_LibertyReadGenlib() skipped sequential cell "sky130_fd_sc_hd__dfbbn_2".
ABC: Scl_LibertyReadGenlib() skipped sequential cell "sky130_fd_sc_hd__dfbbp_1".
ABC: Scl_LibertyReadGenlib() skipped sequential cell "sky130_fd_sc_hd__dfrbp_1".
ABC: Scl_LibertyReadGenlib() skipped sequential cell "sky130_fd_sc_hd__dfrbp_2".
ABC: Scl_LibertyReadGenlib() skipped sequential cell "sky130_fd_sc_hd__dfrtn_1".
ABC: Scl_LibertyReadGenlib() skipped sequential cell "sky130_fd_sc_hd__dfrtp_1".
ABC: Scl_LibertyReadGenlib() skipped sequential cell "sky130_fd_sc_hd__dfrtp_2".
ABC: Scl_LibertyReadGenlib() skipped sequential cell "sky130_fd_sc_hd__dfrtp_4".
ABC: Scl_LibertyReadGenlib() skipped sequential cell "sky130_fd_sc_hd__dfsbp_1".
ABC: Scl_LibertyReadGenlib() skipped sequential cell "sky130_fd_sc_hd__dfsbp_2".
ABC: Scl_LibertyReadGenlib() skipped sequential cell "sky130_fd_sc_hd__dfstp_1".
ABC: Scl_LibertyReadGenlib() skipped sequential cell "sky130_fd_sc_hd__dfstp_2".
ABC: Scl_LibertyReadGenlib() skipped sequential cell "sky130_fd_sc_hd__dfstp_4".
ABC: Scl_LibertyReadGenlib() skipped sequential cell "sky130_fd_sc_hd__dfxbp_1".
ABC: Scl_LibertyReadGenlib() skipped sequential cell "sky130_fd_sc_hd__dfxbp_2".
ABC: Scl_LibertyReadGenlib() skipped sequential cell "sky130_fd_sc_hd__dfxtp_1".
ABC: Scl_LibertyReadGenlib() skipped sequential cell "sky130_fd_sc_hd__dfxtp_2".
ABC: Scl_LibertyReadGenlib() skipped sequential cell "sky130_fd_sc_hd__dfxtp_4".
ABC: Scl_LibertyReadGenlib() skipped cell "sky130_fd_sc_hd__diode_2" without logic function.
ABC: Scl_LibertyReadGenlib() skipped cell "sky130_fd_sc_hd__dlclkp_1" without logic function.
ABC: Scl_LibertyReadGenlib() skipped cell "sky130_fd_sc_hd__dlclkp_2" without logic function.
ABC: Scl_LibertyReadGenlib() skipped cell "sky130_fd_sc_hd__dlclkp_4" without logic function.
ABC: Scl_LibertyReadGenlib() skipped sequential cell "sky130_fd_sc_hd__dlrbn_1".
ABC: Scl_LibertyReadGenlib() skipped sequential cell "sky130_fd_sc_hd__dlrbn_2".
ABC: Scl_LibertyReadGenlib() skipped sequential cell "sky130_fd_sc_hd__dlrbp_1".
ABC: Scl_LibertyReadGenlib() skipped sequential cell "sky130_fd_sc_hd__dlrbp_2".
ABC: Scl_LibertyReadGenlib() skipped sequential cell "sky130_fd_sc_hd__dlrtn_1".
ABC: Scl_LibertyReadGenlib() skipped sequential cell "sky130_fd_sc_hd__dlrtn_2".
ABC: Scl_LibertyReadGenlib() skipped sequential cell "sky130_fd_sc_hd__dlrtn_4".
ABC: Scl_LibertyReadGenlib() skipped sequential cell "sky130_fd_sc_hd__dlrtp_1".
ABC: Scl_LibertyReadGenlib() skipped sequential cell "sky130_fd_sc_hd__dlrtp_2".
ABC: Scl_LibertyReadGenlib() skipped sequential cell "sky130_fd_sc_hd__dlrtp_4".
ABC: Scl_LibertyReadGenlib() skipped sequential cell "sky130_fd_sc_hd__dlxbn_1".
ABC: Scl_LibertyReadGenlib() skipped sequential cell "sky130_fd_sc_hd__dlxbn_2".
ABC: Scl_LibertyReadGenlib() skipped sequential cell "sky130_fd_sc_hd__dlxbp_1".
ABC: Scl_LibertyReadGenlib() skipped sequential cell "sky130_fd_sc_hd__dlxtn_1".
ABC: Scl_LibertyReadGenlib() skipped sequential cell "sky130_fd_sc_hd__dlxtn_2".
ABC: Scl_LibertyReadGenlib() skipped sequential cell "sky130_fd_sc_hd__dlxtn_4".
ABC: Scl_LibertyReadGenlib() skipped sequential cell "sky130_fd_sc_hd__dlxtp_1".
ABC: Scl_LibertyReadGenlib() skipped three-state cell "sky130_fd_sc_hd__ebufn_1".
ABC: Scl_LibertyReadGenlib() skipped three-state cell "sky130_fd_sc_hd__ebufn_2".
ABC: Scl_LibertyReadGenlib() skipped three-state cell "sky130_fd_sc_hd__ebufn_4".
ABC: Scl_LibertyReadGenlib() skipped three-state cell "sky130_fd_sc_hd__ebufn_8".
ABC: Scl_LibertyReadGenlib() skipped sequential cell "sky130_fd_sc_hd__edfxbp_1".
ABC: Scl_LibertyReadGenlib() skipped sequential cell "sky130_fd_sc_hd__edfxtp_1".
ABC: Scl_LibertyReadGenlib() skipped three-state cell "sky130_fd_sc_hd__einvn_0".
ABC: Scl_LibertyReadGenlib() skipped three-state cell "sky130_fd_sc_hd__einvn_1".
ABC: Scl_LibertyReadGenlib() skipped three-state cell "sky130_fd_sc_hd__einvn_2".
ABC: Scl_LibertyReadGenlib() skipped three-state cell "sky130_fd_sc_hd__einvn_4".
ABC: Scl_LibertyReadGenlib() skipped three-state cell "sky130_fd_sc_hd__einvn_8".
ABC: Scl_LibertyReadGenlib() skipped three-state cell "sky130_fd_sc_hd__einvp_1".
ABC: Scl_LibertyReadGenlib() skipped three-state cell "sky130_fd_sc_hd__einvp_2".
ABC: Scl_LibertyReadGenlib() skipped three-state cell "sky130_fd_sc_hd__einvp_4".
ABC: Scl_LibertyReadGenlib() skipped three-state cell "sky130_fd_sc_hd__einvp_8".
ABC: Scl_LibertyReadGenlib() skipped cell "sky130_fd_sc_hd__lpflow_bleeder_1" without logic function.
ABC: Scl_LibertyReadGenlib() skipped cell "sky130_fd_sc_hd__lpflow_decapkapwr_12" without logic function.
ABC: Scl_LibertyReadGenlib() skipped cell "sky130_fd_sc_hd__lpflow_decapkapwr_3" without logic function.
ABC: Scl_LibertyReadGenlib() skipped cell "sky130_fd_sc_hd__lpflow_decapkapwr_4" without logic function.
ABC: Scl_LibertyReadGenlib() skipped cell "sky130_fd_sc_hd__lpflow_decapkapwr_6" without logic function.
ABC: Scl_LibertyReadGenlib() skipped cell "sky130_fd_sc_hd__lpflow_decapkapwr_8" without logic function.
ABC: Scl_LibertyReadGenlib() skipped sequential cell "sky130_fd_sc_hd__lpflow_inputisolatch_1".
ABC: Scl_LibertyReadGenlib() skipped sequential cell "sky130_fd_sc_hd__sdfbbn_1".
ABC: Scl_LibertyReadGenlib() skipped sequential cell "sky130_fd_sc_hd__sdfbbn_2".
ABC: Scl_LibertyReadGenlib() skipped sequential cell "sky130_fd_sc_hd__sdfbbp_1".
ABC: Scl_LibertyReadGenlib() skipped sequential cell "sky130_fd_sc_hd__sdfrbp_1".
ABC: Scl_LibertyReadGenlib() skipped sequential cell "sky130_fd_sc_hd__sdfrbp_2".
ABC: Scl_LibertyReadGenlib() skipped sequential cell "sky130_fd_sc_hd__sdfrtn_1".
ABC: Scl_LibertyReadGenlib() skipped sequential cell "sky130_fd_sc_hd__sdfrtp_1".
ABC: Scl_LibertyReadGenlib() skipped sequential cell "sky130_fd_sc_hd__sdfrtp_2".
ABC: Scl_LibertyReadGenlib() skipped sequential cell "sky130_fd_sc_hd__sdfrtp_4".
ABC: Scl_LibertyReadGenlib() skipped sequential cell "sky130_fd_sc_hd__sdfsbp_1".
ABC: Scl_LibertyReadGenlib() skipped sequential cell "sky130_fd_sc_hd__sdfsbp_2".
ABC: Scl_LibertyReadGenlib() skipped sequential cell "sky130_fd_sc_hd__sdfstp_1".
ABC: Scl_LibertyReadGenlib() skipped sequential cell "sky130_fd_sc_hd__sdfstp_2".
ABC: Scl_LibertyReadGenlib() skipped sequential cell "sky130_fd_sc_hd__sdfstp_4".
ABC: Scl_LibertyReadGenlib() skipped sequential cell "sky130_fd_sc_hd__sdfxbp_1".
ABC: Scl_LibertyReadGenlib() skipped sequential cell "sky130_fd_sc_hd__sdfxbp_2".
ABC: Scl_LibertyReadGenlib() skipped sequential cell "sky130_fd_sc_hd__sdfxtp_1".
ABC: Scl_LibertyReadGenlib() skipped sequential cell "sky130_fd_sc_hd__sdfxtp_2".
ABC: Scl_LibertyReadGenlib() skipped sequential cell "sky130_fd_sc_hd__sdfxtp_4".
ABC: Scl_LibertyReadGenlib() skipped cell "sky130_fd_sc_hd__sdlclkp_1" without logic function.
ABC: Scl_LibertyReadGenlib() skipped cell "sky130_fd_sc_hd__sdlclkp_2" without logic function.
ABC: Scl_LibertyReadGenlib() skipped cell "sky130_fd_sc_hd__sdlclkp_4" without logic function.
ABC: Scl_LibertyReadGenlib() skipped sequential cell "sky130_fd_sc_hd__sedfxbp_1".
ABC: Scl_LibertyReadGenlib() skipped sequential cell "sky130_fd_sc_hd__sedfxbp_2".
ABC: Scl_LibertyReadGenlib() skipped sequential cell "sky130_fd_sc_hd__sedfxtp_1".
ABC: Scl_LibertyReadGenlib() skipped sequential cell "sky130_fd_sc_hd__sedfxtp_2".
ABC: Scl_LibertyReadGenlib() skipped sequential cell "sky130_fd_sc_hd__sedfxtp_4".
ABC: Library "sky130_fd_sc_hd__tt_025C_1v80" from "/mnt/c/Users/sethu/Downloads/vlsi/ARe_UBNN_KWS/constraints/sky130_fd_sc_hd__tt_025C_1v80.lib" has 334 cells (94 skipped: 63 seq; 13 tri-state; 18 no func; 0 dont_use).  Time =     0.28 sec
ABC: Memory =   19.85 MB. Time =     0.28 sec
ABC: Warning: Detected 9 multi-output gates (for example, "sky130_fd_sc_hd__fa_1").
ABC: + strash 
ABC: + &get -n 
ABC: + &fraig -x 
ABC: + &put 
ABC: + scorr 
ABC: Warning: The network is combinational (run "fraig" or "fraig_sweep").
ABC: + dc2 
ABC: + dretime 
ABC: + strash 
ABC: + &get -n 
ABC: + &dch -f 
ABC: + &nf 
ABC: + &put 
ABC: + write_blif <abc-temp-dir>/output.blif 

11.4.2. Re-integrating ABC results.
ABC RESULTS:   sky130_fd_sc_hd__a21o_1 cells:        1
ABC RESULTS:   sky130_fd_sc_hd__a21oi_1 cells:        1
ABC RESULTS:   sky130_fd_sc_hd__and2_0 cells:        2
ABC RESULTS:   sky130_fd_sc_hd__clkinv_1 cells:        1
ABC RESULTS:   sky130_fd_sc_hd__maj3_1 cells:        8
ABC RESULTS:   sky130_fd_sc_hd__mux2i_1 cells:        1
ABC RESULTS:   sky130_fd_sc_hd__nand2_1 cells:        3
ABC RESULTS:   sky130_fd_sc_hd__nand3_1 cells:        1
ABC RESULTS:   sky130_fd_sc_hd__nor2_1 cells:        2
ABC RESULTS:   sky130_fd_sc_hd__nor3_1 cells:        1
ABC RESULTS:   sky130_fd_sc_hd__o211ai_1 cells:        1
ABC RESULTS:   sky130_fd_sc_hd__o21ai_0 cells:        2
ABC RESULTS:   sky130_fd_sc_hd__or3_1 cells:        1
ABC RESULTS:   sky130_fd_sc_hd__xnor2_1 cells:        4
ABC RESULTS:   sky130_fd_sc_hd__xnor3_1 cells:        1
ABC RESULTS:   sky130_fd_sc_hd__xor2_1 cells:        2
ABC RESULTS:   sky130_fd_sc_hd__xor3_1 cells:        7
ABC RESULTS:        internal signals:       62
ABC RESULTS:           input signals:       16
ABC RESULTS:          output signals:        5
Removing temp directory.

11.5. Extracting gate netlist of module `\threshold_unit' to `<abc-temp-dir>/input.blif'..
Extracted 38 gates and 54 wires to a netlist network with 16 inputs and 1 outputs.

11.5.1. Executing ABC.
Running ABC command: "<yosys-exe-dir>/yosys-abc" -s -f <abc-temp-dir>/abc.script 2>&1
ABC: ABC command line: "source <abc-temp-dir>/abc.script".
ABC: 
ABC: + read_blif <abc-temp-dir>/input.blif 
ABC: + read_lib -w /mnt/c/Users/sethu/Downloads/vlsi/ARe_UBNN_KWS/constraints/sky130_fd_sc_hd__tt_025C_1v80.lib 
ABC: Parsing finished successfully.  Parsing time =     0.21 sec
ABC: Scl_LibertyReadGenlib() skipped cell "sky130_fd_sc_hd__decap_12" without logic function.
ABC: Scl_LibertyReadGenlib() skipped cell "sky130_fd_sc_hd__decap_3" without logic function.
ABC: Scl_LibertyReadGenlib() skipped cell "sky130_fd_sc_hd__decap_4" without logic function.
ABC: Scl_LibertyReadGenlib() skipped cell "sky130_fd_sc_hd__decap_6" without logic function.
ABC: Scl_LibertyReadGenlib() skipped cell "sky130_fd_sc_hd__decap_8" without logic function.
ABC: Scl_LibertyReadGenlib() skipped sequential cell "sky130_fd_sc_hd__dfbbn_1".
ABC: Scl_LibertyReadGenlib() skipped sequential cell "sky130_fd_sc_hd__dfbbn_2".
ABC: Scl_LibertyReadGenlib() skipped sequential cell "sky130_fd_sc_hd__dfbbp_1".
ABC: Scl_LibertyReadGenlib() skipped sequential cell "sky130_fd_sc_hd__dfrbp_1".
ABC: Scl_LibertyReadGenlib() skipped sequential cell "sky130_fd_sc_hd__dfrbp_2".
ABC: Scl_LibertyReadGenlib() skipped sequential cell "sky130_fd_sc_hd__dfrtn_1".
ABC: Scl_LibertyReadGenlib() skipped sequential cell "sky130_fd_sc_hd__dfrtp_1".
ABC: Scl_LibertyReadGenlib() skipped sequential cell "sky130_fd_sc_hd__dfrtp_2".
ABC: Scl_LibertyReadGenlib() skipped sequential cell "sky130_fd_sc_hd__dfrtp_4".
ABC: Scl_LibertyReadGenlib() skipped sequential cell "sky130_fd_sc_hd__dfsbp_1".
ABC: Scl_LibertyReadGenlib() skipped sequential cell "sky130_fd_sc_hd__dfsbp_2".
ABC: Scl_LibertyReadGenlib() skipped sequential cell "sky130_fd_sc_hd__dfstp_1".
ABC: Scl_LibertyReadGenlib() skipped sequential cell "sky130_fd_sc_hd__dfstp_2".
ABC: Scl_LibertyReadGenlib() skipped sequential cell "sky130_fd_sc_hd__dfstp_4".
ABC: Scl_LibertyReadGenlib() skipped sequential cell "sky130_fd_sc_hd__dfxbp_1".
ABC: Scl_LibertyReadGenlib() skipped sequential cell "sky130_fd_sc_hd__dfxbp_2".
ABC: Scl_LibertyReadGenlib() skipped sequential cell "sky130_fd_sc_hd__dfxtp_1".
ABC: Scl_LibertyReadGenlib() skipped sequential cell "sky130_fd_sc_hd__dfxtp_2".
ABC: Scl_LibertyReadGenlib() skipped sequential cell "sky130_fd_sc_hd__dfxtp_4".
ABC: Scl_LibertyReadGenlib() skipped cell "sky130_fd_sc_hd__diode_2" without logic function.
ABC: Scl_LibertyReadGenlib() skipped cell "sky130_fd_sc_hd__dlclkp_1" without logic function.
ABC: Scl_LibertyReadGenlib() skipped cell "sky130_fd_sc_hd__dlclkp_2" without logic function.
ABC: Scl_LibertyReadGenlib() skipped cell "sky130_fd_sc_hd__dlclkp_4" without logic function.
ABC: Scl_LibertyReadGenlib() skipped sequential cell "sky130_fd_sc_hd__dlrbn_1".
ABC: Scl_LibertyReadGenlib() skipped sequential cell "sky130_fd_sc_hd__dlrbn_2".
ABC: Scl_LibertyReadGenlib() skipped sequential cell "sky130_fd_sc_hd__dlrbp_1".
ABC: Scl_LibertyReadGenlib() skipped sequential cell "sky130_fd_sc_hd__dlrbp_2".
ABC: Scl_LibertyReadGenlib() skipped sequential cell "sky130_fd_sc_hd__dlrtn_1".
ABC: Scl_LibertyReadGenlib() skipped sequential cell "sky130_fd_sc_hd__dlrtn_2".
ABC: Scl_LibertyReadGenlib() skipped sequential cell "sky130_fd_sc_hd__dlrtn_4".
ABC: Scl_LibertyReadGenlib() skipped sequential cell "sky130_fd_sc_hd__dlrtp_1".
ABC: Scl_LibertyReadGenlib() skipped sequential cell "sky130_fd_sc_hd__dlrtp_2".
ABC: Scl_LibertyReadGenlib() skipped sequential cell "sky130_fd_sc_hd__dlrtp_4".
ABC: Scl_LibertyReadGenlib() skipped sequential cell "sky130_fd_sc_hd__dlxbn_1".
ABC: Scl_LibertyReadGenlib() skipped sequential cell "sky130_fd_sc_hd__dlxbn_2".
ABC: Scl_LibertyReadGenlib() skipped sequential cell "sky130_fd_sc_hd__dlxbp_1".
ABC: Scl_LibertyReadGenlib() skipped sequential cell "sky130_fd_sc_hd__dlxtn_1".
ABC: Scl_LibertyReadGenlib() skipped sequential cell "sky130_fd_sc_hd__dlxtn_2".
ABC: Scl_LibertyReadGenlib() skipped sequential cell "sky130_fd_sc_hd__dlxtn_4".
ABC: Scl_LibertyReadGenlib() skipped sequential cell "sky130_fd_sc_hd__dlxtp_1".
ABC: Scl_LibertyReadGenlib() skipped three-state cell "sky130_fd_sc_hd__ebufn_1".
ABC: Scl_LibertyReadGenlib() skipped three-state cell "sky130_fd_sc_hd__ebufn_2".
ABC: Scl_LibertyReadGenlib() skipped three-state cell "sky130_fd_sc_hd__ebufn_4".
ABC: Scl_LibertyReadGenlib() skipped three-state cell "sky130_fd_sc_hd__ebufn_8".
ABC: Scl_LibertyReadGenlib() skipped sequential cell "sky130_fd_sc_hd__edfxbp_1".
ABC: Scl_LibertyReadGenlib() skipped sequential cell "sky130_fd_sc_hd__edfxtp_1".
ABC: Scl_LibertyReadGenlib() skipped three-state cell "sky130_fd_sc_hd__einvn_0".
ABC: Scl_LibertyReadGenlib() skipped three-state cell "sky130_fd_sc_hd__einvn_1".
ABC: Scl_LibertyReadGenlib() skipped three-state cell "sky130_fd_sc_hd__einvn_2".
ABC: Scl_LibertyReadGenlib() skipped three-state cell "sky130_fd_sc_hd__einvn_4".
ABC: Scl_LibertyReadGenlib() skipped three-state cell "sky130_fd_sc_hd__einvn_8".
ABC: Scl_LibertyReadGenlib() skipped three-state cell "sky130_fd_sc_hd__einvp_1".
ABC: Scl_LibertyReadGenlib() skipped three-state cell "sky130_fd_sc_hd__einvp_2".
ABC: Scl_LibertyReadGenlib() skipped three-state cell "sky130_fd_sc_hd__einvp_4".
ABC: Scl_LibertyReadGenlib() skipped three-state cell "sky130_fd_sc_hd__einvp_8".
ABC: Scl_LibertyReadGenlib() skipped cell "sky130_fd_sc_hd__lpflow_bleeder_1" without logic function.
ABC: Scl_LibertyReadGenlib() skipped cell "sky130_fd_sc_hd__lpflow_decapkapwr_12" without logic function.
ABC: Scl_LibertyReadGenlib() skipped cell "sky130_fd_sc_hd__lpflow_decapkapwr_3" without logic function.
ABC: Scl_LibertyReadGenlib() skipped cell "sky130_fd_sc_hd__lpflow_decapkapwr_4" without logic function.
ABC: Scl_LibertyReadGenlib() skipped cell "sky130_fd_sc_hd__lpflow_decapkapwr_6" without logic function.
ABC: Scl_LibertyReadGenlib() skipped cell "sky130_fd_sc_hd__lpflow_decapkapwr_8" without logic function.
ABC: Scl_LibertyReadGenlib() skipped sequential cell "sky130_fd_sc_hd__lpflow_inputisolatch_1".
ABC: Scl_LibertyReadGenlib() skipped sequential cell "sky130_fd_sc_hd__sdfbbn_1".
ABC: Scl_LibertyReadGenlib() skipped sequential cell "sky130_fd_sc_hd__sdfbbn_2".
ABC: Scl_LibertyReadGenlib() skipped sequential cell "sky130_fd_sc_hd__sdfbbp_1".
ABC: Scl_LibertyReadGenlib() skipped sequential cell "sky130_fd_sc_hd__sdfrbp_1".
ABC: Scl_LibertyReadGenlib() skipped sequential cell "sky130_fd_sc_hd__sdfrbp_2".
ABC: Scl_LibertyReadGenlib() skipped sequential cell "sky130_fd_sc_hd__sdfrtn_1".
ABC: Scl_LibertyReadGenlib() skipped sequential cell "sky130_fd_sc_hd__sdfrtp_1".
ABC: Scl_LibertyReadGenlib() skipped sequential cell "sky130_fd_sc_hd__sdfrtp_2".
ABC: Scl_LibertyReadGenlib() skipped sequential cell "sky130_fd_sc_hd__sdfrtp_4".
ABC: Scl_LibertyReadGenlib() skipped sequential cell "sky130_fd_sc_hd__sdfsbp_1".
ABC: Scl_LibertyReadGenlib() skipped sequential cell "sky130_fd_sc_hd__sdfsbp_2".
ABC: Scl_LibertyReadGenlib() skipped sequential cell "sky130_fd_sc_hd__sdfstp_1".
ABC: Scl_LibertyReadGenlib() skipped sequential cell "sky130_fd_sc_hd__sdfstp_2".
ABC: Scl_LibertyReadGenlib() skipped sequential cell "sky130_fd_sc_hd__sdfstp_4".
ABC: Scl_LibertyReadGenlib() skipped sequential cell "sky130_fd_sc_hd__sdfxbp_1".
ABC: Scl_LibertyReadGenlib() skipped sequential cell "sky130_fd_sc_hd__sdfxbp_2".
ABC: Scl_LibertyReadGenlib() skipped sequential cell "sky130_fd_sc_hd__sdfxtp_1".
ABC: Scl_LibertyReadGenlib() skipped sequential cell "sky130_fd_sc_hd__sdfxtp_2".
ABC: Scl_LibertyReadGenlib() skipped sequential cell "sky130_fd_sc_hd__sdfxtp_4".
ABC: Scl_LibertyReadGenlib() skipped cell "sky130_fd_sc_hd__sdlclkp_1" without logic function.
ABC: Scl_LibertyReadGenlib() skipped cell "sky130_fd_sc_hd__sdlclkp_2" without logic function.
ABC: Scl_LibertyReadGenlib() skipped cell "sky130_fd_sc_hd__sdlclkp_4" without logic function.
ABC: Scl_LibertyReadGenlib() skipped sequential cell "sky130_fd_sc_hd__sedfxbp_1".
ABC: Scl_LibertyReadGenlib() skipped sequential cell "sky130_fd_sc_hd__sedfxbp_2".
ABC: Scl_LibertyReadGenlib() skipped sequential cell "sky130_fd_sc_hd__sedfxtp_1".
ABC: Scl_LibertyReadGenlib() skipped sequential cell "sky130_fd_sc_hd__sedfxtp_2".
ABC: Scl_LibertyReadGenlib() skipped sequential cell "sky130_fd_sc_hd__sedfxtp_4".
ABC: Library "sky130_fd_sc_hd__tt_025C_1v80" from "/mnt/c/Users/sethu/Downloads/vlsi/ARe_UBNN_KWS/constraints/sky130_fd_sc_hd__tt_025C_1v80.lib" has 334 cells (94 skipped: 63 seq; 13 tri-state; 18 no func; 0 dont_use).  Time =     0.30 sec
ABC: Memory =   19.85 MB. Time =     0.30 sec
ABC: Warning: Detected 9 multi-output gates (for example, "sky130_fd_sc_hd__fa_1").
ABC: + strash 
ABC: + &get -n 
ABC: + &fraig -x 
ABC: + &put 
ABC: + scorr 
ABC: Warning: The network is combinational (run "fraig" or "fraig_sweep").
ABC: + dc2 
ABC: + dretime 
ABC: + strash 
ABC: + &get -n 
ABC: + &dch -f 
ABC: + &nf 
ABC: + &put 
ABC: + write_blif <abc-temp-dir>/output.blif 

11.5.2. Re-integrating ABC results.
ABC RESULTS:   sky130_fd_sc_hd__a221oi_1 cells:        2
ABC RESULTS:   sky130_fd_sc_hd__a22oi_1 cells:        1
ABC RESULTS:   sky130_fd_sc_hd__a2bb2oi_1 cells:        1
ABC RESULTS:   sky130_fd_sc_hd__clkinv_1 cells:        6
ABC RESULTS:   sky130_fd_sc_hd__lpflow_isobufsrc_1 cells:        2
ABC RESULTS:   sky130_fd_sc_hd__maj3_1 cells:        1
ABC RESULTS:   sky130_fd_sc_hd__nor2_1 cells:        2
ABC RESULTS:   sky130_fd_sc_hd__nor3b_1 cells:        1
ABC RESULTS:   sky130_fd_sc_hd__o22ai_1 cells:        1
ABC RESULTS:   sky130_fd_sc_hd__or3_1 cells:        1
ABC RESULTS:   sky130_fd_sc_hd__xor2_1 cells:        1
ABC RESULTS:        internal signals:       37
ABC RESULTS:           input signals:       16
ABC RESULTS:          output signals:        1
Removing temp directory.

11.6. Extracting gate netlist of module `\unipolar_pe' to `<abc-temp-dir>/input.blif'..
Extracted 21 gates and 64 wires to a netlist network with 43 inputs and 21 outputs.

11.6.1. Executing ABC.
Running ABC command: "<yosys-exe-dir>/yosys-abc" -s -f <abc-temp-dir>/abc.script 2>&1
ABC: ABC command line: "source <abc-temp-dir>/abc.script".
ABC: 
ABC: + read_blif <abc-temp-dir>/input.blif 
ABC: + read_lib -w /mnt/c/Users/sethu/Downloads/vlsi/ARe_UBNN_KWS/constraints/sky130_fd_sc_hd__tt_025C_1v80.lib 
ABC: Parsing finished successfully.  Parsing time =     0.20 sec
ABC: Scl_LibertyReadGenlib() skipped cell "sky130_fd_sc_hd__decap_12" without logic function.
ABC: Scl_LibertyReadGenlib() skipped cell "sky130_fd_sc_hd__decap_3" without logic function.
ABC: Scl_LibertyReadGenlib() skipped cell "sky130_fd_sc_hd__decap_4" without logic function.
ABC: Scl_LibertyReadGenlib() skipped cell "sky130_fd_sc_hd__decap_6" without logic function.
ABC: Scl_LibertyReadGenlib() skipped cell "sky130_fd_sc_hd__decap_8" without logic function.
ABC: Scl_LibertyReadGenlib() skipped sequential cell "sky130_fd_sc_hd__dfbbn_1".
ABC: Scl_LibertyReadGenlib() skipped sequential cell "sky130_fd_sc_hd__dfbbn_2".
ABC: Scl_LibertyReadGenlib() skipped sequential cell "sky130_fd_sc_hd__dfbbp_1".
ABC: Scl_LibertyReadGenlib() skipped sequential cell "sky130_fd_sc_hd__dfrbp_1".
ABC: Scl_LibertyReadGenlib() skipped sequential cell "sky130_fd_sc_hd__dfrbp_2".
ABC: Scl_LibertyReadGenlib() skipped sequential cell "sky130_fd_sc_hd__dfrtn_1".
ABC: Scl_LibertyReadGenlib() skipped sequential cell "sky130_fd_sc_hd__dfrtp_1".
ABC: Scl_LibertyReadGenlib() skipped sequential cell "sky130_fd_sc_hd__dfrtp_2".
ABC: Scl_LibertyReadGenlib() skipped sequential cell "sky130_fd_sc_hd__dfrtp_4".
ABC: Scl_LibertyReadGenlib() skipped sequential cell "sky130_fd_sc_hd__dfsbp_1".
ABC: Scl_LibertyReadGenlib() skipped sequential cell "sky130_fd_sc_hd__dfsbp_2".
ABC: Scl_LibertyReadGenlib() skipped sequential cell "sky130_fd_sc_hd__dfstp_1".
ABC: Scl_LibertyReadGenlib() skipped sequential cell "sky130_fd_sc_hd__dfstp_2".
ABC: Scl_LibertyReadGenlib() skipped sequential cell "sky130_fd_sc_hd__dfstp_4".
ABC: Scl_LibertyReadGenlib() skipped sequential cell "sky130_fd_sc_hd__dfxbp_1".
ABC: Scl_LibertyReadGenlib() skipped sequential cell "sky130_fd_sc_hd__dfxbp_2".
ABC: Scl_LibertyReadGenlib() skipped sequential cell "sky130_fd_sc_hd__dfxtp_1".
ABC: Scl_LibertyReadGenlib() skipped sequential cell "sky130_fd_sc_hd__dfxtp_2".
ABC: Scl_LibertyReadGenlib() skipped sequential cell "sky130_fd_sc_hd__dfxtp_4".
ABC: Scl_LibertyReadGenlib() skipped cell "sky130_fd_sc_hd__diode_2" without logic function.
ABC: Scl_LibertyReadGenlib() skipped cell "sky130_fd_sc_hd__dlclkp_1" without logic function.
ABC: Scl_LibertyReadGenlib() skipped cell "sky130_fd_sc_hd__dlclkp_2" without logic function.
ABC: Scl_LibertyReadGenlib() skipped cell "sky130_fd_sc_hd__dlclkp_4" without logic function.
ABC: Scl_LibertyReadGenlib() skipped sequential cell "sky130_fd_sc_hd__dlrbn_1".
ABC: Scl_LibertyReadGenlib() skipped sequential cell "sky130_fd_sc_hd__dlrbn_2".
ABC: Scl_LibertyReadGenlib() skipped sequential cell "sky130_fd_sc_hd__dlrbp_1".
ABC: Scl_LibertyReadGenlib() skipped sequential cell "sky130_fd_sc_hd__dlrbp_2".
ABC: Scl_LibertyReadGenlib() skipped sequential cell "sky130_fd_sc_hd__dlrtn_1".
ABC: Scl_LibertyReadGenlib() skipped sequential cell "sky130_fd_sc_hd__dlrtn_2".
ABC: Scl_LibertyReadGenlib() skipped sequential cell "sky130_fd_sc_hd__dlrtn_4".
ABC: Scl_LibertyReadGenlib() skipped sequential cell "sky130_fd_sc_hd__dlrtp_1".
ABC: Scl_LibertyReadGenlib() skipped sequential cell "sky130_fd_sc_hd__dlrtp_2".
ABC: Scl_LibertyReadGenlib() skipped sequential cell "sky130_fd_sc_hd__dlrtp_4".
ABC: Scl_LibertyReadGenlib() skipped sequential cell "sky130_fd_sc_hd__dlxbn_1".
ABC: Scl_LibertyReadGenlib() skipped sequential cell "sky130_fd_sc_hd__dlxbn_2".
ABC: Scl_LibertyReadGenlib() skipped sequential cell "sky130_fd_sc_hd__dlxbp_1".
ABC: Scl_LibertyReadGenlib() skipped sequential cell "sky130_fd_sc_hd__dlxtn_1".
ABC: Scl_LibertyReadGenlib() skipped sequential cell "sky130_fd_sc_hd__dlxtn_2".
ABC: Scl_LibertyReadGenlib() skipped sequential cell "sky130_fd_sc_hd__dlxtn_4".
ABC: Scl_LibertyReadGenlib() skipped sequential cell "sky130_fd_sc_hd__dlxtp_1".
ABC: Scl_LibertyReadGenlib() skipped three-state cell "sky130_fd_sc_hd__ebufn_1".
ABC: Scl_LibertyReadGenlib() skipped three-state cell "sky130_fd_sc_hd__ebufn_2".
ABC: Scl_LibertyReadGenlib() skipped three-state cell "sky130_fd_sc_hd__ebufn_4".
ABC: Scl_LibertyReadGenlib() skipped three-state cell "sky130_fd_sc_hd__ebufn_8".
ABC: Scl_LibertyReadGenlib() skipped sequential cell "sky130_fd_sc_hd__edfxbp_1".
ABC: Scl_LibertyReadGenlib() skipped sequential cell "sky130_fd_sc_hd__edfxtp_1".
ABC: Scl_LibertyReadGenlib() skipped three-state cell "sky130_fd_sc_hd__einvn_0".
ABC: Scl_LibertyReadGenlib() skipped three-state cell "sky130_fd_sc_hd__einvn_1".
ABC: Scl_LibertyReadGenlib() skipped three-state cell "sky130_fd_sc_hd__einvn_2".
ABC: Scl_LibertyReadGenlib() skipped three-state cell "sky130_fd_sc_hd__einvn_4".
ABC: Scl_LibertyReadGenlib() skipped three-state cell "sky130_fd_sc_hd__einvn_8".
ABC: Scl_LibertyReadGenlib() skipped three-state cell "sky130_fd_sc_hd__einvp_1".
ABC: Scl_LibertyReadGenlib() skipped three-state cell "sky130_fd_sc_hd__einvp_2".
ABC: Scl_LibertyReadGenlib() skipped three-state cell "sky130_fd_sc_hd__einvp_4".
ABC: Scl_LibertyReadGenlib() skipped three-state cell "sky130_fd_sc_hd__einvp_8".
ABC: Scl_LibertyReadGenlib() skipped cell "sky130_fd_sc_hd__lpflow_bleeder_1" without logic function.
ABC: Scl_LibertyReadGenlib() skipped cell "sky130_fd_sc_hd__lpflow_decapkapwr_12" without logic function.
ABC: Scl_LibertyReadGenlib() skipped cell "sky130_fd_sc_hd__lpflow_decapkapwr_3" without logic function.
ABC: Scl_LibertyReadGenlib() skipped cell "sky130_fd_sc_hd__lpflow_decapkapwr_4" without logic function.
ABC: Scl_LibertyReadGenlib() skipped cell "sky130_fd_sc_hd__lpflow_decapkapwr_6" without logic function.
ABC: Scl_LibertyReadGenlib() skipped cell "sky130_fd_sc_hd__lpflow_decapkapwr_8" without logic function.
ABC: Scl_LibertyReadGenlib() skipped sequential cell "sky130_fd_sc_hd__lpflow_inputisolatch_1".
ABC: Scl_LibertyReadGenlib() skipped sequential cell "sky130_fd_sc_hd__sdfbbn_1".
ABC: Scl_LibertyReadGenlib() skipped sequential cell "sky130_fd_sc_hd__sdfbbn_2".
ABC: Scl_LibertyReadGenlib() skipped sequential cell "sky130_fd_sc_hd__sdfbbp_1".
ABC: Scl_LibertyReadGenlib() skipped sequential cell "sky130_fd_sc_hd__sdfrbp_1".
ABC: Scl_LibertyReadGenlib() skipped sequential cell "sky130_fd_sc_hd__sdfrbp_2".
ABC: Scl_LibertyReadGenlib() skipped sequential cell "sky130_fd_sc_hd__sdfrtn_1".
ABC: Scl_LibertyReadGenlib() skipped sequential cell "sky130_fd_sc_hd__sdfrtp_1".
ABC: Scl_LibertyReadGenlib() skipped sequential cell "sky130_fd_sc_hd__sdfrtp_2".
ABC: Scl_LibertyReadGenlib() skipped sequential cell "sky130_fd_sc_hd__sdfrtp_4".
ABC: Scl_LibertyReadGenlib() skipped sequential cell "sky130_fd_sc_hd__sdfsbp_1".
ABC: Scl_LibertyReadGenlib() skipped sequential cell "sky130_fd_sc_hd__sdfsbp_2".
ABC: Scl_LibertyReadGenlib() skipped sequential cell "sky130_fd_sc_hd__sdfstp_1".
ABC: Scl_LibertyReadGenlib() skipped sequential cell "sky130_fd_sc_hd__sdfstp_2".
ABC: Scl_LibertyReadGenlib() skipped sequential cell "sky130_fd_sc_hd__sdfstp_4".
ABC: Scl_LibertyReadGenlib() skipped sequential cell "sky130_fd_sc_hd__sdfxbp_1".
ABC: Scl_LibertyReadGenlib() skipped sequential cell "sky130_fd_sc_hd__sdfxbp_2".
ABC: Scl_LibertyReadGenlib() skipped sequential cell "sky130_fd_sc_hd__sdfxtp_1".
ABC: Scl_LibertyReadGenlib() skipped sequential cell "sky130_fd_sc_hd__sdfxtp_2".
ABC: Scl_LibertyReadGenlib() skipped sequential cell "sky130_fd_sc_hd__sdfxtp_4".
ABC: Scl_LibertyReadGenlib() skipped cell "sky130_fd_sc_hd__sdlclkp_1" without logic function.
ABC: Scl_LibertyReadGenlib() skipped cell "sky130_fd_sc_hd__sdlclkp_2" without logic function.
ABC: Scl_LibertyReadGenlib() skipped cell "sky130_fd_sc_hd__sdlclkp_4" without logic function.
ABC: Scl_LibertyReadGenlib() skipped sequential cell "sky130_fd_sc_hd__sedfxbp_1".
ABC: Scl_LibertyReadGenlib() skipped sequential cell "sky130_fd_sc_hd__sedfxbp_2".
ABC: Scl_LibertyReadGenlib() skipped sequential cell "sky130_fd_sc_hd__sedfxtp_1".
ABC: Scl_LibertyReadGenlib() skipped sequential cell "sky130_fd_sc_hd__sedfxtp_2".
ABC: Scl_LibertyReadGenlib() skipped sequential cell "sky130_fd_sc_hd__sedfxtp_4".
ABC: Library "sky130_fd_sc_hd__tt_025C_1v80" from "/mnt/c/Users/sethu/Downloads/vlsi/ARe_UBNN_KWS/constraints/sky130_fd_sc_hd__tt_025C_1v80.lib" has 334 cells (94 skipped: 63 seq; 13 tri-state; 18 no func; 0 dont_use).  Time =     0.29 sec
ABC: Memory =   19.85 MB. Time =     0.29 sec
ABC: Warning: Detected 9 multi-output gates (for example, "sky130_fd_sc_hd__fa_1").
ABC: + strash 
ABC: + &get -n 
ABC: + &fraig -x 
ABC: + &put 
ABC: + scorr 
ABC: Warning: The network is combinational (run "fraig" or "fraig_sweep").
ABC: + dc2 
ABC: + dretime 
ABC: + strash 
ABC: + &get -n 
ABC: + &dch -f 
ABC: + &nf 
ABC: + &put 
ABC: + write_blif <abc-temp-dir>/output.blif 

11.6.2. Re-integrating ABC results.
ABC RESULTS:   sky130_fd_sc_hd__and2_0 cells:       16
ABC RESULTS:   sky130_fd_sc_hd__mux2_1 cells:        5
ABC RESULTS:        internal signals:        0
ABC RESULTS:           input signals:       43
ABC RESULTS:          output signals:       21
Removing temp directory.
Removed 0 unused cells and 1364 unused wires.

12. Printing statistics.

=== accumulator ===

   Number of wires:                264
   Number of wire bits:            437
   Number of public wires:          25
   Number of public wire bits:     198
   Number of ports:                  7
   Number of port bits:            101
   Number of memories:               0
   Number of memory bits:            0
   Number of processes:              0
   Number of cells:                256
     sky130_fd_sc_hd__a211o_1        1
     sky130_fd_sc_hd__a21o_1         1
     sky130_fd_sc_hd__a21oi_1       11
     sky130_fd_sc_hd__a2bb2oi_1      1
     sky130_fd_sc_hd__and2_0         3
     sky130_fd_sc_hd__clkinv_1       6
     sky130_fd_sc_hd__dfrtp_1        8
     sky130_fd_sc_hd__lpflow_inputiso1p_1      2
     sky130_fd_sc_hd__lpflow_isobufsrc_1      5
     sky130_fd_sc_hd__maj3_1        67
     sky130_fd_sc_hd__nand2_1       15
     sky130_fd_sc_hd__nand2b_1       4
     sky130_fd_sc_hd__nand3_1        3
     sky130_fd_sc_hd__nor2_1         5
     sky130_fd_sc_hd__nor2b_1        1
     sky130_fd_sc_hd__o21a_1         1
     sky130_fd_sc_hd__o21ai_0       13
     sky130_fd_sc_hd__or3_1          1
     sky130_fd_sc_hd__xnor2_1       34
     sky130_fd_sc_hd__xnor3_1       22
     sky130_fd_sc_hd__xor2_1        17
     sky130_fd_sc_hd__xor3_1        35

   Chip area for module '\accumulator': 3010.387200
     of which used for sequential elements: 200.192000 (6.65%)

=== baseline_ubnn_kws_top ===

   Number of wires:                321
   Number of wire bits:           1365
   Number of public wires:          40
   Number of public wire bits:    1084
   Number of ports:                 14
   Number of port bits:            388
   Number of memories:               0
   Number of memory bits:            0
   Number of processes:              0
   Number of cells:                556
     accumulator                     1
     controller                      1
     sky130_fd_sc_hd__and3_1         1
     sky130_fd_sc_hd__dfrtp_1      256
     sky130_fd_sc_hd__lpflow_isobufsrc_1      1
     sky130_fd_sc_hd__mux2_1       256
     sky130_fd_sc_hd__nand2_1        2
     sky130_fd_sc_hd__nand2b_1       3
     sky130_fd_sc_hd__nand3_1        1
     sky130_fd_sc_hd__nand3b_1       5
     sky130_fd_sc_hd__nor2_1        10
     sky130_fd_sc_hd__nor3b_1        2
     threshold_unit                  1
     unipolar_pe                    16

   Area for cell type \unipolar_pe is unknown!
   Area for cell type \accumulator is unknown!
   Area for cell type \threshold_unit is unknown!
   Area for cell type \controller is unknown!

   Chip area for module '\baseline_ubnn_kws_top': 9422.787200
     of which used for sequential elements: 6406.144000 (67.99%)

=== controller ===

   Number of wires:                 18
   Number of wire bits:             22
   Number of public wires:          13
   Number of public wire bits:      17
   Number of ports:                 12
   Number of port bits:             14
   Number of memories:               0
   Number of memory bits:            0
   Number of processes:              0
   Number of cells:                 14
     sky130_fd_sc_hd__a21o_1         2
     sky130_fd_sc_hd__a31o_1         1
     sky130_fd_sc_hd__and3b_1        2
     sky130_fd_sc_hd__clkinv_1       2
     sky130_fd_sc_hd__dfrtp_1        3
     sky130_fd_sc_hd__nor3_1         1
     sky130_fd_sc_hd__nor3b_1        3

   Chip area for module '\controller': 151.395200
     of which used for sequential elements: 75.072000 (49.59%)

=== popcount16 ===

   Number of wires:                 36
   Number of wire bits:             55
   Number of public wires:           2
   Number of public wire bits:      21
   Number of ports:                  2
   Number of port bits:             21
   Number of memories:               0
   Number of memory bits:            0
   Number of processes:              0
   Number of cells:                 39
     sky130_fd_sc_hd__a21o_1         1
     sky130_fd_sc_hd__a21oi_1        1
     sky130_fd_sc_hd__and2_0         2
     sky130_fd_sc_hd__clkinv_1       1
     sky130_fd_sc_hd__maj3_1         8
     sky130_fd_sc_hd__mux2i_1        1
     sky130_fd_sc_hd__nand2_1        3
     sky130_fd_sc_hd__nand3_1        1
     sky130_fd_sc_hd__nor2_1         2
     sky130_fd_sc_hd__nor3_1         1
     sky130_fd_sc_hd__o211ai_1       1
     sky130_fd_sc_hd__o21ai_0        2
     sky130_fd_sc_hd__or3_1          1
     sky130_fd_sc_hd__xnor2_1        4
     sky130_fd_sc_hd__xnor3_1        1
     sky130_fd_sc_hd__xor2_1         2
     sky130_fd_sc_hd__xor3_1         7

   Chip area for module '\popcount16': 412.896000
     of which used for sequential elements: 0.000000 (0.00%)

=== threshold_unit ===

   Number of wires:                 21
   Number of wire bits:             35
   Number of public wires:           3
   Number of public wire bits:      17
   Number of ports:                  3
   Number of port bits:             17
   Number of memories:               0
   Number of memory bits:            0
   Number of processes:              0
   Number of cells:                 19
     sky130_fd_sc_hd__a221oi_1       2
     sky130_fd_sc_hd__a22oi_1        1
     sky130_fd_sc_hd__a2bb2oi_1      1
     sky130_fd_sc_hd__clkinv_1       6
     sky130_fd_sc_hd__lpflow_isobufsrc_1      2
     sky130_fd_sc_hd__maj3_1         1
     sky130_fd_sc_hd__nor2_1         2
     sky130_fd_sc_hd__nor3b_1        1
     sky130_fd_sc_hd__o22ai_1        1
     sky130_fd_sc_hd__or3_1          1
     sky130_fd_sc_hd__xor2_1         1

   Chip area for module '\threshold_unit': 115.110400
     of which used for sequential elements: 0.000000 (0.00%)

=== unipolar_pe ===

   Number of wires:                 14
   Number of wire bits:             71
   Number of public wires:           9
   Number of public wire bits:      66
   Number of ports:                  7
   Number of port bits:             45
   Number of memories:               0
   Number of memory bits:            0
   Number of processes:              0
   Number of cells:                 27
     popcount16                      1
     sky130_fd_sc_hd__and2_0        16
     sky130_fd_sc_hd__dfrtp_1        5
     sky130_fd_sc_hd__mux2_1         5

   Area for cell type \popcount16 is unknown!

   Chip area for module '\unipolar_pe': 281.520000
     of which used for sequential elements: 125.120000 (44.44%)

=== design hierarchy ===

   baseline_ubnn_kws_top             1
     accumulator                     1
     controller                      1
     threshold_unit                  1
     unipolar_pe                    16
       popcount16                    1

   Number of wires:               1424
   Number of wire bits:           3875
   Number of public wires:         257
   Number of public wire bits:    2708
   Number of ports:                180
   Number of port bits:           1576
   Number of memories:               0
   Number of memory bits:            0
   Number of processes:              0
   Number of cells:               1866
     sky130_fd_sc_hd__a211o_1        1
     sky130_fd_sc_hd__a21o_1        19
     sky130_fd_sc_hd__a21oi_1       27
     sky130_fd_sc_hd__a221oi_1       2
     sky130_fd_sc_hd__a22oi_1        1
     sky130_fd_sc_hd__a2bb2oi_1      2
     sky130_fd_sc_hd__a31o_1         1
     sky130_fd_sc_hd__and2_0       291
     sky130_fd_sc_hd__and3_1         1
     sky130_fd_sc_hd__and3b_1        2
     sky130_fd_sc_hd__clkinv_1      30
     sky130_fd_sc_hd__dfrtp_1      347
     sky130_fd_sc_hd__lpflow_inputiso1p_1      2
     sky130_fd_sc_hd__lpflow_isobufsrc_1      8
     sky130_fd_sc_hd__maj3_1       196
     sky130_fd_sc_hd__mux2_1       336
     sky130_fd_sc_hd__mux2i_1       16
     sky130_fd_sc_hd__nand2_1       65
     sky130_fd_sc_hd__nand2b_1       7
     sky130_fd_sc_hd__nand3_1       20
     sky130_fd_sc_hd__nand3b_1       5
     sky130_fd_sc_hd__nor2_1        49
     sky130_fd_sc_hd__nor2b_1        1
     sky130_fd_sc_hd__nor3_1        17
     sky130_fd_sc_hd__nor3b_1        6
     sky130_fd_sc_hd__o211ai_1      16
     sky130_fd_sc_hd__o21a_1         1
     sky130_fd_sc_hd__o21ai_0       45
     sky130_fd_sc_hd__o22ai_1        1
     sky130_fd_sc_hd__or3_1         18
     sky130_fd_sc_hd__xnor2_1       98
     sky130_fd_sc_hd__xnor3_1       38
     sky130_fd_sc_hd__xor2_1        50
     sky130_fd_sc_hd__xor3_1       147

   Chip area for top module '\baseline_ubnn_kws_top': 23810.336000
     of which used for sequential elements: 0.000000 (0.00%)

13. Executing Verilog backend.

13.1. Executing BMUXMAP pass.

13.2. Executing DEMUXMAP pass.
Dumping module `\accumulator'.
Dumping module `\baseline_ubnn_kws_top'.
Dumping module `\controller'.
Dumping module `\popcount16'.
Dumping module `\threshold_unit'.
Dumping module `\unipolar_pe'.

Warnings: 8 unique messages, 8 total
End of script. Logfile hash: f38ff3deb5, CPU: user 1.40s system 0.25s, MEM: 45.95 MB peak
Yosys 0.52 (git sha1 fee39a3284c90249e1d9684cf6944ffbbcbb8f90)
Time spent: 63% 2x abc (2 sec), 4% 25x opt_expr (0 sec), ...
