
 /----------------------------------------------------------------------------\
 |  yosys -- Yosys Open SYnthesis Suite                                       |
 |  Copyright (C) 2012 - 2025  Claire Xenia Wolf <claire@yosyshq.com>         |
 |  Distributed under an ISC-like license, type "license" to see terms        |
 \----------------------------------------------------------------------------/
 Yosys 0.52 (git sha1 fee39a3284c90249e1d9684cf6944ffbbcbb8f90)

-- Executing script file `/mnt/c/Users/sethu/Downloads/vlsi/ARe_UBNN_KWS/scripts/synth_enhanced.ys' --

1. Executing Liberty frontend: constraints/sky130_fd_sc_hd__tt_025C_1v80.lib
Imported 428 cell types from liberty file.

2. Executing Verilog-2005 frontend: src/popcount16.sv
Parsing SystemVerilog input from `src/popcount16.sv' to AST representation.
Generating RTLIL representation for module `\popcount16'.
Warning: Replacing memory \s2 with list of registers. See src/popcount16.sv:36
Warning: Replacing memory \s1 with list of registers. See src/popcount16.sv:28
Warning: Replacing memory \s3 with list of registers. See src/popcount16.sv:42
Successfully finished Verilog frontend.

3. Executing Verilog-2005 frontend: src/unipolar_pe.sv
Parsing SystemVerilog input from `src/unipolar_pe.sv' to AST representation.
Generating RTLIL representation for module `\unipolar_pe'.
Successfully finished Verilog frontend.

4. Executing Verilog-2005 frontend: src/secded_encoder.sv
Parsing SystemVerilog input from `src/secded_encoder.sv' to AST representation.
Generating RTLIL representation for module `\secded_encoder'.
Successfully finished Verilog frontend.

5. Executing Verilog-2005 frontend: src/secded_decoder.sv
Parsing SystemVerilog input from `src/secded_decoder.sv' to AST representation.
Generating RTLIL representation for module `\secded_decoder'.
Successfully finished Verilog frontend.

6. Executing Verilog-2005 frontend: src/protected_weight_memory.sv
Parsing SystemVerilog input from `src/protected_weight_memory.sv' to AST representation.
Generating RTLIL representation for module `\protected_weight_memory'.
Warning: Replacing memory \syndromes with list of registers. See src/protected_weight_memory.sv:0
Warning: Replacing memory \corrected_w with list of registers. See src/protected_weight_memory.sv:0
Warning: Replacing memory \read_cw with list of registers. See src/protected_weight_memory.sv:114, src/protected_weight_memory.sv:110
Warning: Replacing memory \raw_cw with list of registers. See src/protected_weight_memory.sv:106
Warning: Replacing memory \weight_mem with list of registers. See src/protected_weight_memory.sv:88
Successfully finished Verilog frontend.

7. Executing Verilog-2005 frontend: src/pe_activity_detector.sv
Parsing SystemVerilog input from `src/pe_activity_detector.sv' to AST representation.
Generating RTLIL representation for module `\pe_activity_detector'.
Successfully finished Verilog frontend.

8. Executing Verilog-2005 frontend: src/icg_cell.sv
Parsing SystemVerilog input from `src/icg_cell.sv' to AST representation.
Generating RTLIL representation for module `\icg_cell'.
Successfully finished Verilog frontend.

9. Executing Verilog-2005 frontend: src/pe_array16.sv
Parsing SystemVerilog input from `src/pe_array16.sv' to AST representation.
Generating RTLIL representation for module `\pe_array16'.
Successfully finished Verilog frontend.

10. Executing Verilog-2005 frontend: src/accumulator.sv
Parsing SystemVerilog input from `src/accumulator.sv' to AST representation.
Generating RTLIL representation for module `\accumulator'.
Warning: Replacing memory \s2 with list of registers. See src/accumulator.sv:61
Warning: Replacing memory \s1 with list of registers. See src/accumulator.sv:53
Warning: Replacing memory \pe with list of registers. See src/accumulator.sv:44
Warning: Replacing memory \s3 with list of registers. See src/accumulator.sv:67
Successfully finished Verilog frontend.

11. Executing Verilog-2005 frontend: src/threshold_unit.sv
Parsing SystemVerilog input from `src/threshold_unit.sv' to AST representation.
Generating RTLIL representation for module `\threshold_unit'.
Successfully finished Verilog frontend.

12. Executing Verilog-2005 frontend: src/controller.sv
Parsing SystemVerilog input from `src/controller.sv' to AST representation.
Generating RTLIL representation for module `\controller'.
Successfully finished Verilog frontend.

13. Executing Verilog-2005 frontend: src/are_ubnn_kws_top.sv
Parsing SystemVerilog input from `src/are_ubnn_kws_top.sv' to AST representation.
Generating RTLIL representation for module `\are_ubnn_kws_top'.
Successfully finished Verilog frontend.

14. Executing HIERARCHY pass (managing design hierarchy).

14.1. Analyzing design hierarchy..
Top module:  \are_ubnn_kws_top
Used module:     \threshold_unit
Used module:     \accumulator
Used module:     \popcount16
Used module:     \pe_array16
Used module:         \unipolar_pe
Used module:         \icg_cell
Used module:     \pe_activity_detector
Used module:     \protected_weight_memory
Used module:         \secded_decoder
Used module:         \secded_encoder
Used module:     \controller

14.2. Analyzing design hierarchy..
Top module:  \are_ubnn_kws_top
Used module:     \threshold_unit
Used module:     \accumulator
Used module:     \popcount16
Used module:     \pe_array16
Used module:         \unipolar_pe
Used module:         \icg_cell
Used module:     \pe_activity_detector
Used module:     \protected_weight_memory
Used module:         \secded_decoder
Used module:         \secded_encoder
Used module:     \controller
Removed 0 unused modules.

15. Executing SYNTH pass.

15.1. Executing HIERARCHY pass (managing design hierarchy).

15.1.1. Analyzing design hierarchy..
Top module:  \are_ubnn_kws_top
Used module:     \threshold_unit
Used module:     \accumulator
Used module:     \popcount16
Used module:     \pe_array16
Used module:         \unipolar_pe
Used module:         \icg_cell
Used module:     \pe_activity_detector
Used module:     \protected_weight_memory
Used module:         \secded_decoder
Used module:         \secded_encoder
Used module:     \controller

15.1.2. Analyzing design hierarchy..
Top module:  \are_ubnn_kws_top
Used module:     \threshold_unit
Used module:     \accumulator
Used module:     \popcount16
Used module:     \pe_array16
Used module:         \unipolar_pe
Used module:         \icg_cell
Used module:     \pe_activity_detector
Used module:     \protected_weight_memory
Used module:         \secded_decoder
Used module:         \secded_encoder
Used module:     \controller
Removed 0 unused modules.

15.2. Executing PROC pass (convert processes to netlists).

15.2.1. Executing PROC_CLEAN pass (remove empty switches from decision trees).
Cleaned up 0 empty switches.

15.2.2. Executing PROC_RMDEAD pass (remove dead branches from decision trees).
Marked 3 switch rules as full_case in process $proc$src/controller.sv:0$416 in module controller.
Marked 1 switch rules as full_case in process $proc$src/controller.sv:46$414 in module controller.
Marked 3 switch rules as full_case in process $proc$src/accumulator.sv:80$394 in module accumulator.
Removed 1 dead cases from process $proc$src/protected_weight_memory.sv:0$355 in module protected_weight_memory.
Marked 1 switch rules as full_case in process $proc$src/protected_weight_memory.sv:0$355 in module protected_weight_memory.
Removed 1 dead cases from process $proc$src/protected_weight_memory.sv:0$352 in module protected_weight_memory.
Marked 1 switch rules as full_case in process $proc$src/protected_weight_memory.sv:0$352 in module protected_weight_memory.
Removed 1 dead cases from process $proc$src/protected_weight_memory.sv:0$349 in module protected_weight_memory.
Marked 1 switch rules as full_case in process $proc$src/protected_weight_memory.sv:0$349 in module protected_weight_memory.
Removed 1 dead cases from process $proc$src/protected_weight_memory.sv:0$346 in module protected_weight_memory.
Marked 1 switch rules as full_case in process $proc$src/protected_weight_memory.sv:0$346 in module protected_weight_memory.
Marked 2 switch rules as full_case in process $proc$src/protected_weight_memory.sv:0$339 in module protected_weight_memory.
Marked 2 switch rules as full_case in process $proc$src/protected_weight_memory.sv:0$332 in module protected_weight_memory.
Marked 2 switch rules as full_case in process $proc$src/protected_weight_memory.sv:0$325 in module protected_weight_memory.
Marked 2 switch rules as full_case in process $proc$src/protected_weight_memory.sv:0$318 in module protected_weight_memory.
Marked 2 switch rules as full_case in process $proc$src/protected_weight_memory.sv:0$311 in module protected_weight_memory.
Marked 2 switch rules as full_case in process $proc$src/protected_weight_memory.sv:0$304 in module protected_weight_memory.
Marked 2 switch rules as full_case in process $proc$src/protected_weight_memory.sv:0$297 in module protected_weight_memory.
Marked 2 switch rules as full_case in process $proc$src/protected_weight_memory.sv:0$290 in module protected_weight_memory.
Marked 2 switch rules as full_case in process $proc$src/protected_weight_memory.sv:0$283 in module protected_weight_memory.
Marked 2 switch rules as full_case in process $proc$src/protected_weight_memory.sv:0$276 in module protected_weight_memory.
Marked 2 switch rules as full_case in process $proc$src/protected_weight_memory.sv:0$269 in module protected_weight_memory.
Marked 2 switch rules as full_case in process $proc$src/protected_weight_memory.sv:0$262 in module protected_weight_memory.
Marked 2 switch rules as full_case in process $proc$src/protected_weight_memory.sv:0$255 in module protected_weight_memory.
Marked 2 switch rules as full_case in process $proc$src/protected_weight_memory.sv:0$248 in module protected_weight_memory.
Marked 2 switch rules as full_case in process $proc$src/protected_weight_memory.sv:0$241 in module protected_weight_memory.
Marked 2 switch rules as full_case in process $proc$src/protected_weight_memory.sv:0$234 in module protected_weight_memory.
Marked 3 switch rules as full_case in process $proc$src/protected_weight_memory.sv:85$224 in module protected_weight_memory.
Marked 1 switch rules as full_case in process $proc$src/secded_decoder.sv:0$120 in module secded_decoder.
Marked 1 switch rules as full_case in process $proc$src/unipolar_pe.sv:48$18 in module unipolar_pe.
Removed a total of 4 dead cases.

15.2.3. Executing PROC_PRUNE pass (remove redundant assignments in processes).
Removed 1 redundant assignment.
Promoted 118 assignments to connections.

15.2.4. Executing PROC_INIT pass (extract init attributes).

15.2.5. Executing PROC_ARST pass (detect async resets in processes).
Found async reset \rst_n in `\controller.$proc$src/controller.sv:46$414'.
Found async reset \rst_n in `\accumulator.$proc$src/accumulator.sv:80$394'.
Found async reset \rst_n in `\protected_weight_memory.$proc$src/protected_weight_memory.sv:85$224'.
Found async reset \rst_n in `\unipolar_pe.$proc$src/unipolar_pe.sv:48$18'.

15.2.6. Executing PROC_ROM pass (convert switches to ROMs).
Converted 0 switches.
<suppressed ~46 debug messages>

15.2.7. Executing PROC_MUX pass (convert decision trees to multiplexers).
Creating decoders for process `\controller.$proc$src/controller.sv:0$416'.
     1/3: $3\next_state[2:0]
     2/3: $2\next_state[2:0]
     3/3: $1\next_state[2:0]
Creating decoders for process `\controller.$proc$src/controller.sv:46$414'.
     1/1: $0\current_state[2:0]
Creating decoders for process `\accumulator.$proc$src/accumulator.sv:0$397'.
Creating decoders for process `\accumulator.$proc$src/accumulator.sv:80$394'.
     1/1: $0\acc_reg[7:0]
Creating decoders for process `\protected_weight_memory.$proc$src/protected_weight_memory.sv:0$358'.
Creating decoders for process `\protected_weight_memory.$proc$src/protected_weight_memory.sv:0$355'.
     1/1: $1$mem2reg_rd$\syndromes$src/protected_weight_memory.sv:141$223_DATA[4:0]$357
Creating decoders for process `\protected_weight_memory.$proc$src/protected_weight_memory.sv:0$352'.
     1/1: $1$mem2reg_rd$\corrected_w$src/protected_weight_memory.sv:140$222_DATA[15:0]$354
Creating decoders for process `\protected_weight_memory.$proc$src/protected_weight_memory.sv:0$349'.
     1/1: $1$mem2reg_rd$\read_cw$src/protected_weight_memory.sv:139$221_DATA[21:0]$351
Creating decoders for process `\protected_weight_memory.$proc$src/protected_weight_memory.sv:0$346'.
     1/1: $1$mem2reg_rd$\raw_cw$src/protected_weight_memory.sv:138$220_DATA[21:0]$348
Creating decoders for process `\protected_weight_memory.$proc$src/protected_weight_memory.sv:0$339'.
     1/2: $2\read_cw[15][21:0]
     2/2: $1\read_cw[15][21:0]
Creating decoders for process `\protected_weight_memory.$proc$src/protected_weight_memory.sv:0$332'.
     1/2: $2\read_cw[14][21:0]
     2/2: $1\read_cw[14][21:0]
Creating decoders for process `\protected_weight_memory.$proc$src/protected_weight_memory.sv:0$325'.
     1/2: $2\read_cw[13][21:0]
     2/2: $1\read_cw[13][21:0]
Creating decoders for process `\protected_weight_memory.$proc$src/protected_weight_memory.sv:0$318'.
     1/2: $2\read_cw[12][21:0]
     2/2: $1\read_cw[12][21:0]
Creating decoders for process `\protected_weight_memory.$proc$src/protected_weight_memory.sv:0$311'.
     1/2: $2\read_cw[11][21:0]
     2/2: $1\read_cw[11][21:0]
Creating decoders for process `\protected_weight_memory.$proc$src/protected_weight_memory.sv:0$304'.
     1/2: $2\read_cw[10][21:0]
     2/2: $1\read_cw[10][21:0]
Creating decoders for process `\protected_weight_memory.$proc$src/protected_weight_memory.sv:0$297'.
     1/2: $2\read_cw[9][21:0]
     2/2: $1\read_cw[9][21:0]
Creating decoders for process `\protected_weight_memory.$proc$src/protected_weight_memory.sv:0$290'.
     1/2: $2\read_cw[8][21:0]
     2/2: $1\read_cw[8][21:0]
Creating decoders for process `\protected_weight_memory.$proc$src/protected_weight_memory.sv:0$283'.
     1/2: $2\read_cw[7][21:0]
     2/2: $1\read_cw[7][21:0]
Creating decoders for process `\protected_weight_memory.$proc$src/protected_weight_memory.sv:0$276'.
     1/2: $2\read_cw[6][21:0]
     2/2: $1\read_cw[6][21:0]
Creating decoders for process `\protected_weight_memory.$proc$src/protected_weight_memory.sv:0$269'.
     1/2: $2\read_cw[5][21:0]
     2/2: $1\read_cw[5][21:0]
Creating decoders for process `\protected_weight_memory.$proc$src/protected_weight_memory.sv:0$262'.
     1/2: $2\read_cw[4][21:0]
     2/2: $1\read_cw[4][21:0]
Creating decoders for process `\protected_weight_memory.$proc$src/protected_weight_memory.sv:0$255'.
     1/2: $2\read_cw[3][21:0]
     2/2: $1\read_cw[3][21:0]
Creating decoders for process `\protected_weight_memory.$proc$src/protected_weight_memory.sv:0$248'.
     1/2: $2\read_cw[2][21:0]
     2/2: $1\read_cw[2][21:0]
Creating decoders for process `\protected_weight_memory.$proc$src/protected_weight_memory.sv:0$241'.
     1/2: $2\read_cw[1][21:0]
     2/2: $1\read_cw[1][21:0]
Creating decoders for process `\protected_weight_memory.$proc$src/protected_weight_memory.sv:0$234'.
     1/2: $2\read_cw[0][21:0]
     2/2: $1\read_cw[0][21:0]
Creating decoders for process `\protected_weight_memory.$proc$src/protected_weight_memory.sv:85$224'.
     1/21: $2$mem2reg_wr$\weight_mem$src/protected_weight_memory.sv:91$219_ADDR[3:0]$230
     2/21: $2$mem2reg_wr$\weight_mem$src/protected_weight_memory.sv:91$219_DATA[21:0]$231
     3/21: $1$mem2reg_wr$\weight_mem$src/protected_weight_memory.sv:91$219_DATA[21:0]$229
     4/21: $1$mem2reg_wr$\weight_mem$src/protected_weight_memory.sv:91$219_ADDR[3:0]$228
     5/21: $1\k[31:0]
     6/21: $0\weight_mem[15][21:0]
     7/21: $0\weight_mem[14][21:0]
     8/21: $0\weight_mem[13][21:0]
     9/21: $0\weight_mem[12][21:0]
    10/21: $0\weight_mem[11][21:0]
    11/21: $0\weight_mem[10][21:0]
    12/21: $0\weight_mem[9][21:0]
    13/21: $0\weight_mem[8][21:0]
    14/21: $0\weight_mem[7][21:0]
    15/21: $0\weight_mem[6][21:0]
    16/21: $0\weight_mem[5][21:0]
    17/21: $0\weight_mem[4][21:0]
    18/21: $0\weight_mem[3][21:0]
    19/21: $0\weight_mem[2][21:0]
    20/21: $0\weight_mem[1][21:0]
    21/21: $0\weight_mem[0][21:0]
Creating decoders for process `\secded_decoder.$proc$src/secded_decoder.sv:0$120'.
     1/2: $1\corrected_cw[21:0]
     2/2: $1$bitselwrite$pos$src/secded_decoder.sv:80$75[31:0]$126
Creating decoders for process `\unipolar_pe.$proc$src/unipolar_pe.sv:48$18'.
     1/1: $0\partial_sum[4:0]
Creating decoders for process `\popcount16.$proc$src/popcount16.sv:0$2'.

15.2.8. Executing PROC_DLATCH pass (convert process syncs to latches).
No latch inferred for signal `\controller.\next_state' from process `\controller.$proc$src/controller.sv:0$416'.
No latch inferred for signal `\accumulator.\s3[0]' from process `\accumulator.$proc$src/accumulator.sv:0$397'.
No latch inferred for signal `\accumulator.\s3[1]' from process `\accumulator.$proc$src/accumulator.sv:0$397'.
No latch inferred for signal `\accumulator.\s1[0]' from process `\accumulator.$proc$src/accumulator.sv:0$397'.
No latch inferred for signal `\accumulator.\s1[1]' from process `\accumulator.$proc$src/accumulator.sv:0$397'.
No latch inferred for signal `\accumulator.\s1[2]' from process `\accumulator.$proc$src/accumulator.sv:0$397'.
No latch inferred for signal `\accumulator.\s1[3]' from process `\accumulator.$proc$src/accumulator.sv:0$397'.
No latch inferred for signal `\accumulator.\s1[4]' from process `\accumulator.$proc$src/accumulator.sv:0$397'.
No latch inferred for signal `\accumulator.\s1[5]' from process `\accumulator.$proc$src/accumulator.sv:0$397'.
No latch inferred for signal `\accumulator.\s1[6]' from process `\accumulator.$proc$src/accumulator.sv:0$397'.
No latch inferred for signal `\accumulator.\s1[7]' from process `\accumulator.$proc$src/accumulator.sv:0$397'.
No latch inferred for signal `\accumulator.\s2[0]' from process `\accumulator.$proc$src/accumulator.sv:0$397'.
No latch inferred for signal `\accumulator.\s2[1]' from process `\accumulator.$proc$src/accumulator.sv:0$397'.
No latch inferred for signal `\accumulator.\s2[2]' from process `\accumulator.$proc$src/accumulator.sv:0$397'.
No latch inferred for signal `\accumulator.\s2[3]' from process `\accumulator.$proc$src/accumulator.sv:0$397'.
No latch inferred for signal `\accumulator.\pe[0]' from process `\accumulator.$proc$src/accumulator.sv:0$397'.
No latch inferred for signal `\accumulator.\pe[1]' from process `\accumulator.$proc$src/accumulator.sv:0$397'.
No latch inferred for signal `\accumulator.\pe[2]' from process `\accumulator.$proc$src/accumulator.sv:0$397'.
No latch inferred for signal `\accumulator.\pe[3]' from process `\accumulator.$proc$src/accumulator.sv:0$397'.
No latch inferred for signal `\accumulator.\pe[4]' from process `\accumulator.$proc$src/accumulator.sv:0$397'.
No latch inferred for signal `\accumulator.\pe[5]' from process `\accumulator.$proc$src/accumulator.sv:0$397'.
No latch inferred for signal `\accumulator.\pe[6]' from process `\accumulator.$proc$src/accumulator.sv:0$397'.
No latch inferred for signal `\accumulator.\pe[7]' from process `\accumulator.$proc$src/accumulator.sv:0$397'.
No latch inferred for signal `\accumulator.\pe[8]' from process `\accumulator.$proc$src/accumulator.sv:0$397'.
No latch inferred for signal `\accumulator.\pe[9]' from process `\accumulator.$proc$src/accumulator.sv:0$397'.
No latch inferred for signal `\accumulator.\pe[10]' from process `\accumulator.$proc$src/accumulator.sv:0$397'.
No latch inferred for signal `\accumulator.\pe[11]' from process `\accumulator.$proc$src/accumulator.sv:0$397'.
No latch inferred for signal `\accumulator.\pe[12]' from process `\accumulator.$proc$src/accumulator.sv:0$397'.
No latch inferred for signal `\accumulator.\pe[13]' from process `\accumulator.$proc$src/accumulator.sv:0$397'.
No latch inferred for signal `\accumulator.\pe[14]' from process `\accumulator.$proc$src/accumulator.sv:0$397'.
No latch inferred for signal `\accumulator.\pe[15]' from process `\accumulator.$proc$src/accumulator.sv:0$397'.
No latch inferred for signal `\protected_weight_memory.\raw_cw[0]' from process `\protected_weight_memory.$proc$src/protected_weight_memory.sv:0$358'.
No latch inferred for signal `\protected_weight_memory.\raw_cw[1]' from process `\protected_weight_memory.$proc$src/protected_weight_memory.sv:0$358'.
No latch inferred for signal `\protected_weight_memory.\raw_cw[2]' from process `\protected_weight_memory.$proc$src/protected_weight_memory.sv:0$358'.
No latch inferred for signal `\protected_weight_memory.\raw_cw[3]' from process `\protected_weight_memory.$proc$src/protected_weight_memory.sv:0$358'.
No latch inferred for signal `\protected_weight_memory.\raw_cw[4]' from process `\protected_weight_memory.$proc$src/protected_weight_memory.sv:0$358'.
No latch inferred for signal `\protected_weight_memory.\raw_cw[5]' from process `\protected_weight_memory.$proc$src/protected_weight_memory.sv:0$358'.
No latch inferred for signal `\protected_weight_memory.\raw_cw[6]' from process `\protected_weight_memory.$proc$src/protected_weight_memory.sv:0$358'.
No latch inferred for signal `\protected_weight_memory.\raw_cw[7]' from process `\protected_weight_memory.$proc$src/protected_weight_memory.sv:0$358'.
No latch inferred for signal `\protected_weight_memory.\raw_cw[8]' from process `\protected_weight_memory.$proc$src/protected_weight_memory.sv:0$358'.
No latch inferred for signal `\protected_weight_memory.\raw_cw[9]' from process `\protected_weight_memory.$proc$src/protected_weight_memory.sv:0$358'.
No latch inferred for signal `\protected_weight_memory.\raw_cw[10]' from process `\protected_weight_memory.$proc$src/protected_weight_memory.sv:0$358'.
No latch inferred for signal `\protected_weight_memory.\raw_cw[11]' from process `\protected_weight_memory.$proc$src/protected_weight_memory.sv:0$358'.
No latch inferred for signal `\protected_weight_memory.\raw_cw[12]' from process `\protected_weight_memory.$proc$src/protected_weight_memory.sv:0$358'.
No latch inferred for signal `\protected_weight_memory.\raw_cw[13]' from process `\protected_weight_memory.$proc$src/protected_weight_memory.sv:0$358'.
No latch inferred for signal `\protected_weight_memory.\raw_cw[14]' from process `\protected_weight_memory.$proc$src/protected_weight_memory.sv:0$358'.
No latch inferred for signal `\protected_weight_memory.\raw_cw[15]' from process `\protected_weight_memory.$proc$src/protected_weight_memory.sv:0$358'.
No latch inferred for signal `\protected_weight_memory.\corrected_w[0]' from process `\protected_weight_memory.$proc$src/protected_weight_memory.sv:0$358'.
No latch inferred for signal `\protected_weight_memory.\corrected_w[1]' from process `\protected_weight_memory.$proc$src/protected_weight_memory.sv:0$358'.
No latch inferred for signal `\protected_weight_memory.\corrected_w[2]' from process `\protected_weight_memory.$proc$src/protected_weight_memory.sv:0$358'.
No latch inferred for signal `\protected_weight_memory.\corrected_w[3]' from process `\protected_weight_memory.$proc$src/protected_weight_memory.sv:0$358'.
No latch inferred for signal `\protected_weight_memory.\corrected_w[4]' from process `\protected_weight_memory.$proc$src/protected_weight_memory.sv:0$358'.
No latch inferred for signal `\protected_weight_memory.\corrected_w[5]' from process `\protected_weight_memory.$proc$src/protected_weight_memory.sv:0$358'.
No latch inferred for signal `\protected_weight_memory.\corrected_w[6]' from process `\protected_weight_memory.$proc$src/protected_weight_memory.sv:0$358'.
No latch inferred for signal `\protected_weight_memory.\corrected_w[7]' from process `\protected_weight_memory.$proc$src/protected_weight_memory.sv:0$358'.
No latch inferred for signal `\protected_weight_memory.\corrected_w[8]' from process `\protected_weight_memory.$proc$src/protected_weight_memory.sv:0$358'.
No latch inferred for signal `\protected_weight_memory.\corrected_w[9]' from process `\protected_weight_memory.$proc$src/protected_weight_memory.sv:0$358'.
No latch inferred for signal `\protected_weight_memory.\corrected_w[10]' from process `\protected_weight_memory.$proc$src/protected_weight_memory.sv:0$358'.
No latch inferred for signal `\protected_weight_memory.\corrected_w[11]' from process `\protected_weight_memory.$proc$src/protected_weight_memory.sv:0$358'.
No latch inferred for signal `\protected_weight_memory.\corrected_w[12]' from process `\protected_weight_memory.$proc$src/protected_weight_memory.sv:0$358'.
No latch inferred for signal `\protected_weight_memory.\corrected_w[13]' from process `\protected_weight_memory.$proc$src/protected_weight_memory.sv:0$358'.
No latch inferred for signal `\protected_weight_memory.\corrected_w[14]' from process `\protected_weight_memory.$proc$src/protected_weight_memory.sv:0$358'.
No latch inferred for signal `\protected_weight_memory.\corrected_w[15]' from process `\protected_weight_memory.$proc$src/protected_weight_memory.sv:0$358'.
No latch inferred for signal `\protected_weight_memory.\syndromes[0]' from process `\protected_weight_memory.$proc$src/protected_weight_memory.sv:0$358'.
No latch inferred for signal `\protected_weight_memory.\syndromes[1]' from process `\protected_weight_memory.$proc$src/protected_weight_memory.sv:0$358'.
No latch inferred for signal `\protected_weight_memory.\syndromes[2]' from process `\protected_weight_memory.$proc$src/protected_weight_memory.sv:0$358'.
No latch inferred for signal `\protected_weight_memory.\syndromes[3]' from process `\protected_weight_memory.$proc$src/protected_weight_memory.sv:0$358'.
No latch inferred for signal `\protected_weight_memory.\syndromes[4]' from process `\protected_weight_memory.$proc$src/protected_weight_memory.sv:0$358'.
No latch inferred for signal `\protected_weight_memory.\syndromes[5]' from process `\protected_weight_memory.$proc$src/protected_weight_memory.sv:0$358'.
No latch inferred for signal `\protected_weight_memory.\syndromes[6]' from process `\protected_weight_memory.$proc$src/protected_weight_memory.sv:0$358'.
No latch inferred for signal `\protected_weight_memory.\syndromes[7]' from process `\protected_weight_memory.$proc$src/protected_weight_memory.sv:0$358'.
No latch inferred for signal `\protected_weight_memory.\syndromes[8]' from process `\protected_weight_memory.$proc$src/protected_weight_memory.sv:0$358'.
No latch inferred for signal `\protected_weight_memory.\syndromes[9]' from process `\protected_weight_memory.$proc$src/protected_weight_memory.sv:0$358'.
No latch inferred for signal `\protected_weight_memory.\syndromes[10]' from process `\protected_weight_memory.$proc$src/protected_weight_memory.sv:0$358'.
No latch inferred for signal `\protected_weight_memory.\syndromes[11]' from process `\protected_weight_memory.$proc$src/protected_weight_memory.sv:0$358'.
No latch inferred for signal `\protected_weight_memory.\syndromes[12]' from process `\protected_weight_memory.$proc$src/protected_weight_memory.sv:0$358'.
No latch inferred for signal `\protected_weight_memory.\syndromes[13]' from process `\protected_weight_memory.$proc$src/protected_weight_memory.sv:0$358'.
No latch inferred for signal `\protected_weight_memory.\syndromes[14]' from process `\protected_weight_memory.$proc$src/protected_weight_memory.sv:0$358'.
No latch inferred for signal `\protected_weight_memory.\syndromes[15]' from process `\protected_weight_memory.$proc$src/protected_weight_memory.sv:0$358'.
No latch inferred for signal `\protected_weight_memory.$mem2reg_rd$\syndromes$src/protected_weight_memory.sv:141$223_DATA' from process `\protected_weight_memory.$proc$src/protected_weight_memory.sv:0$355'.
No latch inferred for signal `\protected_weight_memory.$mem2reg_rd$\corrected_w$src/protected_weight_memory.sv:140$222_DATA' from process `\protected_weight_memory.$proc$src/protected_weight_memory.sv:0$352'.
No latch inferred for signal `\protected_weight_memory.$mem2reg_rd$\read_cw$src/protected_weight_memory.sv:139$221_DATA' from process `\protected_weight_memory.$proc$src/protected_weight_memory.sv:0$349'.
No latch inferred for signal `\protected_weight_memory.$mem2reg_rd$\raw_cw$src/protected_weight_memory.sv:138$220_DATA' from process `\protected_weight_memory.$proc$src/protected_weight_memory.sv:0$346'.
No latch inferred for signal `\protected_weight_memory.\read_cw[15]' from process `\protected_weight_memory.$proc$src/protected_weight_memory.sv:0$339'.
No latch inferred for signal `\protected_weight_memory.\read_cw[14]' from process `\protected_weight_memory.$proc$src/protected_weight_memory.sv:0$332'.
No latch inferred for signal `\protected_weight_memory.\read_cw[13]' from process `\protected_weight_memory.$proc$src/protected_weight_memory.sv:0$325'.
No latch inferred for signal `\protected_weight_memory.\read_cw[12]' from process `\protected_weight_memory.$proc$src/protected_weight_memory.sv:0$318'.
No latch inferred for signal `\protected_weight_memory.\read_cw[11]' from process `\protected_weight_memory.$proc$src/protected_weight_memory.sv:0$311'.
No latch inferred for signal `\protected_weight_memory.\read_cw[10]' from process `\protected_weight_memory.$proc$src/protected_weight_memory.sv:0$304'.
No latch inferred for signal `\protected_weight_memory.\read_cw[9]' from process `\protected_weight_memory.$proc$src/protected_weight_memory.sv:0$297'.
No latch inferred for signal `\protected_weight_memory.\read_cw[8]' from process `\protected_weight_memory.$proc$src/protected_weight_memory.sv:0$290'.
No latch inferred for signal `\protected_weight_memory.\read_cw[7]' from process `\protected_weight_memory.$proc$src/protected_weight_memory.sv:0$283'.
No latch inferred for signal `\protected_weight_memory.\read_cw[6]' from process `\protected_weight_memory.$proc$src/protected_weight_memory.sv:0$276'.
No latch inferred for signal `\protected_weight_memory.\read_cw[5]' from process `\protected_weight_memory.$proc$src/protected_weight_memory.sv:0$269'.
No latch inferred for signal `\protected_weight_memory.\read_cw[4]' from process `\protected_weight_memory.$proc$src/protected_weight_memory.sv:0$262'.
No latch inferred for signal `\protected_weight_memory.\read_cw[3]' from process `\protected_weight_memory.$proc$src/protected_weight_memory.sv:0$255'.
No latch inferred for signal `\protected_weight_memory.\read_cw[2]' from process `\protected_weight_memory.$proc$src/protected_weight_memory.sv:0$248'.
No latch inferred for signal `\protected_weight_memory.\read_cw[1]' from process `\protected_weight_memory.$proc$src/protected_weight_memory.sv:0$241'.
No latch inferred for signal `\protected_weight_memory.\read_cw[0]' from process `\protected_weight_memory.$proc$src/protected_weight_memory.sv:0$234'.
No latch inferred for signal `\secded_decoder.\corrected_cw' from process `\secded_decoder.$proc$src/secded_decoder.sv:0$120'.
No latch inferred for signal `\secded_decoder.$bitselwrite$pos$src/secded_decoder.sv:80$75' from process `\secded_decoder.$proc$src/secded_decoder.sv:0$120'.
No latch inferred for signal `\popcount16.\s3[0]' from process `\popcount16.$proc$src/popcount16.sv:0$2'.
No latch inferred for signal `\popcount16.\s3[1]' from process `\popcount16.$proc$src/popcount16.sv:0$2'.
No latch inferred for signal `\popcount16.\s1[0]' from process `\popcount16.$proc$src/popcount16.sv:0$2'.
No latch inferred for signal `\popcount16.\s1[1]' from process `\popcount16.$proc$src/popcount16.sv:0$2'.
No latch inferred for signal `\popcount16.\s1[2]' from process `\popcount16.$proc$src/popcount16.sv:0$2'.
No latch inferred for signal `\popcount16.\s1[3]' from process `\popcount16.$proc$src/popcount16.sv:0$2'.
No latch inferred for signal `\popcount16.\s1[4]' from process `\popcount16.$proc$src/popcount16.sv:0$2'.
No latch inferred for signal `\popcount16.\s1[5]' from process `\popcount16.$proc$src/popcount16.sv:0$2'.
No latch inferred for signal `\popcount16.\s1[6]' from process `\popcount16.$proc$src/popcount16.sv:0$2'.
No latch inferred for signal `\popcount16.\s1[7]' from process `\popcount16.$proc$src/popcount16.sv:0$2'.
No latch inferred for signal `\popcount16.\s2[0]' from process `\popcount16.$proc$src/popcount16.sv:0$2'.
No latch inferred for signal `\popcount16.\s2[1]' from process `\popcount16.$proc$src/popcount16.sv:0$2'.
No latch inferred for signal `\popcount16.\s2[2]' from process `\popcount16.$proc$src/popcount16.sv:0$2'.
No latch inferred for signal `\popcount16.\s2[3]' from process `\popcount16.$proc$src/popcount16.sv:0$2'.

15.2.9. Executing PROC_DFF pass (convert process syncs to FFs).
Creating register for signal `\controller.\current_state' using process `\controller.$proc$src/controller.sv:46$414'.
  created $adff cell `$procdff$910' with positive edge clock and positive level reset.
Creating register for signal `\accumulator.\acc_reg' using process `\accumulator.$proc$src/accumulator.sv:80$394'.
  created $adff cell `$procdff$915' with positive edge clock and positive level reset.
Creating register for signal `\protected_weight_memory.\k' using process `\protected_weight_memory.$proc$src/protected_weight_memory.sv:85$224'.
  created $adff cell `$procdff$920' with positive edge clock and positive level reset.
Creating register for signal `\protected_weight_memory.\weight_mem[0]' using process `\protected_weight_memory.$proc$src/protected_weight_memory.sv:85$224'.
  created $adff cell `$procdff$925' with positive edge clock and positive level reset.
Creating register for signal `\protected_weight_memory.\weight_mem[1]' using process `\protected_weight_memory.$proc$src/protected_weight_memory.sv:85$224'.
  created $adff cell `$procdff$930' with positive edge clock and positive level reset.
Creating register for signal `\protected_weight_memory.\weight_mem[2]' using process `\protected_weight_memory.$proc$src/protected_weight_memory.sv:85$224'.
  created $adff cell `$procdff$935' with positive edge clock and positive level reset.
Creating register for signal `\protected_weight_memory.\weight_mem[3]' using process `\protected_weight_memory.$proc$src/protected_weight_memory.sv:85$224'.
  created $adff cell `$procdff$940' with positive edge clock and positive level reset.
Creating register for signal `\protected_weight_memory.\weight_mem[4]' using process `\protected_weight_memory.$proc$src/protected_weight_memory.sv:85$224'.
  created $adff cell `$procdff$945' with positive edge clock and positive level reset.
Creating register for signal `\protected_weight_memory.\weight_mem[5]' using process `\protected_weight_memory.$proc$src/protected_weight_memory.sv:85$224'.
  created $adff cell `$procdff$950' with positive edge clock and positive level reset.
Creating register for signal `\protected_weight_memory.\weight_mem[6]' using process `\protected_weight_memory.$proc$src/protected_weight_memory.sv:85$224'.
  created $adff cell `$procdff$955' with positive edge clock and positive level reset.
Creating register for signal `\protected_weight_memory.\weight_mem[7]' using process `\protected_weight_memory.$proc$src/protected_weight_memory.sv:85$224'.
  created $adff cell `$procdff$960' with positive edge clock and positive level reset.
Creating register for signal `\protected_weight_memory.\weight_mem[8]' using process `\protected_weight_memory.$proc$src/protected_weight_memory.sv:85$224'.
  created $adff cell `$procdff$965' with positive edge clock and positive level reset.
Creating register for signal `\protected_weight_memory.\weight_mem[9]' using process `\protected_weight_memory.$proc$src/protected_weight_memory.sv:85$224'.
  created $adff cell `$procdff$970' with positive edge clock and positive level reset.
Creating register for signal `\protected_weight_memory.\weight_mem[10]' using process `\protected_weight_memory.$proc$src/protected_weight_memory.sv:85$224'.
  created $adff cell `$procdff$975' with positive edge clock and positive level reset.
Creating register for signal `\protected_weight_memory.\weight_mem[11]' using process `\protected_weight_memory.$proc$src/protected_weight_memory.sv:85$224'.
  created $adff cell `$procdff$980' with positive edge clock and positive level reset.
Creating register for signal `\protected_weight_memory.\weight_mem[12]' using process `\protected_weight_memory.$proc$src/protected_weight_memory.sv:85$224'.
  created $adff cell `$procdff$985' with positive edge clock and positive level reset.
Creating register for signal `\protected_weight_memory.\weight_mem[13]' using process `\protected_weight_memory.$proc$src/protected_weight_memory.sv:85$224'.
  created $adff cell `$procdff$990' with positive edge clock and positive level reset.
Creating register for signal `\protected_weight_memory.\weight_mem[14]' using process `\protected_weight_memory.$proc$src/protected_weight_memory.sv:85$224'.
  created $adff cell `$procdff$995' with positive edge clock and positive level reset.
Creating register for signal `\protected_weight_memory.\weight_mem[15]' using process `\protected_weight_memory.$proc$src/protected_weight_memory.sv:85$224'.
  created $adff cell `$procdff$1000' with positive edge clock and positive level reset.
Creating register for signal `\protected_weight_memory.$mem2reg_wr$\weight_mem$src/protected_weight_memory.sv:91$219_ADDR' using process `\protected_weight_memory.$proc$src/protected_weight_memory.sv:85$224'.
  created $adff cell `$procdff$1005' with positive edge clock and positive level reset.
Creating register for signal `\protected_weight_memory.$mem2reg_wr$\weight_mem$src/protected_weight_memory.sv:91$219_DATA' using process `\protected_weight_memory.$proc$src/protected_weight_memory.sv:85$224'.
  created $adff cell `$procdff$1010' with positive edge clock and positive level reset.
Creating register for signal `\unipolar_pe.\partial_sum' using process `\unipolar_pe.$proc$src/unipolar_pe.sv:48$18'.
  created $adff cell `$procdff$1015' with positive edge clock and positive level reset.

15.2.10. Executing PROC_MEMWR pass (convert process memory writes to cells).

15.2.11. Executing PROC_CLEAN pass (remove empty switches from decision trees).
Found and cleaned up 3 empty switches in `\controller.$proc$src/controller.sv:0$416'.
Removing empty process `controller.$proc$src/controller.sv:0$416'.
Removing empty process `controller.$proc$src/controller.sv:46$414'.
Removing empty process `accumulator.$proc$src/accumulator.sv:0$397'.
Found and cleaned up 3 empty switches in `\accumulator.$proc$src/accumulator.sv:80$394'.
Removing empty process `accumulator.$proc$src/accumulator.sv:80$394'.
Removing empty process `protected_weight_memory.$proc$src/protected_weight_memory.sv:0$358'.
Found and cleaned up 1 empty switch in `\protected_weight_memory.$proc$src/protected_weight_memory.sv:0$355'.
Removing empty process `protected_weight_memory.$proc$src/protected_weight_memory.sv:0$355'.
Found and cleaned up 1 empty switch in `\protected_weight_memory.$proc$src/protected_weight_memory.sv:0$352'.
Removing empty process `protected_weight_memory.$proc$src/protected_weight_memory.sv:0$352'.
Found and cleaned up 1 empty switch in `\protected_weight_memory.$proc$src/protected_weight_memory.sv:0$349'.
Removing empty process `protected_weight_memory.$proc$src/protected_weight_memory.sv:0$349'.
Found and cleaned up 1 empty switch in `\protected_weight_memory.$proc$src/protected_weight_memory.sv:0$346'.
Removing empty process `protected_weight_memory.$proc$src/protected_weight_memory.sv:0$346'.
Found and cleaned up 2 empty switches in `\protected_weight_memory.$proc$src/protected_weight_memory.sv:0$339'.
Removing empty process `protected_weight_memory.$proc$src/protected_weight_memory.sv:0$339'.
Found and cleaned up 2 empty switches in `\protected_weight_memory.$proc$src/protected_weight_memory.sv:0$332'.
Removing empty process `protected_weight_memory.$proc$src/protected_weight_memory.sv:0$332'.
Found and cleaned up 2 empty switches in `\protected_weight_memory.$proc$src/protected_weight_memory.sv:0$325'.
Removing empty process `protected_weight_memory.$proc$src/protected_weight_memory.sv:0$325'.
Found and cleaned up 2 empty switches in `\protected_weight_memory.$proc$src/protected_weight_memory.sv:0$318'.
Removing empty process `protected_weight_memory.$proc$src/protected_weight_memory.sv:0$318'.
Found and cleaned up 2 empty switches in `\protected_weight_memory.$proc$src/protected_weight_memory.sv:0$311'.
Removing empty process `protected_weight_memory.$proc$src/protected_weight_memory.sv:0$311'.
Found and cleaned up 2 empty switches in `\protected_weight_memory.$proc$src/protected_weight_memory.sv:0$304'.
Removing empty process `protected_weight_memory.$proc$src/protected_weight_memory.sv:0$304'.
Found and cleaned up 2 empty switches in `\protected_weight_memory.$proc$src/protected_weight_memory.sv:0$297'.
Removing empty process `protected_weight_memory.$proc$src/protected_weight_memory.sv:0$297'.
Found and cleaned up 2 empty switches in `\protected_weight_memory.$proc$src/protected_weight_memory.sv:0$290'.
Removing empty process `protected_weight_memory.$proc$src/protected_weight_memory.sv:0$290'.
Found and cleaned up 2 empty switches in `\protected_weight_memory.$proc$src/protected_weight_memory.sv:0$283'.
Removing empty process `protected_weight_memory.$proc$src/protected_weight_memory.sv:0$283'.
Found and cleaned up 2 empty switches in `\protected_weight_memory.$proc$src/protected_weight_memory.sv:0$276'.
Removing empty process `protected_weight_memory.$proc$src/protected_weight_memory.sv:0$276'.
Found and cleaned up 2 empty switches in `\protected_weight_memory.$proc$src/protected_weight_memory.sv:0$269'.
Removing empty process `protected_weight_memory.$proc$src/protected_weight_memory.sv:0$269'.
Found and cleaned up 2 empty switches in `\protected_weight_memory.$proc$src/protected_weight_memory.sv:0$262'.
Removing empty process `protected_weight_memory.$proc$src/protected_weight_memory.sv:0$262'.
Found and cleaned up 2 empty switches in `\protected_weight_memory.$proc$src/protected_weight_memory.sv:0$255'.
Removing empty process `protected_weight_memory.$proc$src/protected_weight_memory.sv:0$255'.
Found and cleaned up 2 empty switches in `\protected_weight_memory.$proc$src/protected_weight_memory.sv:0$248'.
Removing empty process `protected_weight_memory.$proc$src/protected_weight_memory.sv:0$248'.
Found and cleaned up 2 empty switches in `\protected_weight_memory.$proc$src/protected_weight_memory.sv:0$241'.
Removing empty process `protected_weight_memory.$proc$src/protected_weight_memory.sv:0$241'.
Found and cleaned up 2 empty switches in `\protected_weight_memory.$proc$src/protected_weight_memory.sv:0$234'.
Removing empty process `protected_weight_memory.$proc$src/protected_weight_memory.sv:0$234'.
Found and cleaned up 2 empty switches in `\protected_weight_memory.$proc$src/protected_weight_memory.sv:85$224'.
Removing empty process `protected_weight_memory.$proc$src/protected_weight_memory.sv:85$224'.
Found and cleaned up 1 empty switch in `\secded_decoder.$proc$src/secded_decoder.sv:0$120'.
Removing empty process `secded_decoder.$proc$src/secded_decoder.sv:0$120'.
Found and cleaned up 1 empty switch in `\unipolar_pe.$proc$src/unipolar_pe.sv:48$18'.
Removing empty process `unipolar_pe.$proc$src/unipolar_pe.sv:48$18'.
Removing empty process `popcount16.$proc$src/popcount16.sv:0$2'.
Cleaned up 46 empty switches.

15.2.12. Executing OPT_EXPR pass (perform const folding).
Optimizing module are_ubnn_kws_top.
Optimizing module controller.
<suppressed ~7 debug messages>
Optimizing module threshold_unit.
Optimizing module accumulator.
<suppressed ~2 debug messages>
Optimizing module pe_array16.
Optimizing module icg_cell.
Optimizing module pe_activity_detector.
Optimizing module protected_weight_memory.
<suppressed ~44 debug messages>
Optimizing module secded_decoder.
<suppressed ~1 debug messages>
Optimizing module secded_encoder.
Optimizing module unipolar_pe.
<suppressed ~2 debug messages>
Optimizing module popcount16.

15.3. Executing OPT_EXPR pass (perform const folding).
Optimizing module are_ubnn_kws_top.
Optimizing module controller.
Optimizing module threshold_unit.
Optimizing module accumulator.
Optimizing module pe_array16.
Optimizing module icg_cell.
Optimizing module pe_activity_detector.
Optimizing module protected_weight_memory.
Optimizing module secded_decoder.
Optimizing module secded_encoder.
Optimizing module unipolar_pe.
Optimizing module popcount16.

15.4. Executing OPT_CLEAN pass (remove unused cells and wires).
Finding unused cells or wires in module \are_ubnn_kws_top..
Finding unused cells or wires in module \controller..
Finding unused cells or wires in module \threshold_unit..
Finding unused cells or wires in module \accumulator..
Finding unused cells or wires in module \pe_array16..
Finding unused cells or wires in module \icg_cell..
Finding unused cells or wires in module \pe_activity_detector..
Finding unused cells or wires in module \protected_weight_memory..
Finding unused cells or wires in module \secded_decoder..
Finding unused cells or wires in module \secded_encoder..
Finding unused cells or wires in module \unipolar_pe..
Finding unused cells or wires in module \popcount16..
Removed 32 unused cells and 528 unused wires.
<suppressed ~45 debug messages>

15.5. Executing CHECK pass (checking for obvious problems).
Checking module accumulator...
Checking module are_ubnn_kws_top...
Checking module controller...
Checking module icg_cell...
Checking module pe_activity_detector...
Checking module pe_array16...
Checking module popcount16...
Checking module protected_weight_memory...
Checking module secded_decoder...
Checking module secded_encoder...
Checking module threshold_unit...
Checking module unipolar_pe...
Found and reported 0 problems.

15.6. Executing OPT pass (performing simple optimizations).

15.6.1. Executing OPT_EXPR pass (perform const folding).
Optimizing module accumulator.
Optimizing module are_ubnn_kws_top.
Optimizing module controller.
Optimizing module icg_cell.
Optimizing module pe_activity_detector.
Optimizing module pe_array16.
Optimizing module popcount16.
Optimizing module protected_weight_memory.
Optimizing module secded_decoder.
Optimizing module secded_encoder.
Optimizing module threshold_unit.
Optimizing module unipolar_pe.

15.6.2. Executing OPT_MERGE pass (detect identical cells).
Finding identical cells in module `\accumulator'.
Finding identical cells in module `\are_ubnn_kws_top'.
Finding identical cells in module `\controller'.
<suppressed ~15 debug messages>
Finding identical cells in module `\icg_cell'.
Finding identical cells in module `\pe_activity_detector'.
Finding identical cells in module `\pe_array16'.
Finding identical cells in module `\popcount16'.
Finding identical cells in module `\protected_weight_memory'.
<suppressed ~282 debug messages>
Finding identical cells in module `\secded_decoder'.
<suppressed ~6 debug messages>
Finding identical cells in module `\secded_encoder'.
Finding identical cells in module `\threshold_unit'.
Finding identical cells in module `\unipolar_pe'.
Removed a total of 101 cells.

15.6.3. Executing OPT_MUXTREE pass (detect dead branches in mux trees).
Running muxtree optimizer on module \accumulator..
  Creating internal representation of mux trees.
  Evaluating internal representation of mux trees.
  Analyzing evaluation results.
Running muxtree optimizer on module \are_ubnn_kws_top..
  Creating internal representation of mux trees.
  Evaluating internal representation of mux trees.
  Analyzing evaluation results.
Running muxtree optimizer on module \controller..
  Creating internal representation of mux trees.
  Evaluating internal representation of mux trees.
  Analyzing evaluation results.
    dead port 1/2 on $mux $procmux$452.
    dead port 2/2 on $mux $procmux$454.
    dead port 2/2 on $mux $procmux$464.
Running muxtree optimizer on module \icg_cell..
  Creating internal representation of mux trees.
  No muxes found in this module.
Running muxtree optimizer on module \pe_activity_detector..
  Creating internal representation of mux trees.
  Evaluating internal representation of mux trees.
  Analyzing evaluation results.
Running muxtree optimizer on module \pe_array16..
  Creating internal representation of mux trees.
  No muxes found in this module.
Running muxtree optimizer on module \popcount16..
  Creating internal representation of mux trees.
  No muxes found in this module.
Running muxtree optimizer on module \protected_weight_memory..
  Creating internal representation of mux trees.
  Evaluating internal representation of mux trees.
  Analyzing evaluation results.
    dead port 2/2 on $mux $procmux$552.
    dead port 2/2 on $mux $procmux$561.
    dead port 2/2 on $mux $procmux$570.
    dead port 2/2 on $mux $procmux$579.
    dead port 2/2 on $mux $procmux$588.
    dead port 2/2 on $mux $procmux$597.
    dead port 2/2 on $mux $procmux$606.
    dead port 2/2 on $mux $procmux$615.
    dead port 2/2 on $mux $procmux$624.
    dead port 2/2 on $mux $procmux$633.
    dead port 2/2 on $mux $procmux$642.
    dead port 2/2 on $mux $procmux$651.
    dead port 2/2 on $mux $procmux$660.
    dead port 2/2 on $mux $procmux$669.
    dead port 2/2 on $mux $procmux$678.
    dead port 2/2 on $mux $procmux$687.
Running muxtree optimizer on module \secded_decoder..
  Creating internal representation of mux trees.
  Evaluating internal representation of mux trees.
  Analyzing evaluation results.
Running muxtree optimizer on module \secded_encoder..
  Creating internal representation of mux trees.
  No muxes found in this module.
Running muxtree optimizer on module \threshold_unit..
  Creating internal representation of mux trees.
  Evaluating internal representation of mux trees.
  Analyzing evaluation results.
Running muxtree optimizer on module \unipolar_pe..
  Creating internal representation of mux trees.
  Evaluating internal representation of mux trees.
  Analyzing evaluation results.
Removed 19 multiplexer ports.
<suppressed ~73 debug messages>

15.6.4. Executing OPT_REDUCE pass (consolidate $*mux and $reduce_* inputs).
  Optimizing cells in module \accumulator.
  Optimizing cells in module \are_ubnn_kws_top.
  Optimizing cells in module \controller.
  Optimizing cells in module \icg_cell.
  Optimizing cells in module \pe_activity_detector.
  Optimizing cells in module \pe_array16.
  Optimizing cells in module \popcount16.
  Optimizing cells in module \protected_weight_memory.
  Optimizing cells in module \secded_decoder.
  Optimizing cells in module \secded_encoder.
  Optimizing cells in module \threshold_unit.
  Optimizing cells in module \unipolar_pe.
Performed a total of 0 changes.

15.6.5. Executing OPT_MERGE pass (detect identical cells).
Finding identical cells in module `\accumulator'.
Finding identical cells in module `\are_ubnn_kws_top'.
Finding identical cells in module `\controller'.
Finding identical cells in module `\icg_cell'.
Finding identical cells in module `\pe_activity_detector'.
Finding identical cells in module `\pe_array16'.
Finding identical cells in module `\popcount16'.
Finding identical cells in module `\protected_weight_memory'.
Finding identical cells in module `\secded_decoder'.
Finding identical cells in module `\secded_encoder'.
Finding identical cells in module `\threshold_unit'.
Finding identical cells in module `\unipolar_pe'.
Removed a total of 0 cells.

15.6.6. Executing OPT_DFF pass (perform DFF optimizations).

15.6.7. Executing OPT_CLEAN pass (remove unused cells and wires).
Finding unused cells or wires in module \accumulator..
Finding unused cells or wires in module \are_ubnn_kws_top..
Finding unused cells or wires in module \controller..
Finding unused cells or wires in module \icg_cell..
Finding unused cells or wires in module \pe_activity_detector..
Finding unused cells or wires in module \pe_array16..
Finding unused cells or wires in module \popcount16..
Finding unused cells or wires in module \protected_weight_memory..
Finding unused cells or wires in module \secded_decoder..
Finding unused cells or wires in module \secded_encoder..
Finding unused cells or wires in module \threshold_unit..
Finding unused cells or wires in module \unipolar_pe..
Removed 0 unused cells and 120 unused wires.
<suppressed ~3 debug messages>

15.6.8. Executing OPT_EXPR pass (perform const folding).
Optimizing module accumulator.
Optimizing module are_ubnn_kws_top.
Optimizing module controller.
Optimizing module icg_cell.
Optimizing module pe_activity_detector.
Optimizing module pe_array16.
Optimizing module popcount16.
Optimizing module protected_weight_memory.
Optimizing module secded_decoder.
Optimizing module secded_encoder.
Optimizing module threshold_unit.
Optimizing module unipolar_pe.

15.6.9. Rerunning OPT passes. (Maybe there is more to do..)

15.6.10. Executing OPT_MUXTREE pass (detect dead branches in mux trees).
Running muxtree optimizer on module \accumulator..
  Creating internal representation of mux trees.
  Evaluating internal representation of mux trees.
  Analyzing evaluation results.
Running muxtree optimizer on module \are_ubnn_kws_top..
  Creating internal representation of mux trees.
  Evaluating internal representation of mux trees.
  Analyzing evaluation results.
Running muxtree optimizer on module \controller..
  Creating internal representation of mux trees.
  Evaluating internal representation of mux trees.
  Analyzing evaluation results.
Running muxtree optimizer on module \icg_cell..
  Creating internal representation of mux trees.
  No muxes found in this module.
Running muxtree optimizer on module \pe_activity_detector..
  Creating internal representation of mux trees.
  Evaluating internal representation of mux trees.
  Analyzing evaluation results.
Running muxtree optimizer on module \pe_array16..
  Creating internal representation of mux trees.
  No muxes found in this module.
Running muxtree optimizer on module \popcount16..
  Creating internal representation of mux trees.
  No muxes found in this module.
Running muxtree optimizer on module \protected_weight_memory..
  Creating internal representation of mux trees.
  Evaluating internal representation of mux trees.
  Analyzing evaluation results.
Running muxtree optimizer on module \secded_decoder..
  Creating internal representation of mux trees.
  Evaluating internal representation of mux trees.
  Analyzing evaluation results.
Running muxtree optimizer on module \secded_encoder..
  Creating internal representation of mux trees.
  No muxes found in this module.
Running muxtree optimizer on module \threshold_unit..
  Creating internal representation of mux trees.
  Evaluating internal representation of mux trees.
  Analyzing evaluation results.
Running muxtree optimizer on module \unipolar_pe..
  Creating internal representation of mux trees.
  Evaluating internal representation of mux trees.
  Analyzing evaluation results.
Removed 0 multiplexer ports.
<suppressed ~73 debug messages>

15.6.11. Executing OPT_REDUCE pass (consolidate $*mux and $reduce_* inputs).
  Optimizing cells in module \accumulator.
  Optimizing cells in module \are_ubnn_kws_top.
  Optimizing cells in module \controller.
  Optimizing cells in module \icg_cell.
  Optimizing cells in module \pe_activity_detector.
  Optimizing cells in module \pe_array16.
  Optimizing cells in module \popcount16.
  Optimizing cells in module \protected_weight_memory.
  Optimizing cells in module \secded_decoder.
  Optimizing cells in module \secded_encoder.
  Optimizing cells in module \threshold_unit.
  Optimizing cells in module \unipolar_pe.
Performed a total of 0 changes.

15.6.12. Executing OPT_MERGE pass (detect identical cells).
Finding identical cells in module `\accumulator'.
Finding identical cells in module `\are_ubnn_kws_top'.
Finding identical cells in module `\controller'.
Finding identical cells in module `\icg_cell'.
Finding identical cells in module `\pe_activity_detector'.
Finding identical cells in module `\pe_array16'.
Finding identical cells in module `\popcount16'.
Finding identical cells in module `\protected_weight_memory'.
Finding identical cells in module `\secded_decoder'.
Finding identical cells in module `\secded_encoder'.
Finding identical cells in module `\threshold_unit'.
Finding identical cells in module `\unipolar_pe'.
Removed a total of 0 cells.

15.6.13. Executing OPT_DFF pass (perform DFF optimizations).

15.6.14. Executing OPT_CLEAN pass (remove unused cells and wires).
Finding unused cells or wires in module \accumulator..
Finding unused cells or wires in module \are_ubnn_kws_top..
Finding unused cells or wires in module \controller..
Finding unused cells or wires in module \icg_cell..
Finding unused cells or wires in module \pe_activity_detector..
Finding unused cells or wires in module \pe_array16..
Finding unused cells or wires in module \popcount16..
Finding unused cells or wires in module \protected_weight_memory..
Finding unused cells or wires in module \secded_decoder..
Finding unused cells or wires in module \secded_encoder..
Finding unused cells or wires in module \threshold_unit..
Finding unused cells or wires in module \unipolar_pe..

15.6.15. Executing OPT_EXPR pass (perform const folding).
Optimizing module accumulator.
Optimizing module are_ubnn_kws_top.
Optimizing module controller.
Optimizing module icg_cell.
Optimizing module pe_activity_detector.
Optimizing module pe_array16.
Optimizing module popcount16.
Optimizing module protected_weight_memory.
Optimizing module secded_decoder.
Optimizing module secded_encoder.
Optimizing module threshold_unit.
Optimizing module unipolar_pe.

15.6.16. Finished OPT passes. (There is nothing left to do.)

15.7. Executing FSM pass (extract and optimize FSM).

15.7.1. Executing FSM_DETECT pass (finding FSMs in design).
Not marking controller.current_state as FSM state register:
    Register is connected to module port.
    Users of register don't seem to benefit from recoding.
    Circuit seems to be self-resetting.

15.7.2. Executing FSM_EXTRACT pass (extracting FSM from design).

15.7.3. Executing FSM_OPT pass (simple optimizations of FSMs).

15.7.4. Executing OPT_CLEAN pass (remove unused cells and wires).
Finding unused cells or wires in module \accumulator..
Finding unused cells or wires in module \are_ubnn_kws_top..
Finding unused cells or wires in module \controller..
Finding unused cells or wires in module \icg_cell..
Finding unused cells or wires in module \pe_activity_detector..
Finding unused cells or wires in module \pe_array16..
Finding unused cells or wires in module \popcount16..
Finding unused cells or wires in module \protected_weight_memory..
Finding unused cells or wires in module \secded_decoder..
Finding unused cells or wires in module \secded_encoder..
Finding unused cells or wires in module \threshold_unit..
Finding unused cells or wires in module \unipolar_pe..

15.7.5. Executing FSM_OPT pass (simple optimizations of FSMs).

15.7.6. Executing FSM_RECODE pass (re-assigning FSM state encoding).

15.7.7. Executing FSM_INFO pass (dumping all available information on FSM cells).

15.7.8. Executing FSM_MAP pass (mapping FSMs to basic logic).

15.8. Executing OPT pass (performing simple optimizations).

15.8.1. Executing OPT_EXPR pass (perform const folding).
Optimizing module accumulator.
Optimizing module are_ubnn_kws_top.
Optimizing module controller.
Optimizing module icg_cell.
Optimizing module pe_activity_detector.
Optimizing module pe_array16.
Optimizing module popcount16.
Optimizing module protected_weight_memory.
Optimizing module secded_decoder.
Optimizing module secded_encoder.
Optimizing module threshold_unit.
Optimizing module unipolar_pe.

15.8.2. Executing OPT_MERGE pass (detect identical cells).
Finding identical cells in module `\accumulator'.
Finding identical cells in module `\are_ubnn_kws_top'.
Finding identical cells in module `\controller'.
Finding identical cells in module `\icg_cell'.
Finding identical cells in module `\pe_activity_detector'.
Finding identical cells in module `\pe_array16'.
Finding identical cells in module `\popcount16'.
Finding identical cells in module `\protected_weight_memory'.
Finding identical cells in module `\secded_decoder'.
Finding identical cells in module `\secded_encoder'.
Finding identical cells in module `\threshold_unit'.
Finding identical cells in module `\unipolar_pe'.
Removed a total of 0 cells.

15.8.3. Executing OPT_MUXTREE pass (detect dead branches in mux trees).
Running muxtree optimizer on module \accumulator..
  Creating internal representation of mux trees.
  Evaluating internal representation of mux trees.
  Analyzing evaluation results.
Running muxtree optimizer on module \are_ubnn_kws_top..
  Creating internal representation of mux trees.
  Evaluating internal representation of mux trees.
  Analyzing evaluation results.
Running muxtree optimizer on module \controller..
  Creating internal representation of mux trees.
  Evaluating internal representation of mux trees.
  Analyzing evaluation results.
Running muxtree optimizer on module \icg_cell..
  Creating internal representation of mux trees.
  No muxes found in this module.
Running muxtree optimizer on module \pe_activity_detector..
  Creating internal representation of mux trees.
  Evaluating internal representation of mux trees.
  Analyzing evaluation results.
Running muxtree optimizer on module \pe_array16..
  Creating internal representation of mux trees.
  No muxes found in this module.
Running muxtree optimizer on module \popcount16..
  Creating internal representation of mux trees.
  No muxes found in this module.
Running muxtree optimizer on module \protected_weight_memory..
  Creating internal representation of mux trees.
  Evaluating internal representation of mux trees.
  Analyzing evaluation results.
Running muxtree optimizer on module \secded_decoder..
  Creating internal representation of mux trees.
  Evaluating internal representation of mux trees.
  Analyzing evaluation results.
Running muxtree optimizer on module \secded_encoder..
  Creating internal representation of mux trees.
  No muxes found in this module.
Running muxtree optimizer on module \threshold_unit..
  Creating internal representation of mux trees.
  Evaluating internal representation of mux trees.
  Analyzing evaluation results.
Running muxtree optimizer on module \unipolar_pe..
  Creating internal representation of mux trees.
  Evaluating internal representation of mux trees.
  Analyzing evaluation results.
Removed 0 multiplexer ports.
<suppressed ~73 debug messages>

15.8.4. Executing OPT_REDUCE pass (consolidate $*mux and $reduce_* inputs).
  Optimizing cells in module \accumulator.
  Optimizing cells in module \are_ubnn_kws_top.
  Optimizing cells in module \controller.
  Optimizing cells in module \icg_cell.
  Optimizing cells in module \pe_activity_detector.
  Optimizing cells in module \pe_array16.
  Optimizing cells in module \popcount16.
  Optimizing cells in module \protected_weight_memory.
  Optimizing cells in module \secded_decoder.
  Optimizing cells in module \secded_encoder.
  Optimizing cells in module \threshold_unit.
  Optimizing cells in module \unipolar_pe.
Performed a total of 0 changes.

15.8.5. Executing OPT_MERGE pass (detect identical cells).
Finding identical cells in module `\accumulator'.
Finding identical cells in module `\are_ubnn_kws_top'.
Finding identical cells in module `\controller'.
Finding identical cells in module `\icg_cell'.
Finding identical cells in module `\pe_activity_detector'.
Finding identical cells in module `\pe_array16'.
Finding identical cells in module `\popcount16'.
Finding identical cells in module `\protected_weight_memory'.
Finding identical cells in module `\secded_decoder'.
Finding identical cells in module `\secded_encoder'.
Finding identical cells in module `\threshold_unit'.
Finding identical cells in module `\unipolar_pe'.
Removed a total of 0 cells.

15.8.6. Executing OPT_DFF pass (perform DFF optimizations).
Adding EN signal on $procdff$915 ($adff) from module accumulator (D = $0\acc_reg[7:0], Q = \acc_reg).
Adding EN signal on $procdff$910 ($adff) from module controller (D = \next_state, Q = \current_state).
Adding EN signal on $procdff$995 ($adff) from module protected_weight_memory (D = \encoded_wr_codeword, Q = \weight_mem[14]).
Adding EN signal on $procdff$990 ($adff) from module protected_weight_memory (D = \encoded_wr_codeword, Q = \weight_mem[13]).
Adding EN signal on $procdff$985 ($adff) from module protected_weight_memory (D = \encoded_wr_codeword, Q = \weight_mem[12]).
Adding EN signal on $procdff$980 ($adff) from module protected_weight_memory (D = \encoded_wr_codeword, Q = \weight_mem[11]).
Adding EN signal on $procdff$975 ($adff) from module protected_weight_memory (D = \encoded_wr_codeword, Q = \weight_mem[10]).
Adding EN signal on $procdff$970 ($adff) from module protected_weight_memory (D = \encoded_wr_codeword, Q = \weight_mem[9]).
Adding EN signal on $procdff$965 ($adff) from module protected_weight_memory (D = \encoded_wr_codeword, Q = \weight_mem[8]).
Adding EN signal on $procdff$960 ($adff) from module protected_weight_memory (D = \encoded_wr_codeword, Q = \weight_mem[7]).
Adding EN signal on $procdff$955 ($adff) from module protected_weight_memory (D = \encoded_wr_codeword, Q = \weight_mem[6]).
Adding EN signal on $procdff$950 ($adff) from module protected_weight_memory (D = \encoded_wr_codeword, Q = \weight_mem[5]).
Adding EN signal on $procdff$945 ($adff) from module protected_weight_memory (D = \encoded_wr_codeword, Q = \weight_mem[4]).
Adding EN signal on $procdff$940 ($adff) from module protected_weight_memory (D = \encoded_wr_codeword, Q = \weight_mem[3]).
Adding EN signal on $procdff$935 ($adff) from module protected_weight_memory (D = \encoded_wr_codeword, Q = \weight_mem[2]).
Adding EN signal on $procdff$930 ($adff) from module protected_weight_memory (D = \encoded_wr_codeword, Q = \weight_mem[1]).
Adding EN signal on $procdff$925 ($adff) from module protected_weight_memory (D = \encoded_wr_codeword, Q = \weight_mem[0]).
Adding EN signal on $procdff$1000 ($adff) from module protected_weight_memory (D = \encoded_wr_codeword, Q = \weight_mem[15]).
Adding EN signal on $procdff$1015 ($adff) from module unipolar_pe (D = \count_out, Q = \partial_sum).

15.8.7. Executing OPT_CLEAN pass (remove unused cells and wires).
Finding unused cells or wires in module \accumulator..
Finding unused cells or wires in module \are_ubnn_kws_top..
Finding unused cells or wires in module \controller..
Finding unused cells or wires in module \icg_cell..
Finding unused cells or wires in module \pe_activity_detector..
Finding unused cells or wires in module \pe_array16..
Finding unused cells or wires in module \popcount16..
Finding unused cells or wires in module \protected_weight_memory..
Finding unused cells or wires in module \secded_decoder..
Finding unused cells or wires in module \secded_encoder..
Finding unused cells or wires in module \threshold_unit..
Finding unused cells or wires in module \unipolar_pe..
Removed 33 unused cells and 33 unused wires.
<suppressed ~35 debug messages>

15.8.8. Executing OPT_EXPR pass (perform const folding).
Optimizing module accumulator.
<suppressed ~1 debug messages>
Optimizing module are_ubnn_kws_top.
Optimizing module controller.
Optimizing module icg_cell.
Optimizing module pe_activity_detector.
Optimizing module pe_array16.
Optimizing module popcount16.
Optimizing module protected_weight_memory.
Optimizing module secded_decoder.
Optimizing module secded_encoder.
Optimizing module threshold_unit.
Optimizing module unipolar_pe.

15.8.9. Rerunning OPT passes. (Maybe there is more to do..)

15.8.10. Executing OPT_MUXTREE pass (detect dead branches in mux trees).
Running muxtree optimizer on module \accumulator..
  Creating internal representation of mux trees.
  Evaluating internal representation of mux trees.
  Analyzing evaluation results.
Running muxtree optimizer on module \are_ubnn_kws_top..
  Creating internal representation of mux trees.
  Evaluating internal representation of mux trees.
  Analyzing evaluation results.
Running muxtree optimizer on module \controller..
  Creating internal representation of mux trees.
  Evaluating internal representation of mux trees.
  Analyzing evaluation results.
Running muxtree optimizer on module \icg_cell..
  Creating internal representation of mux trees.
  No muxes found in this module.
Running muxtree optimizer on module \pe_activity_detector..
  Creating internal representation of mux trees.
  Evaluating internal representation of mux trees.
  Analyzing evaluation results.
Running muxtree optimizer on module \pe_array16..
  Creating internal representation of mux trees.
  No muxes found in this module.
Running muxtree optimizer on module \popcount16..
  Creating internal representation of mux trees.
  No muxes found in this module.
Running muxtree optimizer on module \protected_weight_memory..
  Creating internal representation of mux trees.
  Evaluating internal representation of mux trees.
  Analyzing evaluation results.
Running muxtree optimizer on module \secded_decoder..
  Creating internal representation of mux trees.
  Evaluating internal representation of mux trees.
  Analyzing evaluation results.
Running muxtree optimizer on module \secded_encoder..
  Creating internal representation of mux trees.
  No muxes found in this module.
Running muxtree optimizer on module \threshold_unit..
  Creating internal representation of mux trees.
  Evaluating internal representation of mux trees.
  Analyzing evaluation results.
Running muxtree optimizer on module \unipolar_pe..
  Creating internal representation of mux trees.
  No muxes found in this module.
Removed 0 multiplexer ports.
<suppressed ~56 debug messages>

15.8.11. Executing OPT_REDUCE pass (consolidate $*mux and $reduce_* inputs).
  Optimizing cells in module \accumulator.
  Optimizing cells in module \are_ubnn_kws_top.
  Optimizing cells in module \controller.
  Optimizing cells in module \icg_cell.
  Optimizing cells in module \pe_activity_detector.
  Optimizing cells in module \pe_array16.
  Optimizing cells in module \popcount16.
  Optimizing cells in module \protected_weight_memory.
  Optimizing cells in module \secded_decoder.
  Optimizing cells in module \secded_encoder.
  Optimizing cells in module \threshold_unit.
  Optimizing cells in module \unipolar_pe.
Performed a total of 0 changes.

15.8.12. Executing OPT_MERGE pass (detect identical cells).
Finding identical cells in module `\accumulator'.
Finding identical cells in module `\are_ubnn_kws_top'.
Finding identical cells in module `\controller'.
Finding identical cells in module `\icg_cell'.
Finding identical cells in module `\pe_activity_detector'.
Finding identical cells in module `\pe_array16'.
Finding identical cells in module `\popcount16'.
Finding identical cells in module `\protected_weight_memory'.
Finding identical cells in module `\secded_decoder'.
Finding identical cells in module `\secded_encoder'.
Finding identical cells in module `\threshold_unit'.
Finding identical cells in module `\unipolar_pe'.
Removed a total of 0 cells.

15.8.13. Executing OPT_DFF pass (perform DFF optimizations).

15.8.14. Executing OPT_CLEAN pass (remove unused cells and wires).
Finding unused cells or wires in module \accumulator..
Finding unused cells or wires in module \are_ubnn_kws_top..
Finding unused cells or wires in module \controller..
Finding unused cells or wires in module \icg_cell..
Finding unused cells or wires in module \pe_activity_detector..
Finding unused cells or wires in module \pe_array16..
Finding unused cells or wires in module \popcount16..
Finding unused cells or wires in module \protected_weight_memory..
Finding unused cells or wires in module \secded_decoder..
Finding unused cells or wires in module \secded_encoder..
Finding unused cells or wires in module \threshold_unit..
Finding unused cells or wires in module \unipolar_pe..

15.8.15. Executing OPT_EXPR pass (perform const folding).
Optimizing module accumulator.
Optimizing module are_ubnn_kws_top.
Optimizing module controller.
Optimizing module icg_cell.
Optimizing module pe_activity_detector.
Optimizing module pe_array16.
Optimizing module popcount16.
Optimizing module protected_weight_memory.
Optimizing module secded_decoder.
Optimizing module secded_encoder.
Optimizing module threshold_unit.
Optimizing module unipolar_pe.

15.8.16. Finished OPT passes. (There is nothing left to do.)

15.9. Executing WREDUCE pass (reducing word size of cells).
Removed top 1 bits (of 9) from port A of cell accumulator.$add$src/accumulator.sv:72$392 ($add).
Removed top 1 bits (of 9) from port B of cell accumulator.$add$src/accumulator.sv:72$392 ($add).
Removed top 2 bits (of 10) from port A of cell accumulator.$add$src/accumulator.sv:78$393 ($add).
Removed top 1 bits (of 10) from port B of cell accumulator.$add$src/accumulator.sv:78$393 ($add).
Removed top 2 bits (of 10) from port B of cell accumulator.$gt$src/accumulator.sv:86$396 ($gt).
Removed top 1 bits (of 8) from port A of cell accumulator.$add$src/accumulator.sv:67$398 ($add).
Removed top 1 bits (of 8) from port B of cell accumulator.$add$src/accumulator.sv:67$398 ($add).
Removed top 1 bits (of 8) from port A of cell accumulator.$add$src/accumulator.sv:68$399 ($add).
Removed top 1 bits (of 8) from port B of cell accumulator.$add$src/accumulator.sv:68$399 ($add).
Removed top 1 bits (of 6) from port A of cell accumulator.$add$src/accumulator.sv:53$400 ($add).
Removed top 1 bits (of 6) from port B of cell accumulator.$add$src/accumulator.sv:53$400 ($add).
Removed top 1 bits (of 6) from port A of cell accumulator.$add$src/accumulator.sv:53$401 ($add).
Removed top 1 bits (of 6) from port B of cell accumulator.$add$src/accumulator.sv:53$401 ($add).
Removed top 1 bits (of 6) from port A of cell accumulator.$add$src/accumulator.sv:53$402 ($add).
Removed top 1 bits (of 6) from port B of cell accumulator.$add$src/accumulator.sv:53$402 ($add).
Removed top 1 bits (of 6) from port A of cell accumulator.$add$src/accumulator.sv:53$403 ($add).
Removed top 1 bits (of 6) from port B of cell accumulator.$add$src/accumulator.sv:53$403 ($add).
Removed top 1 bits (of 6) from port A of cell accumulator.$add$src/accumulator.sv:53$404 ($add).
Removed top 1 bits (of 6) from port B of cell accumulator.$add$src/accumulator.sv:53$404 ($add).
Removed top 1 bits (of 6) from port A of cell accumulator.$add$src/accumulator.sv:53$405 ($add).
Removed top 1 bits (of 6) from port B of cell accumulator.$add$src/accumulator.sv:53$405 ($add).
Removed top 1 bits (of 6) from port A of cell accumulator.$add$src/accumulator.sv:53$406 ($add).
Removed top 1 bits (of 6) from port B of cell accumulator.$add$src/accumulator.sv:53$406 ($add).
Removed top 1 bits (of 6) from port A of cell accumulator.$add$src/accumulator.sv:53$407 ($add).
Removed top 1 bits (of 6) from port B of cell accumulator.$add$src/accumulator.sv:53$407 ($add).
Removed top 1 bits (of 7) from port A of cell accumulator.$add$src/accumulator.sv:61$408 ($add).
Removed top 1 bits (of 7) from port B of cell accumulator.$add$src/accumulator.sv:61$408 ($add).
Removed top 1 bits (of 7) from port A of cell accumulator.$add$src/accumulator.sv:61$409 ($add).
Removed top 1 bits (of 7) from port B of cell accumulator.$add$src/accumulator.sv:61$409 ($add).
Removed top 1 bits (of 7) from port A of cell accumulator.$add$src/accumulator.sv:61$410 ($add).
Removed top 1 bits (of 7) from port B of cell accumulator.$add$src/accumulator.sv:61$410 ($add).
Removed top 1 bits (of 7) from port A of cell accumulator.$add$src/accumulator.sv:61$411 ($add).
Removed top 1 bits (of 7) from port B of cell accumulator.$add$src/accumulator.sv:61$411 ($add).
Removed top 2 bits (of 3) from port B of cell controller.$eq$src/controller.sv:90$419 ($eq).
Removed top 1 bits (of 3) from port B of cell controller.$eq$src/controller.sv:91$420 ($eq).
Removed top 1 bits (of 3) from port B of cell controller.$eq$src/controller.sv:92$421 ($eq).
Removed top 1 bits (of 5) from port A of cell popcount16.$add$src/popcount16.sv:46$1 ($add).
Removed top 1 bits (of 5) from port B of cell popcount16.$add$src/popcount16.sv:46$1 ($add).
Removed top 1 bits (of 4) from port A of cell popcount16.$add$src/popcount16.sv:42$3 ($add).
Removed top 1 bits (of 4) from port B of cell popcount16.$add$src/popcount16.sv:42$3 ($add).
Removed top 1 bits (of 4) from port A of cell popcount16.$add$src/popcount16.sv:43$4 ($add).
Removed top 1 bits (of 4) from port B of cell popcount16.$add$src/popcount16.sv:43$4 ($add).
Removed top 1 bits (of 2) from port A of cell popcount16.$add$src/popcount16.sv:28$5 ($add).
Removed top 1 bits (of 2) from port B of cell popcount16.$add$src/popcount16.sv:28$5 ($add).
Removed top 1 bits (of 2) from port A of cell popcount16.$add$src/popcount16.sv:28$6 ($add).
Removed top 1 bits (of 2) from port B of cell popcount16.$add$src/popcount16.sv:28$6 ($add).
Removed top 1 bits (of 2) from port A of cell popcount16.$add$src/popcount16.sv:28$7 ($add).
Removed top 1 bits (of 2) from port B of cell popcount16.$add$src/popcount16.sv:28$7 ($add).
Removed top 1 bits (of 2) from port A of cell popcount16.$add$src/popcount16.sv:28$8 ($add).
Removed top 1 bits (of 2) from port B of cell popcount16.$add$src/popcount16.sv:28$8 ($add).
Removed top 1 bits (of 2) from port A of cell popcount16.$add$src/popcount16.sv:28$9 ($add).
Removed top 1 bits (of 2) from port B of cell popcount16.$add$src/popcount16.sv:28$9 ($add).
Removed top 1 bits (of 2) from port A of cell popcount16.$add$src/popcount16.sv:28$10 ($add).
Removed top 1 bits (of 2) from port B of cell popcount16.$add$src/popcount16.sv:28$10 ($add).
Removed top 1 bits (of 2) from port A of cell popcount16.$add$src/popcount16.sv:28$11 ($add).
Removed top 1 bits (of 2) from port B of cell popcount16.$add$src/popcount16.sv:28$11 ($add).
Removed top 1 bits (of 2) from port A of cell popcount16.$add$src/popcount16.sv:28$12 ($add).
Removed top 1 bits (of 2) from port B of cell popcount16.$add$src/popcount16.sv:28$12 ($add).
Removed top 1 bits (of 3) from port A of cell popcount16.$add$src/popcount16.sv:36$13 ($add).
Removed top 1 bits (of 3) from port B of cell popcount16.$add$src/popcount16.sv:36$13 ($add).
Removed top 1 bits (of 3) from port A of cell popcount16.$add$src/popcount16.sv:36$14 ($add).
Removed top 1 bits (of 3) from port B of cell popcount16.$add$src/popcount16.sv:36$14 ($add).
Removed top 1 bits (of 3) from port A of cell popcount16.$add$src/popcount16.sv:36$15 ($add).
Removed top 1 bits (of 3) from port B of cell popcount16.$add$src/popcount16.sv:36$15 ($add).
Removed top 1 bits (of 3) from port A of cell popcount16.$add$src/popcount16.sv:36$16 ($add).
Removed top 1 bits (of 3) from port B of cell popcount16.$add$src/popcount16.sv:36$16 ($add).
Removed top 21 bits (of 22) from port A of cell protected_weight_memory.$shl$src/protected_weight_memory.sv:112$237 ($shl).
Removed top 21 bits (of 22) from port A of cell protected_weight_memory.$shl$src/protected_weight_memory.sv:114$239 ($shl).
Removed top 3 bits (of 4) from port B of cell protected_weight_memory.$eq$src/protected_weight_memory.sv:111$242 ($eq).
Removed top 2 bits (of 4) from port B of cell protected_weight_memory.$eq$src/protected_weight_memory.sv:111$249 ($eq).
Removed top 2 bits (of 4) from port B of cell protected_weight_memory.$eq$src/protected_weight_memory.sv:111$256 ($eq).
Removed top 1 bits (of 4) from port B of cell protected_weight_memory.$eq$src/protected_weight_memory.sv:111$263 ($eq).
Removed top 1 bits (of 4) from port B of cell protected_weight_memory.$eq$src/protected_weight_memory.sv:111$270 ($eq).
Removed top 1 bits (of 4) from port B of cell protected_weight_memory.$eq$src/protected_weight_memory.sv:111$277 ($eq).
Removed top 1 bits (of 4) from port B of cell protected_weight_memory.$eq$src/protected_weight_memory.sv:111$284 ($eq).
Removed top 1 bits (of 4) from port B of cell protected_weight_memory.$procmux$776_CMP0 ($eq).
Removed top 1 bits (of 4) from port B of cell protected_weight_memory.$procmux$790_CMP0 ($eq).
Removed top 1 bits (of 4) from port B of cell protected_weight_memory.$procmux$805_CMP0 ($eq).
Removed top 1 bits (of 4) from port B of cell protected_weight_memory.$procmux$821_CMP0 ($eq).
Removed top 2 bits (of 4) from port B of cell protected_weight_memory.$procmux$838_CMP0 ($eq).
Removed top 2 bits (of 4) from port B of cell protected_weight_memory.$procmux$856_CMP0 ($eq).
Removed top 3 bits (of 4) from port B of cell protected_weight_memory.$procmux$875_CMP0 ($eq).
Removed top 4 bits (of 5) from port B of cell secded_decoder.$ge$src/secded_decoder.sv:79$122 ($ge).
Removed top 31 bits (of 32) from port B of cell secded_decoder.$sub$src/secded_decoder.sv:80$127 ($sub).
Removed top 26 bits (of 32) from port Y of cell secded_decoder.$sub$src/secded_decoder.sv:80$127 ($sub).
Converting cell secded_decoder.$neg$src/secded_decoder.sv:0$128 ($neg) from signed to unsigned.
Removed top 1 bits (of 33) from port A of cell secded_decoder.$neg$src/secded_decoder.sv:0$128 ($neg).
Removed top 26 bits (of 32) from port B of cell secded_decoder.$shiftx$src/secded_decoder.sv:0$133 ($shiftx).
Removed top 1 bits (of 22) from mux cell secded_decoder.$procmux$899 ($mux).
Removed top 1 bits (of 22) from port Y of cell secded_decoder.$or$src/secded_decoder.sv:0$137 ($or).
Removed top 1 bits (of 22) from port A of cell secded_decoder.$or$src/secded_decoder.sv:0$137 ($or).
Removed top 1 bits (of 22) from port B of cell secded_decoder.$or$src/secded_decoder.sv:0$137 ($or).
Removed top 1 bits (of 22) from port Y of cell secded_decoder.$and$src/secded_decoder.sv:0$131 ($and).
Removed top 1 bits (of 22) from port A of cell secded_decoder.$and$src/secded_decoder.sv:0$131 ($and).
Removed top 1 bits (of 22) from port B of cell secded_decoder.$and$src/secded_decoder.sv:0$131 ($and).
Removed top 1 bits (of 22) from port Y of cell secded_decoder.$shift$src/secded_decoder.sv:0$136 ($shift).
Removed top 1 bits (of 22) from port Y of cell secded_decoder.$not$src/secded_decoder.sv:0$130 ($not).
Removed top 1 bits (of 22) from port A of cell secded_decoder.$not$src/secded_decoder.sv:0$130 ($not).
Removed top 1 bits (of 22) from port Y of cell secded_decoder.$shift$src/secded_decoder.sv:0$129 ($shift).
Removed top 1 bits (of 22) from wire secded_decoder.$and$src/secded_decoder.sv:0$131_Y.
Removed top 32 bits (of 33) from wire secded_decoder.$neg$src/secded_decoder.sv:0$128_Y.
Removed top 1 bits (of 22) from wire secded_decoder.$or$src/secded_decoder.sv:0$137_Y.
Removed top 1 bits (of 22) from wire secded_decoder.$shift$src/secded_decoder.sv:0$136_Y.
Removed top 1 bits (of 22) from wire secded_decoder.corrected_cw.

15.10. Executing PEEPOPT pass (run peephole optimizers).

15.11. Executing OPT_CLEAN pass (remove unused cells and wires).
Finding unused cells or wires in module \accumulator..
Finding unused cells or wires in module \are_ubnn_kws_top..
Finding unused cells or wires in module \controller..
Finding unused cells or wires in module \icg_cell..
Finding unused cells or wires in module \pe_activity_detector..
Finding unused cells or wires in module \pe_array16..
Finding unused cells or wires in module \popcount16..
Finding unused cells or wires in module \protected_weight_memory..
Finding unused cells or wires in module \secded_decoder..
Finding unused cells or wires in module \secded_encoder..
Finding unused cells or wires in module \threshold_unit..
Finding unused cells or wires in module \unipolar_pe..
Removed 0 unused cells and 5 unused wires.
<suppressed ~1 debug messages>

15.12. Executing ALUMACC pass (create $alu and $macc cells).
Extracting $alu and $macc cells in module accumulator:
  creating $macc model for $add$src/accumulator.sv:53$400 ($add).
  creating $macc model for $add$src/accumulator.sv:53$401 ($add).
  creating $macc model for $add$src/accumulator.sv:53$402 ($add).
  creating $macc model for $add$src/accumulator.sv:53$403 ($add).
  creating $macc model for $add$src/accumulator.sv:53$404 ($add).
  creating $macc model for $add$src/accumulator.sv:53$405 ($add).
  creating $macc model for $add$src/accumulator.sv:53$406 ($add).
  creating $macc model for $add$src/accumulator.sv:53$407 ($add).
  creating $macc model for $add$src/accumulator.sv:61$408 ($add).
  creating $macc model for $add$src/accumulator.sv:61$409 ($add).
  creating $macc model for $add$src/accumulator.sv:61$410 ($add).
  creating $macc model for $add$src/accumulator.sv:61$411 ($add).
  creating $macc model for $add$src/accumulator.sv:67$398 ($add).
  creating $macc model for $add$src/accumulator.sv:68$399 ($add).
  creating $macc model for $add$src/accumulator.sv:72$392 ($add).
  creating $macc model for $add$src/accumulator.sv:78$393 ($add).
  merging $macc model for $add$src/accumulator.sv:67$398 into $add$src/accumulator.sv:72$392.
  merging $macc model for $add$src/accumulator.sv:61$408 into $add$src/accumulator.sv:72$392.
  merging $macc model for $add$src/accumulator.sv:53$400 into $add$src/accumulator.sv:72$392.
  merging $macc model for $add$src/accumulator.sv:68$399 into $add$src/accumulator.sv:72$392.
  merging $macc model for $add$src/accumulator.sv:61$410 into $add$src/accumulator.sv:72$392.
  merging $macc model for $add$src/accumulator.sv:53$404 into $add$src/accumulator.sv:72$392.
  merging $macc model for $add$src/accumulator.sv:61$409 into $add$src/accumulator.sv:72$392.
  merging $macc model for $add$src/accumulator.sv:53$402 into $add$src/accumulator.sv:72$392.
  merging $macc model for $add$src/accumulator.sv:53$401 into $add$src/accumulator.sv:72$392.
  merging $macc model for $add$src/accumulator.sv:61$411 into $add$src/accumulator.sv:72$392.
  merging $macc model for $add$src/accumulator.sv:53$406 into $add$src/accumulator.sv:72$392.
  merging $macc model for $add$src/accumulator.sv:53$405 into $add$src/accumulator.sv:72$392.
  merging $macc model for $add$src/accumulator.sv:53$403 into $add$src/accumulator.sv:72$392.
  merging $macc model for $add$src/accumulator.sv:53$407 into $add$src/accumulator.sv:72$392.
  creating $alu model for $macc $add$src/accumulator.sv:78$393.
  creating $macc cell for $add$src/accumulator.sv:72$392: $auto$alumacc.cc:365:replace_macc$1076
  creating $alu model for $gt$src/accumulator.sv:86$396 ($gt): new $alu
  creating $alu cell for $gt$src/accumulator.sv:86$396: $auto$alumacc.cc:495:replace_alu$1078
  creating $alu cell for $add$src/accumulator.sv:78$393: $auto$alumacc.cc:495:replace_alu$1089
  created 2 $alu and 1 $macc cells.
Extracting $alu and $macc cells in module are_ubnn_kws_top:
  created 0 $alu and 0 $macc cells.
Extracting $alu and $macc cells in module controller:
  created 0 $alu and 0 $macc cells.
Extracting $alu and $macc cells in module icg_cell:
  created 0 $alu and 0 $macc cells.
Extracting $alu and $macc cells in module pe_activity_detector:
  created 0 $alu and 0 $macc cells.
Extracting $alu and $macc cells in module pe_array16:
  created 0 $alu and 0 $macc cells.
Extracting $alu and $macc cells in module popcount16:
  creating $macc model for $add$src/popcount16.sv:28$10 ($add).
  creating $macc model for $add$src/popcount16.sv:28$11 ($add).
  creating $macc model for $add$src/popcount16.sv:28$12 ($add).
  creating $macc model for $add$src/popcount16.sv:28$5 ($add).
  creating $macc model for $add$src/popcount16.sv:28$6 ($add).
  creating $macc model for $add$src/popcount16.sv:28$7 ($add).
  creating $macc model for $add$src/popcount16.sv:28$8 ($add).
  creating $macc model for $add$src/popcount16.sv:28$9 ($add).
  creating $macc model for $add$src/popcount16.sv:36$13 ($add).
  creating $macc model for $add$src/popcount16.sv:36$14 ($add).
  creating $macc model for $add$src/popcount16.sv:36$15 ($add).
  creating $macc model for $add$src/popcount16.sv:36$16 ($add).
  creating $macc model for $add$src/popcount16.sv:42$3 ($add).
  creating $macc model for $add$src/popcount16.sv:43$4 ($add).
  creating $macc model for $add$src/popcount16.sv:46$1 ($add).
  merging $macc model for $add$src/popcount16.sv:42$3 into $add$src/popcount16.sv:46$1.
  merging $macc model for $add$src/popcount16.sv:36$13 into $add$src/popcount16.sv:46$1.
  merging $macc model for $add$src/popcount16.sv:28$5 into $add$src/popcount16.sv:46$1.
  merging $macc model for $add$src/popcount16.sv:43$4 into $add$src/popcount16.sv:46$1.
  merging $macc model for $add$src/popcount16.sv:36$15 into $add$src/popcount16.sv:46$1.
  merging $macc model for $add$src/popcount16.sv:28$9 into $add$src/popcount16.sv:46$1.
  merging $macc model for $add$src/popcount16.sv:36$14 into $add$src/popcount16.sv:46$1.
  merging $macc model for $add$src/popcount16.sv:28$7 into $add$src/popcount16.sv:46$1.
  merging $macc model for $add$src/popcount16.sv:28$6 into $add$src/popcount16.sv:46$1.
  merging $macc model for $add$src/popcount16.sv:36$16 into $add$src/popcount16.sv:46$1.
  merging $macc model for $add$src/popcount16.sv:28$11 into $add$src/popcount16.sv:46$1.
  merging $macc model for $add$src/popcount16.sv:28$10 into $add$src/popcount16.sv:46$1.
  merging $macc model for $add$src/popcount16.sv:28$8 into $add$src/popcount16.sv:46$1.
  merging $macc model for $add$src/popcount16.sv:28$12 into $add$src/popcount16.sv:46$1.
  creating $macc cell for $add$src/popcount16.sv:46$1: $auto$alumacc.cc:365:replace_macc$1092
  created 0 $alu and 1 $macc cells.
Extracting $alu and $macc cells in module protected_weight_memory:
  created 0 $alu and 0 $macc cells.
Extracting $alu and $macc cells in module secded_decoder:
  creating $macc model for $neg$src/secded_decoder.sv:0$128 ($neg).
  creating $macc model for $sub$src/secded_decoder.sv:80$127 ($sub).
  creating $alu model for $macc $sub$src/secded_decoder.sv:80$127.
  creating $alu model for $macc $neg$src/secded_decoder.sv:0$128.
  creating $alu model for $ge$src/secded_decoder.sv:79$122 ($ge): merged with $sub$src/secded_decoder.sv:80$127.
  creating $alu model for $le$src/secded_decoder.sv:79$123 ($le): new $alu
  creating $alu cell for $le$src/secded_decoder.sv:79$123: $auto$alumacc.cc:495:replace_alu$1094
  creating $alu cell for $neg$src/secded_decoder.sv:0$128: $auto$alumacc.cc:495:replace_alu$1103
  creating $alu cell for $sub$src/secded_decoder.sv:80$127, $ge$src/secded_decoder.sv:79$122: $auto$alumacc.cc:495:replace_alu$1106
  created 3 $alu and 0 $macc cells.
Extracting $alu and $macc cells in module secded_encoder:
  created 0 $alu and 0 $macc cells.
Extracting $alu and $macc cells in module threshold_unit:
  creating $alu model for $ge$src/threshold_unit.sv:26$412 ($ge): new $alu
  creating $alu cell for $ge$src/threshold_unit.sv:26$412: $auto$alumacc.cc:495:replace_alu$1120
  created 1 $alu and 0 $macc cells.
Extracting $alu and $macc cells in module unipolar_pe:
  created 0 $alu and 0 $macc cells.

15.13. Executing SHARE pass (SAT-based resource sharing).
Found 2 cells in module protected_weight_memory that may be considered for resource sharing.
  Analyzing resource sharing options for $shl$src/protected_weight_memory.sv:114$239 ($shl):
    Found 16 activation_patterns using ctrl signal { $logic_and$src/protected_weight_memory.sv:111$341_Y $logic_and$src/protected_weight_memory.sv:111$334_Y $logic_and$src/protected_weight_memory.sv:111$327_Y $logic_and$src/protected_weight_memory.sv:111$320_Y $logic_and$src/protected_weight_memory.sv:111$313_Y $logic_and$src/protected_weight_memory.sv:111$306_Y $logic_and$src/protected_weight_memory.sv:111$299_Y $logic_and$src/protected_weight_memory.sv:111$292_Y $logic_and$src/protected_weight_memory.sv:111$285_Y $logic_and$src/protected_weight_memory.sv:111$278_Y $logic_and$src/protected_weight_memory.sv:111$271_Y $logic_and$src/protected_weight_memory.sv:111$264_Y $logic_and$src/protected_weight_memory.sv:111$257_Y $logic_and$src/protected_weight_memory.sv:111$250_Y $logic_and$src/protected_weight_memory.sv:111$243_Y $logic_and$src/protected_weight_memory.sv:111$236_Y \fault_is_double }.
    Found 1 candidates: $shl$src/protected_weight_memory.sv:112$237
    Analyzing resource sharing with $shl$src/protected_weight_memory.sv:112$237 ($shl):
      Found 16 activation_patterns using ctrl signal { $logic_and$src/protected_weight_memory.sv:111$341_Y $logic_and$src/protected_weight_memory.sv:111$334_Y $logic_and$src/protected_weight_memory.sv:111$327_Y $logic_and$src/protected_weight_memory.sv:111$320_Y $logic_and$src/protected_weight_memory.sv:111$313_Y $logic_and$src/protected_weight_memory.sv:111$306_Y $logic_and$src/protected_weight_memory.sv:111$299_Y $logic_and$src/protected_weight_memory.sv:111$292_Y $logic_and$src/protected_weight_memory.sv:111$285_Y $logic_and$src/protected_weight_memory.sv:111$278_Y $logic_and$src/protected_weight_memory.sv:111$271_Y $logic_and$src/protected_weight_memory.sv:111$264_Y $logic_and$src/protected_weight_memory.sv:111$257_Y $logic_and$src/protected_weight_memory.sv:111$250_Y $logic_and$src/protected_weight_memory.sv:111$243_Y $logic_and$src/protected_weight_memory.sv:111$236_Y }.
      Activation pattern for cell $shl$src/protected_weight_memory.sv:114$239: { $logic_and$src/protected_weight_memory.sv:111$236_Y \fault_is_double } = 2'11
      Activation pattern for cell $shl$src/protected_weight_memory.sv:114$239: { $logic_and$src/protected_weight_memory.sv:111$243_Y \fault_is_double } = 2'11
      Activation pattern for cell $shl$src/protected_weight_memory.sv:114$239: { $logic_and$src/protected_weight_memory.sv:111$250_Y \fault_is_double } = 2'11
      Activation pattern for cell $shl$src/protected_weight_memory.sv:114$239: { $logic_and$src/protected_weight_memory.sv:111$257_Y \fault_is_double } = 2'11
      Activation pattern for cell $shl$src/protected_weight_memory.sv:114$239: { $logic_and$src/protected_weight_memory.sv:111$264_Y \fault_is_double } = 2'11
      Activation pattern for cell $shl$src/protected_weight_memory.sv:114$239: { $logic_and$src/protected_weight_memory.sv:111$271_Y \fault_is_double } = 2'11
      Activation pattern for cell $shl$src/protected_weight_memory.sv:114$239: { $logic_and$src/protected_weight_memory.sv:111$278_Y \fault_is_double } = 2'11
      Activation pattern for cell $shl$src/protected_weight_memory.sv:114$239: { $logic_and$src/protected_weight_memory.sv:111$285_Y \fault_is_double } = 2'11
      Activation pattern for cell $shl$src/protected_weight_memory.sv:114$239: { $logic_and$src/protected_weight_memory.sv:111$292_Y \fault_is_double } = 2'11
      Activation pattern for cell $shl$src/protected_weight_memory.sv:114$239: { $logic_and$src/protected_weight_memory.sv:111$299_Y \fault_is_double } = 2'11
      Activation pattern for cell $shl$src/protected_weight_memory.sv:114$239: { $logic_and$src/protected_weight_memory.sv:111$306_Y \fault_is_double } = 2'11
      Activation pattern for cell $shl$src/protected_weight_memory.sv:114$239: { $logic_and$src/protected_weight_memory.sv:111$313_Y \fault_is_double } = 2'11
      Activation pattern for cell $shl$src/protected_weight_memory.sv:114$239: { $logic_and$src/protected_weight_memory.sv:111$320_Y \fault_is_double } = 2'11
      Activation pattern for cell $shl$src/protected_weight_memory.sv:114$239: { $logic_and$src/protected_weight_memory.sv:111$327_Y \fault_is_double } = 2'11
      Activation pattern for cell $shl$src/protected_weight_memory.sv:114$239: { $logic_and$src/protected_weight_memory.sv:111$334_Y \fault_is_double } = 2'11
      Activation pattern for cell $shl$src/protected_weight_memory.sv:114$239: { $logic_and$src/protected_weight_memory.sv:111$341_Y \fault_is_double } = 2'11
      Activation pattern for cell $shl$src/protected_weight_memory.sv:112$237: $logic_and$src/protected_weight_memory.sv:111$236_Y = 1'1
      Activation pattern for cell $shl$src/protected_weight_memory.sv:112$237: $logic_and$src/protected_weight_memory.sv:111$243_Y = 1'1
      Activation pattern for cell $shl$src/protected_weight_memory.sv:112$237: $logic_and$src/protected_weight_memory.sv:111$250_Y = 1'1
      Activation pattern for cell $shl$src/protected_weight_memory.sv:112$237: $logic_and$src/protected_weight_memory.sv:111$257_Y = 1'1
      Activation pattern for cell $shl$src/protected_weight_memory.sv:112$237: $logic_and$src/protected_weight_memory.sv:111$264_Y = 1'1
      Activation pattern for cell $shl$src/protected_weight_memory.sv:112$237: $logic_and$src/protected_weight_memory.sv:111$271_Y = 1'1
      Activation pattern for cell $shl$src/protected_weight_memory.sv:112$237: $logic_and$src/protected_weight_memory.sv:111$278_Y = 1'1
      Activation pattern for cell $shl$src/protected_weight_memory.sv:112$237: $logic_and$src/protected_weight_memory.sv:111$285_Y = 1'1
      Activation pattern for cell $shl$src/protected_weight_memory.sv:112$237: $logic_and$src/protected_weight_memory.sv:111$292_Y = 1'1
      Activation pattern for cell $shl$src/protected_weight_memory.sv:112$237: $logic_and$src/protected_weight_memory.sv:111$299_Y = 1'1
      Activation pattern for cell $shl$src/protected_weight_memory.sv:112$237: $logic_and$src/protected_weight_memory.sv:111$306_Y = 1'1
      Activation pattern for cell $shl$src/protected_weight_memory.sv:112$237: $logic_and$src/protected_weight_memory.sv:111$313_Y = 1'1
      Activation pattern for cell $shl$src/protected_weight_memory.sv:112$237: $logic_and$src/protected_weight_memory.sv:111$320_Y = 1'1
      Activation pattern for cell $shl$src/protected_weight_memory.sv:112$237: $logic_and$src/protected_weight_memory.sv:111$327_Y = 1'1
      Activation pattern for cell $shl$src/protected_weight_memory.sv:112$237: $logic_and$src/protected_weight_memory.sv:111$334_Y = 1'1
      Activation pattern for cell $shl$src/protected_weight_memory.sv:112$237: $logic_and$src/protected_weight_memory.sv:111$341_Y = 1'1
      Size of SAT problem: 32 cells, 286 variables, 848 clauses
      According to the SAT solver this pair of cells can not be shared.
      Model from SAT solver: { $logic_and$src/protected_weight_memory.sv:111$341_Y $logic_and$src/protected_weight_memory.sv:111$334_Y $logic_and$src/protected_weight_memory.sv:111$327_Y $logic_and$src/protected_weight_memory.sv:111$320_Y $logic_and$src/protected_weight_memory.sv:111$313_Y $logic_and$src/protected_weight_memory.sv:111$306_Y $logic_and$src/protected_weight_memory.sv:111$299_Y $logic_and$src/protected_weight_memory.sv:111$292_Y $logic_and$src/protected_weight_memory.sv:111$285_Y $logic_and$src/protected_weight_memory.sv:111$278_Y $logic_and$src/protected_weight_memory.sv:111$271_Y $logic_and$src/protected_weight_memory.sv:111$264_Y $logic_and$src/protected_weight_memory.sv:111$257_Y $logic_and$src/protected_weight_memory.sv:111$250_Y $logic_and$src/protected_weight_memory.sv:111$243_Y $logic_and$src/protected_weight_memory.sv:111$236_Y \fault_is_double } = 17'00000000000000101
  Analyzing resource sharing options for $shl$src/protected_weight_memory.sv:112$237 ($shl):
    Found 16 activation_patterns using ctrl signal { $logic_and$src/protected_weight_memory.sv:111$341_Y $logic_and$src/protected_weight_memory.sv:111$334_Y $logic_and$src/protected_weight_memory.sv:111$327_Y $logic_and$src/protected_weight_memory.sv:111$320_Y $logic_and$src/protected_weight_memory.sv:111$313_Y $logic_and$src/protected_weight_memory.sv:111$306_Y $logic_and$src/protected_weight_memory.sv:111$299_Y $logic_and$src/protected_weight_memory.sv:111$292_Y $logic_and$src/protected_weight_memory.sv:111$285_Y $logic_and$src/protected_weight_memory.sv:111$278_Y $logic_and$src/protected_weight_memory.sv:111$271_Y $logic_and$src/protected_weight_memory.sv:111$264_Y $logic_and$src/protected_weight_memory.sv:111$257_Y $logic_and$src/protected_weight_memory.sv:111$250_Y $logic_and$src/protected_weight_memory.sv:111$243_Y $logic_and$src/protected_weight_memory.sv:111$236_Y }.
    No candidates found.

15.14. Executing OPT pass (performing simple optimizations).

15.14.1. Executing OPT_EXPR pass (perform const folding).
Optimizing module accumulator.
<suppressed ~1 debug messages>
Optimizing module are_ubnn_kws_top.
Optimizing module controller.
Optimizing module icg_cell.
Optimizing module pe_activity_detector.
Optimizing module pe_array16.
Optimizing module popcount16.
Optimizing module protected_weight_memory.
Optimizing module secded_decoder.
Optimizing module secded_encoder.
Optimizing module threshold_unit.
Optimizing module unipolar_pe.

15.14.2. Executing OPT_MERGE pass (detect identical cells).
Finding identical cells in module `\accumulator'.
Finding identical cells in module `\are_ubnn_kws_top'.
Finding identical cells in module `\controller'.
Finding identical cells in module `\icg_cell'.
Finding identical cells in module `\pe_activity_detector'.
Finding identical cells in module `\pe_array16'.
Finding identical cells in module `\popcount16'.
Finding identical cells in module `\protected_weight_memory'.
Finding identical cells in module `\secded_decoder'.
Finding identical cells in module `\secded_encoder'.
Finding identical cells in module `\threshold_unit'.
Finding identical cells in module `\unipolar_pe'.
Removed a total of 0 cells.

15.14.3. Executing OPT_MUXTREE pass (detect dead branches in mux trees).
Running muxtree optimizer on module \accumulator..
  Creating internal representation of mux trees.
  Evaluating internal representation of mux trees.
  Analyzing evaluation results.
Running muxtree optimizer on module \are_ubnn_kws_top..
  Creating internal representation of mux trees.
  Evaluating internal representation of mux trees.
  Analyzing evaluation results.
Running muxtree optimizer on module \controller..
  Creating internal representation of mux trees.
  Evaluating internal representation of mux trees.
  Analyzing evaluation results.
Running muxtree optimizer on module \icg_cell..
  Creating internal representation of mux trees.
  No muxes found in this module.
Running muxtree optimizer on module \pe_activity_detector..
  Creating internal representation of mux trees.
  Evaluating internal representation of mux trees.
  Analyzing evaluation results.
Running muxtree optimizer on module \pe_array16..
  Creating internal representation of mux trees.
  No muxes found in this module.
Running muxtree optimizer on module \popcount16..
  Creating internal representation of mux trees.
  No muxes found in this module.
Running muxtree optimizer on module \protected_weight_memory..
  Creating internal representation of mux trees.
  Evaluating internal representation of mux trees.
  Analyzing evaluation results.
Running muxtree optimizer on module \secded_decoder..
  Creating internal representation of mux trees.
  Evaluating internal representation of mux trees.
  Analyzing evaluation results.
Running muxtree optimizer on module \secded_encoder..
  Creating internal representation of mux trees.
  No muxes found in this module.
Running muxtree optimizer on module \threshold_unit..
  Creating internal representation of mux trees.
  Evaluating internal representation of mux trees.
  Analyzing evaluation results.
Running muxtree optimizer on module \unipolar_pe..
  Creating internal representation of mux trees.
  No muxes found in this module.
Removed 0 multiplexer ports.
<suppressed ~56 debug messages>

15.14.4. Executing OPT_REDUCE pass (consolidate $*mux and $reduce_* inputs).
  Optimizing cells in module \accumulator.
  Optimizing cells in module \are_ubnn_kws_top.
  Optimizing cells in module \controller.
  Optimizing cells in module \icg_cell.
  Optimizing cells in module \pe_activity_detector.
  Optimizing cells in module \pe_array16.
  Optimizing cells in module \popcount16.
  Optimizing cells in module \protected_weight_memory.
  Optimizing cells in module \secded_decoder.
  Optimizing cells in module \secded_encoder.
  Optimizing cells in module \threshold_unit.
  Optimizing cells in module \unipolar_pe.
Performed a total of 0 changes.

15.14.5. Executing OPT_MERGE pass (detect identical cells).
Finding identical cells in module `\accumulator'.
Finding identical cells in module `\are_ubnn_kws_top'.
Finding identical cells in module `\controller'.
Finding identical cells in module `\icg_cell'.
Finding identical cells in module `\pe_activity_detector'.
Finding identical cells in module `\pe_array16'.
Finding identical cells in module `\popcount16'.
Finding identical cells in module `\protected_weight_memory'.
Finding identical cells in module `\secded_decoder'.
Finding identical cells in module `\secded_encoder'.
Finding identical cells in module `\threshold_unit'.
Finding identical cells in module `\unipolar_pe'.
Removed a total of 0 cells.

15.14.6. Executing OPT_DFF pass (perform DFF optimizations).

15.14.7. Executing OPT_CLEAN pass (remove unused cells and wires).
Finding unused cells or wires in module \accumulator..
Finding unused cells or wires in module \are_ubnn_kws_top..
Finding unused cells or wires in module \controller..
Finding unused cells or wires in module \icg_cell..
Finding unused cells or wires in module \pe_activity_detector..
Finding unused cells or wires in module \pe_array16..
Finding unused cells or wires in module \popcount16..
Finding unused cells or wires in module \protected_weight_memory..
Finding unused cells or wires in module \secded_decoder..
Finding unused cells or wires in module \secded_encoder..
Finding unused cells or wires in module \threshold_unit..
Finding unused cells or wires in module \unipolar_pe..
Removed 29 unused cells and 33 unused wires.
<suppressed ~60 debug messages>

15.14.8. Executing OPT_EXPR pass (perform const folding).
Optimizing module accumulator.
Optimizing module are_ubnn_kws_top.
Optimizing module controller.
Optimizing module icg_cell.
Optimizing module pe_activity_detector.
Optimizing module pe_array16.
Optimizing module popcount16.
Optimizing module protected_weight_memory.
Optimizing module secded_decoder.
Optimizing module secded_encoder.
Optimizing module threshold_unit.
Optimizing module unipolar_pe.

15.14.9. Rerunning OPT passes. (Maybe there is more to do..)

15.14.10. Executing OPT_MUXTREE pass (detect dead branches in mux trees).
Running muxtree optimizer on module \accumulator..
  Creating internal representation of mux trees.
  Evaluating internal representation of mux trees.
  Analyzing evaluation results.
Running muxtree optimizer on module \are_ubnn_kws_top..
  Creating internal representation of mux trees.
  Evaluating internal representation of mux trees.
  Analyzing evaluation results.
Running muxtree optimizer on module \controller..
  Creating internal representation of mux trees.
  Evaluating internal representation of mux trees.
  Analyzing evaluation results.
Running muxtree optimizer on module \icg_cell..
  Creating internal representation of mux trees.
  No muxes found in this module.
Running muxtree optimizer on module \pe_activity_detector..
  Creating internal representation of mux trees.
  Evaluating internal representation of mux trees.
  Analyzing evaluation results.
Running muxtree optimizer on module \pe_array16..
  Creating internal representation of mux trees.
  No muxes found in this module.
Running muxtree optimizer on module \popcount16..
  Creating internal representation of mux trees.
  No muxes found in this module.
Running muxtree optimizer on module \protected_weight_memory..
  Creating internal representation of mux trees.
  Evaluating internal representation of mux trees.
  Analyzing evaluation results.
Running muxtree optimizer on module \secded_decoder..
  Creating internal representation of mux trees.
  Evaluating internal representation of mux trees.
  Analyzing evaluation results.
Running muxtree optimizer on module \secded_encoder..
  Creating internal representation of mux trees.
  No muxes found in this module.
Running muxtree optimizer on module \threshold_unit..
  Creating internal representation of mux trees.
  Evaluating internal representation of mux trees.
  Analyzing evaluation results.
Running muxtree optimizer on module \unipolar_pe..
  Creating internal representation of mux trees.
  No muxes found in this module.
Removed 0 multiplexer ports.
<suppressed ~56 debug messages>

15.14.11. Executing OPT_REDUCE pass (consolidate $*mux and $reduce_* inputs).
  Optimizing cells in module \accumulator.
  Optimizing cells in module \are_ubnn_kws_top.
  Optimizing cells in module \controller.
  Optimizing cells in module \icg_cell.
  Optimizing cells in module \pe_activity_detector.
  Optimizing cells in module \pe_array16.
  Optimizing cells in module \popcount16.
  Optimizing cells in module \protected_weight_memory.
  Optimizing cells in module \secded_decoder.
  Optimizing cells in module \secded_encoder.
  Optimizing cells in module \threshold_unit.
  Optimizing cells in module \unipolar_pe.
Performed a total of 0 changes.

15.14.12. Executing OPT_MERGE pass (detect identical cells).
Finding identical cells in module `\accumulator'.
Finding identical cells in module `\are_ubnn_kws_top'.
Finding identical cells in module `\controller'.
Finding identical cells in module `\icg_cell'.
Finding identical cells in module `\pe_activity_detector'.
Finding identical cells in module `\pe_array16'.
Finding identical cells in module `\popcount16'.
Finding identical cells in module `\protected_weight_memory'.
Finding identical cells in module `\secded_decoder'.
Finding identical cells in module `\secded_encoder'.
Finding identical cells in module `\threshold_unit'.
Finding identical cells in module `\unipolar_pe'.
Removed a total of 0 cells.

15.14.13. Executing OPT_DFF pass (perform DFF optimizations).

15.14.14. Executing OPT_CLEAN pass (remove unused cells and wires).
Finding unused cells or wires in module \accumulator..
Finding unused cells or wires in module \are_ubnn_kws_top..
Finding unused cells or wires in module \controller..
Finding unused cells or wires in module \icg_cell..
Finding unused cells or wires in module \pe_activity_detector..
Finding unused cells or wires in module \pe_array16..
Finding unused cells or wires in module \popcount16..
Finding unused cells or wires in module \protected_weight_memory..
Finding unused cells or wires in module \secded_decoder..
Finding unused cells or wires in module \secded_encoder..
Finding unused cells or wires in module \threshold_unit..
Finding unused cells or wires in module \unipolar_pe..

15.14.15. Executing OPT_EXPR pass (perform const folding).
Optimizing module accumulator.
Optimizing module are_ubnn_kws_top.
Optimizing module controller.
Optimizing module icg_cell.
Optimizing module pe_activity_detector.
Optimizing module pe_array16.
Optimizing module popcount16.
Optimizing module protected_weight_memory.
Optimizing module secded_decoder.
Optimizing module secded_encoder.
Optimizing module threshold_unit.
Optimizing module unipolar_pe.

15.14.16. Finished OPT passes. (There is nothing left to do.)

15.15. Executing MEMORY pass.

15.15.1. Executing OPT_MEM pass (optimize memories).
Performed a total of 0 transformations.

15.15.2. Executing OPT_MEM_PRIORITY pass (removing unnecessary memory write priority relations).
Performed a total of 0 transformations.

15.15.3. Executing OPT_MEM_FEEDBACK pass (finding memory read-to-write feedback paths).

15.15.4. Executing MEMORY_BMUX2ROM pass (converting muxes to ROMs).

15.15.5. Executing MEMORY_DFF pass (merging $dff cells to $memrd).

15.15.6. Executing OPT_CLEAN pass (remove unused cells and wires).
Finding unused cells or wires in module \accumulator..
Finding unused cells or wires in module \are_ubnn_kws_top..
Finding unused cells or wires in module \controller..
Finding unused cells or wires in module \icg_cell..
Finding unused cells or wires in module \pe_activity_detector..
Finding unused cells or wires in module \pe_array16..
Finding unused cells or wires in module \popcount16..
Finding unused cells or wires in module \protected_weight_memory..
Finding unused cells or wires in module \secded_decoder..
Finding unused cells or wires in module \secded_encoder..
Finding unused cells or wires in module \threshold_unit..
Finding unused cells or wires in module \unipolar_pe..

15.15.7. Executing MEMORY_SHARE pass (consolidating $memrd/$memwr cells).

15.15.8. Executing OPT_MEM_WIDEN pass (optimize memories where all ports are wide).
Performed a total of 0 transformations.

15.15.9. Executing OPT_CLEAN pass (remove unused cells and wires).
Finding unused cells or wires in module \accumulator..
Finding unused cells or wires in module \are_ubnn_kws_top..
Finding unused cells or wires in module \controller..
Finding unused cells or wires in module \icg_cell..
Finding unused cells or wires in module \pe_activity_detector..
Finding unused cells or wires in module \pe_array16..
Finding unused cells or wires in module \popcount16..
Finding unused cells or wires in module \protected_weight_memory..
Finding unused cells or wires in module \secded_decoder..
Finding unused cells or wires in module \secded_encoder..
Finding unused cells or wires in module \threshold_unit..
Finding unused cells or wires in module \unipolar_pe..

15.15.10. Executing MEMORY_COLLECT pass (generating $mem cells).

15.16. Executing OPT_CLEAN pass (remove unused cells and wires).
Finding unused cells or wires in module \accumulator..
Finding unused cells or wires in module \are_ubnn_kws_top..
Finding unused cells or wires in module \controller..
Finding unused cells or wires in module \icg_cell..
Finding unused cells or wires in module \pe_activity_detector..
Finding unused cells or wires in module \pe_array16..
Finding unused cells or wires in module \popcount16..
Finding unused cells or wires in module \protected_weight_memory..
Finding unused cells or wires in module \secded_decoder..
Finding unused cells or wires in module \secded_encoder..
Finding unused cells or wires in module \threshold_unit..
Finding unused cells or wires in module \unipolar_pe..

15.17. Executing OPT pass (performing simple optimizations).

15.17.1. Executing OPT_EXPR pass (perform const folding).
Optimizing module accumulator.
<suppressed ~1 debug messages>
Optimizing module are_ubnn_kws_top.
Optimizing module controller.
<suppressed ~1 debug messages>
Optimizing module icg_cell.
Optimizing module pe_activity_detector.
<suppressed ~16 debug messages>
Optimizing module pe_array16.
Optimizing module popcount16.
Optimizing module protected_weight_memory.
<suppressed ~4 debug messages>
Optimizing module secded_decoder.
Optimizing module secded_encoder.
Optimizing module threshold_unit.
<suppressed ~1 debug messages>
Optimizing module unipolar_pe.

15.17.2. Executing OPT_MERGE pass (detect identical cells).
Finding identical cells in module `\accumulator'.
Finding identical cells in module `\are_ubnn_kws_top'.
Finding identical cells in module `\controller'.
Finding identical cells in module `\icg_cell'.
Finding identical cells in module `\pe_activity_detector'.
Finding identical cells in module `\pe_array16'.
Finding identical cells in module `\popcount16'.
Finding identical cells in module `\protected_weight_memory'.
Finding identical cells in module `\secded_decoder'.
Finding identical cells in module `\secded_encoder'.
Finding identical cells in module `\threshold_unit'.
Finding identical cells in module `\unipolar_pe'.
Removed a total of 0 cells.

15.17.3. Executing OPT_DFF pass (perform DFF optimizations).

15.17.4. Executing OPT_CLEAN pass (remove unused cells and wires).
Finding unused cells or wires in module \accumulator..
Finding unused cells or wires in module \are_ubnn_kws_top..
Finding unused cells or wires in module \controller..
Finding unused cells or wires in module \icg_cell..
Finding unused cells or wires in module \pe_activity_detector..
Finding unused cells or wires in module \pe_array16..
Finding unused cells or wires in module \popcount16..
Finding unused cells or wires in module \protected_weight_memory..
Finding unused cells or wires in module \secded_decoder..
Finding unused cells or wires in module \secded_encoder..
Finding unused cells or wires in module \threshold_unit..
Finding unused cells or wires in module \unipolar_pe..
Removed 0 unused cells and 3 unused wires.
<suppressed ~3 debug messages>

15.17.5. Finished fast OPT passes.

15.18. Executing MEMORY_MAP pass (converting memories to logic and flip-flops).

15.19. Executing OPT pass (performing simple optimizations).

15.19.1. Executing OPT_EXPR pass (perform const folding).
Optimizing module accumulator.
Optimizing module are_ubnn_kws_top.
Optimizing module controller.
Optimizing module icg_cell.
Optimizing module pe_activity_detector.
Optimizing module pe_array16.
Optimizing module popcount16.
Optimizing module protected_weight_memory.
Optimizing module secded_decoder.
Optimizing module secded_encoder.
Optimizing module threshold_unit.
Optimizing module unipolar_pe.

15.19.2. Executing OPT_MERGE pass (detect identical cells).
Finding identical cells in module `\accumulator'.
Finding identical cells in module `\are_ubnn_kws_top'.
Finding identical cells in module `\controller'.
Finding identical cells in module `\icg_cell'.
Finding identical cells in module `\pe_activity_detector'.
Finding identical cells in module `\pe_array16'.
Finding identical cells in module `\popcount16'.
Finding identical cells in module `\protected_weight_memory'.
Finding identical cells in module `\secded_decoder'.
Finding identical cells in module `\secded_encoder'.
Finding identical cells in module `\threshold_unit'.
Finding identical cells in module `\unipolar_pe'.
Removed a total of 0 cells.

15.19.3. Executing OPT_MUXTREE pass (detect dead branches in mux trees).
Running muxtree optimizer on module \accumulator..
  Creating internal representation of mux trees.
  Evaluating internal representation of mux trees.
  Analyzing evaluation results.
Running muxtree optimizer on module \are_ubnn_kws_top..
  Creating internal representation of mux trees.
  Evaluating internal representation of mux trees.
  Analyzing evaluation results.
Running muxtree optimizer on module \controller..
  Creating internal representation of mux trees.
  Evaluating internal representation of mux trees.
  Analyzing evaluation results.
Running muxtree optimizer on module \icg_cell..
  Creating internal representation of mux trees.
  No muxes found in this module.
Running muxtree optimizer on module \pe_activity_detector..
  Creating internal representation of mux trees.
  No muxes found in this module.
Running muxtree optimizer on module \pe_array16..
  Creating internal representation of mux trees.
  No muxes found in this module.
Running muxtree optimizer on module \popcount16..
  Creating internal representation of mux trees.
  No muxes found in this module.
Running muxtree optimizer on module \protected_weight_memory..
  Creating internal representation of mux trees.
  Evaluating internal representation of mux trees.
  Analyzing evaluation results.
Running muxtree optimizer on module \secded_decoder..
  Creating internal representation of mux trees.
  Evaluating internal representation of mux trees.
  Analyzing evaluation results.
Running muxtree optimizer on module \secded_encoder..
  Creating internal representation of mux trees.
  No muxes found in this module.
Running muxtree optimizer on module \threshold_unit..
  Creating internal representation of mux trees.
  No muxes found in this module.
Running muxtree optimizer on module \unipolar_pe..
  Creating internal representation of mux trees.
  No muxes found in this module.
Removed 0 multiplexer ports.
<suppressed ~39 debug messages>

15.19.4. Executing OPT_REDUCE pass (consolidate $*mux and $reduce_* inputs).
  Optimizing cells in module \accumulator.
  Optimizing cells in module \are_ubnn_kws_top.
  Optimizing cells in module \controller.
    Consolidated identical input bits for $mux cell $procmux$462:
      Old ports: A=3'010, B=3'001, Y=$2\next_state[2:0]
      New ports: A=2'10, B=2'01, Y=$2\next_state[2:0] [1:0]
      New connections: $2\next_state[2:0] [2] = 1'0
  Optimizing cells in module \controller.
  Optimizing cells in module \icg_cell.
  Optimizing cells in module \pe_activity_detector.
  Optimizing cells in module \pe_array16.
  Optimizing cells in module \popcount16.
  Optimizing cells in module \protected_weight_memory.
  Optimizing cells in module \secded_decoder.
  Optimizing cells in module \secded_encoder.
  Optimizing cells in module \threshold_unit.
  Optimizing cells in module \unipolar_pe.
Performed a total of 1 changes.

15.19.5. Executing OPT_MERGE pass (detect identical cells).
Finding identical cells in module `\accumulator'.
Finding identical cells in module `\are_ubnn_kws_top'.
Finding identical cells in module `\controller'.
Finding identical cells in module `\icg_cell'.
Finding identical cells in module `\pe_activity_detector'.
Finding identical cells in module `\pe_array16'.
Finding identical cells in module `\popcount16'.
Finding identical cells in module `\protected_weight_memory'.
Finding identical cells in module `\secded_decoder'.
Finding identical cells in module `\secded_encoder'.
Finding identical cells in module `\threshold_unit'.
Finding identical cells in module `\unipolar_pe'.
Removed a total of 0 cells.

15.19.6. Executing OPT_SHARE pass.

15.19.7. Executing OPT_DFF pass (perform DFF optimizations).

15.19.8. Executing OPT_CLEAN pass (remove unused cells and wires).
Finding unused cells or wires in module \accumulator..
Finding unused cells or wires in module \are_ubnn_kws_top..
Finding unused cells or wires in module \controller..
Finding unused cells or wires in module \icg_cell..
Finding unused cells or wires in module \pe_activity_detector..
Finding unused cells or wires in module \pe_array16..
Finding unused cells or wires in module \popcount16..
Finding unused cells or wires in module \protected_weight_memory..
Finding unused cells or wires in module \secded_decoder..
Finding unused cells or wires in module \secded_encoder..
Finding unused cells or wires in module \threshold_unit..
Finding unused cells or wires in module \unipolar_pe..

15.19.9. Executing OPT_EXPR pass (perform const folding).
Optimizing module accumulator.
Optimizing module are_ubnn_kws_top.
Optimizing module controller.
Optimizing module icg_cell.
Optimizing module pe_activity_detector.
Optimizing module pe_array16.
Optimizing module popcount16.
Optimizing module protected_weight_memory.
Optimizing module secded_decoder.
Optimizing module secded_encoder.
Optimizing module threshold_unit.
Optimizing module unipolar_pe.

15.19.10. Rerunning OPT passes. (Maybe there is more to do..)

15.19.11. Executing OPT_MUXTREE pass (detect dead branches in mux trees).
Running muxtree optimizer on module \accumulator..
  Creating internal representation of mux trees.
  Evaluating internal representation of mux trees.
  Analyzing evaluation results.
Running muxtree optimizer on module \are_ubnn_kws_top..
  Creating internal representation of mux trees.
  Evaluating internal representation of mux trees.
  Analyzing evaluation results.
Running muxtree optimizer on module \controller..
  Creating internal representation of mux trees.
  Evaluating internal representation of mux trees.
  Analyzing evaluation results.
Running muxtree optimizer on module \icg_cell..
  Creating internal representation of mux trees.
  No muxes found in this module.
Running muxtree optimizer on module \pe_activity_detector..
  Creating internal representation of mux trees.
  No muxes found in this module.
Running muxtree optimizer on module \pe_array16..
  Creating internal representation of mux trees.
  No muxes found in this module.
Running muxtree optimizer on module \popcount16..
  Creating internal representation of mux trees.
  No muxes found in this module.
Running muxtree optimizer on module \protected_weight_memory..
  Creating internal representation of mux trees.
  Evaluating internal representation of mux trees.
  Analyzing evaluation results.
Running muxtree optimizer on module \secded_decoder..
  Creating internal representation of mux trees.
  Evaluating internal representation of mux trees.
  Analyzing evaluation results.
Running muxtree optimizer on module \secded_encoder..
  Creating internal representation of mux trees.
  No muxes found in this module.
Running muxtree optimizer on module \threshold_unit..
  Creating internal representation of mux trees.
  No muxes found in this module.
Running muxtree optimizer on module \unipolar_pe..
  Creating internal representation of mux trees.
  No muxes found in this module.
Removed 0 multiplexer ports.
<suppressed ~39 debug messages>

15.19.12. Executing OPT_REDUCE pass (consolidate $*mux and $reduce_* inputs).
  Optimizing cells in module \accumulator.
  Optimizing cells in module \are_ubnn_kws_top.
  Optimizing cells in module \controller.
  Optimizing cells in module \icg_cell.
  Optimizing cells in module \pe_activity_detector.
  Optimizing cells in module \pe_array16.
  Optimizing cells in module \popcount16.
  Optimizing cells in module \protected_weight_memory.
  Optimizing cells in module \secded_decoder.
  Optimizing cells in module \secded_encoder.
  Optimizing cells in module \threshold_unit.
  Optimizing cells in module \unipolar_pe.
Performed a total of 0 changes.

15.19.13. Executing OPT_MERGE pass (detect identical cells).
Finding identical cells in module `\accumulator'.
Finding identical cells in module `\are_ubnn_kws_top'.
Finding identical cells in module `\controller'.
Finding identical cells in module `\icg_cell'.
Finding identical cells in module `\pe_activity_detector'.
Finding identical cells in module `\pe_array16'.
Finding identical cells in module `\popcount16'.
Finding identical cells in module `\protected_weight_memory'.
Finding identical cells in module `\secded_decoder'.
Finding identical cells in module `\secded_encoder'.
Finding identical cells in module `\threshold_unit'.
Finding identical cells in module `\unipolar_pe'.
Removed a total of 0 cells.

15.19.14. Executing OPT_SHARE pass.

15.19.15. Executing OPT_DFF pass (perform DFF optimizations).

15.19.16. Executing OPT_CLEAN pass (remove unused cells and wires).
Finding unused cells or wires in module \accumulator..
Finding unused cells or wires in module \are_ubnn_kws_top..
Finding unused cells or wires in module \controller..
Finding unused cells or wires in module \icg_cell..
Finding unused cells or wires in module \pe_activity_detector..
Finding unused cells or wires in module \pe_array16..
Finding unused cells or wires in module \popcount16..
Finding unused cells or wires in module \protected_weight_memory..
Finding unused cells or wires in module \secded_decoder..
Finding unused cells or wires in module \secded_encoder..
Finding unused cells or wires in module \threshold_unit..
Finding unused cells or wires in module \unipolar_pe..

15.19.17. Executing OPT_EXPR pass (perform const folding).
Optimizing module accumulator.
Optimizing module are_ubnn_kws_top.
Optimizing module controller.
Optimizing module icg_cell.
Optimizing module pe_activity_detector.
Optimizing module pe_array16.
Optimizing module popcount16.
Optimizing module protected_weight_memory.
Optimizing module secded_decoder.
Optimizing module secded_encoder.
Optimizing module threshold_unit.
Optimizing module unipolar_pe.

15.19.18. Finished OPT passes. (There is nothing left to do.)

15.20. Executing TECHMAP pass (map to technology primitives).

15.20.1. Executing Verilog-2005 frontend: /usr/bin/../share/yosys/techmap.v
Parsing Verilog input from `/usr/bin/../share/yosys/techmap.v' to AST representation.
Generating RTLIL representation for module `\_90_simplemap_bool_ops'.
Generating RTLIL representation for module `\_90_simplemap_reduce_ops'.
Generating RTLIL representation for module `\_90_simplemap_logic_ops'.
Generating RTLIL representation for module `\_90_simplemap_compare_ops'.
Generating RTLIL representation for module `\_90_simplemap_various'.
Generating RTLIL representation for module `\_90_simplemap_registers'.
Generating RTLIL representation for module `\_90_shift_ops_shr_shl_sshl_sshr'.
Generating RTLIL representation for module `\_90_shift_shiftx'.
Generating RTLIL representation for module `\_90_fa'.
Generating RTLIL representation for module `\_90_lcu_brent_kung'.
Generating RTLIL representation for module `\_90_alu'.
Generating RTLIL representation for module `\_90_macc'.
Generating RTLIL representation for module `\_90_alumacc'.
Generating RTLIL representation for module `\$__div_mod_u'.
Generating RTLIL representation for module `\$__div_mod_trunc'.
Generating RTLIL representation for module `\_90_div'.
Generating RTLIL representation for module `\_90_mod'.
Generating RTLIL representation for module `\$__div_mod_floor'.
Generating RTLIL representation for module `\_90_divfloor'.
Generating RTLIL representation for module `\_90_modfloor'.
Generating RTLIL representation for module `\_90_pow'.
Generating RTLIL representation for module `\_90_pmux'.
Generating RTLIL representation for module `\_90_demux'.
Generating RTLIL representation for module `\_90_lut'.
Successfully finished Verilog frontend.

15.20.2. Continuing TECHMAP pass.
Using extmapper simplemap for cells of type $and.
Using extmapper simplemap for cells of type $adffe.
Using template $paramod$a1bc51c02ce12ac21eb18988e83292af48ed7d72\_90_alu for cells of type $alu.
Using extmapper simplemap for cells of type $reduce_or.
Using extmapper simplemap for cells of type $not.
Using extmapper simplemap for cells of type $or.
Using extmapper simplemap for cells of type $reduce_and.
Using extmapper simplemap for cells of type $mux.
Using extmapper simplemap for cells of type $pos.
Using template $paramod\_90_lcu_brent_kung\WIDTH=32'00000000000000000000000000001000 for cells of type $lcu.
Using extmapper simplemap for cells of type $xor.
Using extmapper simplemap for cells of type $reduce_xor.
Using extmapper simplemap for cells of type $logic_not.
Using extmapper simplemap for cells of type $reduce_bool.
Using extmapper simplemap for cells of type $logic_and.
Using template $paramod$332fab4e157f868977379756d21fa99887c3c6c4\_90_alu for cells of type $alu.
Using template $paramod$99501223b6f7e5af250351eeb57edb5403a5ad0b\_90_alu for cells of type $alu.
Using template $paramod$constmap:81a2d0394a9d234a6f3f91a82f5c432f61c2faaf$paramod$88b4191e2f9d6ae076b4f48c54996dada2166cff\_90_shift_shiftx for cells of type $shift.
Using template $paramod$constmap:51d1481cd7ab26fe9c78309a9e78d6b5e65b8995$paramod$d509eedf898f169b252175214c05bb347e0e1d33\_90_shift_shiftx for cells of type $shiftx.
Analyzing pattern of constant bits for this cell:
Creating constmapped module `$paramod$constmap:daa6302558d62fe612711fcdc9a460690b9300cd$paramod$88b4191e2f9d6ae076b4f48c54996dada2166cff\_90_shift_shiftx'.

15.20.23. Executing OPT_MUXTREE pass (detect dead branches in mux trees).
Running muxtree optimizer on module $paramod$constmap:daa6302558d62fe612711fcdc9a460690b9300cd$paramod$88b4191e2f9d6ae076b4f48c54996dada2166cff\_90_shift_shiftx..
  Creating internal representation of mux trees.
  Evaluating internal representation of mux trees.
  Analyzing evaluation results.
    dead port 2/2 on $mux $procmux$1557.
    dead port 2/2 on $mux $procmux$1551.
    dead port 2/2 on $mux $procmux$1545.
    dead port 2/2 on $mux $procmux$1539.
    dead port 2/2 on $mux $procmux$1533.
    dead port 2/2 on $mux $procmux$1527.
Removed 6 multiplexer ports.
<suppressed ~788 debug messages>

15.20.24. Executing OPT_EXPR pass (perform const folding).
Optimizing module $paramod$constmap:daa6302558d62fe612711fcdc9a460690b9300cd$paramod$88b4191e2f9d6ae076b4f48c54996dada2166cff\_90_shift_shiftx.
<suppressed ~28 debug messages>
Removed 0 unused cells and 11 unused wires.
Using template $paramod$constmap:daa6302558d62fe612711fcdc9a460690b9300cd$paramod$88b4191e2f9d6ae076b4f48c54996dada2166cff\_90_shift_shiftx for cells of type $shift.
Using template $paramod$b18e16801adf491a64caa0542270798e5d4ac6b6\_90_alu for cells of type $alu.
Using extmapper simplemap for cells of type $ne.
Using template $paramod\_90_lcu_brent_kung\WIDTH=32'00000000000000000000000000100001 for cells of type $lcu.
Using template $paramod\_90_lcu_brent_kung\WIDTH=32'00000000000000000000000000000110 for cells of type $lcu.
Using template $paramod\_90_lcu_brent_kung\WIDTH=32'00000000000000000000000000000101 for cells of type $lcu.
Using template $paramod$constmap:46c408f2b35162963f4e27b2a497cb39bdf12133$paramod$b352c2e7d81f29e5084fcf02789095cf7bbcc2b9\_90_shift_ops_shr_shl_sshl_sshr for cells of type $shl.
Using extmapper simplemap for cells of type $eq.
Using template $paramod$82ac157a7de5db3ecfecd2a01ea425d7a39bb05e\_90_pmux for cells of type $pmux.
Using template $paramod$e85bcdd999a9f7e1064fcb77207041270947b77a\_90_pmux for cells of type $pmux.
Using template $paramod$b21a913db3fdeb0d1aa19aafaf9d2843b72bbd74\_90_pmux for cells of type $pmux.
Using extmapper maccmap for cells of type $macc_v2.
  add \in_data [0] (1 bits, unsigned)
  add \in_data [8] (1 bits, unsigned)
  add \in_data [4] (1 bits, unsigned)
  add \in_data [2] (1 bits, unsigned)
  add \in_data [1] (1 bits, unsigned)
  add \in_data [12] (1 bits, unsigned)
  add \in_data [10] (1 bits, unsigned)
  add \in_data [9] (1 bits, unsigned)
  add \in_data [6] (1 bits, unsigned)
  add \in_data [5] (1 bits, unsigned)
  add \in_data [3] (1 bits, unsigned)
  add \in_data [14] (1 bits, unsigned)
  add \in_data [13] (1 bits, unsigned)
  add \in_data [11] (1 bits, unsigned)
  add \in_data [7] (1 bits, unsigned)
  add \in_data [15] (1 bits, unsigned)
  packed 7 (7) bits / 7 words into adder tree
Using template $paramod\_90_fa\WIDTH=32'00000000000000000000000000000001 for cells of type $fa.
Using template $paramod\_90_fa\WIDTH=32'00000000000000000000000000000010 for cells of type $fa.
Using template $paramod\_90_fa\WIDTH=32'00000000000000000000000000000011 for cells of type $fa.
Using template $paramod\_90_fa\WIDTH=32'00000000000000000000000000000100 for cells of type $fa.
Using extmapper simplemap for cells of type $logic_or.
Using template $paramod$85df5dc01c7df96a7d8e5f1fdf76ce9ac452af63\_90_pmux for cells of type $pmux.
Using template $paramod$9befa12646ab1d64090f7cfa4f3c72972b2004e7\_90_alu for cells of type $alu.
Using template $paramod$0bf21d6ba6357507623b189abbc1d6f284d75c81\_90_alu for cells of type $alu.
  add \pe_results [4:0] (5 bits, unsigned)
  add \pe_results [44:40] (5 bits, unsigned)
  add \pe_results [24:20] (5 bits, unsigned)
  add \pe_results [14:10] (5 bits, unsigned)
  add \pe_results [9:5] (5 bits, unsigned)
  add \pe_results [64:60] (5 bits, unsigned)
  add \pe_results [54:50] (5 bits, unsigned)
  add \pe_results [49:45] (5 bits, unsigned)
  add \pe_results [34:30] (5 bits, unsigned)
  add \pe_results [29:25] (5 bits, unsigned)
  add \pe_results [19:15] (5 bits, unsigned)
  add \pe_results [74:70] (5 bits, unsigned)
  add \pe_results [69:65] (5 bits, unsigned)
  add \pe_results [59:55] (5 bits, unsigned)
  add \pe_results [39:35] (5 bits, unsigned)
  add \pe_results [79:75] (5 bits, unsigned)
Using template $paramod\_90_lcu_brent_kung\WIDTH=32'00000000000000000000000000001010 for cells of type $lcu.
Using template $paramod\_90_fa\WIDTH=32'00000000000000000000000000000101 for cells of type $fa.
Using template $paramod\_90_fa\WIDTH=32'00000000000000000000000000000110 for cells of type $fa.
Using template $paramod\_90_fa\WIDTH=32'00000000000000000000000000000111 for cells of type $fa.
Using template $paramod\_90_fa\WIDTH=32'00000000000000000000000000001000 for cells of type $fa.
Using template $paramod\_90_fa\WIDTH=32'00000000000000000000000000001001 for cells of type $fa.
Using template $paramod$d2fa05d38998afabc6d4f34471305d0af4b8b2df\_90_alu for cells of type $alu.
Using template $paramod\_90_lcu_brent_kung\WIDTH=32'00000000000000000000000000001001 for cells of type $lcu.
No more expansions possible.
<suppressed ~2090 debug messages>

15.21. Executing OPT pass (performing simple optimizations).

15.21.1. Executing OPT_EXPR pass (perform const folding).
Optimizing module accumulator.
<suppressed ~221 debug messages>
Optimizing module are_ubnn_kws_top.
Optimizing module controller.
<suppressed ~28 debug messages>
Optimizing module icg_cell.
Optimizing module pe_activity_detector.
Optimizing module pe_array16.
Optimizing module popcount16.
<suppressed ~39 debug messages>
Optimizing module protected_weight_memory.
<suppressed ~120 debug messages>
Optimizing module secded_decoder.
<suppressed ~1516 debug messages>
Optimizing module secded_encoder.
Optimizing module threshold_unit.
<suppressed ~11 debug messages>
Optimizing module unipolar_pe.

15.21.2. Executing OPT_MERGE pass (detect identical cells).
Finding identical cells in module `\accumulator'.
<suppressed ~27 debug messages>
Finding identical cells in module `\are_ubnn_kws_top'.
Finding identical cells in module `\controller'.
<suppressed ~15 debug messages>
Finding identical cells in module `\icg_cell'.
Finding identical cells in module `\pe_activity_detector'.
Finding identical cells in module `\pe_array16'.
Finding identical cells in module `\popcount16'.
Finding identical cells in module `\protected_weight_memory'.
<suppressed ~438 debug messages>
Finding identical cells in module `\secded_decoder'.
<suppressed ~363 debug messages>
Finding identical cells in module `\secded_encoder'.
Finding identical cells in module `\threshold_unit'.
<suppressed ~12 debug messages>
Finding identical cells in module `\unipolar_pe'.
Removed a total of 285 cells.

15.21.3. Executing OPT_DFF pass (perform DFF optimizations).

15.21.4. Executing OPT_CLEAN pass (remove unused cells and wires).
Finding unused cells or wires in module \accumulator..
Finding unused cells or wires in module \are_ubnn_kws_top..
Finding unused cells or wires in module \controller..
Finding unused cells or wires in module \icg_cell..
Finding unused cells or wires in module \pe_activity_detector..
Finding unused cells or wires in module \pe_array16..
Finding unused cells or wires in module \popcount16..
Finding unused cells or wires in module \protected_weight_memory..
Finding unused cells or wires in module \secded_decoder..
Finding unused cells or wires in module \secded_encoder..
Finding unused cells or wires in module \threshold_unit..
Finding unused cells or wires in module \unipolar_pe..
Removed 477 unused cells and 1270 unused wires.
<suppressed ~484 debug messages>

15.21.5. Finished fast OPT passes.

15.22. Executing ABC pass (technology mapping using ABC).

15.22.1. Extracting gate netlist of module `\accumulator' to `<abc-temp-dir>/input.blif'..
Extracted 470 gates and 562 wires to a netlist network with 90 inputs and 18 outputs.

15.22.1.1. Executing ABC.
Running ABC command: "<yosys-exe-dir>/yosys-abc" -s -f <abc-temp-dir>/abc.script 2>&1
ABC: ABC command line: "source <abc-temp-dir>/abc.script".
ABC: 
ABC: + read_blif <abc-temp-dir>/input.blif 
ABC: + read_library <abc-temp-dir>/stdcells.genlib 
ABC: + strash 
ABC: + dretime 
ABC: + map 
ABC: + write_blif <abc-temp-dir>/output.blif 

15.22.1.2. Re-integrating ABC results.
ABC RESULTS:               AND cells:        8
ABC RESULTS:            ANDNOT cells:      179
ABC RESULTS:              NAND cells:       22
ABC RESULTS:               NOR cells:       17
ABC RESULTS:               NOT cells:       16
ABC RESULTS:                OR cells:       26
ABC RESULTS:             ORNOT cells:       32
ABC RESULTS:              XNOR cells:       76
ABC RESULTS:               XOR cells:       93
ABC RESULTS:        internal signals:      454
ABC RESULTS:           input signals:       90
ABC RESULTS:          output signals:       18
Removing temp directory.

15.22.2. Extracting gate netlist of module `\are_ubnn_kws_top' to `<abc-temp-dir>/input.blif'..
Extracted 97 gates and 196 wires to a netlist network with 98 inputs and 96 outputs.

15.22.2.1. Executing ABC.
Running ABC command: "<yosys-exe-dir>/yosys-abc" -s -f <abc-temp-dir>/abc.script 2>&1
ABC: ABC command line: "source <abc-temp-dir>/abc.script".
ABC: 
ABC: + read_blif <abc-temp-dir>/input.blif 
ABC: + read_library <abc-temp-dir>/stdcells.genlib 
ABC: + strash 
ABC: + dretime 
ABC: + map 
ABC: + write_blif <abc-temp-dir>/output.blif 

15.22.2.2. Re-integrating ABC results.
ABC RESULTS:               AND cells:       80
ABC RESULTS:            ANDNOT cells:       16
ABC RESULTS:               NOR cells:        1
ABC RESULTS:        internal signals:        2
ABC RESULTS:           input signals:       98
ABC RESULTS:          output signals:       96
Removing temp directory.

15.22.3. Extracting gate netlist of module `\controller' to `<abc-temp-dir>/input.blif'..
Extracted 31 gates and 38 wires to a netlist network with 6 inputs and 10 outputs.

15.22.3.1. Executing ABC.
Running ABC command: "<yosys-exe-dir>/yosys-abc" -s -f <abc-temp-dir>/abc.script 2>&1
ABC: ABC command line: "source <abc-temp-dir>/abc.script".
ABC: 
ABC: + read_blif <abc-temp-dir>/input.blif 
ABC: + read_library <abc-temp-dir>/stdcells.genlib 
ABC: + strash 
ABC: + dretime 
ABC: + map 
ABC: + write_blif <abc-temp-dir>/output.blif 

15.22.3.2. Re-integrating ABC results.
ABC RESULTS:            ANDNOT cells:        9
ABC RESULTS:              NAND cells:        1
ABC RESULTS:               NOR cells:        3
ABC RESULTS:               NOT cells:        1
ABC RESULTS:                OR cells:        7
ABC RESULTS:             ORNOT cells:        2
ABC RESULTS:        internal signals:       22
ABC RESULTS:           input signals:        6
ABC RESULTS:          output signals:       10
Removing temp directory.

15.22.4. Extracting gate netlist of module `\icg_cell' to `<abc-temp-dir>/input.blif'..
Extracted 1 gates and 3 wires to a netlist network with 2 inputs and 1 outputs.

15.22.4.1. Executing ABC.
Running ABC command: "<yosys-exe-dir>/yosys-abc" -s -f <abc-temp-dir>/abc.script 2>&1
ABC: ABC command line: "source <abc-temp-dir>/abc.script".
ABC: 
ABC: + read_blif <abc-temp-dir>/input.blif 
ABC: + read_library <abc-temp-dir>/stdcells.genlib 
ABC: + strash 
ABC: + dretime 
ABC: + map 
ABC: + write_blif <abc-temp-dir>/output.blif 

15.22.4.2. Re-integrating ABC results.
ABC RESULTS:                OR cells:        1
ABC RESULTS:        internal signals:        0
ABC RESULTS:           input signals:        2
ABC RESULTS:          output signals:        1
Removing temp directory.

15.22.5. Extracting gate netlist of module `\pe_activity_detector' to `<abc-temp-dir>/input.blif'..
Extracted 256 gates and 513 wires to a netlist network with 257 inputs and 16 outputs.

15.22.5.1. Executing ABC.
Running ABC command: "<yosys-exe-dir>/yosys-abc" -s -f <abc-temp-dir>/abc.script 2>&1
ABC: ABC command line: "source <abc-temp-dir>/abc.script".
ABC: 
ABC: + read_blif <abc-temp-dir>/input.blif 
ABC: + read_library <abc-temp-dir>/stdcells.genlib 
ABC: + strash 
ABC: + dretime 
ABC: + map 
ABC: + write_blif <abc-temp-dir>/output.blif 

15.22.5.2. Re-integrating ABC results.
ABC RESULTS:                OR cells:      256
ABC RESULTS:        internal signals:      240
ABC RESULTS:           input signals:      257
ABC RESULTS:          output signals:       16
Removing temp directory.

15.22.6. Extracting gate netlist of module `\pe_array16' to `<abc-temp-dir>/input.blif'..
Extracted 0 gates and 0 wires to a netlist network with 0 inputs and 0 outputs.
Don't call ABC as there is nothing to map.
Removing temp directory.

15.22.7. Extracting gate netlist of module `\popcount16' to `<abc-temp-dir>/input.blif'..
Extracted 66 gates and 82 wires to a netlist network with 16 inputs and 5 outputs.

15.22.7.1. Executing ABC.
Running ABC command: "<yosys-exe-dir>/yosys-abc" -s -f <abc-temp-dir>/abc.script 2>&1
ABC: ABC command line: "source <abc-temp-dir>/abc.script".
ABC: 
ABC: + read_blif <abc-temp-dir>/input.blif 
ABC: + read_library <abc-temp-dir>/stdcells.genlib 
ABC: + strash 
ABC: + dretime 
ABC: + map 
ABC: + write_blif <abc-temp-dir>/output.blif 

15.22.7.2. Re-integrating ABC results.
ABC RESULTS:               AND cells:        1
ABC RESULTS:            ANDNOT cells:       22
ABC RESULTS:              NAND cells:        2
ABC RESULTS:               NOR cells:        1
ABC RESULTS:               NOT cells:        3
ABC RESULTS:                OR cells:       10
ABC RESULTS:             ORNOT cells:        4
ABC RESULTS:              XNOR cells:        6
ABC RESULTS:               XOR cells:       20
ABC RESULTS:        internal signals:       61
ABC RESULTS:           input signals:       16
ABC RESULTS:          output signals:        5
Removing temp directory.

15.22.8. Extracting gate netlist of module `\protected_weight_memory' to `<abc-temp-dir>/input.blif'..
Extracted 3624 gates and 4366 wires to a netlist network with 741 inputs and 435 outputs.

15.22.8.1. Executing ABC.
Running ABC command: "<yosys-exe-dir>/yosys-abc" -s -f <abc-temp-dir>/abc.script 2>&1
ABC: ABC command line: "source <abc-temp-dir>/abc.script".
ABC: 
ABC: + read_blif <abc-temp-dir>/input.blif 
ABC: + read_library <abc-temp-dir>/stdcells.genlib 
ABC: + strash 
ABC: + dretime 
ABC: + map 
ABC: + write_blif <abc-temp-dir>/output.blif 

15.22.8.2. Re-integrating ABC results.
ABC RESULTS:               AND cells:       22
ABC RESULTS:            ANDNOT cells:     1017
ABC RESULTS:               MUX cells:      769
ABC RESULTS:              NAND cells:       13
ABC RESULTS:               NOR cells:        1
ABC RESULTS:               NOT cells:      704
ABC RESULTS:                OR cells:     1044
ABC RESULTS:             ORNOT cells:       12
ABC RESULTS:              XNOR cells:       44
ABC RESULTS:               XOR cells:      660
ABC RESULTS:        internal signals:     3190
ABC RESULTS:           input signals:      741
ABC RESULTS:          output signals:      435
Removing temp directory.

15.22.9. Extracting gate netlist of module `\secded_decoder' to `<abc-temp-dir>/input.blif'..
Replacing 24 occurrences of constant undef bits with constant zero bits
Extracted 399 gates and 423 wires to a netlist network with 22 inputs and 23 outputs.

15.22.9.1. Executing ABC.
Running ABC command: "<yosys-exe-dir>/yosys-abc" -s -f <abc-temp-dir>/abc.script 2>&1
ABC: ABC command line: "source <abc-temp-dir>/abc.script".
ABC: 
ABC: + read_blif <abc-temp-dir>/input.blif 
ABC: + read_library <abc-temp-dir>/stdcells.genlib 
ABC: + strash 
ABC: + dretime 
ABC: + map 
ABC: + write_blif <abc-temp-dir>/output.blif 

15.22.9.2. Re-integrating ABC results.
ABC RESULTS:               AND cells:        2
ABC RESULTS:            ANDNOT cells:       89
ABC RESULTS:               MUX cells:       37
ABC RESULTS:              NAND cells:        1
ABC RESULTS:               NOT cells:        9
ABC RESULTS:                OR cells:       80
ABC RESULTS:             ORNOT cells:       37
ABC RESULTS:              XNOR cells:       22
ABC RESULTS:               XOR cells:       49
ABC RESULTS:        internal signals:      378
ABC RESULTS:           input signals:       22
ABC RESULTS:          output signals:       23
Removing temp directory.

15.22.10. Extracting gate netlist of module `\secded_encoder' to `<abc-temp-dir>/input.blif'..
Extracted 55 gates and 71 wires to a netlist network with 16 inputs and 6 outputs.

15.22.10.1. Executing ABC.
Running ABC command: "<yosys-exe-dir>/yosys-abc" -s -f <abc-temp-dir>/abc.script 2>&1
ABC: ABC command line: "source <abc-temp-dir>/abc.script".
ABC: 
ABC: + read_blif <abc-temp-dir>/input.blif 
ABC: + read_library <abc-temp-dir>/stdcells.genlib 
ABC: + strash 
ABC: + dretime 
ABC: + map 
ABC: + write_blif <abc-temp-dir>/output.blif 

15.22.10.2. Re-integrating ABC results.
ABC RESULTS:               NOT cells:        2
ABC RESULTS:              XNOR cells:        6
ABC RESULTS:               XOR cells:       49
ABC RESULTS:        internal signals:       49
ABC RESULTS:           input signals:       16
ABC RESULTS:          output signals:        6
Removing temp directory.

15.22.11. Extracting gate netlist of module `\threshold_unit' to `<abc-temp-dir>/input.blif'..
Extracted 50 gates and 66 wires to a netlist network with 16 inputs and 1 outputs.

15.22.11.1. Executing ABC.
Running ABC command: "<yosys-exe-dir>/yosys-abc" -s -f <abc-temp-dir>/abc.script 2>&1
ABC: ABC command line: "source <abc-temp-dir>/abc.script".
ABC: 
ABC: + read_blif <abc-temp-dir>/input.blif 
ABC: + read_library <abc-temp-dir>/stdcells.genlib 
ABC: + strash 
ABC: + dretime 
ABC: + map 
ABC: + write_blif <abc-temp-dir>/output.blif 

15.22.11.2. Re-integrating ABC results.
ABC RESULTS:               AND cells:        1
ABC RESULTS:            ANDNOT cells:       17
ABC RESULTS:              NAND cells:        2
ABC RESULTS:                OR cells:        4
ABC RESULTS:             ORNOT cells:        6
ABC RESULTS:              XNOR cells:        6
ABC RESULTS:               XOR cells:        2
ABC RESULTS:        internal signals:       49
ABC RESULTS:           input signals:       16
ABC RESULTS:          output signals:        1
Removing temp directory.

15.22.12. Extracting gate netlist of module `\unipolar_pe' to `<abc-temp-dir>/input.blif'..
Extracted 16 gates and 48 wires to a netlist network with 32 inputs and 16 outputs.

15.22.12.1. Executing ABC.
Running ABC command: "<yosys-exe-dir>/yosys-abc" -s -f <abc-temp-dir>/abc.script 2>&1
ABC: ABC command line: "source <abc-temp-dir>/abc.script".
ABC: 
ABC: + read_blif <abc-temp-dir>/input.blif 
ABC: + read_library <abc-temp-dir>/stdcells.genlib 
ABC: + strash 
ABC: + dretime 
ABC: + map 
ABC: + write_blif <abc-temp-dir>/output.blif 

15.22.12.2. Re-integrating ABC results.
ABC RESULTS:               AND cells:       16
ABC RESULTS:        internal signals:        0
ABC RESULTS:           input signals:       32
ABC RESULTS:          output signals:       16
Removing temp directory.

15.23. Executing OPT pass (performing simple optimizations).

15.23.1. Executing OPT_EXPR pass (perform const folding).
Optimizing module accumulator.
Optimizing module are_ubnn_kws_top.
Optimizing module controller.
Optimizing module icg_cell.
Optimizing module pe_activity_detector.
Optimizing module pe_array16.
Optimizing module popcount16.
Optimizing module protected_weight_memory.
<suppressed ~352 debug messages>
Optimizing module secded_decoder.
<suppressed ~3 debug messages>
Optimizing module secded_encoder.
Optimizing module threshold_unit.
Optimizing module unipolar_pe.

15.23.2. Executing OPT_MERGE pass (detect identical cells).
Finding identical cells in module `\accumulator'.
Finding identical cells in module `\are_ubnn_kws_top'.
Finding identical cells in module `\controller'.
Finding identical cells in module `\icg_cell'.
Finding identical cells in module `\pe_activity_detector'.
Finding identical cells in module `\pe_array16'.
Finding identical cells in module `\popcount16'.
Finding identical cells in module `\protected_weight_memory'.
Finding identical cells in module `\secded_decoder'.
<suppressed ~9 debug messages>
Finding identical cells in module `\secded_encoder'.
Finding identical cells in module `\threshold_unit'.
Finding identical cells in module `\unipolar_pe'.
Removed a total of 3 cells.

15.23.3. Executing OPT_DFF pass (perform DFF optimizations).

15.23.4. Executing OPT_CLEAN pass (remove unused cells and wires).
Finding unused cells or wires in module \accumulator..
Finding unused cells or wires in module \are_ubnn_kws_top..
Finding unused cells or wires in module \controller..
Finding unused cells or wires in module \icg_cell..
Finding unused cells or wires in module \pe_activity_detector..
Finding unused cells or wires in module \pe_array16..
Finding unused cells or wires in module \popcount16..
Finding unused cells or wires in module \protected_weight_memory..
Finding unused cells or wires in module \secded_decoder..
Finding unused cells or wires in module \secded_encoder..
Finding unused cells or wires in module \threshold_unit..
Finding unused cells or wires in module \unipolar_pe..
Removed 2 unused cells and 2738 unused wires.
<suppressed ~30 debug messages>

15.23.5. Finished fast OPT passes.

15.24. Executing HIERARCHY pass (managing design hierarchy).
Attribute `top' found on module `are_ubnn_kws_top'. Setting top module to are_ubnn_kws_top.

15.24.1. Analyzing design hierarchy..
Top module:  \are_ubnn_kws_top
Used module:     \accumulator
Used module:     \pe_activity_detector
Used module:     \controller
Used module:     \popcount16
Used module:     \pe_array16
Used module:         \unipolar_pe
Used module:         \icg_cell
Used module:     \threshold_unit
Used module:     \protected_weight_memory
Used module:         \secded_decoder
Used module:         \secded_encoder

15.24.2. Analyzing design hierarchy..
Top module:  \are_ubnn_kws_top
Used module:     \accumulator
Used module:     \pe_activity_detector
Used module:     \controller
Used module:     \popcount16
Used module:     \pe_array16
Used module:         \unipolar_pe
Used module:         \icg_cell
Used module:     \threshold_unit
Used module:     \protected_weight_memory
Used module:         \secded_decoder
Used module:         \secded_encoder
Removed 0 unused modules.

15.25. Printing statistics.

=== accumulator ===

   Number of wires:                478
   Number of wire bits:            658
   Number of public wires:          25
   Number of public wire bits:     198
   Number of ports:                  7
   Number of port bits:            101
   Number of memories:               0
   Number of memory bits:            0
   Number of processes:              0
   Number of cells:                477
     $_ANDNOT_                     179
     $_AND_                          8
     $_DFFE_PN0P_                    8
     $_NAND_                        22
     $_NOR_                         17
     $_NOT_                         16
     $_ORNOT_                       32
     $_OR_                          26
     $_XNOR_                        76
     $_XOR_                         93

=== are_ubnn_kws_top ===

   Number of wires:                 48
   Number of wire bits:           1169
   Number of public wires:          47
   Number of public wire bits:    1168
   Number of ports:                 31
   Number of port bits:            590
   Number of memories:               0
   Number of memory bits:            0
   Number of processes:              0
   Number of cells:                104
     $_ANDNOT_                      16
     $_AND_                         80
     $_NOR_                          1
     accumulator                     1
     controller                      1
     pe_activity_detector            1
     pe_array16                      1
     popcount16                      1
     protected_weight_memory         1
     threshold_unit                  1

=== controller ===

   Number of wires:                 28
   Number of wire bits:             34
   Number of public wires:          14
   Number of public wire bits:      20
   Number of ports:                 12
   Number of port bits:             14
   Number of memories:               0
   Number of memory bits:            0
   Number of processes:              0
   Number of cells:                 26
     $_ANDNOT_                       9
     $_DFFE_PN0P_                    3
     $_NAND_                         1
     $_NOR_                          3
     $_NOT_                          1
     $_ORNOT_                        2
     $_OR_                           7

=== icg_cell ===

   Number of wires:                  5
   Number of wire bits:              5
   Number of public wires:           5
   Number of public wire bits:       5
   Number of ports:                  4
   Number of port bits:              4
   Number of memories:               0
   Number of memory bits:            0
   Number of processes:              0
   Number of cells:                  2
     $_OR_                           1
     sky130_fd_sc_hd__dlclkp_1       1

=== pe_activity_detector ===

   Number of wires:                243
   Number of wire bits:            513
   Number of public wires:           3
   Number of public wire bits:     273
   Number of ports:                  3
   Number of port bits:            273
   Number of memories:               0
   Number of memory bits:            0
   Number of processes:              0
   Number of cells:                256
     $_OR_                         256

=== pe_array16 ===

   Number of wires:                 10
   Number of wire bits:            712
   Number of public wires:          10
   Number of public wire bits:     712
   Number of ports:                 10
   Number of port bits:            712
   Number of memories:               0
   Number of memory bits:            0
   Number of processes:              0
   Number of cells:                 33
     icg_cell                       16
     popcount16                      1
     unipolar_pe                    16

=== popcount16 ===

   Number of wires:                 66
   Number of wire bits:             85
   Number of public wires:           2
   Number of public wire bits:      21
   Number of ports:                  2
   Number of port bits:             21
   Number of memories:               0
   Number of memory bits:            0
   Number of processes:              0
   Number of cells:                 69
     $_ANDNOT_                      22
     $_AND_                          1
     $_NAND_                         2
     $_NOR_                          1
     $_NOT_                          3
     $_ORNOT_                        4
     $_OR_                          10
     $_XNOR_                         6
     $_XOR_                         20

=== protected_weight_memory ===

   Number of wires:               3966
   Number of wire bits:           5674
   Number of public wires:         100
   Number of public wire bits:    1808
   Number of ports:                 17
   Number of port bits:            362
   Number of memories:               0
   Number of memory bits:            0
   Number of processes:              0
   Number of cells:               4654
     $_ANDNOT_                    1017
     $_AND_                         22
     $_DFFE_PN0P_                  352
     $_MUX_                        769
     $_NAND_                        13
     $_NOR_                          1
     $_NOT_                        703
     $_ORNOT_                       12
     $_OR_                        1044
     $_XNOR_                        44
     $_XOR_                        660
     secded_decoder                 16
     secded_encoder                  1

=== secded_decoder ===

   Number of wires:                312
   Number of wire bits:            376
   Number of public wires:          13
   Number of public wire bits:      77
   Number of ports:                  5
   Number of port bits:             45
   Number of memories:               0
   Number of memory bits:            0
   Number of processes:              0
   Number of cells:                322
     $_ANDNOT_                      87
     $_AND_                          2
     $_MUX_                         37
     $_NAND_                         1
     $_NOT_                          8
     $_ORNOT_                       37
     $_OR_                          79
     $_XNOR_                        22
     $_XOR_                         49

=== secded_encoder ===

   Number of wires:                 59
   Number of wire bits:             95
   Number of public wires:           8
   Number of public wire bits:      44
   Number of ports:                  2
   Number of port bits:             38
   Number of memories:               0
   Number of memory bits:            0
   Number of processes:              0
   Number of cells:                 57
     $_NOT_                          2
     $_XNOR_                         6
     $_XOR_                         49

=== threshold_unit ===

   Number of wires:                 40
   Number of wire bits:             54
   Number of public wires:           3
   Number of public wire bits:      17
   Number of ports:                  3
   Number of port bits:             17
   Number of memories:               0
   Number of memory bits:            0
   Number of processes:              0
   Number of cells:                 38
     $_ANDNOT_                      17
     $_AND_                          1
     $_NAND_                         2
     $_ORNOT_                        6
     $_OR_                           4
     $_XNOR_                         6
     $_XOR_                          2

=== unipolar_pe ===

   Number of wires:                  9
   Number of wire bits:             66
   Number of public wires:           9
   Number of public wire bits:      66
   Number of ports:                  7
   Number of port bits:             45
   Number of memories:               0
   Number of memory bits:            0
   Number of processes:              0
   Number of cells:                 22
     $_AND_                         16
     $_DFFE_PN0P_                    5
     popcount16                      1

=== design hierarchy ===

   are_ubnn_kws_top                  1
     accumulator                     1
     controller                      1
     pe_activity_detector            1
     pe_array16                      1
       icg_cell                     16
       popcount16                    1
       unipolar_pe                  16
         popcount16                  1
     popcount16                      1
     protected_weight_memory         1
       secded_decoder               16
       secded_encoder                1
     threshold_unit                  1

   Number of wires:              11276
   Number of wire bits:          17591
   Number of public wires:         678
   Number of public wire bits:    6986
   Number of ports:                377
   Number of port bits:           3989
   Number of memories:               0
   Number of memory bits:            0
   Number of processes:              0
   Number of cells:              12350
     $_ANDNOT_                    3026
     $_AND_                        417
     $_DFFE_PN0P_                  443
     $_MUX_                       1361
     $_NAND_                        90
     $_NOR_                         40
     $_NOT_                        904
     $_ORNOT_                      716
     $_OR_                        2797
     $_XNOR_                       592
     $_XOR_                       1948
     sky130_fd_sc_hd__dlclkp_1      16

15.26. Executing CHECK pass (checking for obvious problems).
Checking module accumulator...
Checking module are_ubnn_kws_top...
Checking module controller...
Checking module icg_cell...
Checking module pe_activity_detector...
Checking module pe_array16...
Checking module popcount16...
Checking module protected_weight_memory...
Checking module secded_decoder...
Checking module secded_encoder...
Checking module threshold_unit...
Checking module unipolar_pe...
Found and reported 0 problems.

16. Executing DFFLIBMAP pass (mapping DFF cells to sequential cells from liberty file).
  cell sky130_fd_sc_hd__dfxtp_1 (noninv, pins=3, area=20.02) is a direct match for cell type $_DFF_P_.
  cell sky130_fd_sc_hd__dfrtn_1 (noninv, pins=4, area=25.02) is a direct match for cell type $_DFF_NN0_.
  cell sky130_fd_sc_hd__dfrtp_1 (noninv, pins=4, area=25.02) is a direct match for cell type $_DFF_PN0_.
  cell sky130_fd_sc_hd__dfstp_2 (noninv, pins=4, area=26.28) is a direct match for cell type $_DFF_PN1_.
  cell sky130_fd_sc_hd__edfxtp_1 (noninv, pins=4, area=30.03) is a direct match for cell type $_DFFE_PP_.
  cell sky130_fd_sc_hd__dfbbn_1 (noninv, pins=6, area=32.53) is a direct match for cell type $_DFFSR_NNN_.
  cell sky130_fd_sc_hd__dfbbp_1 (noninv, pins=6, area=32.53) is a direct match for cell type $_DFFSR_PNN_.
  final dff cell mappings:
    unmapped dff cell: $_DFF_N_
    \sky130_fd_sc_hd__dfxtp_1 _DFF_P_ (.CLK( C), .D( D), .Q( Q));
    \sky130_fd_sc_hd__dfrtn_1 _DFF_NN0_ (.CLK_N( C), .D( D), .Q( Q), .RESET_B( R));
    unmapped dff cell: $_DFF_NN1_
    unmapped dff cell: $_DFF_NP0_
    unmapped dff cell: $_DFF_NP1_
    \sky130_fd_sc_hd__dfrtp_1 _DFF_PN0_ (.CLK( C), .D( D), .Q( Q), .RESET_B( R));
    \sky130_fd_sc_hd__dfstp_2 _DFF_PN1_ (.CLK( C), .D( D), .Q( Q), .SET_B( R));
    unmapped dff cell: $_DFF_PP0_
    unmapped dff cell: $_DFF_PP1_
    unmapped dff cell: $_DFFE_NN_
    unmapped dff cell: $_DFFE_NP_
    unmapped dff cell: $_DFFE_PN_
    \sky130_fd_sc_hd__edfxtp_1 _DFFE_PP_ (.CLK( C), .D( D), .DE( E), .Q( Q));
    \sky130_fd_sc_hd__dfbbn_1 _DFFSR_NNN_ (.CLK_N( C), .D( D), .Q( Q), .Q_N(~Q), .RESET_B( R), .SET_B( S));
    unmapped dff cell: $_DFFSR_NNP_
    unmapped dff cell: $_DFFSR_NPN_
    unmapped dff cell: $_DFFSR_NPP_
    \sky130_fd_sc_hd__dfbbp_1 _DFFSR_PNN_ (.CLK( C), .D( D), .Q( Q), .Q_N(~Q), .RESET_B( R), .SET_B( S));
    unmapped dff cell: $_DFFSR_PNP_
    unmapped dff cell: $_DFFSR_PPN_
    unmapped dff cell: $_DFFSR_PPP_

16.1. Executing DFFLEGALIZE pass (convert FFs to types supported by the target).
<suppressed ~24 debug messages>
Mapping DFF cells in module `\accumulator':
  mapped 8 $_DFF_PN0_ cells to \sky130_fd_sc_hd__dfrtp_1 cells.
Mapping DFF cells in module `\are_ubnn_kws_top':
Mapping DFF cells in module `\controller':
  mapped 3 $_DFF_PN0_ cells to \sky130_fd_sc_hd__dfrtp_1 cells.
Mapping DFF cells in module `\icg_cell':
Mapping DFF cells in module `\pe_activity_detector':
Mapping DFF cells in module `\pe_array16':
Mapping DFF cells in module `\popcount16':
Mapping DFF cells in module `\protected_weight_memory':
  mapped 352 $_DFF_PN0_ cells to \sky130_fd_sc_hd__dfrtp_1 cells.
Mapping DFF cells in module `\secded_decoder':
Mapping DFF cells in module `\secded_encoder':
Mapping DFF cells in module `\threshold_unit':
Mapping DFF cells in module `\unipolar_pe':
  mapped 5 $_DFF_PN0_ cells to \sky130_fd_sc_hd__dfrtp_1 cells.

17. Executing ABC pass (technology mapping using ABC).

17.1. Extracting gate netlist of module `\accumulator' to `<abc-temp-dir>/input.blif'..
Extracted 477 gates and 567 wires to a netlist network with 90 inputs and 17 outputs.

17.1.1. Executing ABC.
Running ABC command: "<yosys-exe-dir>/yosys-abc" -s -f <abc-temp-dir>/abc.script 2>&1
ABC: ABC command line: "source <abc-temp-dir>/abc.script".
ABC: 
ABC: + read_blif <abc-temp-dir>/input.blif 
ABC: + read_lib -w /mnt/c/Users/sethu/Downloads/vlsi/ARe_UBNN_KWS/constraints/sky130_fd_sc_hd__tt_025C_1v80.lib 
ABC: Parsing finished successfully.  Parsing time =     0.26 sec
ABC: Scl_LibertyReadGenlib() skipped cell "sky130_fd_sc_hd__decap_12" without logic function.
ABC: Scl_LibertyReadGenlib() skipped cell "sky130_fd_sc_hd__decap_3" without logic function.
ABC: Scl_LibertyReadGenlib() skipped cell "sky130_fd_sc_hd__decap_4" without logic function.
ABC: Scl_LibertyReadGenlib() skipped cell "sky130_fd_sc_hd__decap_6" without logic function.
ABC: Scl_LibertyReadGenlib() skipped cell "sky130_fd_sc_hd__decap_8" without logic function.
ABC: Scl_LibertyReadGenlib() skipped sequential cell "sky130_fd_sc_hd__dfbbn_1".
ABC: Scl_LibertyReadGenlib() skipped sequential cell "sky130_fd_sc_hd__dfbbn_2".
ABC: Scl_LibertyReadGenlib() skipped sequential cell "sky130_fd_sc_hd__dfbbp_1".
ABC: Scl_LibertyReadGenlib() skipped sequential cell "sky130_fd_sc_hd__dfrbp_1".
ABC: Scl_LibertyReadGenlib() skipped sequential cell "sky130_fd_sc_hd__dfrbp_2".
ABC: Scl_LibertyReadGenlib() skipped sequential cell "sky130_fd_sc_hd__dfrtn_1".
ABC: Scl_LibertyReadGenlib() skipped sequential cell "sky130_fd_sc_hd__dfrtp_1".
ABC: Scl_LibertyReadGenlib() skipped sequential cell "sky130_fd_sc_hd__dfrtp_2".
ABC: Scl_LibertyReadGenlib() skipped sequential cell "sky130_fd_sc_hd__dfrtp_4".
ABC: Scl_LibertyReadGenlib() skipped sequential cell "sky130_fd_sc_hd__dfsbp_1".
ABC: Scl_LibertyReadGenlib() skipped sequential cell "sky130_fd_sc_hd__dfsbp_2".
ABC: Scl_LibertyReadGenlib() skipped sequential cell "sky130_fd_sc_hd__dfstp_1".
ABC: Scl_LibertyReadGenlib() skipped sequential cell "sky130_fd_sc_hd__dfstp_2".
ABC: Scl_LibertyReadGenlib() skipped sequential cell "sky130_fd_sc_hd__dfstp_4".
ABC: Scl_LibertyReadGenlib() skipped sequential cell "sky130_fd_sc_hd__dfxbp_1".
ABC: Scl_LibertyReadGenlib() skipped sequential cell "sky130_fd_sc_hd__dfxbp_2".
ABC: Scl_LibertyReadGenlib() skipped sequential cell "sky130_fd_sc_hd__dfxtp_1".
ABC: Scl_LibertyReadGenlib() skipped sequential cell "sky130_fd_sc_hd__dfxtp_2".
ABC: Scl_LibertyReadGenlib() skipped sequential cell "sky130_fd_sc_hd__dfxtp_4".
ABC: Scl_LibertyReadGenlib() skipped cell "sky130_fd_sc_hd__diode_2" without logic function.
ABC: Scl_LibertyReadGenlib() skipped cell "sky130_fd_sc_hd__dlclkp_1" without logic function.
ABC: Scl_LibertyReadGenlib() skipped cell "sky130_fd_sc_hd__dlclkp_2" without logic function.
ABC: Scl_LibertyReadGenlib() skipped cell "sky130_fd_sc_hd__dlclkp_4" without logic function.
ABC: Scl_LibertyReadGenlib() skipped sequential cell "sky130_fd_sc_hd__dlrbn_1".
ABC: Scl_LibertyReadGenlib() skipped sequential cell "sky130_fd_sc_hd__dlrbn_2".
ABC: Scl_LibertyReadGenlib() skipped sequential cell "sky130_fd_sc_hd__dlrbp_1".
ABC: Scl_LibertyReadGenlib() skipped sequential cell "sky130_fd_sc_hd__dlrbp_2".
ABC: Scl_LibertyReadGenlib() skipped sequential cell "sky130_fd_sc_hd__dlrtn_1".
ABC: Scl_LibertyReadGenlib() skipped sequential cell "sky130_fd_sc_hd__dlrtn_2".
ABC: Scl_LibertyReadGenlib() skipped sequential cell "sky130_fd_sc_hd__dlrtn_4".
ABC: Scl_LibertyReadGenlib() skipped sequential cell "sky130_fd_sc_hd__dlrtp_1".
ABC: Scl_LibertyReadGenlib() skipped sequential cell "sky130_fd_sc_hd__dlrtp_2".
ABC: Scl_LibertyReadGenlib() skipped sequential cell "sky130_fd_sc_hd__dlrtp_4".
ABC: Scl_LibertyReadGenlib() skipped sequential cell "sky130_fd_sc_hd__dlxbn_1".
ABC: Scl_LibertyReadGenlib() skipped sequential cell "sky130_fd_sc_hd__dlxbn_2".
ABC: Scl_LibertyReadGenlib() skipped sequential cell "sky130_fd_sc_hd__dlxbp_1".
ABC: Scl_LibertyReadGenlib() skipped sequential cell "sky130_fd_sc_hd__dlxtn_1".
ABC: Scl_LibertyReadGenlib() skipped sequential cell "sky130_fd_sc_hd__dlxtn_2".
ABC: Scl_LibertyReadGenlib() skipped sequential cell "sky130_fd_sc_hd__dlxtn_4".
ABC: Scl_LibertyReadGenlib() skipped sequential cell "sky130_fd_sc_hd__dlxtp_1".
ABC: Scl_LibertyReadGenlib() skipped three-state cell "sky130_fd_sc_hd__ebufn_1".
ABC: Scl_LibertyReadGenlib() skipped three-state cell "sky130_fd_sc_hd__ebufn_2".
ABC: Scl_LibertyReadGenlib() skipped three-state cell "sky130_fd_sc_hd__ebufn_4".
ABC: Scl_LibertyReadGenlib() skipped three-state cell "sky130_fd_sc_hd__ebufn_8".
ABC: Scl_LibertyReadGenlib() skipped sequential cell "sky130_fd_sc_hd__edfxbp_1".
ABC: Scl_LibertyReadGenlib() skipped sequential cell "sky130_fd_sc_hd__edfxtp_1".
ABC: Scl_LibertyReadGenlib() skipped three-state cell "sky130_fd_sc_hd__einvn_0".
ABC: Scl_LibertyReadGenlib() skipped three-state cell "sky130_fd_sc_hd__einvn_1".
ABC: Scl_LibertyReadGenlib() skipped three-state cell "sky130_fd_sc_hd__einvn_2".
ABC: Scl_LibertyReadGenlib() skipped three-state cell "sky130_fd_sc_hd__einvn_4".
ABC: Scl_LibertyReadGenlib() skipped three-state cell "sky130_fd_sc_hd__einvn_8".
ABC: Scl_LibertyReadGenlib() skipped three-state cell "sky130_fd_sc_hd__einvp_1".
ABC: Scl_LibertyReadGenlib() skipped three-state cell "sky130_fd_sc_hd__einvp_2".
ABC: Scl_LibertyReadGenlib() skipped three-state cell "sky130_fd_sc_hd__einvp_4".
ABC: Scl_LibertyReadGenlib() skipped three-state cell "sky130_fd_sc_hd__einvp_8".
ABC: Scl_LibertyReadGenlib() skipped cell "sky130_fd_sc_hd__lpflow_bleeder_1" without logic function.
ABC: Scl_LibertyReadGenlib() skipped cell "sky130_fd_sc_hd__lpflow_decapkapwr_12" without logic function.
ABC: Scl_LibertyReadGenlib() skipped cell "sky130_fd_sc_hd__lpflow_decapkapwr_3" without logic function.
ABC: Scl_LibertyReadGenlib() skipped cell "sky130_fd_sc_hd__lpflow_decapkapwr_4" without logic function.
ABC: Scl_LibertyReadGenlib() skipped cell "sky130_fd_sc_hd__lpflow_decapkapwr_6" without logic function.
ABC: Scl_LibertyReadGenlib() skipped cell "sky130_fd_sc_hd__lpflow_decapkapwr_8" without logic function.
ABC: Scl_LibertyReadGenlib() skipped sequential cell "sky130_fd_sc_hd__lpflow_inputisolatch_1".
ABC: Scl_LibertyReadGenlib() skipped sequential cell "sky130_fd_sc_hd__sdfbbn_1".
ABC: Scl_LibertyReadGenlib() skipped sequential cell "sky130_fd_sc_hd__sdfbbn_2".
ABC: Scl_LibertyReadGenlib() skipped sequential cell "sky130_fd_sc_hd__sdfbbp_1".
ABC: Scl_LibertyReadGenlib() skipped sequential cell "sky130_fd_sc_hd__sdfrbp_1".
ABC: Scl_LibertyReadGenlib() skipped sequential cell "sky130_fd_sc_hd__sdfrbp_2".
ABC: Scl_LibertyReadGenlib() skipped sequential cell "sky130_fd_sc_hd__sdfrtn_1".
ABC: Scl_LibertyReadGenlib() skipped sequential cell "sky130_fd_sc_hd__sdfrtp_1".
ABC: Scl_LibertyReadGenlib() skipped sequential cell "sky130_fd_sc_hd__sdfrtp_2".
ABC: Scl_LibertyReadGenlib() skipped sequential cell "sky130_fd_sc_hd__sdfrtp_4".
ABC: Scl_LibertyReadGenlib() skipped sequential cell "sky130_fd_sc_hd__sdfsbp_1".
ABC: Scl_LibertyReadGenlib() skipped sequential cell "sky130_fd_sc_hd__sdfsbp_2".
ABC: Scl_LibertyReadGenlib() skipped sequential cell "sky130_fd_sc_hd__sdfstp_1".
ABC: Scl_LibertyReadGenlib() skipped sequential cell "sky130_fd_sc_hd__sdfstp_2".
ABC: Scl_LibertyReadGenlib() skipped sequential cell "sky130_fd_sc_hd__sdfstp_4".
ABC: Scl_LibertyReadGenlib() skipped sequential cell "sky130_fd_sc_hd__sdfxbp_1".
ABC: Scl_LibertyReadGenlib() skipped sequential cell "sky130_fd_sc_hd__sdfxbp_2".
ABC: Scl_LibertyReadGenlib() skipped sequential cell "sky130_fd_sc_hd__sdfxtp_1".
ABC: Scl_LibertyReadGenlib() skipped sequential cell "sky130_fd_sc_hd__sdfxtp_2".
ABC: Scl_LibertyReadGenlib() skipped sequential cell "sky130_fd_sc_hd__sdfxtp_4".
ABC: Scl_LibertyReadGenlib() skipped cell "sky130_fd_sc_hd__sdlclkp_1" without logic function.
ABC: Scl_LibertyReadGenlib() skipped cell "sky130_fd_sc_hd__sdlclkp_2" without logic function.
ABC: Scl_LibertyReadGenlib() skipped cell "sky130_fd_sc_hd__sdlclkp_4" without logic function.
ABC: Scl_LibertyReadGenlib() skipped sequential cell "sky130_fd_sc_hd__sedfxbp_1".
ABC: Scl_LibertyReadGenlib() skipped sequential cell "sky130_fd_sc_hd__sedfxbp_2".
ABC: Scl_LibertyReadGenlib() skipped sequential cell "sky130_fd_sc_hd__sedfxtp_1".
ABC: Scl_LibertyReadGenlib() skipped sequential cell "sky130_fd_sc_hd__sedfxtp_2".
ABC: Scl_LibertyReadGenlib() skipped sequential cell "sky130_fd_sc_hd__sedfxtp_4".
ABC: Library "sky130_fd_sc_hd__tt_025C_1v80" from "/mnt/c/Users/sethu/Downloads/vlsi/ARe_UBNN_KWS/constraints/sky130_fd_sc_hd__tt_025C_1v80.lib" has 334 cells (94 skipped: 63 seq; 13 tri-state; 18 no func; 0 dont_use).  Time =     0.41 sec
ABC: Memory =   19.85 MB. Time =     0.41 sec
ABC: Warning: Detected 9 multi-output gates (for example, "sky130_fd_sc_hd__fa_1").
ABC: + strash 
ABC: + &get -n 
ABC: + &fraig -x 
ABC: + &put 
ABC: + scorr 
ABC: Warning: The network is combinational (run "fraig" or "fraig_sweep").
ABC: + dc2 
ABC: + dretime 
ABC: + strash 
ABC: + &get -n 
ABC: + &dch -f 
ABC: + &nf 
ABC: + &put 
ABC: + write_blif <abc-temp-dir>/output.blif 

17.1.2. Re-integrating ABC results.
ABC RESULTS:   sky130_fd_sc_hd__a211o_1 cells:        1
ABC RESULTS:   sky130_fd_sc_hd__a21o_1 cells:        1
ABC RESULTS:   sky130_fd_sc_hd__a21oi_1 cells:       11
ABC RESULTS:   sky130_fd_sc_hd__a2bb2oi_1 cells:        1
ABC RESULTS:   sky130_fd_sc_hd__and2_0 cells:        3
ABC RESULTS:   sky130_fd_sc_hd__clkinv_1 cells:        6
ABC RESULTS:   sky130_fd_sc_hd__lpflow_inputiso1p_1 cells:        2
ABC RESULTS:   sky130_fd_sc_hd__lpflow_isobufsrc_1 cells:        5
ABC RESULTS:   sky130_fd_sc_hd__maj3_1 cells:       67
ABC RESULTS:   sky130_fd_sc_hd__nand2_1 cells:       15
ABC RESULTS:   sky130_fd_sc_hd__nand2b_1 cells:        4
ABC RESULTS:   sky130_fd_sc_hd__nand3_1 cells:        3
ABC RESULTS:   sky130_fd_sc_hd__nor2_1 cells:        5
ABC RESULTS:   sky130_fd_sc_hd__nor2b_1 cells:        1
ABC RESULTS:   sky130_fd_sc_hd__o21a_1 cells:        1
ABC RESULTS:   sky130_fd_sc_hd__o21ai_0 cells:       13
ABC RESULTS:   sky130_fd_sc_hd__or3_1 cells:        1
ABC RESULTS:   sky130_fd_sc_hd__xnor2_1 cells:       34
ABC RESULTS:   sky130_fd_sc_hd__xnor3_1 cells:       22
ABC RESULTS:   sky130_fd_sc_hd__xor2_1 cells:       17
ABC RESULTS:   sky130_fd_sc_hd__xor3_1 cells:       35
ABC RESULTS:        internal signals:      460
ABC RESULTS:           input signals:       90
ABC RESULTS:          output signals:       17
Removing temp directory.

17.2. Extracting gate netlist of module `\are_ubnn_kws_top' to `<abc-temp-dir>/input.blif'..
Extracted 97 gates and 195 wires to a netlist network with 98 inputs and 96 outputs.

17.2.1. Executing ABC.
Running ABC command: "<yosys-exe-dir>/yosys-abc" -s -f <abc-temp-dir>/abc.script 2>&1
ABC: ABC command line: "source <abc-temp-dir>/abc.script".
ABC: 
ABC: + read_blif <abc-temp-dir>/input.blif 
ABC: + read_lib -w /mnt/c/Users/sethu/Downloads/vlsi/ARe_UBNN_KWS/constraints/sky130_fd_sc_hd__tt_025C_1v80.lib 
ABC: Parsing finished successfully.  Parsing time =     0.21 sec
ABC: Scl_LibertyReadGenlib() skipped cell "sky130_fd_sc_hd__decap_12" without logic function.
ABC: Scl_LibertyReadGenlib() skipped cell "sky130_fd_sc_hd__decap_3" without logic function.
ABC: Scl_LibertyReadGenlib() skipped cell "sky130_fd_sc_hd__decap_4" without logic function.
ABC: Scl_LibertyReadGenlib() skipped cell "sky130_fd_sc_hd__decap_6" without logic function.
ABC: Scl_LibertyReadGenlib() skipped cell "sky130_fd_sc_hd__decap_8" without logic function.
ABC: Scl_LibertyReadGenlib() skipped sequential cell "sky130_fd_sc_hd__dfbbn_1".
ABC: Scl_LibertyReadGenlib() skipped sequential cell "sky130_fd_sc_hd__dfbbn_2".
ABC: Scl_LibertyReadGenlib() skipped sequential cell "sky130_fd_sc_hd__dfbbp_1".
ABC: Scl_LibertyReadGenlib() skipped sequential cell "sky130_fd_sc_hd__dfrbp_1".
ABC: Scl_LibertyReadGenlib() skipped sequential cell "sky130_fd_sc_hd__dfrbp_2".
ABC: Scl_LibertyReadGenlib() skipped sequential cell "sky130_fd_sc_hd__dfrtn_1".
ABC: Scl_LibertyReadGenlib() skipped sequential cell "sky130_fd_sc_hd__dfrtp_1".
ABC: Scl_LibertyReadGenlib() skipped sequential cell "sky130_fd_sc_hd__dfrtp_2".
ABC: Scl_LibertyReadGenlib() skipped sequential cell "sky130_fd_sc_hd__dfrtp_4".
ABC: Scl_LibertyReadGenlib() skipped sequential cell "sky130_fd_sc_hd__dfsbp_1".
ABC: Scl_LibertyReadGenlib() skipped sequential cell "sky130_fd_sc_hd__dfsbp_2".
ABC: Scl_LibertyReadGenlib() skipped sequential cell "sky130_fd_sc_hd__dfstp_1".
ABC: Scl_LibertyReadGenlib() skipped sequential cell "sky130_fd_sc_hd__dfstp_2".
ABC: Scl_LibertyReadGenlib() skipped sequential cell "sky130_fd_sc_hd__dfstp_4".
ABC: Scl_LibertyReadGenlib() skipped sequential cell "sky130_fd_sc_hd__dfxbp_1".
ABC: Scl_LibertyReadGenlib() skipped sequential cell "sky130_fd_sc_hd__dfxbp_2".
ABC: Scl_LibertyReadGenlib() skipped sequential cell "sky130_fd_sc_hd__dfxtp_1".
ABC: Scl_LibertyReadGenlib() skipped sequential cell "sky130_fd_sc_hd__dfxtp_2".
ABC: Scl_LibertyReadGenlib() skipped sequential cell "sky130_fd_sc_hd__dfxtp_4".
ABC: Scl_LibertyReadGenlib() skipped cell "sky130_fd_sc_hd__diode_2" without logic function.
ABC: Scl_LibertyReadGenlib() skipped cell "sky130_fd_sc_hd__dlclkp_1" without logic function.
ABC: Scl_LibertyReadGenlib() skipped cell "sky130_fd_sc_hd__dlclkp_2" without logic function.
ABC: Scl_LibertyReadGenlib() skipped cell "sky130_fd_sc_hd__dlclkp_4" without logic function.
ABC: Scl_LibertyReadGenlib() skipped sequential cell "sky130_fd_sc_hd__dlrbn_1".
ABC: Scl_LibertyReadGenlib() skipped sequential cell "sky130_fd_sc_hd__dlrbn_2".
ABC: Scl_LibertyReadGenlib() skipped sequential cell "sky130_fd_sc_hd__dlrbp_1".
ABC: Scl_LibertyReadGenlib() skipped sequential cell "sky130_fd_sc_hd__dlrbp_2".
ABC: Scl_LibertyReadGenlib() skipped sequential cell "sky130_fd_sc_hd__dlrtn_1".
ABC: Scl_LibertyReadGenlib() skipped sequential cell "sky130_fd_sc_hd__dlrtn_2".
ABC: Scl_LibertyReadGenlib() skipped sequential cell "sky130_fd_sc_hd__dlrtn_4".
ABC: Scl_LibertyReadGenlib() skipped sequential cell "sky130_fd_sc_hd__dlrtp_1".
ABC: Scl_LibertyReadGenlib() skipped sequential cell "sky130_fd_sc_hd__dlrtp_2".
ABC: Scl_LibertyReadGenlib() skipped sequential cell "sky130_fd_sc_hd__dlrtp_4".
ABC: Scl_LibertyReadGenlib() skipped sequential cell "sky130_fd_sc_hd__dlxbn_1".
ABC: Scl_LibertyReadGenlib() skipped sequential cell "sky130_fd_sc_hd__dlxbn_2".
ABC: Scl_LibertyReadGenlib() skipped sequential cell "sky130_fd_sc_hd__dlxbp_1".
ABC: Scl_LibertyReadGenlib() skipped sequential cell "sky130_fd_sc_hd__dlxtn_1".
ABC: Scl_LibertyReadGenlib() skipped sequential cell "sky130_fd_sc_hd__dlxtn_2".
ABC: Scl_LibertyReadGenlib() skipped sequential cell "sky130_fd_sc_hd__dlxtn_4".
ABC: Scl_LibertyReadGenlib() skipped sequential cell "sky130_fd_sc_hd__dlxtp_1".
ABC: Scl_LibertyReadGenlib() skipped three-state cell "sky130_fd_sc_hd__ebufn_1".
ABC: Scl_LibertyReadGenlib() skipped three-state cell "sky130_fd_sc_hd__ebufn_2".
ABC: Scl_LibertyReadGenlib() skipped three-state cell "sky130_fd_sc_hd__ebufn_4".
ABC: Scl_LibertyReadGenlib() skipped three-state cell "sky130_fd_sc_hd__ebufn_8".
ABC: Scl_LibertyReadGenlib() skipped sequential cell "sky130_fd_sc_hd__edfxbp_1".
ABC: Scl_LibertyReadGenlib() skipped sequential cell "sky130_fd_sc_hd__edfxtp_1".
ABC: Scl_LibertyReadGenlib() skipped three-state cell "sky130_fd_sc_hd__einvn_0".
ABC: Scl_LibertyReadGenlib() skipped three-state cell "sky130_fd_sc_hd__einvn_1".
ABC: Scl_LibertyReadGenlib() skipped three-state cell "sky130_fd_sc_hd__einvn_2".
ABC: Scl_LibertyReadGenlib() skipped three-state cell "sky130_fd_sc_hd__einvn_4".
ABC: Scl_LibertyReadGenlib() skipped three-state cell "sky130_fd_sc_hd__einvn_8".
ABC: Scl_LibertyReadGenlib() skipped three-state cell "sky130_fd_sc_hd__einvp_1".
ABC: Scl_LibertyReadGenlib() skipped three-state cell "sky130_fd_sc_hd__einvp_2".
ABC: Scl_LibertyReadGenlib() skipped three-state cell "sky130_fd_sc_hd__einvp_4".
ABC: Scl_LibertyReadGenlib() skipped three-state cell "sky130_fd_sc_hd__einvp_8".
ABC: Scl_LibertyReadGenlib() skipped cell "sky130_fd_sc_hd__lpflow_bleeder_1" without logic function.
ABC: Scl_LibertyReadGenlib() skipped cell "sky130_fd_sc_hd__lpflow_decapkapwr_12" without logic function.
ABC: Scl_LibertyReadGenlib() skipped cell "sky130_fd_sc_hd__lpflow_decapkapwr_3" without logic function.
ABC: Scl_LibertyReadGenlib() skipped cell "sky130_fd_sc_hd__lpflow_decapkapwr_4" without logic function.
ABC: Scl_LibertyReadGenlib() skipped cell "sky130_fd_sc_hd__lpflow_decapkapwr_6" without logic function.
ABC: Scl_LibertyReadGenlib() skipped cell "sky130_fd_sc_hd__lpflow_decapkapwr_8" without logic function.
ABC: Scl_LibertyReadGenlib() skipped sequential cell "sky130_fd_sc_hd__lpflow_inputisolatch_1".
ABC: Scl_LibertyReadGenlib() skipped sequential cell "sky130_fd_sc_hd__sdfbbn_1".
ABC: Scl_LibertyReadGenlib() skipped sequential cell "sky130_fd_sc_hd__sdfbbn_2".
ABC: Scl_LibertyReadGenlib() skipped sequential cell "sky130_fd_sc_hd__sdfbbp_1".
ABC: Scl_LibertyReadGenlib() skipped sequential cell "sky130_fd_sc_hd__sdfrbp_1".
ABC: Scl_LibertyReadGenlib() skipped sequential cell "sky130_fd_sc_hd__sdfrbp_2".
ABC: Scl_LibertyReadGenlib() skipped sequential cell "sky130_fd_sc_hd__sdfrtn_1".
ABC: Scl_LibertyReadGenlib() skipped sequential cell "sky130_fd_sc_hd__sdfrtp_1".
ABC: Scl_LibertyReadGenlib() skipped sequential cell "sky130_fd_sc_hd__sdfrtp_2".
ABC: Scl_LibertyReadGenlib() skipped sequential cell "sky130_fd_sc_hd__sdfrtp_4".
ABC: Scl_LibertyReadGenlib() skipped sequential cell "sky130_fd_sc_hd__sdfsbp_1".
ABC: Scl_LibertyReadGenlib() skipped sequential cell "sky130_fd_sc_hd__sdfsbp_2".
ABC: Scl_LibertyReadGenlib() skipped sequential cell "sky130_fd_sc_hd__sdfstp_1".
ABC: Scl_LibertyReadGenlib() skipped sequential cell "sky130_fd_sc_hd__sdfstp_2".
ABC: Scl_LibertyReadGenlib() skipped sequential cell "sky130_fd_sc_hd__sdfstp_4".
ABC: Scl_LibertyReadGenlib() skipped sequential cell "sky130_fd_sc_hd__sdfxbp_1".
ABC: Scl_LibertyReadGenlib() skipped sequential cell "sky130_fd_sc_hd__sdfxbp_2".
ABC: Scl_LibertyReadGenlib() skipped sequential cell "sky130_fd_sc_hd__sdfxtp_1".
ABC: Scl_LibertyReadGenlib() skipped sequential cell "sky130_fd_sc_hd__sdfxtp_2".
ABC: Scl_LibertyReadGenlib() skipped sequential cell "sky130_fd_sc_hd__sdfxtp_4".
ABC: Scl_LibertyReadGenlib() skipped cell "sky130_fd_sc_hd__sdlclkp_1" without logic function.
ABC: Scl_LibertyReadGenlib() skipped cell "sky130_fd_sc_hd__sdlclkp_2" without logic function.
ABC: Scl_LibertyReadGenlib() skipped cell "sky130_fd_sc_hd__sdlclkp_4" without logic function.
ABC: Scl_LibertyReadGenlib() skipped sequential cell "sky130_fd_sc_hd__sedfxbp_1".
ABC: Scl_LibertyReadGenlib() skipped sequential cell "sky130_fd_sc_hd__sedfxbp_2".
ABC: Scl_LibertyReadGenlib() skipped sequential cell "sky130_fd_sc_hd__sedfxtp_1".
ABC: Scl_LibertyReadGenlib() skipped sequential cell "sky130_fd_sc_hd__sedfxtp_2".
ABC: Scl_LibertyReadGenlib() skipped sequential cell "sky130_fd_sc_hd__sedfxtp_4".
ABC: Library "sky130_fd_sc_hd__tt_025C_1v80" from "/mnt/c/Users/sethu/Downloads/vlsi/ARe_UBNN_KWS/constraints/sky130_fd_sc_hd__tt_025C_1v80.lib" has 334 cells (94 skipped: 63 seq; 13 tri-state; 18 no func; 0 dont_use).  Time =     0.28 sec
ABC: Memory =   19.85 MB. Time =     0.28 sec
ABC: Warning: Detected 9 multi-output gates (for example, "sky130_fd_sc_hd__fa_1").
ABC: + strash 
ABC: + &get -n 
ABC: + &fraig -x 
ABC: + &put 
ABC: + scorr 
ABC: Warning: The network is combinational (run "fraig" or "fraig_sweep").
ABC: + dc2 
ABC: + dretime 
ABC: + strash 
ABC: + &get -n 
ABC: + &dch -f 
ABC: + &nf 
ABC: + &put 
ABC: + write_blif <abc-temp-dir>/output.blif 

17.2.2. Re-integrating ABC results.
ABC RESULTS:   sky130_fd_sc_hd__and2_0 cells:       80
ABC RESULTS:   sky130_fd_sc_hd__o21a_1 cells:       16
ABC RESULTS:        internal signals:        1
ABC RESULTS:           input signals:       98
ABC RESULTS:          output signals:       96
Removing temp directory.

17.3. Extracting gate netlist of module `\controller' to `<abc-temp-dir>/input.blif'..
Extracted 26 gates and 32 wires to a netlist network with 6 inputs and 9 outputs.

17.3.1. Executing ABC.
Running ABC command: "<yosys-exe-dir>/yosys-abc" -s -f <abc-temp-dir>/abc.script 2>&1
ABC: ABC command line: "source <abc-temp-dir>/abc.script".
ABC: 
ABC: + read_blif <abc-temp-dir>/input.blif 
ABC: + read_lib -w /mnt/c/Users/sethu/Downloads/vlsi/ARe_UBNN_KWS/constraints/sky130_fd_sc_hd__tt_025C_1v80.lib 
ABC: Parsing finished successfully.  Parsing time =     0.21 sec
ABC: Scl_LibertyReadGenlib() skipped cell "sky130_fd_sc_hd__decap_12" without logic function.
ABC: Scl_LibertyReadGenlib() skipped cell "sky130_fd_sc_hd__decap_3" without logic function.
ABC: Scl_LibertyReadGenlib() skipped cell "sky130_fd_sc_hd__decap_4" without logic function.
ABC: Scl_LibertyReadGenlib() skipped cell "sky130_fd_sc_hd__decap_6" without logic function.
ABC: Scl_LibertyReadGenlib() skipped cell "sky130_fd_sc_hd__decap_8" without logic function.
ABC: Scl_LibertyReadGenlib() skipped sequential cell "sky130_fd_sc_hd__dfbbn_1".
ABC: Scl_LibertyReadGenlib() skipped sequential cell "sky130_fd_sc_hd__dfbbn_2".
ABC: Scl_LibertyReadGenlib() skipped sequential cell "sky130_fd_sc_hd__dfbbp_1".
ABC: Scl_LibertyReadGenlib() skipped sequential cell "sky130_fd_sc_hd__dfrbp_1".
ABC: Scl_LibertyReadGenlib() skipped sequential cell "sky130_fd_sc_hd__dfrbp_2".
ABC: Scl_LibertyReadGenlib() skipped sequential cell "sky130_fd_sc_hd__dfrtn_1".
ABC: Scl_LibertyReadGenlib() skipped sequential cell "sky130_fd_sc_hd__dfrtp_1".
ABC: Scl_LibertyReadGenlib() skipped sequential cell "sky130_fd_sc_hd__dfrtp_2".
ABC: Scl_LibertyReadGenlib() skipped sequential cell "sky130_fd_sc_hd__dfrtp_4".
ABC: Scl_LibertyReadGenlib() skipped sequential cell "sky130_fd_sc_hd__dfsbp_1".
ABC: Scl_LibertyReadGenlib() skipped sequential cell "sky130_fd_sc_hd__dfsbp_2".
ABC: Scl_LibertyReadGenlib() skipped sequential cell "sky130_fd_sc_hd__dfstp_1".
ABC: Scl_LibertyReadGenlib() skipped sequential cell "sky130_fd_sc_hd__dfstp_2".
ABC: Scl_LibertyReadGenlib() skipped sequential cell "sky130_fd_sc_hd__dfstp_4".
ABC: Scl_LibertyReadGenlib() skipped sequential cell "sky130_fd_sc_hd__dfxbp_1".
ABC: Scl_LibertyReadGenlib() skipped sequential cell "sky130_fd_sc_hd__dfxbp_2".
ABC: Scl_LibertyReadGenlib() skipped sequential cell "sky130_fd_sc_hd__dfxtp_1".
ABC: Scl_LibertyReadGenlib() skipped sequential cell "sky130_fd_sc_hd__dfxtp_2".
ABC: Scl_LibertyReadGenlib() skipped sequential cell "sky130_fd_sc_hd__dfxtp_4".
ABC: Scl_LibertyReadGenlib() skipped cell "sky130_fd_sc_hd__diode_2" without logic function.
ABC: Scl_LibertyReadGenlib() skipped cell "sky130_fd_sc_hd__dlclkp_1" without logic function.
ABC: Scl_LibertyReadGenlib() skipped cell "sky130_fd_sc_hd__dlclkp_2" without logic function.
ABC: Scl_LibertyReadGenlib() skipped cell "sky130_fd_sc_hd__dlclkp_4" without logic function.
ABC: Scl_LibertyReadGenlib() skipped sequential cell "sky130_fd_sc_hd__dlrbn_1".
ABC: Scl_LibertyReadGenlib() skipped sequential cell "sky130_fd_sc_hd__dlrbn_2".
ABC: Scl_LibertyReadGenlib() skipped sequential cell "sky130_fd_sc_hd__dlrbp_1".
ABC: Scl_LibertyReadGenlib() skipped sequential cell "sky130_fd_sc_hd__dlrbp_2".
ABC: Scl_LibertyReadGenlib() skipped sequential cell "sky130_fd_sc_hd__dlrtn_1".
ABC: Scl_LibertyReadGenlib() skipped sequential cell "sky130_fd_sc_hd__dlrtn_2".
ABC: Scl_LibertyReadGenlib() skipped sequential cell "sky130_fd_sc_hd__dlrtn_4".
ABC: Scl_LibertyReadGenlib() skipped sequential cell "sky130_fd_sc_hd__dlrtp_1".
ABC: Scl_LibertyReadGenlib() skipped sequential cell "sky130_fd_sc_hd__dlrtp_2".
ABC: Scl_LibertyReadGenlib() skipped sequential cell "sky130_fd_sc_hd__dlrtp_4".
ABC: Scl_LibertyReadGenlib() skipped sequential cell "sky130_fd_sc_hd__dlxbn_1".
ABC: Scl_LibertyReadGenlib() skipped sequential cell "sky130_fd_sc_hd__dlxbn_2".
ABC: Scl_LibertyReadGenlib() skipped sequential cell "sky130_fd_sc_hd__dlxbp_1".
ABC: Scl_LibertyReadGenlib() skipped sequential cell "sky130_fd_sc_hd__dlxtn_1".
ABC: Scl_LibertyReadGenlib() skipped sequential cell "sky130_fd_sc_hd__dlxtn_2".
ABC: Scl_LibertyReadGenlib() skipped sequential cell "sky130_fd_sc_hd__dlxtn_4".
ABC: Scl_LibertyReadGenlib() skipped sequential cell "sky130_fd_sc_hd__dlxtp_1".
ABC: Scl_LibertyReadGenlib() skipped three-state cell "sky130_fd_sc_hd__ebufn_1".
ABC: Scl_LibertyReadGenlib() skipped three-state cell "sky130_fd_sc_hd__ebufn_2".
ABC: Scl_LibertyReadGenlib() skipped three-state cell "sky130_fd_sc_hd__ebufn_4".
ABC: Scl_LibertyReadGenlib() skipped three-state cell "sky130_fd_sc_hd__ebufn_8".
ABC: Scl_LibertyReadGenlib() skipped sequential cell "sky130_fd_sc_hd__edfxbp_1".
ABC: Scl_LibertyReadGenlib() skipped sequential cell "sky130_fd_sc_hd__edfxtp_1".
ABC: Scl_LibertyReadGenlib() skipped three-state cell "sky130_fd_sc_hd__einvn_0".
ABC: Scl_LibertyReadGenlib() skipped three-state cell "sky130_fd_sc_hd__einvn_1".
ABC: Scl_LibertyReadGenlib() skipped three-state cell "sky130_fd_sc_hd__einvn_2".
ABC: Scl_LibertyReadGenlib() skipped three-state cell "sky130_fd_sc_hd__einvn_4".
ABC: Scl_LibertyReadGenlib() skipped three-state cell "sky130_fd_sc_hd__einvn_8".
ABC: Scl_LibertyReadGenlib() skipped three-state cell "sky130_fd_sc_hd__einvp_1".
ABC: Scl_LibertyReadGenlib() skipped three-state cell "sky130_fd_sc_hd__einvp_2".
ABC: Scl_LibertyReadGenlib() skipped three-state cell "sky130_fd_sc_hd__einvp_4".
ABC: Scl_LibertyReadGenlib() skipped three-state cell "sky130_fd_sc_hd__einvp_8".
ABC: Scl_LibertyReadGenlib() skipped cell "sky130_fd_sc_hd__lpflow_bleeder_1" without logic function.
ABC: Scl_LibertyReadGenlib() skipped cell "sky130_fd_sc_hd__lpflow_decapkapwr_12" without logic function.
ABC: Scl_LibertyReadGenlib() skipped cell "sky130_fd_sc_hd__lpflow_decapkapwr_3" without logic function.
ABC: Scl_LibertyReadGenlib() skipped cell "sky130_fd_sc_hd__lpflow_decapkapwr_4" without logic function.
ABC: Scl_LibertyReadGenlib() skipped cell "sky130_fd_sc_hd__lpflow_decapkapwr_6" without logic function.
ABC: Scl_LibertyReadGenlib() skipped cell "sky130_fd_sc_hd__lpflow_decapkapwr_8" without logic function.
ABC: Scl_LibertyReadGenlib() skipped sequential cell "sky130_fd_sc_hd__lpflow_inputisolatch_1".
ABC: Scl_LibertyReadGenlib() skipped sequential cell "sky130_fd_sc_hd__sdfbbn_1".
ABC: Scl_LibertyReadGenlib() skipped sequential cell "sky130_fd_sc_hd__sdfbbn_2".
ABC: Scl_LibertyReadGenlib() skipped sequential cell "sky130_fd_sc_hd__sdfbbp_1".
ABC: Scl_LibertyReadGenlib() skipped sequential cell "sky130_fd_sc_hd__sdfrbp_1".
ABC: Scl_LibertyReadGenlib() skipped sequential cell "sky130_fd_sc_hd__sdfrbp_2".
ABC: Scl_LibertyReadGenlib() skipped sequential cell "sky130_fd_sc_hd__sdfrtn_1".
ABC: Scl_LibertyReadGenlib() skipped sequential cell "sky130_fd_sc_hd__sdfrtp_1".
ABC: Scl_LibertyReadGenlib() skipped sequential cell "sky130_fd_sc_hd__sdfrtp_2".
ABC: Scl_LibertyReadGenlib() skipped sequential cell "sky130_fd_sc_hd__sdfrtp_4".
ABC: Scl_LibertyReadGenlib() skipped sequential cell "sky130_fd_sc_hd__sdfsbp_1".
ABC: Scl_LibertyReadGenlib() skipped sequential cell "sky130_fd_sc_hd__sdfsbp_2".
ABC: Scl_LibertyReadGenlib() skipped sequential cell "sky130_fd_sc_hd__sdfstp_1".
ABC: Scl_LibertyReadGenlib() skipped sequential cell "sky130_fd_sc_hd__sdfstp_2".
ABC: Scl_LibertyReadGenlib() skipped sequential cell "sky130_fd_sc_hd__sdfstp_4".
ABC: Scl_LibertyReadGenlib() skipped sequential cell "sky130_fd_sc_hd__sdfxbp_1".
ABC: Scl_LibertyReadGenlib() skipped sequential cell "sky130_fd_sc_hd__sdfxbp_2".
ABC: Scl_LibertyReadGenlib() skipped sequential cell "sky130_fd_sc_hd__sdfxtp_1".
ABC: Scl_LibertyReadGenlib() skipped sequential cell "sky130_fd_sc_hd__sdfxtp_2".
ABC: Scl_LibertyReadGenlib() skipped sequential cell "sky130_fd_sc_hd__sdfxtp_4".
ABC: Scl_LibertyReadGenlib() skipped cell "sky130_fd_sc_hd__sdlclkp_1" without logic function.
ABC: Scl_LibertyReadGenlib() skipped cell "sky130_fd_sc_hd__sdlclkp_2" without logic function.
ABC: Scl_LibertyReadGenlib() skipped cell "sky130_fd_sc_hd__sdlclkp_4" without logic function.
ABC: Scl_LibertyReadGenlib() skipped sequential cell "sky130_fd_sc_hd__sedfxbp_1".
ABC: Scl_LibertyReadGenlib() skipped sequential cell "sky130_fd_sc_hd__sedfxbp_2".
ABC: Scl_LibertyReadGenlib() skipped sequential cell "sky130_fd_sc_hd__sedfxtp_1".
ABC: Scl_LibertyReadGenlib() skipped sequential cell "sky130_fd_sc_hd__sedfxtp_2".
ABC: Scl_LibertyReadGenlib() skipped sequential cell "sky130_fd_sc_hd__sedfxtp_4".
ABC: Library "sky130_fd_sc_hd__tt_025C_1v80" from "/mnt/c/Users/sethu/Downloads/vlsi/ARe_UBNN_KWS/constraints/sky130_fd_sc_hd__tt_025C_1v80.lib" has 334 cells (94 skipped: 63 seq; 13 tri-state; 18 no func; 0 dont_use).  Time =     0.28 sec
ABC: Memory =   19.85 MB. Time =     0.28 sec
ABC: Warning: Detected 9 multi-output gates (for example, "sky130_fd_sc_hd__fa_1").
ABC: + strash 
ABC: + &get -n 
ABC: + &fraig -x 
ABC: + &put 
ABC: + scorr 
ABC: Warning: The network is combinational (run "fraig" or "fraig_sweep").
ABC: + dc2 
ABC: + dretime 
ABC: + strash 
ABC: + &get -n 
ABC: + &dch -f 
ABC: + &nf 
ABC: + &put 
ABC: + write_blif <abc-temp-dir>/output.blif 

17.3.2. Re-integrating ABC results.
ABC RESULTS:   sky130_fd_sc_hd__a21o_1 cells:        2
ABC RESULTS:   sky130_fd_sc_hd__a31o_1 cells:        1
ABC RESULTS:   sky130_fd_sc_hd__and3b_1 cells:        2
ABC RESULTS:   sky130_fd_sc_hd__clkinv_1 cells:        2
ABC RESULTS:   sky130_fd_sc_hd__nor3_1 cells:        1
ABC RESULTS:   sky130_fd_sc_hd__nor3b_1 cells:        3
ABC RESULTS:        internal signals:       17
ABC RESULTS:           input signals:        6
ABC RESULTS:          output signals:        9
Removing temp directory.

17.4. Extracting gate netlist of module `\icg_cell' to `<abc-temp-dir>/input.blif'..
Extracted 1 gates and 3 wires to a netlist network with 2 inputs and 1 outputs.

17.4.1. Executing ABC.
Running ABC command: "<yosys-exe-dir>/yosys-abc" -s -f <abc-temp-dir>/abc.script 2>&1
ABC: ABC command line: "source <abc-temp-dir>/abc.script".
ABC: 
ABC: + read_blif <abc-temp-dir>/input.blif 
ABC: + read_lib -w /mnt/c/Users/sethu/Downloads/vlsi/ARe_UBNN_KWS/constraints/sky130_fd_sc_hd__tt_025C_1v80.lib 
ABC: Parsing finished successfully.  Parsing time =     0.23 sec
ABC: Scl_LibertyReadGenlib() skipped cell "sky130_fd_sc_hd__decap_12" without logic function.
ABC: Scl_LibertyReadGenlib() skipped cell "sky130_fd_sc_hd__decap_3" without logic function.
ABC: Scl_LibertyReadGenlib() skipped cell "sky130_fd_sc_hd__decap_4" without logic function.
ABC: Scl_LibertyReadGenlib() skipped cell "sky130_fd_sc_hd__decap_6" without logic function.
ABC: Scl_LibertyReadGenlib() skipped cell "sky130_fd_sc_hd__decap_8" without logic function.
ABC: Scl_LibertyReadGenlib() skipped sequential cell "sky130_fd_sc_hd__dfbbn_1".
ABC: Scl_LibertyReadGenlib() skipped sequential cell "sky130_fd_sc_hd__dfbbn_2".
ABC: Scl_LibertyReadGenlib() skipped sequential cell "sky130_fd_sc_hd__dfbbp_1".
ABC: Scl_LibertyReadGenlib() skipped sequential cell "sky130_fd_sc_hd__dfrbp_1".
ABC: Scl_LibertyReadGenlib() skipped sequential cell "sky130_fd_sc_hd__dfrbp_2".
ABC: Scl_LibertyReadGenlib() skipped sequential cell "sky130_fd_sc_hd__dfrtn_1".
ABC: Scl_LibertyReadGenlib() skipped sequential cell "sky130_fd_sc_hd__dfrtp_1".
ABC: Scl_LibertyReadGenlib() skipped sequential cell "sky130_fd_sc_hd__dfrtp_2".
ABC: Scl_LibertyReadGenlib() skipped sequential cell "sky130_fd_sc_hd__dfrtp_4".
ABC: Scl_LibertyReadGenlib() skipped sequential cell "sky130_fd_sc_hd__dfsbp_1".
ABC: Scl_LibertyReadGenlib() skipped sequential cell "sky130_fd_sc_hd__dfsbp_2".
ABC: Scl_LibertyReadGenlib() skipped sequential cell "sky130_fd_sc_hd__dfstp_1".
ABC: Scl_LibertyReadGenlib() skipped sequential cell "sky130_fd_sc_hd__dfstp_2".
ABC: Scl_LibertyReadGenlib() skipped sequential cell "sky130_fd_sc_hd__dfstp_4".
ABC: Scl_LibertyReadGenlib() skipped sequential cell "sky130_fd_sc_hd__dfxbp_1".
ABC: Scl_LibertyReadGenlib() skipped sequential cell "sky130_fd_sc_hd__dfxbp_2".
ABC: Scl_LibertyReadGenlib() skipped sequential cell "sky130_fd_sc_hd__dfxtp_1".
ABC: Scl_LibertyReadGenlib() skipped sequential cell "sky130_fd_sc_hd__dfxtp_2".
ABC: Scl_LibertyReadGenlib() skipped sequential cell "sky130_fd_sc_hd__dfxtp_4".
ABC: Scl_LibertyReadGenlib() skipped cell "sky130_fd_sc_hd__diode_2" without logic function.
ABC: Scl_LibertyReadGenlib() skipped cell "sky130_fd_sc_hd__dlclkp_1" without logic function.
ABC: Scl_LibertyReadGenlib() skipped cell "sky130_fd_sc_hd__dlclkp_2" without logic function.
ABC: Scl_LibertyReadGenlib() skipped cell "sky130_fd_sc_hd__dlclkp_4" without logic function.
ABC: Scl_LibertyReadGenlib() skipped sequential cell "sky130_fd_sc_hd__dlrbn_1".
ABC: Scl_LibertyReadGenlib() skipped sequential cell "sky130_fd_sc_hd__dlrbn_2".
ABC: Scl_LibertyReadGenlib() skipped sequential cell "sky130_fd_sc_hd__dlrbp_1".
ABC: Scl_LibertyReadGenlib() skipped sequential cell "sky130_fd_sc_hd__dlrbp_2".
ABC: Scl_LibertyReadGenlib() skipped sequential cell "sky130_fd_sc_hd__dlrtn_1".
ABC: Scl_LibertyReadGenlib() skipped sequential cell "sky130_fd_sc_hd__dlrtn_2".
ABC: Scl_LibertyReadGenlib() skipped sequential cell "sky130_fd_sc_hd__dlrtn_4".
ABC: Scl_LibertyReadGenlib() skipped sequential cell "sky130_fd_sc_hd__dlrtp_1".
ABC: Scl_LibertyReadGenlib() skipped sequential cell "sky130_fd_sc_hd__dlrtp_2".
ABC: Scl_LibertyReadGenlib() skipped sequential cell "sky130_fd_sc_hd__dlrtp_4".
ABC: Scl_LibertyReadGenlib() skipped sequential cell "sky130_fd_sc_hd__dlxbn_1".
ABC: Scl_LibertyReadGenlib() skipped sequential cell "sky130_fd_sc_hd__dlxbn_2".
ABC: Scl_LibertyReadGenlib() skipped sequential cell "sky130_fd_sc_hd__dlxbp_1".
ABC: Scl_LibertyReadGenlib() skipped sequential cell "sky130_fd_sc_hd__dlxtn_1".
ABC: Scl_LibertyReadGenlib() skipped sequential cell "sky130_fd_sc_hd__dlxtn_2".
ABC: Scl_LibertyReadGenlib() skipped sequential cell "sky130_fd_sc_hd__dlxtn_4".
ABC: Scl_LibertyReadGenlib() skipped sequential cell "sky130_fd_sc_hd__dlxtp_1".
ABC: Scl_LibertyReadGenlib() skipped three-state cell "sky130_fd_sc_hd__ebufn_1".
ABC: Scl_LibertyReadGenlib() skipped three-state cell "sky130_fd_sc_hd__ebufn_2".
ABC: Scl_LibertyReadGenlib() skipped three-state cell "sky130_fd_sc_hd__ebufn_4".
ABC: Scl_LibertyReadGenlib() skipped three-state cell "sky130_fd_sc_hd__ebufn_8".
ABC: Scl_LibertyReadGenlib() skipped sequential cell "sky130_fd_sc_hd__edfxbp_1".
ABC: Scl_LibertyReadGenlib() skipped sequential cell "sky130_fd_sc_hd__edfxtp_1".
ABC: Scl_LibertyReadGenlib() skipped three-state cell "sky130_fd_sc_hd__einvn_0".
ABC: Scl_LibertyReadGenlib() skipped three-state cell "sky130_fd_sc_hd__einvn_1".
ABC: Scl_LibertyReadGenlib() skipped three-state cell "sky130_fd_sc_hd__einvn_2".
ABC: Scl_LibertyReadGenlib() skipped three-state cell "sky130_fd_sc_hd__einvn_4".
ABC: Scl_LibertyReadGenlib() skipped three-state cell "sky130_fd_sc_hd__einvn_8".
ABC: Scl_LibertyReadGenlib() skipped three-state cell "sky130_fd_sc_hd__einvp_1".
ABC: Scl_LibertyReadGenlib() skipped three-state cell "sky130_fd_sc_hd__einvp_2".
ABC: Scl_LibertyReadGenlib() skipped three-state cell "sky130_fd_sc_hd__einvp_4".
ABC: Scl_LibertyReadGenlib() skipped three-state cell "sky130_fd_sc_hd__einvp_8".
ABC: Scl_LibertyReadGenlib() skipped cell "sky130_fd_sc_hd__lpflow_bleeder_1" without logic function.
ABC: Scl_LibertyReadGenlib() skipped cell "sky130_fd_sc_hd__lpflow_decapkapwr_12" without logic function.
ABC: Scl_LibertyReadGenlib() skipped cell "sky130_fd_sc_hd__lpflow_decapkapwr_3" without logic function.
ABC: Scl_LibertyReadGenlib() skipped cell "sky130_fd_sc_hd__lpflow_decapkapwr_4" without logic function.
ABC: Scl_LibertyReadGenlib() skipped cell "sky130_fd_sc_hd__lpflow_decapkapwr_6" without logic function.
ABC: Scl_LibertyReadGenlib() skipped cell "sky130_fd_sc_hd__lpflow_decapkapwr_8" without logic function.
ABC: Scl_LibertyReadGenlib() skipped sequential cell "sky130_fd_sc_hd__lpflow_inputisolatch_1".
ABC: Scl_LibertyReadGenlib() skipped sequential cell "sky130_fd_sc_hd__sdfbbn_1".
ABC: Scl_LibertyReadGenlib() skipped sequential cell "sky130_fd_sc_hd__sdfbbn_2".
ABC: Scl_LibertyReadGenlib() skipped sequential cell "sky130_fd_sc_hd__sdfbbp_1".
ABC: Scl_LibertyReadGenlib() skipped sequential cell "sky130_fd_sc_hd__sdfrbp_1".
ABC: Scl_LibertyReadGenlib() skipped sequential cell "sky130_fd_sc_hd__sdfrbp_2".
ABC: Scl_LibertyReadGenlib() skipped sequential cell "sky130_fd_sc_hd__sdfrtn_1".
ABC: Scl_LibertyReadGenlib() skipped sequential cell "sky130_fd_sc_hd__sdfrtp_1".
ABC: Scl_LibertyReadGenlib() skipped sequential cell "sky130_fd_sc_hd__sdfrtp_2".
ABC: Scl_LibertyReadGenlib() skipped sequential cell "sky130_fd_sc_hd__sdfrtp_4".
ABC: Scl_LibertyReadGenlib() skipped sequential cell "sky130_fd_sc_hd__sdfsbp_1".
ABC: Scl_LibertyReadGenlib() skipped sequential cell "sky130_fd_sc_hd__sdfsbp_2".
ABC: Scl_LibertyReadGenlib() skipped sequential cell "sky130_fd_sc_hd__sdfstp_1".
ABC: Scl_LibertyReadGenlib() skipped sequential cell "sky130_fd_sc_hd__sdfstp_2".
ABC: Scl_LibertyReadGenlib() skipped sequential cell "sky130_fd_sc_hd__sdfstp_4".
ABC: Scl_LibertyReadGenlib() skipped sequential cell "sky130_fd_sc_hd__sdfxbp_1".
ABC: Scl_LibertyReadGenlib() skipped sequential cell "sky130_fd_sc_hd__sdfxbp_2".
ABC: Scl_LibertyReadGenlib() skipped sequential cell "sky130_fd_sc_hd__sdfxtp_1".
ABC: Scl_LibertyReadGenlib() skipped sequential cell "sky130_fd_sc_hd__sdfxtp_2".
ABC: Scl_LibertyReadGenlib() skipped sequential cell "sky130_fd_sc_hd__sdfxtp_4".
ABC: Scl_LibertyReadGenlib() skipped cell "sky130_fd_sc_hd__sdlclkp_1" without logic function.
ABC: Scl_LibertyReadGenlib() skipped cell "sky130_fd_sc_hd__sdlclkp_2" without logic function.
ABC: Scl_LibertyReadGenlib() skipped cell "sky130_fd_sc_hd__sdlclkp_4" without logic function.
ABC: Scl_LibertyReadGenlib() skipped sequential cell "sky130_fd_sc_hd__sedfxbp_1".
ABC: Scl_LibertyReadGenlib() skipped sequential cell "sky130_fd_sc_hd__sedfxbp_2".
ABC: Scl_LibertyReadGenlib() skipped sequential cell "sky130_fd_sc_hd__sedfxtp_1".
ABC: Scl_LibertyReadGenlib() skipped sequential cell "sky130_fd_sc_hd__sedfxtp_2".
ABC: Scl_LibertyReadGenlib() skipped sequential cell "sky130_fd_sc_hd__sedfxtp_4".
ABC: Library "sky130_fd_sc_hd__tt_025C_1v80" from "/mnt/c/Users/sethu/Downloads/vlsi/ARe_UBNN_KWS/constraints/sky130_fd_sc_hd__tt_025C_1v80.lib" has 334 cells (94 skipped: 63 seq; 13 tri-state; 18 no func; 0 dont_use).  Time =     0.31 sec
ABC: Memory =   19.85 MB. Time =     0.31 sec
ABC: Warning: Detected 9 multi-output gates (for example, "sky130_fd_sc_hd__fa_1").
ABC: + strash 
ABC: + &get -n 
ABC: + &fraig -x 
ABC: + &put 
ABC: + scorr 
ABC: Warning: The network is combinational (run "fraig" or "fraig_sweep").
ABC: + dc2 
ABC: + dretime 
ABC: + strash 
ABC: + &get -n 
ABC: + &dch -f 
ABC: + &nf 
ABC: + &put 
ABC: + write_blif <abc-temp-dir>/output.blif 

17.4.2. Re-integrating ABC results.
ABC RESULTS:   sky130_fd_sc_hd__lpflow_inputiso1p_1 cells:        1
ABC RESULTS:        internal signals:        0
ABC RESULTS:           input signals:        2
ABC RESULTS:          output signals:        1
Removing temp directory.

17.5. Extracting gate netlist of module `\pe_activity_detector' to `<abc-temp-dir>/input.blif'..
Extracted 256 gates and 513 wires to a netlist network with 257 inputs and 16 outputs.

17.5.1. Executing ABC.
Running ABC command: "<yosys-exe-dir>/yosys-abc" -s -f <abc-temp-dir>/abc.script 2>&1
ABC: ABC command line: "source <abc-temp-dir>/abc.script".
ABC: 
ABC: + read_blif <abc-temp-dir>/input.blif 
ABC: + read_lib -w /mnt/c/Users/sethu/Downloads/vlsi/ARe_UBNN_KWS/constraints/sky130_fd_sc_hd__tt_025C_1v80.lib 
ABC: Parsing finished successfully.  Parsing time =     0.21 sec
ABC: Scl_LibertyReadGenlib() skipped cell "sky130_fd_sc_hd__decap_12" without logic function.
ABC: Scl_LibertyReadGenlib() skipped cell "sky130_fd_sc_hd__decap_3" without logic function.
ABC: Scl_LibertyReadGenlib() skipped cell "sky130_fd_sc_hd__decap_4" without logic function.
ABC: Scl_LibertyReadGenlib() skipped cell "sky130_fd_sc_hd__decap_6" without logic function.
ABC: Scl_LibertyReadGenlib() skipped cell "sky130_fd_sc_hd__decap_8" without logic function.
ABC: Scl_LibertyReadGenlib() skipped sequential cell "sky130_fd_sc_hd__dfbbn_1".
ABC: Scl_LibertyReadGenlib() skipped sequential cell "sky130_fd_sc_hd__dfbbn_2".
ABC: Scl_LibertyReadGenlib() skipped sequential cell "sky130_fd_sc_hd__dfbbp_1".
ABC: Scl_LibertyReadGenlib() skipped sequential cell "sky130_fd_sc_hd__dfrbp_1".
ABC: Scl_LibertyReadGenlib() skipped sequential cell "sky130_fd_sc_hd__dfrbp_2".
ABC: Scl_LibertyReadGenlib() skipped sequential cell "sky130_fd_sc_hd__dfrtn_1".
ABC: Scl_LibertyReadGenlib() skipped sequential cell "sky130_fd_sc_hd__dfrtp_1".
ABC: Scl_LibertyReadGenlib() skipped sequential cell "sky130_fd_sc_hd__dfrtp_2".
ABC: Scl_LibertyReadGenlib() skipped sequential cell "sky130_fd_sc_hd__dfrtp_4".
ABC: Scl_LibertyReadGenlib() skipped sequential cell "sky130_fd_sc_hd__dfsbp_1".
ABC: Scl_LibertyReadGenlib() skipped sequential cell "sky130_fd_sc_hd__dfsbp_2".
ABC: Scl_LibertyReadGenlib() skipped sequential cell "sky130_fd_sc_hd__dfstp_1".
ABC: Scl_LibertyReadGenlib() skipped sequential cell "sky130_fd_sc_hd__dfstp_2".
ABC: Scl_LibertyReadGenlib() skipped sequential cell "sky130_fd_sc_hd__dfstp_4".
ABC: Scl_LibertyReadGenlib() skipped sequential cell "sky130_fd_sc_hd__dfxbp_1".
ABC: Scl_LibertyReadGenlib() skipped sequential cell "sky130_fd_sc_hd__dfxbp_2".
ABC: Scl_LibertyReadGenlib() skipped sequential cell "sky130_fd_sc_hd__dfxtp_1".
ABC: Scl_LibertyReadGenlib() skipped sequential cell "sky130_fd_sc_hd__dfxtp_2".
ABC: Scl_LibertyReadGenlib() skipped sequential cell "sky130_fd_sc_hd__dfxtp_4".
ABC: Scl_LibertyReadGenlib() skipped cell "sky130_fd_sc_hd__diode_2" without logic function.
ABC: Scl_LibertyReadGenlib() skipped cell "sky130_fd_sc_hd__dlclkp_1" without logic function.
ABC: Scl_LibertyReadGenlib() skipped cell "sky130_fd_sc_hd__dlclkp_2" without logic function.
ABC: Scl_LibertyReadGenlib() skipped cell "sky130_fd_sc_hd__dlclkp_4" without logic function.
ABC: Scl_LibertyReadGenlib() skipped sequential cell "sky130_fd_sc_hd__dlrbn_1".
ABC: Scl_LibertyReadGenlib() skipped sequential cell "sky130_fd_sc_hd__dlrbn_2".
ABC: Scl_LibertyReadGenlib() skipped sequential cell "sky130_fd_sc_hd__dlrbp_1".
ABC: Scl_LibertyReadGenlib() skipped sequential cell "sky130_fd_sc_hd__dlrbp_2".
ABC: Scl_LibertyReadGenlib() skipped sequential cell "sky130_fd_sc_hd__dlrtn_1".
ABC: Scl_LibertyReadGenlib() skipped sequential cell "sky130_fd_sc_hd__dlrtn_2".
ABC: Scl_LibertyReadGenlib() skipped sequential cell "sky130_fd_sc_hd__dlrtn_4".
ABC: Scl_LibertyReadGenlib() skipped sequential cell "sky130_fd_sc_hd__dlrtp_1".
ABC: Scl_LibertyReadGenlib() skipped sequential cell "sky130_fd_sc_hd__dlrtp_2".
ABC: Scl_LibertyReadGenlib() skipped sequential cell "sky130_fd_sc_hd__dlrtp_4".
ABC: Scl_LibertyReadGenlib() skipped sequential cell "sky130_fd_sc_hd__dlxbn_1".
ABC: Scl_LibertyReadGenlib() skipped sequential cell "sky130_fd_sc_hd__dlxbn_2".
ABC: Scl_LibertyReadGenlib() skipped sequential cell "sky130_fd_sc_hd__dlxbp_1".
ABC: Scl_LibertyReadGenlib() skipped sequential cell "sky130_fd_sc_hd__dlxtn_1".
ABC: Scl_LibertyReadGenlib() skipped sequential cell "sky130_fd_sc_hd__dlxtn_2".
ABC: Scl_LibertyReadGenlib() skipped sequential cell "sky130_fd_sc_hd__dlxtn_4".
ABC: Scl_LibertyReadGenlib() skipped sequential cell "sky130_fd_sc_hd__dlxtp_1".
ABC: Scl_LibertyReadGenlib() skipped three-state cell "sky130_fd_sc_hd__ebufn_1".
ABC: Scl_LibertyReadGenlib() skipped three-state cell "sky130_fd_sc_hd__ebufn_2".
ABC: Scl_LibertyReadGenlib() skipped three-state cell "sky130_fd_sc_hd__ebufn_4".
ABC: Scl_LibertyReadGenlib() skipped three-state cell "sky130_fd_sc_hd__ebufn_8".
ABC: Scl_LibertyReadGenlib() skipped sequential cell "sky130_fd_sc_hd__edfxbp_1".
ABC: Scl_LibertyReadGenlib() skipped sequential cell "sky130_fd_sc_hd__edfxtp_1".
ABC: Scl_LibertyReadGenlib() skipped three-state cell "sky130_fd_sc_hd__einvn_0".
ABC: Scl_LibertyReadGenlib() skipped three-state cell "sky130_fd_sc_hd__einvn_1".
ABC: Scl_LibertyReadGenlib() skipped three-state cell "sky130_fd_sc_hd__einvn_2".
ABC: Scl_LibertyReadGenlib() skipped three-state cell "sky130_fd_sc_hd__einvn_4".
ABC: Scl_LibertyReadGenlib() skipped three-state cell "sky130_fd_sc_hd__einvn_8".
ABC: Scl_LibertyReadGenlib() skipped three-state cell "sky130_fd_sc_hd__einvp_1".
ABC: Scl_LibertyReadGenlib() skipped three-state cell "sky130_fd_sc_hd__einvp_2".
ABC: Scl_LibertyReadGenlib() skipped three-state cell "sky130_fd_sc_hd__einvp_4".
ABC: Scl_LibertyReadGenlib() skipped three-state cell "sky130_fd_sc_hd__einvp_8".
ABC: Scl_LibertyReadGenlib() skipped cell "sky130_fd_sc_hd__lpflow_bleeder_1" without logic function.
ABC: Scl_LibertyReadGenlib() skipped cell "sky130_fd_sc_hd__lpflow_decapkapwr_12" without logic function.
ABC: Scl_LibertyReadGenlib() skipped cell "sky130_fd_sc_hd__lpflow_decapkapwr_3" without logic function.
ABC: Scl_LibertyReadGenlib() skipped cell "sky130_fd_sc_hd__lpflow_decapkapwr_4" without logic function.
ABC: Scl_LibertyReadGenlib() skipped cell "sky130_fd_sc_hd__lpflow_decapkapwr_6" without logic function.
ABC: Scl_LibertyReadGenlib() skipped cell "sky130_fd_sc_hd__lpflow_decapkapwr_8" without logic function.
ABC: Scl_LibertyReadGenlib() skipped sequential cell "sky130_fd_sc_hd__lpflow_inputisolatch_1".
ABC: Scl_LibertyReadGenlib() skipped sequential cell "sky130_fd_sc_hd__sdfbbn_1".
ABC: Scl_LibertyReadGenlib() skipped sequential cell "sky130_fd_sc_hd__sdfbbn_2".
ABC: Scl_LibertyReadGenlib() skipped sequential cell "sky130_fd_sc_hd__sdfbbp_1".
ABC: Scl_LibertyReadGenlib() skipped sequential cell "sky130_fd_sc_hd__sdfrbp_1".
ABC: Scl_LibertyReadGenlib() skipped sequential cell "sky130_fd_sc_hd__sdfrbp_2".
ABC: Scl_LibertyReadGenlib() skipped sequential cell "sky130_fd_sc_hd__sdfrtn_1".
ABC: Scl_LibertyReadGenlib() skipped sequential cell "sky130_fd_sc_hd__sdfrtp_1".
ABC: Scl_LibertyReadGenlib() skipped sequential cell "sky130_fd_sc_hd__sdfrtp_2".
ABC: Scl_LibertyReadGenlib() skipped sequential cell "sky130_fd_sc_hd__sdfrtp_4".
ABC: Scl_LibertyReadGenlib() skipped sequential cell "sky130_fd_sc_hd__sdfsbp_1".
ABC: Scl_LibertyReadGenlib() skipped sequential cell "sky130_fd_sc_hd__sdfsbp_2".
ABC: Scl_LibertyReadGenlib() skipped sequential cell "sky130_fd_sc_hd__sdfstp_1".
ABC: Scl_LibertyReadGenlib() skipped sequential cell "sky130_fd_sc_hd__sdfstp_2".
ABC: Scl_LibertyReadGenlib() skipped sequential cell "sky130_fd_sc_hd__sdfstp_4".
ABC: Scl_LibertyReadGenlib() skipped sequential cell "sky130_fd_sc_hd__sdfxbp_1".
ABC: Scl_LibertyReadGenlib() skipped sequential cell "sky130_fd_sc_hd__sdfxbp_2".
ABC: Scl_LibertyReadGenlib() skipped sequential cell "sky130_fd_sc_hd__sdfxtp_1".
ABC: Scl_LibertyReadGenlib() skipped sequential cell "sky130_fd_sc_hd__sdfxtp_2".
ABC: Scl_LibertyReadGenlib() skipped sequential cell "sky130_fd_sc_hd__sdfxtp_4".
ABC: Scl_LibertyReadGenlib() skipped cell "sky130_fd_sc_hd__sdlclkp_1" without logic function.
ABC: Scl_LibertyReadGenlib() skipped cell "sky130_fd_sc_hd__sdlclkp_2" without logic function.
ABC: Scl_LibertyReadGenlib() skipped cell "sky130_fd_sc_hd__sdlclkp_4" without logic function.
ABC: Scl_LibertyReadGenlib() skipped sequential cell "sky130_fd_sc_hd__sedfxbp_1".
ABC: Scl_LibertyReadGenlib() skipped sequential cell "sky130_fd_sc_hd__sedfxbp_2".
ABC: Scl_LibertyReadGenlib() skipped sequential cell "sky130_fd_sc_hd__sedfxtp_1".
ABC: Scl_LibertyReadGenlib() skipped sequential cell "sky130_fd_sc_hd__sedfxtp_2".
ABC: Scl_LibertyReadGenlib() skipped sequential cell "sky130_fd_sc_hd__sedfxtp_4".
ABC: Library "sky130_fd_sc_hd__tt_025C_1v80" from "/mnt/c/Users/sethu/Downloads/vlsi/ARe_UBNN_KWS/constraints/sky130_fd_sc_hd__tt_025C_1v80.lib" has 334 cells (94 skipped: 63 seq; 13 tri-state; 18 no func; 0 dont_use).  Time =     0.29 sec
ABC: Memory =   19.85 MB. Time =     0.29 sec
ABC: Warning: Detected 9 multi-output gates (for example, "sky130_fd_sc_hd__fa_1").
ABC: + strash 
ABC: + &get -n 
ABC: + &fraig -x 
ABC: + &put 
ABC: + scorr 
ABC: Warning: The network is combinational (run "fraig" or "fraig_sweep").
ABC: + dc2 
ABC: + dretime 
ABC: + strash 
ABC: + &get -n 
ABC: + &dch -f 
ABC: + &nf 
ABC: + &put 
ABC: + write_blif <abc-temp-dir>/output.blif 

17.5.2. Re-integrating ABC results.
ABC RESULTS:   sky130_fd_sc_hd__nand3_1 cells:       16
ABC RESULTS:   sky130_fd_sc_hd__nor3_1 cells:       16
ABC RESULTS:   sky130_fd_sc_hd__nor4_1 cells:       32
ABC RESULTS:   sky130_fd_sc_hd__or4_1 cells:       32
ABC RESULTS:        internal signals:      240
ABC RESULTS:           input signals:      257
ABC RESULTS:          output signals:       16
Removing temp directory.

17.6. Extracting gate netlist of module `\pe_array16' to `<abc-temp-dir>/input.blif'..
Extracted 0 gates and 0 wires to a netlist network with 0 inputs and 0 outputs.
Don't call ABC as there is nothing to map.
Removing temp directory.

17.7. Extracting gate netlist of module `\popcount16' to `<abc-temp-dir>/input.blif'..
Extracted 69 gates and 85 wires to a netlist network with 16 inputs and 5 outputs.

17.7.1. Executing ABC.
Running ABC command: "<yosys-exe-dir>/yosys-abc" -s -f <abc-temp-dir>/abc.script 2>&1
ABC: ABC command line: "source <abc-temp-dir>/abc.script".
ABC: 
ABC: + read_blif <abc-temp-dir>/input.blif 
ABC: + read_lib -w /mnt/c/Users/sethu/Downloads/vlsi/ARe_UBNN_KWS/constraints/sky130_fd_sc_hd__tt_025C_1v80.lib 
ABC: Parsing finished successfully.  Parsing time =     0.23 sec
ABC: Scl_LibertyReadGenlib() skipped cell "sky130_fd_sc_hd__decap_12" without logic function.
ABC: Scl_LibertyReadGenlib() skipped cell "sky130_fd_sc_hd__decap_3" without logic function.
ABC: Scl_LibertyReadGenlib() skipped cell "sky130_fd_sc_hd__decap_4" without logic function.
ABC: Scl_LibertyReadGenlib() skipped cell "sky130_fd_sc_hd__decap_6" without logic function.
ABC: Scl_LibertyReadGenlib() skipped cell "sky130_fd_sc_hd__decap_8" without logic function.
ABC: Scl_LibertyReadGenlib() skipped sequential cell "sky130_fd_sc_hd__dfbbn_1".
ABC: Scl_LibertyReadGenlib() skipped sequential cell "sky130_fd_sc_hd__dfbbn_2".
ABC: Scl_LibertyReadGenlib() skipped sequential cell "sky130_fd_sc_hd__dfbbp_1".
ABC: Scl_LibertyReadGenlib() skipped sequential cell "sky130_fd_sc_hd__dfrbp_1".
ABC: Scl_LibertyReadGenlib() skipped sequential cell "sky130_fd_sc_hd__dfrbp_2".
ABC: Scl_LibertyReadGenlib() skipped sequential cell "sky130_fd_sc_hd__dfrtn_1".
ABC: Scl_LibertyReadGenlib() skipped sequential cell "sky130_fd_sc_hd__dfrtp_1".
ABC: Scl_LibertyReadGenlib() skipped sequential cell "sky130_fd_sc_hd__dfrtp_2".
ABC: Scl_LibertyReadGenlib() skipped sequential cell "sky130_fd_sc_hd__dfrtp_4".
ABC: Scl_LibertyReadGenlib() skipped sequential cell "sky130_fd_sc_hd__dfsbp_1".
ABC: Scl_LibertyReadGenlib() skipped sequential cell "sky130_fd_sc_hd__dfsbp_2".
ABC: Scl_LibertyReadGenlib() skipped sequential cell "sky130_fd_sc_hd__dfstp_1".
ABC: Scl_LibertyReadGenlib() skipped sequential cell "sky130_fd_sc_hd__dfstp_2".
ABC: Scl_LibertyReadGenlib() skipped sequential cell "sky130_fd_sc_hd__dfstp_4".
ABC: Scl_LibertyReadGenlib() skipped sequential cell "sky130_fd_sc_hd__dfxbp_1".
ABC: Scl_LibertyReadGenlib() skipped sequential cell "sky130_fd_sc_hd__dfxbp_2".
ABC: Scl_LibertyReadGenlib() skipped sequential cell "sky130_fd_sc_hd__dfxtp_1".
ABC: Scl_LibertyReadGenlib() skipped sequential cell "sky130_fd_sc_hd__dfxtp_2".
ABC: Scl_LibertyReadGenlib() skipped sequential cell "sky130_fd_sc_hd__dfxtp_4".
ABC: Scl_LibertyReadGenlib() skipped cell "sky130_fd_sc_hd__diode_2" without logic function.
ABC: Scl_LibertyReadGenlib() skipped cell "sky130_fd_sc_hd__dlclkp_1" without logic function.
ABC: Scl_LibertyReadGenlib() skipped cell "sky130_fd_sc_hd__dlclkp_2" without logic function.
ABC: Scl_LibertyReadGenlib() skipped cell "sky130_fd_sc_hd__dlclkp_4" without logic function.
ABC: Scl_LibertyReadGenlib() skipped sequential cell "sky130_fd_sc_hd__dlrbn_1".
ABC: Scl_LibertyReadGenlib() skipped sequential cell "sky130_fd_sc_hd__dlrbn_2".
ABC: Scl_LibertyReadGenlib() skipped sequential cell "sky130_fd_sc_hd__dlrbp_1".
ABC: Scl_LibertyReadGenlib() skipped sequential cell "sky130_fd_sc_hd__dlrbp_2".
ABC: Scl_LibertyReadGenlib() skipped sequential cell "sky130_fd_sc_hd__dlrtn_1".
ABC: Scl_LibertyReadGenlib() skipped sequential cell "sky130_fd_sc_hd__dlrtn_2".
ABC: Scl_LibertyReadGenlib() skipped sequential cell "sky130_fd_sc_hd__dlrtn_4".
ABC: Scl_LibertyReadGenlib() skipped sequential cell "sky130_fd_sc_hd__dlrtp_1".
ABC: Scl_LibertyReadGenlib() skipped sequential cell "sky130_fd_sc_hd__dlrtp_2".
ABC: Scl_LibertyReadGenlib() skipped sequential cell "sky130_fd_sc_hd__dlrtp_4".
ABC: Scl_LibertyReadGenlib() skipped sequential cell "sky130_fd_sc_hd__dlxbn_1".
ABC: Scl_LibertyReadGenlib() skipped sequential cell "sky130_fd_sc_hd__dlxbn_2".
ABC: Scl_LibertyReadGenlib() skipped sequential cell "sky130_fd_sc_hd__dlxbp_1".
ABC: Scl_LibertyReadGenlib() skipped sequential cell "sky130_fd_sc_hd__dlxtn_1".
ABC: Scl_LibertyReadGenlib() skipped sequential cell "sky130_fd_sc_hd__dlxtn_2".
ABC: Scl_LibertyReadGenlib() skipped sequential cell "sky130_fd_sc_hd__dlxtn_4".
ABC: Scl_LibertyReadGenlib() skipped sequential cell "sky130_fd_sc_hd__dlxtp_1".
ABC: Scl_LibertyReadGenlib() skipped three-state cell "sky130_fd_sc_hd__ebufn_1".
ABC: Scl_LibertyReadGenlib() skipped three-state cell "sky130_fd_sc_hd__ebufn_2".
ABC: Scl_LibertyReadGenlib() skipped three-state cell "sky130_fd_sc_hd__ebufn_4".
ABC: Scl_LibertyReadGenlib() skipped three-state cell "sky130_fd_sc_hd__ebufn_8".
ABC: Scl_LibertyReadGenlib() skipped sequential cell "sky130_fd_sc_hd__edfxbp_1".
ABC: Scl_LibertyReadGenlib() skipped sequential cell "sky130_fd_sc_hd__edfxtp_1".
ABC: Scl_LibertyReadGenlib() skipped three-state cell "sky130_fd_sc_hd__einvn_0".
ABC: Scl_LibertyReadGenlib() skipped three-state cell "sky130_fd_sc_hd__einvn_1".
ABC: Scl_LibertyReadGenlib() skipped three-state cell "sky130_fd_sc_hd__einvn_2".
ABC: Scl_LibertyReadGenlib() skipped three-state cell "sky130_fd_sc_hd__einvn_4".
ABC: Scl_LibertyReadGenlib() skipped three-state cell "sky130_fd_sc_hd__einvn_8".
ABC: Scl_LibertyReadGenlib() skipped three-state cell "sky130_fd_sc_hd__einvp_1".
ABC: Scl_LibertyReadGenlib() skipped three-state cell "sky130_fd_sc_hd__einvp_2".
ABC: Scl_LibertyReadGenlib() skipped three-state cell "sky130_fd_sc_hd__einvp_4".
ABC: Scl_LibertyReadGenlib() skipped three-state cell "sky130_fd_sc_hd__einvp_8".
ABC: Scl_LibertyReadGenlib() skipped cell "sky130_fd_sc_hd__lpflow_bleeder_1" without logic function.
ABC: Scl_LibertyReadGenlib() skipped cell "sky130_fd_sc_hd__lpflow_decapkapwr_12" without logic function.
ABC: Scl_LibertyReadGenlib() skipped cell "sky130_fd_sc_hd__lpflow_decapkapwr_3" without logic function.
ABC: Scl_LibertyReadGenlib() skipped cell "sky130_fd_sc_hd__lpflow_decapkapwr_4" without logic function.
ABC: Scl_LibertyReadGenlib() skipped cell "sky130_fd_sc_hd__lpflow_decapkapwr_6" without logic function.
ABC: Scl_LibertyReadGenlib() skipped cell "sky130_fd_sc_hd__lpflow_decapkapwr_8" without logic function.
ABC: Scl_LibertyReadGenlib() skipped sequential cell "sky130_fd_sc_hd__lpflow_inputisolatch_1".
ABC: Scl_LibertyReadGenlib() skipped sequential cell "sky130_fd_sc_hd__sdfbbn_1".
ABC: Scl_LibertyReadGenlib() skipped sequential cell "sky130_fd_sc_hd__sdfbbn_2".
ABC: Scl_LibertyReadGenlib() skipped sequential cell "sky130_fd_sc_hd__sdfbbp_1".
ABC: Scl_LibertyReadGenlib() skipped sequential cell "sky130_fd_sc_hd__sdfrbp_1".
ABC: Scl_LibertyReadGenlib() skipped sequential cell "sky130_fd_sc_hd__sdfrbp_2".
ABC: Scl_LibertyReadGenlib() skipped sequential cell "sky130_fd_sc_hd__sdfrtn_1".
ABC: Scl_LibertyReadGenlib() skipped sequential cell "sky130_fd_sc_hd__sdfrtp_1".
ABC: Scl_LibertyReadGenlib() skipped sequential cell "sky130_fd_sc_hd__sdfrtp_2".
ABC: Scl_LibertyReadGenlib() skipped sequential cell "sky130_fd_sc_hd__sdfrtp_4".
ABC: Scl_LibertyReadGenlib() skipped sequential cell "sky130_fd_sc_hd__sdfsbp_1".
ABC: Scl_LibertyReadGenlib() skipped sequential cell "sky130_fd_sc_hd__sdfsbp_2".
ABC: Scl_LibertyReadGenlib() skipped sequential cell "sky130_fd_sc_hd__sdfstp_1".
ABC: Scl_LibertyReadGenlib() skipped sequential cell "sky130_fd_sc_hd__sdfstp_2".
ABC: Scl_LibertyReadGenlib() skipped sequential cell "sky130_fd_sc_hd__sdfstp_4".
ABC: Scl_LibertyReadGenlib() skipped sequential cell "sky130_fd_sc_hd__sdfxbp_1".
ABC: Scl_LibertyReadGenlib() skipped sequential cell "sky130_fd_sc_hd__sdfxbp_2".
ABC: Scl_LibertyReadGenlib() skipped sequential cell "sky130_fd_sc_hd__sdfxtp_1".
ABC: Scl_LibertyReadGenlib() skipped sequential cell "sky130_fd_sc_hd__sdfxtp_2".
ABC: Scl_LibertyReadGenlib() skipped sequential cell "sky130_fd_sc_hd__sdfxtp_4".
ABC: Scl_LibertyReadGenlib() skipped cell "sky130_fd_sc_hd__sdlclkp_1" without logic function.
ABC: Scl_LibertyReadGenlib() skipped cell "sky130_fd_sc_hd__sdlclkp_2" without logic function.
ABC: Scl_LibertyReadGenlib() skipped cell "sky130_fd_sc_hd__sdlclkp_4" without logic function.
ABC: Scl_LibertyReadGenlib() skipped sequential cell "sky130_fd_sc_hd__sedfxbp_1".
ABC: Scl_LibertyReadGenlib() skipped sequential cell "sky130_fd_sc_hd__sedfxbp_2".
ABC: Scl_LibertyReadGenlib() skipped sequential cell "sky130_fd_sc_hd__sedfxtp_1".
ABC: Scl_LibertyReadGenlib() skipped sequential cell "sky130_fd_sc_hd__sedfxtp_2".
ABC: Scl_LibertyReadGenlib() skipped sequential cell "sky130_fd_sc_hd__sedfxtp_4".
ABC: Library "sky130_fd_sc_hd__tt_025C_1v80" from "/mnt/c/Users/sethu/Downloads/vlsi/ARe_UBNN_KWS/constraints/sky130_fd_sc_hd__tt_025C_1v80.lib" has 334 cells (94 skipped: 63 seq; 13 tri-state; 18 no func; 0 dont_use).  Time =     0.31 sec
ABC: Memory =   19.85 MB. Time =     0.31 sec
ABC: Warning: Detected 9 multi-output gates (for example, "sky130_fd_sc_hd__fa_1").
ABC: + strash 
ABC: + &get -n 
ABC: + &fraig -x 
ABC: + &put 
ABC: + scorr 
ABC: Warning: The network is combinational (run "fraig" or "fraig_sweep").
ABC: + dc2 
ABC: + dretime 
ABC: + strash 
ABC: + &get -n 
ABC: + &dch -f 
ABC: + &nf 
ABC: + &put 
ABC: + write_blif <abc-temp-dir>/output.blif 

17.7.2. Re-integrating ABC results.
ABC RESULTS:   sky130_fd_sc_hd__a21o_1 cells:        1
ABC RESULTS:   sky130_fd_sc_hd__a21oi_1 cells:        1
ABC RESULTS:   sky130_fd_sc_hd__and2_0 cells:        2
ABC RESULTS:   sky130_fd_sc_hd__clkinv_1 cells:        1
ABC RESULTS:   sky130_fd_sc_hd__maj3_1 cells:        8
ABC RESULTS:   sky130_fd_sc_hd__mux2i_1 cells:        1
ABC RESULTS:   sky130_fd_sc_hd__nand2_1 cells:        3
ABC RESULTS:   sky130_fd_sc_hd__nand3_1 cells:        1
ABC RESULTS:   sky130_fd_sc_hd__nor2_1 cells:        2
ABC RESULTS:   sky130_fd_sc_hd__nor3_1 cells:        1
ABC RESULTS:   sky130_fd_sc_hd__o211ai_1 cells:        1
ABC RESULTS:   sky130_fd_sc_hd__o21ai_0 cells:        2
ABC RESULTS:   sky130_fd_sc_hd__or3_1 cells:        1
ABC RESULTS:   sky130_fd_sc_hd__xnor2_1 cells:        4
ABC RESULTS:   sky130_fd_sc_hd__xnor3_1 cells:        1
ABC RESULTS:   sky130_fd_sc_hd__xor2_1 cells:        2
ABC RESULTS:   sky130_fd_sc_hd__xor3_1 cells:        7
ABC RESULTS:        internal signals:       64
ABC RESULTS:           input signals:       16
ABC RESULTS:          output signals:        5
Removing temp directory.

17.8. Extracting gate netlist of module `\protected_weight_memory' to `<abc-temp-dir>/input.blif'..
Extracted 4637 gates and 5400 wires to a netlist network with 763 inputs and 771 outputs.

17.8.1. Executing ABC.
Running ABC command: "<yosys-exe-dir>/yosys-abc" -s -f <abc-temp-dir>/abc.script 2>&1
ABC: ABC command line: "source <abc-temp-dir>/abc.script".
ABC: 
ABC: + read_blif <abc-temp-dir>/input.blif 
ABC: + read_lib -w /mnt/c/Users/sethu/Downloads/vlsi/ARe_UBNN_KWS/constraints/sky130_fd_sc_hd__tt_025C_1v80.lib 
ABC: Parsing finished successfully.  Parsing time =     0.25 sec
ABC: Scl_LibertyReadGenlib() skipped cell "sky130_fd_sc_hd__decap_12" without logic function.
ABC: Scl_LibertyReadGenlib() skipped cell "sky130_fd_sc_hd__decap_3" without logic function.
ABC: Scl_LibertyReadGenlib() skipped cell "sky130_fd_sc_hd__decap_4" without logic function.
ABC: Scl_LibertyReadGenlib() skipped cell "sky130_fd_sc_hd__decap_6" without logic function.
ABC: Scl_LibertyReadGenlib() skipped cell "sky130_fd_sc_hd__decap_8" without logic function.
ABC: Scl_LibertyReadGenlib() skipped sequential cell "sky130_fd_sc_hd__dfbbn_1".
ABC: Scl_LibertyReadGenlib() skipped sequential cell "sky130_fd_sc_hd__dfbbn_2".
ABC: Scl_LibertyReadGenlib() skipped sequential cell "sky130_fd_sc_hd__dfbbp_1".
ABC: Scl_LibertyReadGenlib() skipped sequential cell "sky130_fd_sc_hd__dfrbp_1".
ABC: Scl_LibertyReadGenlib() skipped sequential cell "sky130_fd_sc_hd__dfrbp_2".
ABC: Scl_LibertyReadGenlib() skipped sequential cell "sky130_fd_sc_hd__dfrtn_1".
ABC: Scl_LibertyReadGenlib() skipped sequential cell "sky130_fd_sc_hd__dfrtp_1".
ABC: Scl_LibertyReadGenlib() skipped sequential cell "sky130_fd_sc_hd__dfrtp_2".
ABC: Scl_LibertyReadGenlib() skipped sequential cell "sky130_fd_sc_hd__dfrtp_4".
ABC: Scl_LibertyReadGenlib() skipped sequential cell "sky130_fd_sc_hd__dfsbp_1".
ABC: Scl_LibertyReadGenlib() skipped sequential cell "sky130_fd_sc_hd__dfsbp_2".
ABC: Scl_LibertyReadGenlib() skipped sequential cell "sky130_fd_sc_hd__dfstp_1".
ABC: Scl_LibertyReadGenlib() skipped sequential cell "sky130_fd_sc_hd__dfstp_2".
ABC: Scl_LibertyReadGenlib() skipped sequential cell "sky130_fd_sc_hd__dfstp_4".
ABC: Scl_LibertyReadGenlib() skipped sequential cell "sky130_fd_sc_hd__dfxbp_1".
ABC: Scl_LibertyReadGenlib() skipped sequential cell "sky130_fd_sc_hd__dfxbp_2".
ABC: Scl_LibertyReadGenlib() skipped sequential cell "sky130_fd_sc_hd__dfxtp_1".
ABC: Scl_LibertyReadGenlib() skipped sequential cell "sky130_fd_sc_hd__dfxtp_2".
ABC: Scl_LibertyReadGenlib() skipped sequential cell "sky130_fd_sc_hd__dfxtp_4".
ABC: Scl_LibertyReadGenlib() skipped cell "sky130_fd_sc_hd__diode_2" without logic function.
ABC: Scl_LibertyReadGenlib() skipped cell "sky130_fd_sc_hd__dlclkp_1" without logic function.
ABC: Scl_LibertyReadGenlib() skipped cell "sky130_fd_sc_hd__dlclkp_2" without logic function.
ABC: Scl_LibertyReadGenlib() skipped cell "sky130_fd_sc_hd__dlclkp_4" without logic function.
ABC: Scl_LibertyReadGenlib() skipped sequential cell "sky130_fd_sc_hd__dlrbn_1".
ABC: Scl_LibertyReadGenlib() skipped sequential cell "sky130_fd_sc_hd__dlrbn_2".
ABC: Scl_LibertyReadGenlib() skipped sequential cell "sky130_fd_sc_hd__dlrbp_1".
ABC: Scl_LibertyReadGenlib() skipped sequential cell "sky130_fd_sc_hd__dlrbp_2".
ABC: Scl_LibertyReadGenlib() skipped sequential cell "sky130_fd_sc_hd__dlrtn_1".
ABC: Scl_LibertyReadGenlib() skipped sequential cell "sky130_fd_sc_hd__dlrtn_2".
ABC: Scl_LibertyReadGenlib() skipped sequential cell "sky130_fd_sc_hd__dlrtn_4".
ABC: Scl_LibertyReadGenlib() skipped sequential cell "sky130_fd_sc_hd__dlrtp_1".
ABC: Scl_LibertyReadGenlib() skipped sequential cell "sky130_fd_sc_hd__dlrtp_2".
ABC: Scl_LibertyReadGenlib() skipped sequential cell "sky130_fd_sc_hd__dlrtp_4".
ABC: Scl_LibertyReadGenlib() skipped sequential cell "sky130_fd_sc_hd__dlxbn_1".
ABC: Scl_LibertyReadGenlib() skipped sequential cell "sky130_fd_sc_hd__dlxbn_2".
ABC: Scl_LibertyReadGenlib() skipped sequential cell "sky130_fd_sc_hd__dlxbp_1".
ABC: Scl_LibertyReadGenlib() skipped sequential cell "sky130_fd_sc_hd__dlxtn_1".
ABC: Scl_LibertyReadGenlib() skipped sequential cell "sky130_fd_sc_hd__dlxtn_2".
ABC: Scl_LibertyReadGenlib() skipped sequential cell "sky130_fd_sc_hd__dlxtn_4".
ABC: Scl_LibertyReadGenlib() skipped sequential cell "sky130_fd_sc_hd__dlxtp_1".
ABC: Scl_LibertyReadGenlib() skipped three-state cell "sky130_fd_sc_hd__ebufn_1".
ABC: Scl_LibertyReadGenlib() skipped three-state cell "sky130_fd_sc_hd__ebufn_2".
ABC: Scl_LibertyReadGenlib() skipped three-state cell "sky130_fd_sc_hd__ebufn_4".
ABC: Scl_LibertyReadGenlib() skipped three-state cell "sky130_fd_sc_hd__ebufn_8".
ABC: Scl_LibertyReadGenlib() skipped sequential cell "sky130_fd_sc_hd__edfxbp_1".
ABC: Scl_LibertyReadGenlib() skipped sequential cell "sky130_fd_sc_hd__edfxtp_1".
ABC: Scl_LibertyReadGenlib() skipped three-state cell "sky130_fd_sc_hd__einvn_0".
ABC: Scl_LibertyReadGenlib() skipped three-state cell "sky130_fd_sc_hd__einvn_1".
ABC: Scl_LibertyReadGenlib() skipped three-state cell "sky130_fd_sc_hd__einvn_2".
ABC: Scl_LibertyReadGenlib() skipped three-state cell "sky130_fd_sc_hd__einvn_4".
ABC: Scl_LibertyReadGenlib() skipped three-state cell "sky130_fd_sc_hd__einvn_8".
ABC: Scl_LibertyReadGenlib() skipped three-state cell "sky130_fd_sc_hd__einvp_1".
ABC: Scl_LibertyReadGenlib() skipped three-state cell "sky130_fd_sc_hd__einvp_2".
ABC: Scl_LibertyReadGenlib() skipped three-state cell "sky130_fd_sc_hd__einvp_4".
ABC: Scl_LibertyReadGenlib() skipped three-state cell "sky130_fd_sc_hd__einvp_8".
ABC: Scl_LibertyReadGenlib() skipped cell "sky130_fd_sc_hd__lpflow_bleeder_1" without logic function.
ABC: Scl_LibertyReadGenlib() skipped cell "sky130_fd_sc_hd__lpflow_decapkapwr_12" without logic function.
ABC: Scl_LibertyReadGenlib() skipped cell "sky130_fd_sc_hd__lpflow_decapkapwr_3" without logic function.
ABC: Scl_LibertyReadGenlib() skipped cell "sky130_fd_sc_hd__lpflow_decapkapwr_4" without logic function.
ABC: Scl_LibertyReadGenlib() skipped cell "sky130_fd_sc_hd__lpflow_decapkapwr_6" without logic function.
ABC: Scl_LibertyReadGenlib() skipped cell "sky130_fd_sc_hd__lpflow_decapkapwr_8" without logic function.
ABC: Scl_LibertyReadGenlib() skipped sequential cell "sky130_fd_sc_hd__lpflow_inputisolatch_1".
ABC: Scl_LibertyReadGenlib() skipped sequential cell "sky130_fd_sc_hd__sdfbbn_1".
ABC: Scl_LibertyReadGenlib() skipped sequential cell "sky130_fd_sc_hd__sdfbbn_2".
ABC: Scl_LibertyReadGenlib() skipped sequential cell "sky130_fd_sc_hd__sdfbbp_1".
ABC: Scl_LibertyReadGenlib() skipped sequential cell "sky130_fd_sc_hd__sdfrbp_1".
ABC: Scl_LibertyReadGenlib() skipped sequential cell "sky130_fd_sc_hd__sdfrbp_2".
ABC: Scl_LibertyReadGenlib() skipped sequential cell "sky130_fd_sc_hd__sdfrtn_1".
ABC: Scl_LibertyReadGenlib() skipped sequential cell "sky130_fd_sc_hd__sdfrtp_1".
ABC: Scl_LibertyReadGenlib() skipped sequential cell "sky130_fd_sc_hd__sdfrtp_2".
ABC: Scl_LibertyReadGenlib() skipped sequential cell "sky130_fd_sc_hd__sdfrtp_4".
ABC: Scl_LibertyReadGenlib() skipped sequential cell "sky130_fd_sc_hd__sdfsbp_1".
ABC: Scl_LibertyReadGenlib() skipped sequential cell "sky130_fd_sc_hd__sdfsbp_2".
ABC: Scl_LibertyReadGenlib() skipped sequential cell "sky130_fd_sc_hd__sdfstp_1".
ABC: Scl_LibertyReadGenlib() skipped sequential cell "sky130_fd_sc_hd__sdfstp_2".
ABC: Scl_LibertyReadGenlib() skipped sequential cell "sky130_fd_sc_hd__sdfstp_4".
ABC: Scl_LibertyReadGenlib() skipped sequential cell "sky130_fd_sc_hd__sdfxbp_1".
ABC: Scl_LibertyReadGenlib() skipped sequential cell "sky130_fd_sc_hd__sdfxbp_2".
ABC: Scl_LibertyReadGenlib() skipped sequential cell "sky130_fd_sc_hd__sdfxtp_1".
ABC: Scl_LibertyReadGenlib() skipped sequential cell "sky130_fd_sc_hd__sdfxtp_2".
ABC: Scl_LibertyReadGenlib() skipped sequential cell "sky130_fd_sc_hd__sdfxtp_4".
ABC: Scl_LibertyReadGenlib() skipped cell "sky130_fd_sc_hd__sdlclkp_1" without logic function.
ABC: Scl_LibertyReadGenlib() skipped cell "sky130_fd_sc_hd__sdlclkp_2" without logic function.
ABC: Scl_LibertyReadGenlib() skipped cell "sky130_fd_sc_hd__sdlclkp_4" without logic function.
ABC: Scl_LibertyReadGenlib() skipped sequential cell "sky130_fd_sc_hd__sedfxbp_1".
ABC: Scl_LibertyReadGenlib() skipped sequential cell "sky130_fd_sc_hd__sedfxbp_2".
ABC: Scl_LibertyReadGenlib() skipped sequential cell "sky130_fd_sc_hd__sedfxtp_1".
ABC: Scl_LibertyReadGenlib() skipped sequential cell "sky130_fd_sc_hd__sedfxtp_2".
ABC: Scl_LibertyReadGenlib() skipped sequential cell "sky130_fd_sc_hd__sedfxtp_4".
ABC: Library "sky130_fd_sc_hd__tt_025C_1v80" from "/mnt/c/Users/sethu/Downloads/vlsi/ARe_UBNN_KWS/constraints/sky130_fd_sc_hd__tt_025C_1v80.lib" has 334 cells (94 skipped: 63 seq; 13 tri-state; 18 no func; 0 dont_use).  Time =     0.34 sec
ABC: Memory =   19.85 MB. Time =     0.34 sec
ABC: Warning: Detected 9 multi-output gates (for example, "sky130_fd_sc_hd__fa_1").
ABC: + strash 
ABC: + &get -n 
ABC: + &fraig -x 
ABC: + &put 
ABC: + scorr 
ABC: Warning: The network is combinational (run "fraig" or "fraig_sweep").
ABC: + dc2 
ABC: + dretime 
ABC: + strash 
ABC: + &get -n 
ABC: + &dch -f 
ABC: + &nf 
ABC: + &put 
ABC: + write_blif <abc-temp-dir>/output.blif 

17.8.2. Re-integrating ABC results.
ABC RESULTS:   sky130_fd_sc_hd__a2111o_1 cells:        1
ABC RESULTS:   sky130_fd_sc_hd__a2111oi_0 cells:       13
ABC RESULTS:   sky130_fd_sc_hd__a211o_1 cells:        6
ABC RESULTS:   sky130_fd_sc_hd__a21boi_0 cells:        3
ABC RESULTS:   sky130_fd_sc_hd__a21oi_1 cells:      115
ABC RESULTS:   sky130_fd_sc_hd__a221o_1 cells:        4
ABC RESULTS:   sky130_fd_sc_hd__a221oi_1 cells:       28
ABC RESULTS:   sky130_fd_sc_hd__a222oi_1 cells:      168
ABC RESULTS:   sky130_fd_sc_hd__a22o_1 cells:       60
ABC RESULTS:   sky130_fd_sc_hd__a22oi_1 cells:      112
ABC RESULTS:   sky130_fd_sc_hd__a31o_1 cells:       15
ABC RESULTS:   sky130_fd_sc_hd__a31oi_1 cells:        6
ABC RESULTS:   sky130_fd_sc_hd__and2_0 cells:       48
ABC RESULTS:   sky130_fd_sc_hd__and3_1 cells:       16
ABC RESULTS:   sky130_fd_sc_hd__and3b_1 cells:        8
ABC RESULTS:   sky130_fd_sc_hd__and4_1 cells:       33
ABC RESULTS:   sky130_fd_sc_hd__and4b_1 cells:        4
ABC RESULTS:   sky130_fd_sc_hd__clkinv_1 cells:       12
ABC RESULTS:   sky130_fd_sc_hd__lpflow_inputiso1p_1 cells:        3
ABC RESULTS:   sky130_fd_sc_hd__lpflow_isobufsrc_1 cells:       11
ABC RESULTS:   sky130_fd_sc_hd__mux2_1 cells:      351
ABC RESULTS:   sky130_fd_sc_hd__nand2_1 cells:      113
ABC RESULTS:   sky130_fd_sc_hd__nand2b_1 cells:        5
ABC RESULTS:   sky130_fd_sc_hd__nand3_1 cells:      188
ABC RESULTS:   sky130_fd_sc_hd__nand3b_1 cells:        9
ABC RESULTS:   sky130_fd_sc_hd__nand4_1 cells:       66
ABC RESULTS:   sky130_fd_sc_hd__nand4b_1 cells:        4
ABC RESULTS:   sky130_fd_sc_hd__nor2_1 cells:      108
ABC RESULTS:   sky130_fd_sc_hd__nor2b_1 cells:        4
ABC RESULTS:   sky130_fd_sc_hd__nor3_1 cells:        6
ABC RESULTS:   sky130_fd_sc_hd__nor3b_1 cells:       11
ABC RESULTS:   sky130_fd_sc_hd__nor4_1 cells:       11
ABC RESULTS:   sky130_fd_sc_hd__nor4b_1 cells:        4
ABC RESULTS:   sky130_fd_sc_hd__nor4bb_1 cells:        7
ABC RESULTS:   sky130_fd_sc_hd__o2111a_1 cells:        6
ABC RESULTS:   sky130_fd_sc_hd__o2111ai_1 cells:        1
ABC RESULTS:   sky130_fd_sc_hd__o211ai_1 cells:       32
ABC RESULTS:   sky130_fd_sc_hd__o21a_1 cells:        1
ABC RESULTS:   sky130_fd_sc_hd__o21ai_0 cells:        3
ABC RESULTS:   sky130_fd_sc_hd__o221ai_1 cells:        1
ABC RESULTS:   sky130_fd_sc_hd__o22ai_1 cells:       14
ABC RESULTS:   sky130_fd_sc_hd__o31a_1 cells:        1
ABC RESULTS:   sky130_fd_sc_hd__o32ai_1 cells:        1
ABC RESULTS:   sky130_fd_sc_hd__or3_1 cells:        3
ABC RESULTS:   sky130_fd_sc_hd__or3b_1 cells:        7
ABC RESULTS:   sky130_fd_sc_hd__or4_1 cells:        2
ABC RESULTS:   sky130_fd_sc_hd__xnor2_1 cells:      131
ABC RESULTS:   sky130_fd_sc_hd__xor2_1 cells:      198
ABC RESULTS:        internal signals:     3866
ABC RESULTS:           input signals:      763
ABC RESULTS:          output signals:      771
Removing temp directory.

17.9. Extracting gate netlist of module `\secded_decoder' to `<abc-temp-dir>/input.blif'..
Extracted 322 gates and 344 wires to a netlist network with 22 inputs and 23 outputs.

17.9.1. Executing ABC.
Running ABC command: "<yosys-exe-dir>/yosys-abc" -s -f <abc-temp-dir>/abc.script 2>&1
ABC: ABC command line: "source <abc-temp-dir>/abc.script".
ABC: 
ABC: + read_blif <abc-temp-dir>/input.blif 
ABC: + read_lib -w /mnt/c/Users/sethu/Downloads/vlsi/ARe_UBNN_KWS/constraints/sky130_fd_sc_hd__tt_025C_1v80.lib 
ABC: Parsing finished successfully.  Parsing time =     0.30 sec
ABC: Scl_LibertyReadGenlib() skipped cell "sky130_fd_sc_hd__decap_12" without logic function.
ABC: Scl_LibertyReadGenlib() skipped cell "sky130_fd_sc_hd__decap_3" without logic function.
ABC: Scl_LibertyReadGenlib() skipped cell "sky130_fd_sc_hd__decap_4" without logic function.
ABC: Scl_LibertyReadGenlib() skipped cell "sky130_fd_sc_hd__decap_6" without logic function.
ABC: Scl_LibertyReadGenlib() skipped cell "sky130_fd_sc_hd__decap_8" without logic function.
ABC: Scl_LibertyReadGenlib() skipped sequential cell "sky130_fd_sc_hd__dfbbn_1".
ABC: Scl_LibertyReadGenlib() skipped sequential cell "sky130_fd_sc_hd__dfbbn_2".
ABC: Scl_LibertyReadGenlib() skipped sequential cell "sky130_fd_sc_hd__dfbbp_1".
ABC: Scl_LibertyReadGenlib() skipped sequential cell "sky130_fd_sc_hd__dfrbp_1".
ABC: Scl_LibertyReadGenlib() skipped sequential cell "sky130_fd_sc_hd__dfrbp_2".
ABC: Scl_LibertyReadGenlib() skipped sequential cell "sky130_fd_sc_hd__dfrtn_1".
ABC: Scl_LibertyReadGenlib() skipped sequential cell "sky130_fd_sc_hd__dfrtp_1".
ABC: Scl_LibertyReadGenlib() skipped sequential cell "sky130_fd_sc_hd__dfrtp_2".
ABC: Scl_LibertyReadGenlib() skipped sequential cell "sky130_fd_sc_hd__dfrtp_4".
ABC: Scl_LibertyReadGenlib() skipped sequential cell "sky130_fd_sc_hd__dfsbp_1".
ABC: Scl_LibertyReadGenlib() skipped sequential cell "sky130_fd_sc_hd__dfsbp_2".
ABC: Scl_LibertyReadGenlib() skipped sequential cell "sky130_fd_sc_hd__dfstp_1".
ABC: Scl_LibertyReadGenlib() skipped sequential cell "sky130_fd_sc_hd__dfstp_2".
ABC: Scl_LibertyReadGenlib() skipped sequential cell "sky130_fd_sc_hd__dfstp_4".
ABC: Scl_LibertyReadGenlib() skipped sequential cell "sky130_fd_sc_hd__dfxbp_1".
ABC: Scl_LibertyReadGenlib() skipped sequential cell "sky130_fd_sc_hd__dfxbp_2".
ABC: Scl_LibertyReadGenlib() skipped sequential cell "sky130_fd_sc_hd__dfxtp_1".
ABC: Scl_LibertyReadGenlib() skipped sequential cell "sky130_fd_sc_hd__dfxtp_2".
ABC: Scl_LibertyReadGenlib() skipped sequential cell "sky130_fd_sc_hd__dfxtp_4".
ABC: Scl_LibertyReadGenlib() skipped cell "sky130_fd_sc_hd__diode_2" without logic function.
ABC: Scl_LibertyReadGenlib() skipped cell "sky130_fd_sc_hd__dlclkp_1" without logic function.
ABC: Scl_LibertyReadGenlib() skipped cell "sky130_fd_sc_hd__dlclkp_2" without logic function.
ABC: Scl_LibertyReadGenlib() skipped cell "sky130_fd_sc_hd__dlclkp_4" without logic function.
ABC: Scl_LibertyReadGenlib() skipped sequential cell "sky130_fd_sc_hd__dlrbn_1".
ABC: Scl_LibertyReadGenlib() skipped sequential cell "sky130_fd_sc_hd__dlrbn_2".
ABC: Scl_LibertyReadGenlib() skipped sequential cell "sky130_fd_sc_hd__dlrbp_1".
ABC: Scl_LibertyReadGenlib() skipped sequential cell "sky130_fd_sc_hd__dlrbp_2".
ABC: Scl_LibertyReadGenlib() skipped sequential cell "sky130_fd_sc_hd__dlrtn_1".
ABC: Scl_LibertyReadGenlib() skipped sequential cell "sky130_fd_sc_hd__dlrtn_2".
ABC: Scl_LibertyReadGenlib() skipped sequential cell "sky130_fd_sc_hd__dlrtn_4".
ABC: Scl_LibertyReadGenlib() skipped sequential cell "sky130_fd_sc_hd__dlrtp_1".
ABC: Scl_LibertyReadGenlib() skipped sequential cell "sky130_fd_sc_hd__dlrtp_2".
ABC: Scl_LibertyReadGenlib() skipped sequential cell "sky130_fd_sc_hd__dlrtp_4".
ABC: Scl_LibertyReadGenlib() skipped sequential cell "sky130_fd_sc_hd__dlxbn_1".
ABC: Scl_LibertyReadGenlib() skipped sequential cell "sky130_fd_sc_hd__dlxbn_2".
ABC: Scl_LibertyReadGenlib() skipped sequential cell "sky130_fd_sc_hd__dlxbp_1".
ABC: Scl_LibertyReadGenlib() skipped sequential cell "sky130_fd_sc_hd__dlxtn_1".
ABC: Scl_LibertyReadGenlib() skipped sequential cell "sky130_fd_sc_hd__dlxtn_2".
ABC: Scl_LibertyReadGenlib() skipped sequential cell "sky130_fd_sc_hd__dlxtn_4".
ABC: Scl_LibertyReadGenlib() skipped sequential cell "sky130_fd_sc_hd__dlxtp_1".
ABC: Scl_LibertyReadGenlib() skipped three-state cell "sky130_fd_sc_hd__ebufn_1".
ABC: Scl_LibertyReadGenlib() skipped three-state cell "sky130_fd_sc_hd__ebufn_2".
ABC: Scl_LibertyReadGenlib() skipped three-state cell "sky130_fd_sc_hd__ebufn_4".
ABC: Scl_LibertyReadGenlib() skipped three-state cell "sky130_fd_sc_hd__ebufn_8".
ABC: Scl_LibertyReadGenlib() skipped sequential cell "sky130_fd_sc_hd__edfxbp_1".
ABC: Scl_LibertyReadGenlib() skipped sequential cell "sky130_fd_sc_hd__edfxtp_1".
ABC: Scl_LibertyReadGenlib() skipped three-state cell "sky130_fd_sc_hd__einvn_0".
ABC: Scl_LibertyReadGenlib() skipped three-state cell "sky130_fd_sc_hd__einvn_1".
ABC: Scl_LibertyReadGenlib() skipped three-state cell "sky130_fd_sc_hd__einvn_2".
ABC: Scl_LibertyReadGenlib() skipped three-state cell "sky130_fd_sc_hd__einvn_4".
ABC: Scl_LibertyReadGenlib() skipped three-state cell "sky130_fd_sc_hd__einvn_8".
ABC: Scl_LibertyReadGenlib() skipped three-state cell "sky130_fd_sc_hd__einvp_1".
ABC: Scl_LibertyReadGenlib() skipped three-state cell "sky130_fd_sc_hd__einvp_2".
ABC: Scl_LibertyReadGenlib() skipped three-state cell "sky130_fd_sc_hd__einvp_4".
ABC: Scl_LibertyReadGenlib() skipped three-state cell "sky130_fd_sc_hd__einvp_8".
ABC: Scl_LibertyReadGenlib() skipped cell "sky130_fd_sc_hd__lpflow_bleeder_1" without logic function.
ABC: Scl_LibertyReadGenlib() skipped cell "sky130_fd_sc_hd__lpflow_decapkapwr_12" without logic function.
ABC: Scl_LibertyReadGenlib() skipped cell "sky130_fd_sc_hd__lpflow_decapkapwr_3" without logic function.
ABC: Scl_LibertyReadGenlib() skipped cell "sky130_fd_sc_hd__lpflow_decapkapwr_4" without logic function.
ABC: Scl_LibertyReadGenlib() skipped cell "sky130_fd_sc_hd__lpflow_decapkapwr_6" without logic function.
ABC: Scl_LibertyReadGenlib() skipped cell "sky130_fd_sc_hd__lpflow_decapkapwr_8" without logic function.
ABC: Scl_LibertyReadGenlib() skipped sequential cell "sky130_fd_sc_hd__lpflow_inputisolatch_1".
ABC: Scl_LibertyReadGenlib() skipped sequential cell "sky130_fd_sc_hd__sdfbbn_1".
ABC: Scl_LibertyReadGenlib() skipped sequential cell "sky130_fd_sc_hd__sdfbbn_2".
ABC: Scl_LibertyReadGenlib() skipped sequential cell "sky130_fd_sc_hd__sdfbbp_1".
ABC: Scl_LibertyReadGenlib() skipped sequential cell "sky130_fd_sc_hd__sdfrbp_1".
ABC: Scl_LibertyReadGenlib() skipped sequential cell "sky130_fd_sc_hd__sdfrbp_2".
ABC: Scl_LibertyReadGenlib() skipped sequential cell "sky130_fd_sc_hd__sdfrtn_1".
ABC: Scl_LibertyReadGenlib() skipped sequential cell "sky130_fd_sc_hd__sdfrtp_1".
ABC: Scl_LibertyReadGenlib() skipped sequential cell "sky130_fd_sc_hd__sdfrtp_2".
ABC: Scl_LibertyReadGenlib() skipped sequential cell "sky130_fd_sc_hd__sdfrtp_4".
ABC: Scl_LibertyReadGenlib() skipped sequential cell "sky130_fd_sc_hd__sdfsbp_1".
ABC: Scl_LibertyReadGenlib() skipped sequential cell "sky130_fd_sc_hd__sdfsbp_2".
ABC: Scl_LibertyReadGenlib() skipped sequential cell "sky130_fd_sc_hd__sdfstp_1".
ABC: Scl_LibertyReadGenlib() skipped sequential cell "sky130_fd_sc_hd__sdfstp_2".
ABC: Scl_LibertyReadGenlib() skipped sequential cell "sky130_fd_sc_hd__sdfstp_4".
ABC: Scl_LibertyReadGenlib() skipped sequential cell "sky130_fd_sc_hd__sdfxbp_1".
ABC: Scl_LibertyReadGenlib() skipped sequential cell "sky130_fd_sc_hd__sdfxbp_2".
ABC: Scl_LibertyReadGenlib() skipped sequential cell "sky130_fd_sc_hd__sdfxtp_1".
ABC: Scl_LibertyReadGenlib() skipped sequential cell "sky130_fd_sc_hd__sdfxtp_2".
ABC: Scl_LibertyReadGenlib() skipped sequential cell "sky130_fd_sc_hd__sdfxtp_4".
ABC: Scl_LibertyReadGenlib() skipped cell "sky130_fd_sc_hd__sdlclkp_1" without logic function.
ABC: Scl_LibertyReadGenlib() skipped cell "sky130_fd_sc_hd__sdlclkp_2" without logic function.
ABC: Scl_LibertyReadGenlib() skipped cell "sky130_fd_sc_hd__sdlclkp_4" without logic function.
ABC: Scl_LibertyReadGenlib() skipped sequential cell "sky130_fd_sc_hd__sedfxbp_1".
ABC: Scl_LibertyReadGenlib() skipped sequential cell "sky130_fd_sc_hd__sedfxbp_2".
ABC: Scl_LibertyReadGenlib() skipped sequential cell "sky130_fd_sc_hd__sedfxtp_1".
ABC: Scl_LibertyReadGenlib() skipped sequential cell "sky130_fd_sc_hd__sedfxtp_2".
ABC: Scl_LibertyReadGenlib() skipped sequential cell "sky130_fd_sc_hd__sedfxtp_4".
ABC: Library "sky130_fd_sc_hd__tt_025C_1v80" from "/mnt/c/Users/sethu/Downloads/vlsi/ARe_UBNN_KWS/constraints/sky130_fd_sc_hd__tt_025C_1v80.lib" has 334 cells (94 skipped: 63 seq; 13 tri-state; 18 no func; 0 dont_use).  Time =     0.40 sec
ABC: Memory =   19.85 MB. Time =     0.40 sec
ABC: Warning: Detected 9 multi-output gates (for example, "sky130_fd_sc_hd__fa_1").
ABC: + strash 
ABC: + &get -n 
ABC: + &fraig -x 
ABC: + &put 
ABC: + scorr 
ABC: Warning: The network is combinational (run "fraig" or "fraig_sweep").
ABC: + dc2 
ABC: + dretime 
ABC: + strash 
ABC: + &get -n 
ABC: + &dch -f 
ABC: + &nf 
ABC: + &put 
ABC: + write_blif <abc-temp-dir>/output.blif 

17.9.2. Re-integrating ABC results.
ABC RESULTS:   sky130_fd_sc_hd__a211oi_1 cells:        1
ABC RESULTS:   sky130_fd_sc_hd__a21boi_0 cells:        1
ABC RESULTS:   sky130_fd_sc_hd__a21o_1 cells:        1
ABC RESULTS:   sky130_fd_sc_hd__a21oi_1 cells:        4
ABC RESULTS:   sky130_fd_sc_hd__a222oi_1 cells:        1
ABC RESULTS:   sky130_fd_sc_hd__a22oi_1 cells:        2
ABC RESULTS:   sky130_fd_sc_hd__a31o_1 cells:        1
ABC RESULTS:   sky130_fd_sc_hd__a31oi_1 cells:        2
ABC RESULTS:   sky130_fd_sc_hd__and3_1 cells:        1
ABC RESULTS:   sky130_fd_sc_hd__clkinv_1 cells:        8
ABC RESULTS:   sky130_fd_sc_hd__lpflow_inputiso1p_1 cells:        2
ABC RESULTS:   sky130_fd_sc_hd__mux2i_1 cells:        5
ABC RESULTS:   sky130_fd_sc_hd__mux4_2 cells:        3
ABC RESULTS:   sky130_fd_sc_hd__nand2_1 cells:       10
ABC RESULTS:   sky130_fd_sc_hd__nand3_1 cells:        5
ABC RESULTS:   sky130_fd_sc_hd__nand4_1 cells:        4
ABC RESULTS:   sky130_fd_sc_hd__nor2_1 cells:        9
ABC RESULTS:   sky130_fd_sc_hd__nor3_1 cells:        6
ABC RESULTS:   sky130_fd_sc_hd__nor4_1 cells:        3
ABC RESULTS:   sky130_fd_sc_hd__o211ai_1 cells:        2
ABC RESULTS:   sky130_fd_sc_hd__o21ai_0 cells:        2
ABC RESULTS:   sky130_fd_sc_hd__o22ai_1 cells:        1
ABC RESULTS:   sky130_fd_sc_hd__o31ai_1 cells:       12
ABC RESULTS:   sky130_fd_sc_hd__o32ai_1 cells:        1
ABC RESULTS:   sky130_fd_sc_hd__o41ai_1 cells:       12
ABC RESULTS:   sky130_fd_sc_hd__or4_1 cells:        1
ABC RESULTS:   sky130_fd_sc_hd__xnor2_1 cells:       36
ABC RESULTS:   sky130_fd_sc_hd__xnor3_1 cells:        3
ABC RESULTS:   sky130_fd_sc_hd__xor2_1 cells:       11
ABC RESULTS:   sky130_fd_sc_hd__xor3_1 cells:        2
ABC RESULTS:        internal signals:      299
ABC RESULTS:           input signals:       22
ABC RESULTS:          output signals:       23
Removing temp directory.

17.10. Extracting gate netlist of module `\secded_encoder' to `<abc-temp-dir>/input.blif'..
Extracted 57 gates and 73 wires to a netlist network with 16 inputs and 6 outputs.

17.10.1. Executing ABC.
Running ABC command: "<yosys-exe-dir>/yosys-abc" -s -f <abc-temp-dir>/abc.script 2>&1
ABC: ABC command line: "source <abc-temp-dir>/abc.script".
ABC: 
ABC: + read_blif <abc-temp-dir>/input.blif 
ABC: + read_lib -w /mnt/c/Users/sethu/Downloads/vlsi/ARe_UBNN_KWS/constraints/sky130_fd_sc_hd__tt_025C_1v80.lib 
ABC: Parsing finished successfully.  Parsing time =     0.22 sec
ABC: Scl_LibertyReadGenlib() skipped cell "sky130_fd_sc_hd__decap_12" without logic function.
ABC: Scl_LibertyReadGenlib() skipped cell "sky130_fd_sc_hd__decap_3" without logic function.
ABC: Scl_LibertyReadGenlib() skipped cell "sky130_fd_sc_hd__decap_4" without logic function.
ABC: Scl_LibertyReadGenlib() skipped cell "sky130_fd_sc_hd__decap_6" without logic function.
ABC: Scl_LibertyReadGenlib() skipped cell "sky130_fd_sc_hd__decap_8" without logic function.
ABC: Scl_LibertyReadGenlib() skipped sequential cell "sky130_fd_sc_hd__dfbbn_1".
ABC: Scl_LibertyReadGenlib() skipped sequential cell "sky130_fd_sc_hd__dfbbn_2".
ABC: Scl_LibertyReadGenlib() skipped sequential cell "sky130_fd_sc_hd__dfbbp_1".
ABC: Scl_LibertyReadGenlib() skipped sequential cell "sky130_fd_sc_hd__dfrbp_1".
ABC: Scl_LibertyReadGenlib() skipped sequential cell "sky130_fd_sc_hd__dfrbp_2".
ABC: Scl_LibertyReadGenlib() skipped sequential cell "sky130_fd_sc_hd__dfrtn_1".
ABC: Scl_LibertyReadGenlib() skipped sequential cell "sky130_fd_sc_hd__dfrtp_1".
ABC: Scl_LibertyReadGenlib() skipped sequential cell "sky130_fd_sc_hd__dfrtp_2".
ABC: Scl_LibertyReadGenlib() skipped sequential cell "sky130_fd_sc_hd__dfrtp_4".
ABC: Scl_LibertyReadGenlib() skipped sequential cell "sky130_fd_sc_hd__dfsbp_1".
ABC: Scl_LibertyReadGenlib() skipped sequential cell "sky130_fd_sc_hd__dfsbp_2".
ABC: Scl_LibertyReadGenlib() skipped sequential cell "sky130_fd_sc_hd__dfstp_1".
ABC: Scl_LibertyReadGenlib() skipped sequential cell "sky130_fd_sc_hd__dfstp_2".
ABC: Scl_LibertyReadGenlib() skipped sequential cell "sky130_fd_sc_hd__dfstp_4".
ABC: Scl_LibertyReadGenlib() skipped sequential cell "sky130_fd_sc_hd__dfxbp_1".
ABC: Scl_LibertyReadGenlib() skipped sequential cell "sky130_fd_sc_hd__dfxbp_2".
ABC: Scl_LibertyReadGenlib() skipped sequential cell "sky130_fd_sc_hd__dfxtp_1".
ABC: Scl_LibertyReadGenlib() skipped sequential cell "sky130_fd_sc_hd__dfxtp_2".
ABC: Scl_LibertyReadGenlib() skipped sequential cell "sky130_fd_sc_hd__dfxtp_4".
ABC: Scl_LibertyReadGenlib() skipped cell "sky130_fd_sc_hd__diode_2" without logic function.
ABC: Scl_LibertyReadGenlib() skipped cell "sky130_fd_sc_hd__dlclkp_1" without logic function.
ABC: Scl_LibertyReadGenlib() skipped cell "sky130_fd_sc_hd__dlclkp_2" without logic function.
ABC: Scl_LibertyReadGenlib() skipped cell "sky130_fd_sc_hd__dlclkp_4" without logic function.
ABC: Scl_LibertyReadGenlib() skipped sequential cell "sky130_fd_sc_hd__dlrbn_1".
ABC: Scl_LibertyReadGenlib() skipped sequential cell "sky130_fd_sc_hd__dlrbn_2".
ABC: Scl_LibertyReadGenlib() skipped sequential cell "sky130_fd_sc_hd__dlrbp_1".
ABC: Scl_LibertyReadGenlib() skipped sequential cell "sky130_fd_sc_hd__dlrbp_2".
ABC: Scl_LibertyReadGenlib() skipped sequential cell "sky130_fd_sc_hd__dlrtn_1".
ABC: Scl_LibertyReadGenlib() skipped sequential cell "sky130_fd_sc_hd__dlrtn_2".
ABC: Scl_LibertyReadGenlib() skipped sequential cell "sky130_fd_sc_hd__dlrtn_4".
ABC: Scl_LibertyReadGenlib() skipped sequential cell "sky130_fd_sc_hd__dlrtp_1".
ABC: Scl_LibertyReadGenlib() skipped sequential cell "sky130_fd_sc_hd__dlrtp_2".
ABC: Scl_LibertyReadGenlib() skipped sequential cell "sky130_fd_sc_hd__dlrtp_4".
ABC: Scl_LibertyReadGenlib() skipped sequential cell "sky130_fd_sc_hd__dlxbn_1".
ABC: Scl_LibertyReadGenlib() skipped sequential cell "sky130_fd_sc_hd__dlxbn_2".
ABC: Scl_LibertyReadGenlib() skipped sequential cell "sky130_fd_sc_hd__dlxbp_1".
ABC: Scl_LibertyReadGenlib() skipped sequential cell "sky130_fd_sc_hd__dlxtn_1".
ABC: Scl_LibertyReadGenlib() skipped sequential cell "sky130_fd_sc_hd__dlxtn_2".
ABC: Scl_LibertyReadGenlib() skipped sequential cell "sky130_fd_sc_hd__dlxtn_4".
ABC: Scl_LibertyReadGenlib() skipped sequential cell "sky130_fd_sc_hd__dlxtp_1".
ABC: Scl_LibertyReadGenlib() skipped three-state cell "sky130_fd_sc_hd__ebufn_1".
ABC: Scl_LibertyReadGenlib() skipped three-state cell "sky130_fd_sc_hd__ebufn_2".
ABC: Scl_LibertyReadGenlib() skipped three-state cell "sky130_fd_sc_hd__ebufn_4".
ABC: Scl_LibertyReadGenlib() skipped three-state cell "sky130_fd_sc_hd__ebufn_8".
ABC: Scl_LibertyReadGenlib() skipped sequential cell "sky130_fd_sc_hd__edfxbp_1".
ABC: Scl_LibertyReadGenlib() skipped sequential cell "sky130_fd_sc_hd__edfxtp_1".
ABC: Scl_LibertyReadGenlib() skipped three-state cell "sky130_fd_sc_hd__einvn_0".
ABC: Scl_LibertyReadGenlib() skipped three-state cell "sky130_fd_sc_hd__einvn_1".
ABC: Scl_LibertyReadGenlib() skipped three-state cell "sky130_fd_sc_hd__einvn_2".
ABC: Scl_LibertyReadGenlib() skipped three-state cell "sky130_fd_sc_hd__einvn_4".
ABC: Scl_LibertyReadGenlib() skipped three-state cell "sky130_fd_sc_hd__einvn_8".
ABC: Scl_LibertyReadGenlib() skipped three-state cell "sky130_fd_sc_hd__einvp_1".
ABC: Scl_LibertyReadGenlib() skipped three-state cell "sky130_fd_sc_hd__einvp_2".
ABC: Scl_LibertyReadGenlib() skipped three-state cell "sky130_fd_sc_hd__einvp_4".
ABC: Scl_LibertyReadGenlib() skipped three-state cell "sky130_fd_sc_hd__einvp_8".
ABC: Scl_LibertyReadGenlib() skipped cell "sky130_fd_sc_hd__lpflow_bleeder_1" without logic function.
ABC: Scl_LibertyReadGenlib() skipped cell "sky130_fd_sc_hd__lpflow_decapkapwr_12" without logic function.
ABC: Scl_LibertyReadGenlib() skipped cell "sky130_fd_sc_hd__lpflow_decapkapwr_3" without logic function.
ABC: Scl_LibertyReadGenlib() skipped cell "sky130_fd_sc_hd__lpflow_decapkapwr_4" without logic function.
ABC: Scl_LibertyReadGenlib() skipped cell "sky130_fd_sc_hd__lpflow_decapkapwr_6" without logic function.
ABC: Scl_LibertyReadGenlib() skipped cell "sky130_fd_sc_hd__lpflow_decapkapwr_8" without logic function.
ABC: Scl_LibertyReadGenlib() skipped sequential cell "sky130_fd_sc_hd__lpflow_inputisolatch_1".
ABC: Scl_LibertyReadGenlib() skipped sequential cell "sky130_fd_sc_hd__sdfbbn_1".
ABC: Scl_LibertyReadGenlib() skipped sequential cell "sky130_fd_sc_hd__sdfbbn_2".
ABC: Scl_LibertyReadGenlib() skipped sequential cell "sky130_fd_sc_hd__sdfbbp_1".
ABC: Scl_LibertyReadGenlib() skipped sequential cell "sky130_fd_sc_hd__sdfrbp_1".
ABC: Scl_LibertyReadGenlib() skipped sequential cell "sky130_fd_sc_hd__sdfrbp_2".
ABC: Scl_LibertyReadGenlib() skipped sequential cell "sky130_fd_sc_hd__sdfrtn_1".
ABC: Scl_LibertyReadGenlib() skipped sequential cell "sky130_fd_sc_hd__sdfrtp_1".
ABC: Scl_LibertyReadGenlib() skipped sequential cell "sky130_fd_sc_hd__sdfrtp_2".
ABC: Scl_LibertyReadGenlib() skipped sequential cell "sky130_fd_sc_hd__sdfrtp_4".
ABC: Scl_LibertyReadGenlib() skipped sequential cell "sky130_fd_sc_hd__sdfsbp_1".
ABC: Scl_LibertyReadGenlib() skipped sequential cell "sky130_fd_sc_hd__sdfsbp_2".
ABC: Scl_LibertyReadGenlib() skipped sequential cell "sky130_fd_sc_hd__sdfstp_1".
ABC: Scl_LibertyReadGenlib() skipped sequential cell "sky130_fd_sc_hd__sdfstp_2".
ABC: Scl_LibertyReadGenlib() skipped sequential cell "sky130_fd_sc_hd__sdfstp_4".
ABC: Scl_LibertyReadGenlib() skipped sequential cell "sky130_fd_sc_hd__sdfxbp_1".
ABC: Scl_LibertyReadGenlib() skipped sequential cell "sky130_fd_sc_hd__sdfxbp_2".
ABC: Scl_LibertyReadGenlib() skipped sequential cell "sky130_fd_sc_hd__sdfxtp_1".
ABC: Scl_LibertyReadGenlib() skipped sequential cell "sky130_fd_sc_hd__sdfxtp_2".
ABC: Scl_LibertyReadGenlib() skipped sequential cell "sky130_fd_sc_hd__sdfxtp_4".
ABC: Scl_LibertyReadGenlib() skipped cell "sky130_fd_sc_hd__sdlclkp_1" without logic function.
ABC: Scl_LibertyReadGenlib() skipped cell "sky130_fd_sc_hd__sdlclkp_2" without logic function.
ABC: Scl_LibertyReadGenlib() skipped cell "sky130_fd_sc_hd__sdlclkp_4" without logic function.
ABC: Scl_LibertyReadGenlib() skipped sequential cell "sky130_fd_sc_hd__sedfxbp_1".
ABC: Scl_LibertyReadGenlib() skipped sequential cell "sky130_fd_sc_hd__sedfxbp_2".
ABC: Scl_LibertyReadGenlib() skipped sequential cell "sky130_fd_sc_hd__sedfxtp_1".
ABC: Scl_LibertyReadGenlib() skipped sequential cell "sky130_fd_sc_hd__sedfxtp_2".
ABC: Scl_LibertyReadGenlib() skipped sequential cell "sky130_fd_sc_hd__sedfxtp_4".
ABC: Library "sky130_fd_sc_hd__tt_025C_1v80" from "/mnt/c/Users/sethu/Downloads/vlsi/ARe_UBNN_KWS/constraints/sky130_fd_sc_hd__tt_025C_1v80.lib" has 334 cells (94 skipped: 63 seq; 13 tri-state; 18 no func; 0 dont_use).  Time =     0.30 sec
ABC: Memory =   19.85 MB. Time =     0.30 sec
ABC: Warning: Detected 9 multi-output gates (for example, "sky130_fd_sc_hd__fa_1").
ABC: + strash 
ABC: + &get -n 
ABC: + &fraig -x 
ABC: + &put 
ABC: + scorr 
ABC: Warning: The network is combinational (run "fraig" or "fraig_sweep").
ABC: + dc2 
ABC: + dretime 
ABC: + strash 
ABC: + &get -n 
ABC: + &dch -f 
ABC: + &nf 
ABC: + &put 
ABC: + write_blif <abc-temp-dir>/output.blif 

17.10.2. Re-integrating ABC results.
ABC RESULTS:   sky130_fd_sc_hd__xnor2_1 cells:       16
ABC RESULTS:   sky130_fd_sc_hd__xnor3_1 cells:        5
ABC RESULTS:   sky130_fd_sc_hd__xor2_1 cells:        7
ABC RESULTS:   sky130_fd_sc_hd__xor3_1 cells:        2
ABC RESULTS:        internal signals:       51
ABC RESULTS:           input signals:       16
ABC RESULTS:          output signals:        6
Removing temp directory.

17.11. Extracting gate netlist of module `\threshold_unit' to `<abc-temp-dir>/input.blif'..
Extracted 38 gates and 54 wires to a netlist network with 16 inputs and 1 outputs.

17.11.1. Executing ABC.
Running ABC command: "<yosys-exe-dir>/yosys-abc" -s -f <abc-temp-dir>/abc.script 2>&1
ABC: ABC command line: "source <abc-temp-dir>/abc.script".
ABC: 
ABC: + read_blif <abc-temp-dir>/input.blif 
ABC: + read_lib -w /mnt/c/Users/sethu/Downloads/vlsi/ARe_UBNN_KWS/constraints/sky130_fd_sc_hd__tt_025C_1v80.lib 
ABC: Parsing finished successfully.  Parsing time =     0.19 sec
ABC: Scl_LibertyReadGenlib() skipped cell "sky130_fd_sc_hd__decap_12" without logic function.
ABC: Scl_LibertyReadGenlib() skipped cell "sky130_fd_sc_hd__decap_3" without logic function.
ABC: Scl_LibertyReadGenlib() skipped cell "sky130_fd_sc_hd__decap_4" without logic function.
ABC: Scl_LibertyReadGenlib() skipped cell "sky130_fd_sc_hd__decap_6" without logic function.
ABC: Scl_LibertyReadGenlib() skipped cell "sky130_fd_sc_hd__decap_8" without logic function.
ABC: Scl_LibertyReadGenlib() skipped sequential cell "sky130_fd_sc_hd__dfbbn_1".
ABC: Scl_LibertyReadGenlib() skipped sequential cell "sky130_fd_sc_hd__dfbbn_2".
ABC: Scl_LibertyReadGenlib() skipped sequential cell "sky130_fd_sc_hd__dfbbp_1".
ABC: Scl_LibertyReadGenlib() skipped sequential cell "sky130_fd_sc_hd__dfrbp_1".
ABC: Scl_LibertyReadGenlib() skipped sequential cell "sky130_fd_sc_hd__dfrbp_2".
ABC: Scl_LibertyReadGenlib() skipped sequential cell "sky130_fd_sc_hd__dfrtn_1".
ABC: Scl_LibertyReadGenlib() skipped sequential cell "sky130_fd_sc_hd__dfrtp_1".
ABC: Scl_LibertyReadGenlib() skipped sequential cell "sky130_fd_sc_hd__dfrtp_2".
ABC: Scl_LibertyReadGenlib() skipped sequential cell "sky130_fd_sc_hd__dfrtp_4".
ABC: Scl_LibertyReadGenlib() skipped sequential cell "sky130_fd_sc_hd__dfsbp_1".
ABC: Scl_LibertyReadGenlib() skipped sequential cell "sky130_fd_sc_hd__dfsbp_2".
ABC: Scl_LibertyReadGenlib() skipped sequential cell "sky130_fd_sc_hd__dfstp_1".
ABC: Scl_LibertyReadGenlib() skipped sequential cell "sky130_fd_sc_hd__dfstp_2".
ABC: Scl_LibertyReadGenlib() skipped sequential cell "sky130_fd_sc_hd__dfstp_4".
ABC: Scl_LibertyReadGenlib() skipped sequential cell "sky130_fd_sc_hd__dfxbp_1".
ABC: Scl_LibertyReadGenlib() skipped sequential cell "sky130_fd_sc_hd__dfxbp_2".
ABC: Scl_LibertyReadGenlib() skipped sequential cell "sky130_fd_sc_hd__dfxtp_1".
ABC: Scl_LibertyReadGenlib() skipped sequential cell "sky130_fd_sc_hd__dfxtp_2".
ABC: Scl_LibertyReadGenlib() skipped sequential cell "sky130_fd_sc_hd__dfxtp_4".
ABC: Scl_LibertyReadGenlib() skipped cell "sky130_fd_sc_hd__diode_2" without logic function.
ABC: Scl_LibertyReadGenlib() skipped cell "sky130_fd_sc_hd__dlclkp_1" without logic function.
ABC: Scl_LibertyReadGenlib() skipped cell "sky130_fd_sc_hd__dlclkp_2" without logic function.
ABC: Scl_LibertyReadGenlib() skipped cell "sky130_fd_sc_hd__dlclkp_4" without logic function.
ABC: Scl_LibertyReadGenlib() skipped sequential cell "sky130_fd_sc_hd__dlrbn_1".
ABC: Scl_LibertyReadGenlib() skipped sequential cell "sky130_fd_sc_hd__dlrbn_2".
ABC: Scl_LibertyReadGenlib() skipped sequential cell "sky130_fd_sc_hd__dlrbp_1".
ABC: Scl_LibertyReadGenlib() skipped sequential cell "sky130_fd_sc_hd__dlrbp_2".
ABC: Scl_LibertyReadGenlib() skipped sequential cell "sky130_fd_sc_hd__dlrtn_1".
ABC: Scl_LibertyReadGenlib() skipped sequential cell "sky130_fd_sc_hd__dlrtn_2".
ABC: Scl_LibertyReadGenlib() skipped sequential cell "sky130_fd_sc_hd__dlrtn_4".
ABC: Scl_LibertyReadGenlib() skipped sequential cell "sky130_fd_sc_hd__dlrtp_1".
ABC: Scl_LibertyReadGenlib() skipped sequential cell "sky130_fd_sc_hd__dlrtp_2".
ABC: Scl_LibertyReadGenlib() skipped sequential cell "sky130_fd_sc_hd__dlrtp_4".
ABC: Scl_LibertyReadGenlib() skipped sequential cell "sky130_fd_sc_hd__dlxbn_1".
ABC: Scl_LibertyReadGenlib() skipped sequential cell "sky130_fd_sc_hd__dlxbn_2".
ABC: Scl_LibertyReadGenlib() skipped sequential cell "sky130_fd_sc_hd__dlxbp_1".
ABC: Scl_LibertyReadGenlib() skipped sequential cell "sky130_fd_sc_hd__dlxtn_1".
ABC: Scl_LibertyReadGenlib() skipped sequential cell "sky130_fd_sc_hd__dlxtn_2".
ABC: Scl_LibertyReadGenlib() skipped sequential cell "sky130_fd_sc_hd__dlxtn_4".
ABC: Scl_LibertyReadGenlib() skipped sequential cell "sky130_fd_sc_hd__dlxtp_1".
ABC: Scl_LibertyReadGenlib() skipped three-state cell "sky130_fd_sc_hd__ebufn_1".
ABC: Scl_LibertyReadGenlib() skipped three-state cell "sky130_fd_sc_hd__ebufn_2".
ABC: Scl_LibertyReadGenlib() skipped three-state cell "sky130_fd_sc_hd__ebufn_4".
ABC: Scl_LibertyReadGenlib() skipped three-state cell "sky130_fd_sc_hd__ebufn_8".
ABC: Scl_LibertyReadGenlib() skipped sequential cell "sky130_fd_sc_hd__edfxbp_1".
ABC: Scl_LibertyReadGenlib() skipped sequential cell "sky130_fd_sc_hd__edfxtp_1".
ABC: Scl_LibertyReadGenlib() skipped three-state cell "sky130_fd_sc_hd__einvn_0".
ABC: Scl_LibertyReadGenlib() skipped three-state cell "sky130_fd_sc_hd__einvn_1".
ABC: Scl_LibertyReadGenlib() skipped three-state cell "sky130_fd_sc_hd__einvn_2".
ABC: Scl_LibertyReadGenlib() skipped three-state cell "sky130_fd_sc_hd__einvn_4".
ABC: Scl_LibertyReadGenlib() skipped three-state cell "sky130_fd_sc_hd__einvn_8".
ABC: Scl_LibertyReadGenlib() skipped three-state cell "sky130_fd_sc_hd__einvp_1".
ABC: Scl_LibertyReadGenlib() skipped three-state cell "sky130_fd_sc_hd__einvp_2".
ABC: Scl_LibertyReadGenlib() skipped three-state cell "sky130_fd_sc_hd__einvp_4".
ABC: Scl_LibertyReadGenlib() skipped three-state cell "sky130_fd_sc_hd__einvp_8".
ABC: Scl_LibertyReadGenlib() skipped cell "sky130_fd_sc_hd__lpflow_bleeder_1" without logic function.
ABC: Scl_LibertyReadGenlib() skipped cell "sky130_fd_sc_hd__lpflow_decapkapwr_12" without logic function.
ABC: Scl_LibertyReadGenlib() skipped cell "sky130_fd_sc_hd__lpflow_decapkapwr_3" without logic function.
ABC: Scl_LibertyReadGenlib() skipped cell "sky130_fd_sc_hd__lpflow_decapkapwr_4" without logic function.
ABC: Scl_LibertyReadGenlib() skipped cell "sky130_fd_sc_hd__lpflow_decapkapwr_6" without logic function.
ABC: Scl_LibertyReadGenlib() skipped cell "sky130_fd_sc_hd__lpflow_decapkapwr_8" without logic function.
ABC: Scl_LibertyReadGenlib() skipped sequential cell "sky130_fd_sc_hd__lpflow_inputisolatch_1".
ABC: Scl_LibertyReadGenlib() skipped sequential cell "sky130_fd_sc_hd__sdfbbn_1".
ABC: Scl_LibertyReadGenlib() skipped sequential cell "sky130_fd_sc_hd__sdfbbn_2".
ABC: Scl_LibertyReadGenlib() skipped sequential cell "sky130_fd_sc_hd__sdfbbp_1".
ABC: Scl_LibertyReadGenlib() skipped sequential cell "sky130_fd_sc_hd__sdfrbp_1".
ABC: Scl_LibertyReadGenlib() skipped sequential cell "sky130_fd_sc_hd__sdfrbp_2".
ABC: Scl_LibertyReadGenlib() skipped sequential cell "sky130_fd_sc_hd__sdfrtn_1".
ABC: Scl_LibertyReadGenlib() skipped sequential cell "sky130_fd_sc_hd__sdfrtp_1".
ABC: Scl_LibertyReadGenlib() skipped sequential cell "sky130_fd_sc_hd__sdfrtp_2".
ABC: Scl_LibertyReadGenlib() skipped sequential cell "sky130_fd_sc_hd__sdfrtp_4".
ABC: Scl_LibertyReadGenlib() skipped sequential cell "sky130_fd_sc_hd__sdfsbp_1".
ABC: Scl_LibertyReadGenlib() skipped sequential cell "sky130_fd_sc_hd__sdfsbp_2".
ABC: Scl_LibertyReadGenlib() skipped sequential cell "sky130_fd_sc_hd__sdfstp_1".
ABC: Scl_LibertyReadGenlib() skipped sequential cell "sky130_fd_sc_hd__sdfstp_2".
ABC: Scl_LibertyReadGenlib() skipped sequential cell "sky130_fd_sc_hd__sdfstp_4".
ABC: Scl_LibertyReadGenlib() skipped sequential cell "sky130_fd_sc_hd__sdfxbp_1".
ABC: Scl_LibertyReadGenlib() skipped sequential cell "sky130_fd_sc_hd__sdfxbp_2".
ABC: Scl_LibertyReadGenlib() skipped sequential cell "sky130_fd_sc_hd__sdfxtp_1".
ABC: Scl_LibertyReadGenlib() skipped sequential cell "sky130_fd_sc_hd__sdfxtp_2".
ABC: Scl_LibertyReadGenlib() skipped sequential cell "sky130_fd_sc_hd__sdfxtp_4".
ABC: Scl_LibertyReadGenlib() skipped cell "sky130_fd_sc_hd__sdlclkp_1" without logic function.
ABC: Scl_LibertyReadGenlib() skipped cell "sky130_fd_sc_hd__sdlclkp_2" without logic function.
ABC: Scl_LibertyReadGenlib() skipped cell "sky130_fd_sc_hd__sdlclkp_4" without logic function.
ABC: Scl_LibertyReadGenlib() skipped sequential cell "sky130_fd_sc_hd__sedfxbp_1".
ABC: Scl_LibertyReadGenlib() skipped sequential cell "sky130_fd_sc_hd__sedfxbp_2".
ABC: Scl_LibertyReadGenlib() skipped sequential cell "sky130_fd_sc_hd__sedfxtp_1".
ABC: Scl_LibertyReadGenlib() skipped sequential cell "sky130_fd_sc_hd__sedfxtp_2".
ABC: Scl_LibertyReadGenlib() skipped sequential cell "sky130_fd_sc_hd__sedfxtp_4".
ABC: Library "sky130_fd_sc_hd__tt_025C_1v80" from "/mnt/c/Users/sethu/Downloads/vlsi/ARe_UBNN_KWS/constraints/sky130_fd_sc_hd__tt_025C_1v80.lib" has 334 cells (94 skipped: 63 seq; 13 tri-state; 18 no func; 0 dont_use).  Time =     0.26 sec
ABC: Memory =   19.85 MB. Time =     0.26 sec
ABC: Warning: Detected 9 multi-output gates (for example, "sky130_fd_sc_hd__fa_1").
ABC: + strash 
ABC: + &get -n 
ABC: + &fraig -x 
ABC: + &put 
ABC: + scorr 
ABC: Warning: The network is combinational (run "fraig" or "fraig_sweep").
ABC: + dc2 
ABC: + dretime 
ABC: + strash 
ABC: + &get -n 
ABC: + &dch -f 
ABC: + &nf 
ABC: + &put 
ABC: + write_blif <abc-temp-dir>/output.blif 

17.11.2. Re-integrating ABC results.
ABC RESULTS:   sky130_fd_sc_hd__a221oi_1 cells:        2
ABC RESULTS:   sky130_fd_sc_hd__a22oi_1 cells:        1
ABC RESULTS:   sky130_fd_sc_hd__a2bb2oi_1 cells:        1
ABC RESULTS:   sky130_fd_sc_hd__clkinv_1 cells:        6
ABC RESULTS:   sky130_fd_sc_hd__lpflow_isobufsrc_1 cells:        2
ABC RESULTS:   sky130_fd_sc_hd__maj3_1 cells:        1
ABC RESULTS:   sky130_fd_sc_hd__nor2_1 cells:        2
ABC RESULTS:   sky130_fd_sc_hd__nor3b_1 cells:        1
ABC RESULTS:   sky130_fd_sc_hd__o22ai_1 cells:        1
ABC RESULTS:   sky130_fd_sc_hd__or3_1 cells:        1
ABC RESULTS:   sky130_fd_sc_hd__xor2_1 cells:        1
ABC RESULTS:        internal signals:       37
ABC RESULTS:           input signals:       16
ABC RESULTS:          output signals:        1
Removing temp directory.

17.12. Extracting gate netlist of module `\unipolar_pe' to `<abc-temp-dir>/input.blif'..
Extracted 21 gates and 64 wires to a netlist network with 43 inputs and 21 outputs.

17.12.1. Executing ABC.
Running ABC command: "<yosys-exe-dir>/yosys-abc" -s -f <abc-temp-dir>/abc.script 2>&1
ABC: ABC command line: "source <abc-temp-dir>/abc.script".
ABC: 
ABC: + read_blif <abc-temp-dir>/input.blif 
ABC: + read_lib -w /mnt/c/Users/sethu/Downloads/vlsi/ARe_UBNN_KWS/constraints/sky130_fd_sc_hd__tt_025C_1v80.lib 
ABC: Parsing finished successfully.  Parsing time =     0.19 sec
ABC: Scl_LibertyReadGenlib() skipped cell "sky130_fd_sc_hd__decap_12" without logic function.
ABC: Scl_LibertyReadGenlib() skipped cell "sky130_fd_sc_hd__decap_3" without logic function.
ABC: Scl_LibertyReadGenlib() skipped cell "sky130_fd_sc_hd__decap_4" without logic function.
ABC: Scl_LibertyReadGenlib() skipped cell "sky130_fd_sc_hd__decap_6" without logic function.
ABC: Scl_LibertyReadGenlib() skipped cell "sky130_fd_sc_hd__decap_8" without logic function.
ABC: Scl_LibertyReadGenlib() skipped sequential cell "sky130_fd_sc_hd__dfbbn_1".
ABC: Scl_LibertyReadGenlib() skipped sequential cell "sky130_fd_sc_hd__dfbbn_2".
ABC: Scl_LibertyReadGenlib() skipped sequential cell "sky130_fd_sc_hd__dfbbp_1".
ABC: Scl_LibertyReadGenlib() skipped sequential cell "sky130_fd_sc_hd__dfrbp_1".
ABC: Scl_LibertyReadGenlib() skipped sequential cell "sky130_fd_sc_hd__dfrbp_2".
ABC: Scl_LibertyReadGenlib() skipped sequential cell "sky130_fd_sc_hd__dfrtn_1".
ABC: Scl_LibertyReadGenlib() skipped sequential cell "sky130_fd_sc_hd__dfrtp_1".
ABC: Scl_LibertyReadGenlib() skipped sequential cell "sky130_fd_sc_hd__dfrtp_2".
ABC: Scl_LibertyReadGenlib() skipped sequential cell "sky130_fd_sc_hd__dfrtp_4".
ABC: Scl_LibertyReadGenlib() skipped sequential cell "sky130_fd_sc_hd__dfsbp_1".
ABC: Scl_LibertyReadGenlib() skipped sequential cell "sky130_fd_sc_hd__dfsbp_2".
ABC: Scl_LibertyReadGenlib() skipped sequential cell "sky130_fd_sc_hd__dfstp_1".
ABC: Scl_LibertyReadGenlib() skipped sequential cell "sky130_fd_sc_hd__dfstp_2".
ABC: Scl_LibertyReadGenlib() skipped sequential cell "sky130_fd_sc_hd__dfstp_4".
ABC: Scl_LibertyReadGenlib() skipped sequential cell "sky130_fd_sc_hd__dfxbp_1".
ABC: Scl_LibertyReadGenlib() skipped sequential cell "sky130_fd_sc_hd__dfxbp_2".
ABC: Scl_LibertyReadGenlib() skipped sequential cell "sky130_fd_sc_hd__dfxtp_1".
ABC: Scl_LibertyReadGenlib() skipped sequential cell "sky130_fd_sc_hd__dfxtp_2".
ABC: Scl_LibertyReadGenlib() skipped sequential cell "sky130_fd_sc_hd__dfxtp_4".
ABC: Scl_LibertyReadGenlib() skipped cell "sky130_fd_sc_hd__diode_2" without logic function.
ABC: Scl_LibertyReadGenlib() skipped cell "sky130_fd_sc_hd__dlclkp_1" without logic function.
ABC: Scl_LibertyReadGenlib() skipped cell "sky130_fd_sc_hd__dlclkp_2" without logic function.
ABC: Scl_LibertyReadGenlib() skipped cell "sky130_fd_sc_hd__dlclkp_4" without logic function.
ABC: Scl_LibertyReadGenlib() skipped sequential cell "sky130_fd_sc_hd__dlrbn_1".
ABC: Scl_LibertyReadGenlib() skipped sequential cell "sky130_fd_sc_hd__dlrbn_2".
ABC: Scl_LibertyReadGenlib() skipped sequential cell "sky130_fd_sc_hd__dlrbp_1".
ABC: Scl_LibertyReadGenlib() skipped sequential cell "sky130_fd_sc_hd__dlrbp_2".
ABC: Scl_LibertyReadGenlib() skipped sequential cell "sky130_fd_sc_hd__dlrtn_1".
ABC: Scl_LibertyReadGenlib() skipped sequential cell "sky130_fd_sc_hd__dlrtn_2".
ABC: Scl_LibertyReadGenlib() skipped sequential cell "sky130_fd_sc_hd__dlrtn_4".
ABC: Scl_LibertyReadGenlib() skipped sequential cell "sky130_fd_sc_hd__dlrtp_1".
ABC: Scl_LibertyReadGenlib() skipped sequential cell "sky130_fd_sc_hd__dlrtp_2".
ABC: Scl_LibertyReadGenlib() skipped sequential cell "sky130_fd_sc_hd__dlrtp_4".
ABC: Scl_LibertyReadGenlib() skipped sequential cell "sky130_fd_sc_hd__dlxbn_1".
ABC: Scl_LibertyReadGenlib() skipped sequential cell "sky130_fd_sc_hd__dlxbn_2".
ABC: Scl_LibertyReadGenlib() skipped sequential cell "sky130_fd_sc_hd__dlxbp_1".
ABC: Scl_LibertyReadGenlib() skipped sequential cell "sky130_fd_sc_hd__dlxtn_1".
ABC: Scl_LibertyReadGenlib() skipped sequential cell "sky130_fd_sc_hd__dlxtn_2".
ABC: Scl_LibertyReadGenlib() skipped sequential cell "sky130_fd_sc_hd__dlxtn_4".
ABC: Scl_LibertyReadGenlib() skipped sequential cell "sky130_fd_sc_hd__dlxtp_1".
ABC: Scl_LibertyReadGenlib() skipped three-state cell "sky130_fd_sc_hd__ebufn_1".
ABC: Scl_LibertyReadGenlib() skipped three-state cell "sky130_fd_sc_hd__ebufn_2".
ABC: Scl_LibertyReadGenlib() skipped three-state cell "sky130_fd_sc_hd__ebufn_4".
ABC: Scl_LibertyReadGenlib() skipped three-state cell "sky130_fd_sc_hd__ebufn_8".
ABC: Scl_LibertyReadGenlib() skipped sequential cell "sky130_fd_sc_hd__edfxbp_1".
ABC: Scl_LibertyReadGenlib() skipped sequential cell "sky130_fd_sc_hd__edfxtp_1".
ABC: Scl_LibertyReadGenlib() skipped three-state cell "sky130_fd_sc_hd__einvn_0".
ABC: Scl_LibertyReadGenlib() skipped three-state cell "sky130_fd_sc_hd__einvn_1".
ABC: Scl_LibertyReadGenlib() skipped three-state cell "sky130_fd_sc_hd__einvn_2".
ABC: Scl_LibertyReadGenlib() skipped three-state cell "sky130_fd_sc_hd__einvn_4".
ABC: Scl_LibertyReadGenlib() skipped three-state cell "sky130_fd_sc_hd__einvn_8".
ABC: Scl_LibertyReadGenlib() skipped three-state cell "sky130_fd_sc_hd__einvp_1".
ABC: Scl_LibertyReadGenlib() skipped three-state cell "sky130_fd_sc_hd__einvp_2".
ABC: Scl_LibertyReadGenlib() skipped three-state cell "sky130_fd_sc_hd__einvp_4".
ABC: Scl_LibertyReadGenlib() skipped three-state cell "sky130_fd_sc_hd__einvp_8".
ABC: Scl_LibertyReadGenlib() skipped cell "sky130_fd_sc_hd__lpflow_bleeder_1" without logic function.
ABC: Scl_LibertyReadGenlib() skipped cell "sky130_fd_sc_hd__lpflow_decapkapwr_12" without logic function.
ABC: Scl_LibertyReadGenlib() skipped cell "sky130_fd_sc_hd__lpflow_decapkapwr_3" without logic function.
ABC: Scl_LibertyReadGenlib() skipped cell "sky130_fd_sc_hd__lpflow_decapkapwr_4" without logic function.
ABC: Scl_LibertyReadGenlib() skipped cell "sky130_fd_sc_hd__lpflow_decapkapwr_6" without logic function.
ABC: Scl_LibertyReadGenlib() skipped cell "sky130_fd_sc_hd__lpflow_decapkapwr_8" without logic function.
ABC: Scl_LibertyReadGenlib() skipped sequential cell "sky130_fd_sc_hd__lpflow_inputisolatch_1".
ABC: Scl_LibertyReadGenlib() skipped sequential cell "sky130_fd_sc_hd__sdfbbn_1".
ABC: Scl_LibertyReadGenlib() skipped sequential cell "sky130_fd_sc_hd__sdfbbn_2".
ABC: Scl_LibertyReadGenlib() skipped sequential cell "sky130_fd_sc_hd__sdfbbp_1".
ABC: Scl_LibertyReadGenlib() skipped sequential cell "sky130_fd_sc_hd__sdfrbp_1".
ABC: Scl_LibertyReadGenlib() skipped sequential cell "sky130_fd_sc_hd__sdfrbp_2".
ABC: Scl_LibertyReadGenlib() skipped sequential cell "sky130_fd_sc_hd__sdfrtn_1".
ABC: Scl_LibertyReadGenlib() skipped sequential cell "sky130_fd_sc_hd__sdfrtp_1".
ABC: Scl_LibertyReadGenlib() skipped sequential cell "sky130_fd_sc_hd__sdfrtp_2".
ABC: Scl_LibertyReadGenlib() skipped sequential cell "sky130_fd_sc_hd__sdfrtp_4".
ABC: Scl_LibertyReadGenlib() skipped sequential cell "sky130_fd_sc_hd__sdfsbp_1".
ABC: Scl_LibertyReadGenlib() skipped sequential cell "sky130_fd_sc_hd__sdfsbp_2".
ABC: Scl_LibertyReadGenlib() skipped sequential cell "sky130_fd_sc_hd__sdfstp_1".
ABC: Scl_LibertyReadGenlib() skipped sequential cell "sky130_fd_sc_hd__sdfstp_2".
ABC: Scl_LibertyReadGenlib() skipped sequential cell "sky130_fd_sc_hd__sdfstp_4".
ABC: Scl_LibertyReadGenlib() skipped sequential cell "sky130_fd_sc_hd__sdfxbp_1".
ABC: Scl_LibertyReadGenlib() skipped sequential cell "sky130_fd_sc_hd__sdfxbp_2".
ABC: Scl_LibertyReadGenlib() skipped sequential cell "sky130_fd_sc_hd__sdfxtp_1".
ABC: Scl_LibertyReadGenlib() skipped sequential cell "sky130_fd_sc_hd__sdfxtp_2".
ABC: Scl_LibertyReadGenlib() skipped sequential cell "sky130_fd_sc_hd__sdfxtp_4".
ABC: Scl_LibertyReadGenlib() skipped cell "sky130_fd_sc_hd__sdlclkp_1" without logic function.
ABC: Scl_LibertyReadGenlib() skipped cell "sky130_fd_sc_hd__sdlclkp_2" without logic function.
ABC: Scl_LibertyReadGenlib() skipped cell "sky130_fd_sc_hd__sdlclkp_4" without logic function.
ABC: Scl_LibertyReadGenlib() skipped sequential cell "sky130_fd_sc_hd__sedfxbp_1".
ABC: Scl_LibertyReadGenlib() skipped sequential cell "sky130_fd_sc_hd__sedfxbp_2".
ABC: Scl_LibertyReadGenlib() skipped sequential cell "sky130_fd_sc_hd__sedfxtp_1".
ABC: Scl_LibertyReadGenlib() skipped sequential cell "sky130_fd_sc_hd__sedfxtp_2".
ABC: Scl_LibertyReadGenlib() skipped sequential cell "sky130_fd_sc_hd__sedfxtp_4".
ABC: Library "sky130_fd_sc_hd__tt_025C_1v80" from "/mnt/c/Users/sethu/Downloads/vlsi/ARe_UBNN_KWS/constraints/sky130_fd_sc_hd__tt_025C_1v80.lib" has 334 cells (94 skipped: 63 seq; 13 tri-state; 18 no func; 0 dont_use).  Time =     0.26 sec
ABC: Memory =   19.85 MB. Time =     0.26 sec
ABC: Warning: Detected 9 multi-output gates (for example, "sky130_fd_sc_hd__fa_1").
ABC: + strash 
ABC: + &get -n 
ABC: + &fraig -x 
ABC: + &put 
ABC: + scorr 
ABC: Warning: The network is combinational (run "fraig" or "fraig_sweep").
ABC: + dc2 
ABC: + dretime 
ABC: + strash 
ABC: + &get -n 
ABC: + &dch -f 
ABC: + &nf 
ABC: + &put 
ABC: + write_blif <abc-temp-dir>/output.blif 

17.12.2. Re-integrating ABC results.
ABC RESULTS:   sky130_fd_sc_hd__and2_0 cells:       16
ABC RESULTS:   sky130_fd_sc_hd__mux2_1 cells:        5
ABC RESULTS:        internal signals:        0
ABC RESULTS:           input signals:       43
ABC RESULTS:          output signals:       21
Removing temp directory.
Removed 0 unused cells and 7321 unused wires.

18. Printing statistics.

=== accumulator ===

   Number of wires:                264
   Number of wire bits:            437
   Number of public wires:          25
   Number of public wire bits:     198
   Number of ports:                  7
   Number of port bits:            101
   Number of memories:               0
   Number of memory bits:            0
   Number of processes:              0
   Number of cells:                256
     sky130_fd_sc_hd__a211o_1        1
     sky130_fd_sc_hd__a21o_1         1
     sky130_fd_sc_hd__a21oi_1       11
     sky130_fd_sc_hd__a2bb2oi_1      1
     sky130_fd_sc_hd__and2_0         3
     sky130_fd_sc_hd__clkinv_1       6
     sky130_fd_sc_hd__dfrtp_1        8
     sky130_fd_sc_hd__lpflow_inputiso1p_1      2
     sky130_fd_sc_hd__lpflow_isobufsrc_1      5
     sky130_fd_sc_hd__maj3_1        67
     sky130_fd_sc_hd__nand2_1       15
     sky130_fd_sc_hd__nand2b_1       4
     sky130_fd_sc_hd__nand3_1        3
     sky130_fd_sc_hd__nor2_1         5
     sky130_fd_sc_hd__nor2b_1        1
     sky130_fd_sc_hd__o21a_1         1
     sky130_fd_sc_hd__o21ai_0       13
     sky130_fd_sc_hd__or3_1          1
     sky130_fd_sc_hd__xnor2_1       34
     sky130_fd_sc_hd__xnor3_1       22
     sky130_fd_sc_hd__xor2_1        17
     sky130_fd_sc_hd__xor3_1        35

   Chip area for module '\accumulator': 3010.387200
     of which used for sequential elements: 200.192000 (6.65%)

=== are_ubnn_kws_top ===

   Number of wires:                 47
   Number of wire bits:           1168
   Number of public wires:          47
   Number of public wire bits:    1168
   Number of ports:                 31
   Number of port bits:            590
   Number of memories:               0
   Number of memory bits:            0
   Number of processes:              0
   Number of cells:                103
     accumulator                     1
     controller                      1
     pe_activity_detector            1
     pe_array16                      1
     popcount16                      1
     protected_weight_memory         1
     sky130_fd_sc_hd__and2_0        80
     sky130_fd_sc_hd__o21a_1        16
     threshold_unit                  1

   Area for cell type \popcount16 is unknown!
   Area for cell type \protected_weight_memory is unknown!
   Area for cell type \pe_activity_detector is unknown!
   Area for cell type \pe_array16 is unknown!
   Area for cell type \accumulator is unknown!
   Area for cell type \threshold_unit is unknown!
   Area for cell type \controller is unknown!

   Chip area for module '\are_ubnn_kws_top': 620.595200
     of which used for sequential elements: 0.000000 (0.00%)

=== controller ===

   Number of wires:                 18
   Number of wire bits:             22
   Number of public wires:          13
   Number of public wire bits:      17
   Number of ports:                 12
   Number of port bits:             14
   Number of memories:               0
   Number of memory bits:            0
   Number of processes:              0
   Number of cells:                 14
     sky130_fd_sc_hd__a21o_1         2
     sky130_fd_sc_hd__a31o_1         1
     sky130_fd_sc_hd__and3b_1        2
     sky130_fd_sc_hd__clkinv_1       2
     sky130_fd_sc_hd__dfrtp_1        3
     sky130_fd_sc_hd__nor3_1         1
     sky130_fd_sc_hd__nor3b_1        3

   Chip area for module '\controller': 151.395200
     of which used for sequential elements: 75.072000 (49.59%)

=== icg_cell ===

   Number of wires:                  5
   Number of wire bits:              5
   Number of public wires:           5
   Number of public wire bits:       5
   Number of ports:                  4
   Number of port bits:              4
   Number of memories:               0
   Number of memory bits:            0
   Number of processes:              0
   Number of cells:                  2
     sky130_fd_sc_hd__dlclkp_1       1
     sky130_fd_sc_hd__lpflow_inputiso1p_1      1

   Chip area for module '\icg_cell': 23.772800
     of which used for sequential elements: 0.000000 (0.00%)

=== pe_activity_detector ===

   Number of wires:                 83
   Number of wire bits:            353
   Number of public wires:           3
   Number of public wire bits:     273
   Number of ports:                  3
   Number of port bits:            273
   Number of memories:               0
   Number of memory bits:            0
   Number of processes:              0
   Number of cells:                 96
     sky130_fd_sc_hd__nand3_1       16
     sky130_fd_sc_hd__nor3_1        16
     sky130_fd_sc_hd__nor4_1        32
     sky130_fd_sc_hd__or4_1         32

   Chip area for module '\pe_activity_detector': 600.576000
     of which used for sequential elements: 0.000000 (0.00%)

=== pe_array16 ===

   Number of wires:                 10
   Number of wire bits:            712
   Number of public wires:          10
   Number of public wire bits:     712
   Number of ports:                 10
   Number of port bits:            712
   Number of memories:               0
   Number of memory bits:            0
   Number of processes:              0
   Number of cells:                 33
     icg_cell                       16
     popcount16                      1
     unipolar_pe                    16

   Area for cell type \popcount16 is unknown!
   Area for cell type \unipolar_pe is unknown!
   Area for cell type \icg_cell is unknown!

=== popcount16 ===

   Number of wires:                 36
   Number of wire bits:             55
   Number of public wires:           2
   Number of public wire bits:      21
   Number of ports:                  2
   Number of port bits:             21
   Number of memories:               0
   Number of memory bits:            0
   Number of processes:              0
   Number of cells:                 39
     sky130_fd_sc_hd__a21o_1         1
     sky130_fd_sc_hd__a21oi_1        1
     sky130_fd_sc_hd__and2_0         2
     sky130_fd_sc_hd__clkinv_1       1
     sky130_fd_sc_hd__maj3_1         8
     sky130_fd_sc_hd__mux2i_1        1
     sky130_fd_sc_hd__nand2_1        3
     sky130_fd_sc_hd__nand3_1        1
     sky130_fd_sc_hd__nor2_1         2
     sky130_fd_sc_hd__nor3_1         1
     sky130_fd_sc_hd__o211ai_1       1
     sky130_fd_sc_hd__o21ai_0        2
     sky130_fd_sc_hd__or3_1          1
     sky130_fd_sc_hd__xnor2_1        4
     sky130_fd_sc_hd__xnor3_1        1
     sky130_fd_sc_hd__xor2_1         2
     sky130_fd_sc_hd__xor3_1         7

   Chip area for module '\popcount16': 412.896000
     of which used for sequential elements: 0.000000 (0.00%)

=== protected_weight_memory ===

   Number of wires:               1635
   Number of wire bits:           3343
   Number of public wires:         100
   Number of public wire bits:    1808
   Number of ports:                 17
   Number of port bits:            362
   Number of memories:               0
   Number of memory bits:            0
   Number of processes:              0
   Number of cells:               2323
     secded_decoder                 16
     secded_encoder                  1
     sky130_fd_sc_hd__a2111o_1       1
     sky130_fd_sc_hd__a2111oi_0     13
     sky130_fd_sc_hd__a211o_1        6
     sky130_fd_sc_hd__a21boi_0       3
     sky130_fd_sc_hd__a21oi_1      115
     sky130_fd_sc_hd__a221o_1        4
     sky130_fd_sc_hd__a221oi_1      28
     sky130_fd_sc_hd__a222oi_1     168
     sky130_fd_sc_hd__a22o_1        60
     sky130_fd_sc_hd__a22oi_1      112
     sky130_fd_sc_hd__a31o_1        15
     sky130_fd_sc_hd__a31oi_1        6
     sky130_fd_sc_hd__and2_0        48
     sky130_fd_sc_hd__and3_1        16
     sky130_fd_sc_hd__and3b_1        8
     sky130_fd_sc_hd__and4_1        33
     sky130_fd_sc_hd__and4b_1        4
     sky130_fd_sc_hd__clkinv_1      12
     sky130_fd_sc_hd__dfrtp_1      352
     sky130_fd_sc_hd__lpflow_inputiso1p_1      3
     sky130_fd_sc_hd__lpflow_isobufsrc_1     11
     sky130_fd_sc_hd__mux2_1       351
     sky130_fd_sc_hd__nand2_1      113
     sky130_fd_sc_hd__nand2b_1       5
     sky130_fd_sc_hd__nand3_1      188
     sky130_fd_sc_hd__nand3b_1       9
     sky130_fd_sc_hd__nand4_1       66
     sky130_fd_sc_hd__nand4b_1       4
     sky130_fd_sc_hd__nor2_1       108
     sky130_fd_sc_hd__nor2b_1        4
     sky130_fd_sc_hd__nor3_1         6
     sky130_fd_sc_hd__nor3b_1       11
     sky130_fd_sc_hd__nor4_1        11
     sky130_fd_sc_hd__nor4b_1        4
     sky130_fd_sc_hd__nor4bb_1       7
     sky130_fd_sc_hd__o2111a_1       6
     sky130_fd_sc_hd__o2111ai_1      1
     sky130_fd_sc_hd__o211ai_1      32
     sky130_fd_sc_hd__o21a_1         1
     sky130_fd_sc_hd__o21ai_0        3
     sky130_fd_sc_hd__o221ai_1       1
     sky130_fd_sc_hd__o22ai_1       14
     sky130_fd_sc_hd__o31a_1         1
     sky130_fd_sc_hd__o32ai_1        1
     sky130_fd_sc_hd__or3_1          3
     sky130_fd_sc_hd__or3b_1         7
     sky130_fd_sc_hd__or4_1          2
     sky130_fd_sc_hd__xnor2_1      131
     sky130_fd_sc_hd__xor2_1       198

   Area for cell type \secded_encoder is unknown!
   Area for cell type \secded_decoder is unknown!

   Chip area for module '\protected_weight_memory': 24029.296000
     of which used for sequential elements: 8808.448000 (36.66%)

=== secded_decoder ===

   Number of wires:                142
   Number of wire bits:            206
   Number of public wires:          13
   Number of public wire bits:      77
   Number of ports:                  5
   Number of port bits:             45
   Number of memories:               0
   Number of memory bits:            0
   Number of processes:              0
   Number of cells:                152
     sky130_fd_sc_hd__a211oi_1       1
     sky130_fd_sc_hd__a21boi_0       1
     sky130_fd_sc_hd__a21o_1         1
     sky130_fd_sc_hd__a21oi_1        4
     sky130_fd_sc_hd__a222oi_1       1
     sky130_fd_sc_hd__a22oi_1        2
     sky130_fd_sc_hd__a31o_1         1
     sky130_fd_sc_hd__a31oi_1        2
     sky130_fd_sc_hd__and3_1         1
     sky130_fd_sc_hd__clkinv_1       8
     sky130_fd_sc_hd__lpflow_inputiso1p_1      2
     sky130_fd_sc_hd__mux2i_1        5
     sky130_fd_sc_hd__mux4_2         3
     sky130_fd_sc_hd__nand2_1       10
     sky130_fd_sc_hd__nand3_1        5
     sky130_fd_sc_hd__nand4_1        4
     sky130_fd_sc_hd__nor2_1         9
     sky130_fd_sc_hd__nor3_1         6
     sky130_fd_sc_hd__nor4_1         3
     sky130_fd_sc_hd__o211ai_1       2
     sky130_fd_sc_hd__o21ai_0        2
     sky130_fd_sc_hd__o22ai_1        1
     sky130_fd_sc_hd__o31ai_1       12
     sky130_fd_sc_hd__o32ai_1        1
     sky130_fd_sc_hd__o41ai_1       12
     sky130_fd_sc_hd__or4_1          1
     sky130_fd_sc_hd__xnor2_1       36
     sky130_fd_sc_hd__xnor3_1        3
     sky130_fd_sc_hd__xor2_1        11
     sky130_fd_sc_hd__xor3_1         2

   Chip area for module '\secded_decoder': 1194.896000
     of which used for sequential elements: 0.000000 (0.00%)

=== secded_encoder ===

   Number of wires:                 32
   Number of wire bits:             68
   Number of public wires:           8
   Number of public wire bits:      44
   Number of ports:                  2
   Number of port bits:             38
   Number of memories:               0
   Number of memory bits:            0
   Number of processes:              0
   Number of cells:                 30
     sky130_fd_sc_hd__xnor2_1       16
     sky130_fd_sc_hd__xnor3_1        5
     sky130_fd_sc_hd__xor2_1         7
     sky130_fd_sc_hd__xor3_1         2

   Chip area for module '\secded_encoder': 361.596800
     of which used for sequential elements: 0.000000 (0.00%)

=== threshold_unit ===

   Number of wires:                 21
   Number of wire bits:             35
   Number of public wires:           3
   Number of public wire bits:      17
   Number of ports:                  3
   Number of port bits:             17
   Number of memories:               0
   Number of memory bits:            0
   Number of processes:              0
   Number of cells:                 19
     sky130_fd_sc_hd__a221oi_1       2
     sky130_fd_sc_hd__a22oi_1        1
     sky130_fd_sc_hd__a2bb2oi_1      1
     sky130_fd_sc_hd__clkinv_1       6
     sky130_fd_sc_hd__lpflow_isobufsrc_1      2
     sky130_fd_sc_hd__maj3_1         1
     sky130_fd_sc_hd__nor2_1         2
     sky130_fd_sc_hd__nor3b_1        1
     sky130_fd_sc_hd__o22ai_1        1
     sky130_fd_sc_hd__or3_1          1
     sky130_fd_sc_hd__xor2_1         1

   Chip area for module '\threshold_unit': 115.110400
     of which used for sequential elements: 0.000000 (0.00%)

=== unipolar_pe ===

   Number of wires:                 14
   Number of wire bits:             71
   Number of public wires:           9
   Number of public wire bits:      66
   Number of ports:                  7
   Number of port bits:             45
   Number of memories:               0
   Number of memory bits:            0
   Number of processes:              0
   Number of cells:                 27
     popcount16                      1
     sky130_fd_sc_hd__and2_0        16
     sky130_fd_sc_hd__dfrtp_1        5
     sky130_fd_sc_hd__mux2_1         5

   Area for cell type \popcount16 is unknown!

   Chip area for module '\unipolar_pe': 281.520000
     of which used for sequential elements: 125.120000 (44.44%)

=== design hierarchy ===

   are_ubnn_kws_top                  1
     accumulator                     1
     controller                      1
     pe_activity_detector            1
     pe_array16                      1
       icg_cell                     16
       popcount16                    1
       unipolar_pe                  16
         popcount16                  1
     popcount16                      1
     protected_weight_memory         1
       secded_decoder               16
       secded_encoder                1
     threshold_unit                  1

   Number of wires:               5334
   Number of wire bits:          11640
   Number of public wires:         677
   Number of public wire bits:    6983
   Number of ports:                377
   Number of port bits:           3989
   Number of memories:               0
   Number of memory bits:            0
   Number of processes:              0
   Number of cells:               6399
     sky130_fd_sc_hd__a2111o_1       1
     sky130_fd_sc_hd__a2111oi_0     13
     sky130_fd_sc_hd__a211o_1        7
     sky130_fd_sc_hd__a211oi_1      16
     sky130_fd_sc_hd__a21boi_0      19
     sky130_fd_sc_hd__a21o_1        37
     sky130_fd_sc_hd__a21oi_1      208
     sky130_fd_sc_hd__a221o_1        4
     sky130_fd_sc_hd__a221oi_1      30
     sky130_fd_sc_hd__a222oi_1     184
     sky130_fd_sc_hd__a22o_1        60
     sky130_fd_sc_hd__a22oi_1      145
     sky130_fd_sc_hd__a2bb2oi_1      2
     sky130_fd_sc_hd__a31o_1        32
     sky130_fd_sc_hd__a31oi_1       38
     sky130_fd_sc_hd__and2_0       423
     sky130_fd_sc_hd__and3_1        32
     sky130_fd_sc_hd__and3b_1       10
     sky130_fd_sc_hd__and4_1        33
     sky130_fd_sc_hd__and4b_1        4
     sky130_fd_sc_hd__clkinv_1     172
     sky130_fd_sc_hd__dfrtp_1      443
     sky130_fd_sc_hd__dlclkp_1      16
     sky130_fd_sc_hd__lpflow_inputiso1p_1     53
     sky130_fd_sc_hd__lpflow_isobufsrc_1     18
     sky130_fd_sc_hd__maj3_1       212
     sky130_fd_sc_hd__mux2_1       431
     sky130_fd_sc_hd__mux2i_1       98
     sky130_fd_sc_hd__mux4_2        48
     sky130_fd_sc_hd__nand2_1      342
     sky130_fd_sc_hd__nand2b_1       9
     sky130_fd_sc_hd__nand3_1      305
     sky130_fd_sc_hd__nand3b_1       9
     sky130_fd_sc_hd__nand4_1      130
     sky130_fd_sc_hd__nand4b_1       4
     sky130_fd_sc_hd__nor2_1       295
     sky130_fd_sc_hd__nor2b_1        5
     sky130_fd_sc_hd__nor3_1       137
     sky130_fd_sc_hd__nor3b_1       15
     sky130_fd_sc_hd__nor4_1        91
     sky130_fd_sc_hd__nor4b_1        4
     sky130_fd_sc_hd__nor4bb_1       7
     sky130_fd_sc_hd__o2111a_1       6
     sky130_fd_sc_hd__o2111ai_1      1
     sky130_fd_sc_hd__o211ai_1      82
     sky130_fd_sc_hd__o21a_1        18
     sky130_fd_sc_hd__o21ai_0       84
     sky130_fd_sc_hd__o221ai_1       1
     sky130_fd_sc_hd__o22ai_1       31
     sky130_fd_sc_hd__o31a_1         1
     sky130_fd_sc_hd__o31ai_1      192
     sky130_fd_sc_hd__o32ai_1       17
     sky130_fd_sc_hd__o41ai_1      192
     sky130_fd_sc_hd__or3_1         23
     sky130_fd_sc_hd__or3b_1         7
     sky130_fd_sc_hd__or4_1         50
     sky130_fd_sc_hd__xnor2_1      829
     sky130_fd_sc_hd__xnor3_1       93
     sky130_fd_sc_hd__xor2_1       435
     sky130_fd_sc_hd__xor3_1       195

   Chip area for top module '\are_ubnn_kws_top': 60324.105600
     of which used for sequential elements: 0.000000 (0.00%)

19. Executing Verilog backend.

19.1. Executing BMUXMAP pass.

19.2. Executing DEMUXMAP pass.
Dumping module `\accumulator'.
Dumping module `\are_ubnn_kws_top'.
Dumping module `\controller'.
Dumping module `\icg_cell'.
Dumping module `\pe_activity_detector'.
Dumping module `\pe_array16'.
Dumping module `\popcount16'.
Dumping module `\protected_weight_memory'.
Dumping module `\secded_decoder'.
Dumping module `\secded_encoder'.
Dumping module `\threshold_unit'.
Dumping module `\unipolar_pe'.

Warnings: 12 unique messages, 12 total
End of script. Logfile hash: d456776b9a, CPU: user 4.21s system 0.59s, MEM: 56.46 MB peak
Yosys 0.52 (git sha1 fee39a3284c90249e1d9684cf6944ffbbcbb8f90)
Time spent: 63% 2x abc (7 sec), 5% 36x opt_expr (0 sec), ...
