
 /----------------------------------------------------------------------------\
 |  yosys -- Yosys Open SYnthesis Suite                                       |
 |  Copyright (C) 2012 - 2026  Claire Xenia Wolf <claire@yosyshq.com>         |
 |  Distributed under an ISC-like license, type "license" to see terms        |
 \----------------------------------------------------------------------------/
 Yosys 0.68+132 (git sha1 13b43f8c8-dirty, Release, GNU /usr/bin/x86_64-w64-mingw32-g++ 15.2.1)

-- Executing script file `E:\Are_UBNN_KWS\self\scripts\..\scripts\synth_enhanced.ys' --

1. Executing Verilog-2005 frontend: E:/Are_UBNN_KWS/self/scripts/../src/compute/popcount.sv
Parsing SystemVerilog input from `E:/Are_UBNN_KWS/self/scripts/../src/compute/popcount.sv' to AST representation.
Generating RTLIL representation for module `\popcount'.
Successfully finished Verilog frontend.

2. Executing Verilog-2005 frontend: E:/Are_UBNN_KWS/self/scripts/../src/compute/unipolar_pe.sv
Parsing SystemVerilog input from `E:/Are_UBNN_KWS/self/scripts/../src/compute/unipolar_pe.sv' to AST representation.
Generating RTLIL representation for module `\unipolar_pe'.
Successfully finished Verilog frontend.

3. Executing Verilog-2005 frontend: E:/Are_UBNN_KWS/self/scripts/../src/compute/pe_array.sv
Parsing SystemVerilog input from `E:/Are_UBNN_KWS/self/scripts/../src/compute/pe_array.sv' to AST representation.
Generating RTLIL representation for module `\pe_array'.
Warning: Replacing memory \pe_result_reg with list of registers. See E:/Are_UBNN_KWS/self/scripts/../src/compute/pe_array.sv:108
Successfully finished Verilog frontend.

4. Executing Verilog-2005 frontend: E:/Are_UBNN_KWS/self/scripts/../src/baseline/accumulator.sv
Parsing SystemVerilog input from `E:/Are_UBNN_KWS/self/scripts/../src/baseline/accumulator.sv' to AST representation.
Generating RTLIL representation for module `\accumulator'.
Successfully finished Verilog frontend.

5. Executing Verilog-2005 frontend: E:/Are_UBNN_KWS/self/scripts/../src/baseline/threshold_unit.sv
Parsing SystemVerilog input from `E:/Are_UBNN_KWS/self/scripts/../src/baseline/threshold_unit.sv' to AST representation.
Generating RTLIL representation for module `\threshold_unit'.
Successfully finished Verilog frontend.

6. Executing Verilog-2005 frontend: E:/Are_UBNN_KWS/self/scripts/../src/ecc/secded_encoder.sv
Parsing SystemVerilog input from `E:/Are_UBNN_KWS/self/scripts/../src/ecc/secded_encoder.sv' to AST representation.
Generating RTLIL representation for module `\secded_encoder'.
Successfully finished Verilog frontend.

7. Executing Verilog-2005 frontend: E:/Are_UBNN_KWS/self/scripts/../src/ecc/secded_decoder.sv
Parsing SystemVerilog input from `E:/Are_UBNN_KWS/self/scripts/../src/ecc/secded_decoder.sv' to AST representation.
Generating RTLIL representation for module `\secded_decoder'.
Successfully finished Verilog frontend.

8. Executing Verilog-2005 frontend: E:/Are_UBNN_KWS/self/scripts/../src/memory/protected_weight_memory.sv
Parsing SystemVerilog input from `E:/Are_UBNN_KWS/self/scripts/../src/memory/protected_weight_memory.sv' to AST representation.
Generating RTLIL representation for module `\protected_weight_memory'.
Successfully finished Verilog frontend.

9. Executing Verilog-2005 frontend: E:/Are_UBNN_KWS/self/scripts/../src/power/activation_detector.sv
Parsing SystemVerilog input from `E:/Are_UBNN_KWS/self/scripts/../src/power/activation_detector.sv' to AST representation.
Generating RTLIL representation for module `\activation_detector'.
Successfully finished Verilog frontend.

10. Executing Verilog-2005 frontend: E:/Are_UBNN_KWS/self/scripts/../src/power/icg.sv
Parsing SystemVerilog input from `E:/Are_UBNN_KWS/self/scripts/../src/power/icg.sv' to AST representation.
Generating RTLIL representation for module `\icg'.
Successfully finished Verilog frontend.

11. Executing Verilog-2005 frontend: E:/Are_UBNN_KWS/self/scripts/../src/top/are_ubnn_kws_top.sv
Parsing SystemVerilog input from `E:/Are_UBNN_KWS/self/scripts/../src/top/are_ubnn_kws_top.sv' to AST representation.
Generating RTLIL representation for module `\are_ubnn_kws_top'.
Successfully finished Verilog frontend.
Parameter \ENABLE_ENHANCED = 1

12. Executing AST frontend in derive mode using pre-parsed AST for module `\are_ubnn_kws_top'.
Parameter \ENABLE_ENHANCED = 1
Generating RTLIL representation for module `$paramod\are_ubnn_kws_top\ENABLE_ENHANCED=s32'00000000000000000000000000000001'.

13. Executing SYNTH pass.

13.1. Executing HIERARCHY pass (managing design hierarchy).

13.1.1. Analyzing design hierarchy..
Top module:  \are_ubnn_kws_top
Used module:     \pe_array
Used module:         \unipolar_pe
Used module:             \popcount
Used module:     \accumulator
Used module:     \threshold_unit
Used module:     \protected_weight_memory
Used module:         \secded_decoder
Used module:         \secded_encoder
Used module:     \activation_detector
Parameter \WIDTH = 16
Parameter \OUT_W = 5

13.1.2. Executing AST frontend in derive mode using pre-parsed AST for module `\popcount'.
Parameter \WIDTH = 16
Parameter \OUT_W = 5
Generating RTLIL representation for module `$paramod$8321bd599312407f398c37fcdd0fbb22b411403b\popcount'.
Parameter \VEC_WIDTH = 16
Parameter \RESULT_W = 5

13.1.3. Executing AST frontend in derive mode using pre-parsed AST for module `\unipolar_pe'.
Parameter \VEC_WIDTH = 16
Parameter \RESULT_W = 5
Generating RTLIL representation for module `$paramod$b5af746cb3efc62f621f3c71a45a9741b23c0d5c\unipolar_pe'.
Parameter \VEC_WIDTH = 16
Parameter \RESULT_W = 5
Found cached RTLIL representation for module `$paramod$b5af746cb3efc62f621f3c71a45a9741b23c0d5c\unipolar_pe'.
Parameter \VEC_WIDTH = 16
Parameter \RESULT_W = 5
Found cached RTLIL representation for module `$paramod$b5af746cb3efc62f621f3c71a45a9741b23c0d5c\unipolar_pe'.
Parameter \VEC_WIDTH = 16
Parameter \RESULT_W = 5
Found cached RTLIL representation for module `$paramod$b5af746cb3efc62f621f3c71a45a9741b23c0d5c\unipolar_pe'.
Parameter \VEC_WIDTH = 16
Parameter \RESULT_W = 5
Found cached RTLIL representation for module `$paramod$b5af746cb3efc62f621f3c71a45a9741b23c0d5c\unipolar_pe'.
Parameter \VEC_WIDTH = 16
Parameter \RESULT_W = 5
Found cached RTLIL representation for module `$paramod$b5af746cb3efc62f621f3c71a45a9741b23c0d5c\unipolar_pe'.
Parameter \VEC_WIDTH = 16
Parameter \RESULT_W = 5
Found cached RTLIL representation for module `$paramod$b5af746cb3efc62f621f3c71a45a9741b23c0d5c\unipolar_pe'.
Parameter \VEC_WIDTH = 16
Parameter \RESULT_W = 5
Found cached RTLIL representation for module `$paramod$b5af746cb3efc62f621f3c71a45a9741b23c0d5c\unipolar_pe'.
Parameter \VEC_WIDTH = 16
Parameter \RESULT_W = 5
Found cached RTLIL representation for module `$paramod$b5af746cb3efc62f621f3c71a45a9741b23c0d5c\unipolar_pe'.
Parameter \VEC_WIDTH = 16
Parameter \RESULT_W = 5
Found cached RTLIL representation for module `$paramod$b5af746cb3efc62f621f3c71a45a9741b23c0d5c\unipolar_pe'.
Parameter \VEC_WIDTH = 16
Parameter \RESULT_W = 5
Found cached RTLIL representation for module `$paramod$b5af746cb3efc62f621f3c71a45a9741b23c0d5c\unipolar_pe'.
Parameter \VEC_WIDTH = 16
Parameter \RESULT_W = 5
Found cached RTLIL representation for module `$paramod$b5af746cb3efc62f621f3c71a45a9741b23c0d5c\unipolar_pe'.
Parameter \VEC_WIDTH = 16
Parameter \RESULT_W = 5
Found cached RTLIL representation for module `$paramod$b5af746cb3efc62f621f3c71a45a9741b23c0d5c\unipolar_pe'.
Parameter \VEC_WIDTH = 16
Parameter \RESULT_W = 5
Found cached RTLIL representation for module `$paramod$b5af746cb3efc62f621f3c71a45a9741b23c0d5c\unipolar_pe'.
Parameter \VEC_WIDTH = 16
Parameter \RESULT_W = 5
Found cached RTLIL representation for module `$paramod$b5af746cb3efc62f621f3c71a45a9741b23c0d5c\unipolar_pe'.
Parameter \VEC_WIDTH = 16
Parameter \RESULT_W = 5
Found cached RTLIL representation for module `$paramod$b5af746cb3efc62f621f3c71a45a9741b23c0d5c\unipolar_pe'.
Reprocessing module pe_array because instantiated module $paramod$b5af746cb3efc62f621f3c71a45a9741b23c0d5c\unipolar_pe has become available.
Generating RTLIL representation for module `\pe_array'.
Warning: Replacing memory \pe_result_reg with list of registers. See E:/Are_UBNN_KWS/self/scripts/../src/compute/pe_array.sv:108
Warning: Replacing memory \pe_comb with list of registers. See E:/Are_UBNN_KWS/self/scripts/../src/compute/pe_array.sv:79
Parameter \NUM_PES = 16
Parameter \VEC_WIDTH = 16
Parameter \PE_RESULT_W = 5

13.1.4. Executing AST frontend in derive mode using pre-parsed AST for module `\pe_array'.
Parameter \NUM_PES = 16
Parameter \VEC_WIDTH = 16
Parameter \PE_RESULT_W = 5
Generating RTLIL representation for module `$paramod$7cc4f66e3e1ce63c51e045ede443ab9bbb545642\pe_array'.
Warning: Replacing memory \pe_result_reg with list of registers. See E:/Are_UBNN_KWS/self/scripts/../src/compute/pe_array.sv:108
Warning: Replacing memory \pe_comb with list of registers. See E:/Are_UBNN_KWS/self/scripts/../src/compute/pe_array.sv:79
Parameter \NUM_PES = 16
Parameter \PE_RESULT_W = 5
Parameter \ACCUM_W = 9

13.1.5. Executing AST frontend in derive mode using pre-parsed AST for module `\accumulator'.
Parameter \NUM_PES = 16
Parameter \PE_RESULT_W = 5
Parameter \ACCUM_W = 9
Generating RTLIL representation for module `$paramod$8db64f2a3fbc5f0e0cf12884906202176d54b9b8\accumulator'.
Parameter \ACCUM_W = 9

13.1.6. Executing AST frontend in derive mode using pre-parsed AST for module `\threshold_unit'.
Parameter \ACCUM_W = 9
Generating RTLIL representation for module `$paramod\threshold_unit\ACCUM_W=s32'00000000000000000000000000001001'.
Parameter \DEPTH = 16
Parameter \DATA_W = 16
Parameter \CW_W = 22
Parameter \ADDR_W = 4

13.1.7. Executing AST frontend in derive mode using pre-parsed AST for module `\protected_weight_memory'.
Parameter \DEPTH = 16
Parameter \DATA_W = 16
Parameter \CW_W = 22
Parameter \ADDR_W = 4
Generating RTLIL representation for module `$paramod$2474f4404463feaec399479355cfdcf654708599\protected_weight_memory'.
Parameter \NUM_PES = 16
Parameter \VEC_WIDTH = 16

13.1.8. Executing AST frontend in derive mode using pre-parsed AST for module `\activation_detector'.
Parameter \NUM_PES = 16
Parameter \VEC_WIDTH = 16
Generating RTLIL representation for module `$paramod$6ff90cbdf21c3377679bbd990c04fec40db58541\activation_detector'.

13.1.9. Analyzing design hierarchy..
Top module:  \are_ubnn_kws_top
Used module:     $paramod$7cc4f66e3e1ce63c51e045ede443ab9bbb545642\pe_array
Used module:         \unipolar_pe
Used module:             $paramod$8321bd599312407f398c37fcdd0fbb22b411403b\popcount
Used module:     $paramod$8db64f2a3fbc5f0e0cf12884906202176d54b9b8\accumulator
Used module:     $paramod\threshold_unit\ACCUM_W=s32'00000000000000000000000000001001
Used module:     $paramod$2474f4404463feaec399479355cfdcf654708599\protected_weight_memory
Used module:         \secded_decoder
Used module:         \secded_encoder
Used module:     $paramod$6ff90cbdf21c3377679bbd990c04fec40db58541\activation_detector
Parameter \VEC_WIDTH = 16
Parameter \RESULT_W = 5
Found cached RTLIL representation for module `$paramod$b5af746cb3efc62f621f3c71a45a9741b23c0d5c\unipolar_pe'.
Parameter \VEC_WIDTH = 16
Parameter \RESULT_W = 5
Found cached RTLIL representation for module `$paramod$b5af746cb3efc62f621f3c71a45a9741b23c0d5c\unipolar_pe'.
Parameter \VEC_WIDTH = 16
Parameter \RESULT_W = 5
Found cached RTLIL representation for module `$paramod$b5af746cb3efc62f621f3c71a45a9741b23c0d5c\unipolar_pe'.
Parameter \VEC_WIDTH = 16
Parameter \RESULT_W = 5
Found cached RTLIL representation for module `$paramod$b5af746cb3efc62f621f3c71a45a9741b23c0d5c\unipolar_pe'.
Parameter \VEC_WIDTH = 16
Parameter \RESULT_W = 5
Found cached RTLIL representation for module `$paramod$b5af746cb3efc62f621f3c71a45a9741b23c0d5c\unipolar_pe'.
Parameter \VEC_WIDTH = 16
Parameter \RESULT_W = 5
Found cached RTLIL representation for module `$paramod$b5af746cb3efc62f621f3c71a45a9741b23c0d5c\unipolar_pe'.
Parameter \VEC_WIDTH = 16
Parameter \RESULT_W = 5
Found cached RTLIL representation for module `$paramod$b5af746cb3efc62f621f3c71a45a9741b23c0d5c\unipolar_pe'.
Parameter \VEC_WIDTH = 16
Parameter \RESULT_W = 5
Found cached RTLIL representation for module `$paramod$b5af746cb3efc62f621f3c71a45a9741b23c0d5c\unipolar_pe'.
Parameter \VEC_WIDTH = 16
Parameter \RESULT_W = 5
Found cached RTLIL representation for module `$paramod$b5af746cb3efc62f621f3c71a45a9741b23c0d5c\unipolar_pe'.
Parameter \VEC_WIDTH = 16
Parameter \RESULT_W = 5
Found cached RTLIL representation for module `$paramod$b5af746cb3efc62f621f3c71a45a9741b23c0d5c\unipolar_pe'.
Parameter \VEC_WIDTH = 16
Parameter \RESULT_W = 5
Found cached RTLIL representation for module `$paramod$b5af746cb3efc62f621f3c71a45a9741b23c0d5c\unipolar_pe'.
Parameter \VEC_WIDTH = 16
Parameter \RESULT_W = 5
Found cached RTLIL representation for module `$paramod$b5af746cb3efc62f621f3c71a45a9741b23c0d5c\unipolar_pe'.
Parameter \VEC_WIDTH = 16
Parameter \RESULT_W = 5
Found cached RTLIL representation for module `$paramod$b5af746cb3efc62f621f3c71a45a9741b23c0d5c\unipolar_pe'.
Parameter \VEC_WIDTH = 16
Parameter \RESULT_W = 5
Found cached RTLIL representation for module `$paramod$b5af746cb3efc62f621f3c71a45a9741b23c0d5c\unipolar_pe'.
Parameter \VEC_WIDTH = 16
Parameter \RESULT_W = 5
Found cached RTLIL representation for module `$paramod$b5af746cb3efc62f621f3c71a45a9741b23c0d5c\unipolar_pe'.
Parameter \VEC_WIDTH = 16
Parameter \RESULT_W = 5
Found cached RTLIL representation for module `$paramod$b5af746cb3efc62f621f3c71a45a9741b23c0d5c\unipolar_pe'.

13.1.10. Analyzing design hierarchy..
Top module:  \are_ubnn_kws_top
Used module:     $paramod$7cc4f66e3e1ce63c51e045ede443ab9bbb545642\pe_array
Used module:         $paramod$b5af746cb3efc62f621f3c71a45a9741b23c0d5c\unipolar_pe
Used module:             \popcount
Used module:     $paramod$8db64f2a3fbc5f0e0cf12884906202176d54b9b8\accumulator
Used module:     $paramod\threshold_unit\ACCUM_W=s32'00000000000000000000000000001001
Used module:     $paramod$2474f4404463feaec399479355cfdcf654708599\protected_weight_memory
Used module:         \secded_decoder
Used module:         \secded_encoder
Used module:     $paramod$6ff90cbdf21c3377679bbd990c04fec40db58541\activation_detector
Parameter \WIDTH = 16
Parameter \OUT_W = 5
Found cached RTLIL representation for module `$paramod$8321bd599312407f398c37fcdd0fbb22b411403b\popcount'.

13.1.11. Analyzing design hierarchy..
Top module:  \are_ubnn_kws_top
Used module:     $paramod$7cc4f66e3e1ce63c51e045ede443ab9bbb545642\pe_array
Used module:         $paramod$b5af746cb3efc62f621f3c71a45a9741b23c0d5c\unipolar_pe
Used module:             $paramod$8321bd599312407f398c37fcdd0fbb22b411403b\popcount
Used module:     $paramod$8db64f2a3fbc5f0e0cf12884906202176d54b9b8\accumulator
Used module:     $paramod\threshold_unit\ACCUM_W=s32'00000000000000000000000000001001
Used module:     $paramod$2474f4404463feaec399479355cfdcf654708599\protected_weight_memory
Used module:         \secded_decoder
Used module:         \secded_encoder
Used module:     $paramod$6ff90cbdf21c3377679bbd990c04fec40db58541\activation_detector

13.1.12. Analyzing design hierarchy..
Top module:  \are_ubnn_kws_top
Used module:     $paramod$7cc4f66e3e1ce63c51e045ede443ab9bbb545642\pe_array
Used module:         $paramod$b5af746cb3efc62f621f3c71a45a9741b23c0d5c\unipolar_pe
Used module:             $paramod$8321bd599312407f398c37fcdd0fbb22b411403b\popcount
Used module:     $paramod$8db64f2a3fbc5f0e0cf12884906202176d54b9b8\accumulator
Used module:     $paramod\threshold_unit\ACCUM_W=s32'00000000000000000000000000001001
Used module:     $paramod$2474f4404463feaec399479355cfdcf654708599\protected_weight_memory
Used module:         \secded_decoder
Used module:         \secded_encoder
Used module:     $paramod$6ff90cbdf21c3377679bbd990c04fec40db58541\activation_detector
Removing unused module `\pe_array'.
Removing unused module `\icg'.
Removing unused module `\activation_detector'.
Removing unused module `\protected_weight_memory'.
Removing unused module `\threshold_unit'.
Removing unused module `\accumulator'.
Removing unused module `\unipolar_pe'.
Removing unused module `\popcount'.
Removed 8 unused modules.

13.2. Executing PROC pass (convert processes to netlists).

13.2.1. Executing PROC_CLEAN pass (remove empty switches from decision trees).
Cleaned up 0 empty switches.

13.2.2. Executing PROC_RMDEAD pass (remove dead branches from decision trees).
Marked 2 switch rules as full_case in process $proc$E:/Are_UBNN_KWS/self/scripts/../src/baseline/accumulator.sv:72$526 in module $paramod$8db64f2a3fbc5f0e0cf12884906202176d54b9b8\accumulator.
Marked 1 switch rules as full_case in process $proc$E:/Are_UBNN_KWS/self/scripts/../src/compute/pe_array.sv:106$490 in module $paramod$7cc4f66e3e1ce63c51e045ede443ab9bbb545642\pe_array.
Marked 1 switch rules as full_case in process $proc$E:/Are_UBNN_KWS/self/scripts/../src/compute/pe_array.sv:106$488 in module $paramod$7cc4f66e3e1ce63c51e045ede443ab9bbb545642\pe_array.
Marked 1 switch rules as full_case in process $proc$E:/Are_UBNN_KWS/self/scripts/../src/compute/pe_array.sv:106$486 in module $paramod$7cc4f66e3e1ce63c51e045ede443ab9bbb545642\pe_array.
Marked 1 switch rules as full_case in process $proc$E:/Are_UBNN_KWS/self/scripts/../src/compute/pe_array.sv:106$484 in module $paramod$7cc4f66e3e1ce63c51e045ede443ab9bbb545642\pe_array.
Marked 1 switch rules as full_case in process $proc$E:/Are_UBNN_KWS/self/scripts/../src/compute/pe_array.sv:106$482 in module $paramod$7cc4f66e3e1ce63c51e045ede443ab9bbb545642\pe_array.
Marked 1 switch rules as full_case in process $proc$E:/Are_UBNN_KWS/self/scripts/../src/compute/pe_array.sv:106$480 in module $paramod$7cc4f66e3e1ce63c51e045ede443ab9bbb545642\pe_array.
Marked 1 switch rules as full_case in process $proc$E:/Are_UBNN_KWS/self/scripts/../src/compute/pe_array.sv:106$478 in module $paramod$7cc4f66e3e1ce63c51e045ede443ab9bbb545642\pe_array.
Marked 1 switch rules as full_case in process $proc$E:/Are_UBNN_KWS/self/scripts/../src/compute/pe_array.sv:106$476 in module $paramod$7cc4f66e3e1ce63c51e045ede443ab9bbb545642\pe_array.
Marked 1 switch rules as full_case in process $proc$E:/Are_UBNN_KWS/self/scripts/../src/compute/pe_array.sv:106$474 in module $paramod$7cc4f66e3e1ce63c51e045ede443ab9bbb545642\pe_array.
Marked 1 switch rules as full_case in process $proc$E:/Are_UBNN_KWS/self/scripts/../src/compute/pe_array.sv:106$472 in module $paramod$7cc4f66e3e1ce63c51e045ede443ab9bbb545642\pe_array.
Marked 1 switch rules as full_case in process $proc$E:/Are_UBNN_KWS/self/scripts/../src/compute/pe_array.sv:106$470 in module $paramod$7cc4f66e3e1ce63c51e045ede443ab9bbb545642\pe_array.
Marked 1 switch rules as full_case in process $proc$E:/Are_UBNN_KWS/self/scripts/../src/compute/pe_array.sv:106$468 in module $paramod$7cc4f66e3e1ce63c51e045ede443ab9bbb545642\pe_array.
Marked 1 switch rules as full_case in process $proc$E:/Are_UBNN_KWS/self/scripts/../src/compute/pe_array.sv:106$466 in module $paramod$7cc4f66e3e1ce63c51e045ede443ab9bbb545642\pe_array.
Marked 1 switch rules as full_case in process $proc$E:/Are_UBNN_KWS/self/scripts/../src/compute/pe_array.sv:106$464 in module $paramod$7cc4f66e3e1ce63c51e045ede443ab9bbb545642\pe_array.
Marked 1 switch rules as full_case in process $proc$E:/Are_UBNN_KWS/self/scripts/../src/compute/pe_array.sv:106$462 in module $paramod$7cc4f66e3e1ce63c51e045ede443ab9bbb545642\pe_array.
Marked 1 switch rules as full_case in process $proc$E:/Are_UBNN_KWS/self/scripts/../src/compute/pe_array.sv:106$460 in module $paramod$7cc4f66e3e1ce63c51e045ede443ab9bbb545642\pe_array.
Marked 4 switch rules as full_case in process $proc$E:/Are_UBNN_KWS/self/scripts/../src/ecc/secded_decoder.sv:55$187 in module secded_decoder.
Marked 2 switch rules as full_case in process $proc$E:/Are_UBNN_KWS/self/scripts/../src/memory/protected_weight_memory.sv:92$547 in module $paramod$2474f4404463feaec399479355cfdcf654708599\protected_weight_memory.
Removed a total of 0 dead cases.

13.2.3. Executing PROC_PRUNE pass (remove redundant assignments in processes).
Removed 1 redundant assignment.
Promoted 43 assignments to connections.

13.2.4. Executing PROC_INIT pass (extract init attributes).

13.2.5. Executing PROC_ARST pass (detect async resets in processes).

13.2.6. Executing PROC_ROM pass (convert switches to ROMs).
Converted 0 switches.
<suppressed ~40 debug messages>

13.2.7. Executing PROC_MUX pass (convert decision trees to multiplexers).
Creating decoders for process `$paramod$8db64f2a3fbc5f0e0cf12884906202176d54b9b8\accumulator.$proc$E:/Are_UBNN_KWS/self/scripts/../src/baseline/accumulator.sv:72$526'.
     1/2: $0\valid_out[0:0]
     2/2: $0\accum_out[8:0]
Creating decoders for process `$paramod$8db64f2a3fbc5f0e0cf12884906202176d54b9b8\accumulator.$proc$E:/Are_UBNN_KWS/self/scripts/../src/baseline/accumulator.sv:58$508'.
Creating decoders for process `$paramod$7cc4f66e3e1ce63c51e045ede443ab9bbb545642\pe_array.$proc$E:/Are_UBNN_KWS/self/scripts/../src/compute/pe_array.sv:79$507'.
Creating decoders for process `$paramod$7cc4f66e3e1ce63c51e045ede443ab9bbb545642\pe_array.$proc$E:/Are_UBNN_KWS/self/scripts/../src/compute/pe_array.sv:79$506'.
Creating decoders for process `$paramod$7cc4f66e3e1ce63c51e045ede443ab9bbb545642\pe_array.$proc$E:/Are_UBNN_KWS/self/scripts/../src/compute/pe_array.sv:79$505'.
Creating decoders for process `$paramod$7cc4f66e3e1ce63c51e045ede443ab9bbb545642\pe_array.$proc$E:/Are_UBNN_KWS/self/scripts/../src/compute/pe_array.sv:79$504'.
Creating decoders for process `$paramod$7cc4f66e3e1ce63c51e045ede443ab9bbb545642\pe_array.$proc$E:/Are_UBNN_KWS/self/scripts/../src/compute/pe_array.sv:79$503'.
Creating decoders for process `$paramod$7cc4f66e3e1ce63c51e045ede443ab9bbb545642\pe_array.$proc$E:/Are_UBNN_KWS/self/scripts/../src/compute/pe_array.sv:79$502'.
Creating decoders for process `$paramod$7cc4f66e3e1ce63c51e045ede443ab9bbb545642\pe_array.$proc$E:/Are_UBNN_KWS/self/scripts/../src/compute/pe_array.sv:79$501'.
Creating decoders for process `$paramod$7cc4f66e3e1ce63c51e045ede443ab9bbb545642\pe_array.$proc$E:/Are_UBNN_KWS/self/scripts/../src/compute/pe_array.sv:79$500'.
Creating decoders for process `$paramod$7cc4f66e3e1ce63c51e045ede443ab9bbb545642\pe_array.$proc$E:/Are_UBNN_KWS/self/scripts/../src/compute/pe_array.sv:79$499'.
Creating decoders for process `$paramod$7cc4f66e3e1ce63c51e045ede443ab9bbb545642\pe_array.$proc$E:/Are_UBNN_KWS/self/scripts/../src/compute/pe_array.sv:79$498'.
Creating decoders for process `$paramod$7cc4f66e3e1ce63c51e045ede443ab9bbb545642\pe_array.$proc$E:/Are_UBNN_KWS/self/scripts/../src/compute/pe_array.sv:79$497'.
Creating decoders for process `$paramod$7cc4f66e3e1ce63c51e045ede443ab9bbb545642\pe_array.$proc$E:/Are_UBNN_KWS/self/scripts/../src/compute/pe_array.sv:79$496'.
Creating decoders for process `$paramod$7cc4f66e3e1ce63c51e045ede443ab9bbb545642\pe_array.$proc$E:/Are_UBNN_KWS/self/scripts/../src/compute/pe_array.sv:79$495'.
Creating decoders for process `$paramod$7cc4f66e3e1ce63c51e045ede443ab9bbb545642\pe_array.$proc$E:/Are_UBNN_KWS/self/scripts/../src/compute/pe_array.sv:79$494'.
Creating decoders for process `$paramod$7cc4f66e3e1ce63c51e045ede443ab9bbb545642\pe_array.$proc$E:/Are_UBNN_KWS/self/scripts/../src/compute/pe_array.sv:79$493'.
Creating decoders for process `$paramod$7cc4f66e3e1ce63c51e045ede443ab9bbb545642\pe_array.$proc$E:/Are_UBNN_KWS/self/scripts/../src/compute/pe_array.sv:79$492'.
Creating decoders for process `$paramod$7cc4f66e3e1ce63c51e045ede443ab9bbb545642\pe_array.$proc$E:/Are_UBNN_KWS/self/scripts/../src/compute/pe_array.sv:106$490'.
     1/1: $0\pe_result_reg[15][4:0]
Creating decoders for process `$paramod$7cc4f66e3e1ce63c51e045ede443ab9bbb545642\pe_array.$proc$E:/Are_UBNN_KWS/self/scripts/../src/compute/pe_array.sv:106$488'.
     1/1: $0\pe_result_reg[14][4:0]
Creating decoders for process `$paramod$7cc4f66e3e1ce63c51e045ede443ab9bbb545642\pe_array.$proc$E:/Are_UBNN_KWS/self/scripts/../src/compute/pe_array.sv:106$486'.
     1/1: $0\pe_result_reg[13][4:0]
Creating decoders for process `$paramod$7cc4f66e3e1ce63c51e045ede443ab9bbb545642\pe_array.$proc$E:/Are_UBNN_KWS/self/scripts/../src/compute/pe_array.sv:106$484'.
     1/1: $0\pe_result_reg[12][4:0]
Creating decoders for process `$paramod$7cc4f66e3e1ce63c51e045ede443ab9bbb545642\pe_array.$proc$E:/Are_UBNN_KWS/self/scripts/../src/compute/pe_array.sv:106$482'.
     1/1: $0\pe_result_reg[11][4:0]
Creating decoders for process `$paramod$7cc4f66e3e1ce63c51e045ede443ab9bbb545642\pe_array.$proc$E:/Are_UBNN_KWS/self/scripts/../src/compute/pe_array.sv:106$480'.
     1/1: $0\pe_result_reg[10][4:0]
Creating decoders for process `$paramod$7cc4f66e3e1ce63c51e045ede443ab9bbb545642\pe_array.$proc$E:/Are_UBNN_KWS/self/scripts/../src/compute/pe_array.sv:106$478'.
     1/1: $0\pe_result_reg[9][4:0]
Creating decoders for process `$paramod$7cc4f66e3e1ce63c51e045ede443ab9bbb545642\pe_array.$proc$E:/Are_UBNN_KWS/self/scripts/../src/compute/pe_array.sv:106$476'.
     1/1: $0\pe_result_reg[8][4:0]
Creating decoders for process `$paramod$7cc4f66e3e1ce63c51e045ede443ab9bbb545642\pe_array.$proc$E:/Are_UBNN_KWS/self/scripts/../src/compute/pe_array.sv:106$474'.
     1/1: $0\pe_result_reg[7][4:0]
Creating decoders for process `$paramod$7cc4f66e3e1ce63c51e045ede443ab9bbb545642\pe_array.$proc$E:/Are_UBNN_KWS/self/scripts/../src/compute/pe_array.sv:106$472'.
     1/1: $0\pe_result_reg[6][4:0]
Creating decoders for process `$paramod$7cc4f66e3e1ce63c51e045ede443ab9bbb545642\pe_array.$proc$E:/Are_UBNN_KWS/self/scripts/../src/compute/pe_array.sv:106$470'.
     1/1: $0\pe_result_reg[5][4:0]
Creating decoders for process `$paramod$7cc4f66e3e1ce63c51e045ede443ab9bbb545642\pe_array.$proc$E:/Are_UBNN_KWS/self/scripts/../src/compute/pe_array.sv:106$468'.
     1/1: $0\pe_result_reg[4][4:0]
Creating decoders for process `$paramod$7cc4f66e3e1ce63c51e045ede443ab9bbb545642\pe_array.$proc$E:/Are_UBNN_KWS/self/scripts/../src/compute/pe_array.sv:106$466'.
     1/1: $0\pe_result_reg[3][4:0]
Creating decoders for process `$paramod$7cc4f66e3e1ce63c51e045ede443ab9bbb545642\pe_array.$proc$E:/Are_UBNN_KWS/self/scripts/../src/compute/pe_array.sv:106$464'.
     1/1: $0\pe_result_reg[2][4:0]
Creating decoders for process `$paramod$7cc4f66e3e1ce63c51e045ede443ab9bbb545642\pe_array.$proc$E:/Are_UBNN_KWS/self/scripts/../src/compute/pe_array.sv:106$462'.
     1/1: $0\pe_result_reg[1][4:0]
Creating decoders for process `$paramod$7cc4f66e3e1ce63c51e045ede443ab9bbb545642\pe_array.$proc$E:/Are_UBNN_KWS/self/scripts/../src/compute/pe_array.sv:106$460'.
     1/1: $0\pe_result_reg[0][4:0]
Creating decoders for process `\secded_decoder.$proc$E:/Are_UBNN_KWS/self/scripts/../src/ecc/secded_decoder.sv:55$187'.
     1/30: $4\corrected_cw[20:0] [20]
     2/30: $4\corrected_cw[20:0] [17]
     3/30: $4\corrected_cw[20:0] [15]
     4/30: $4\corrected_cw[20:0] [13]
     5/30: $4\corrected_cw[20:0] [11]
     6/30: $4\corrected_cw[20:0] [9]
     7/30: $4\corrected_cw[20:0] [7]
     8/30: $4\corrected_cw[20:0] [5]
     9/30: $4\corrected_cw[20:0] [3]
    10/30: $4\corrected_cw[20:0] [1]
    11/30: $4\corrected_cw[20:0] [18]
    12/30: $4\corrected_cw[20:0] [16]
    13/30: $4\corrected_cw[20:0] [12]
    14/30: $4\corrected_cw[20:0] [8]
    15/30: $4\corrected_cw[20:0] [4]
    16/30: $4\corrected_cw[20:0] [0]
    17/30: $4\corrected_cw[20:0] [14]
    18/30: $4\corrected_cw[20:0] [6]
    19/30: $4\corrected_cw[20:0] [19]
    20/30: $4\corrected_cw[20:0] [2]
    21/30: $4\corrected_cw[20:0] [10]
    22/30: $3\single_error_corrected[0:0]
    23/30: $3\corrected_cw[20:0]
    24/30: $2\double_error_detected[0:0]
    25/30: $2\single_error_corrected[0:0]
    26/30: $2\corrected_cw[21:21]
    27/30: $1\corrected_cw[21:0] [21]
    28/30: $1\single_error_corrected[0:0]
    29/30: $1\corrected_cw[21:0] [20:0]
    30/30: $1\double_error_detected[0:0]
Creating decoders for process `$paramod$2474f4404463feaec399479355cfdcf654708599\protected_weight_memory.$proc$E:/Are_UBNN_KWS/self/scripts/../src/memory/protected_weight_memory.sv:92$547'.
     1/23: $2$memwr$\mem$E:/Are_UBNN_KWS/self/scripts/../src/memory/protected_weight_memory.sv:100$546_EN[21:0]$589
     2/23: $2$memwr$\mem$E:/Are_UBNN_KWS/self/scripts/../src/memory/protected_weight_memory.sv:100$546_DATA[21:0]$588
     3/23: $2$memwr$\mem$E:/Are_UBNN_KWS/self/scripts/../src/memory/protected_weight_memory.sv:100$546_ADDR[3:0]$587
     4/23: $1\mem_rst_idx[31:0]
     5/23: $1$memwr$\mem$E:/Are_UBNN_KWS/self/scripts/../src/memory/protected_weight_memory.sv:97$545_EN[21:0]$583
     6/23: $1$memwr$\mem$E:/Are_UBNN_KWS/self/scripts/../src/memory/protected_weight_memory.sv:97$544_EN[21:0]$582
     7/23: $1$memwr$\mem$E:/Are_UBNN_KWS/self/scripts/../src/memory/protected_weight_memory.sv:97$543_EN[21:0]$581
     8/23: $1$memwr$\mem$E:/Are_UBNN_KWS/self/scripts/../src/memory/protected_weight_memory.sv:97$542_EN[21:0]$580
     9/23: $1$memwr$\mem$E:/Are_UBNN_KWS/self/scripts/../src/memory/protected_weight_memory.sv:97$541_EN[21:0]$579
    10/23: $1$memwr$\mem$E:/Are_UBNN_KWS/self/scripts/../src/memory/protected_weight_memory.sv:97$540_EN[21:0]$578
    11/23: $1$memwr$\mem$E:/Are_UBNN_KWS/self/scripts/../src/memory/protected_weight_memory.sv:97$539_EN[21:0]$577
    12/23: $1$memwr$\mem$E:/Are_UBNN_KWS/self/scripts/../src/memory/protected_weight_memory.sv:97$538_EN[21:0]$576
    13/23: $1$memwr$\mem$E:/Are_UBNN_KWS/self/scripts/../src/memory/protected_weight_memory.sv:97$537_EN[21:0]$575
    14/23: $1$memwr$\mem$E:/Are_UBNN_KWS/self/scripts/../src/memory/protected_weight_memory.sv:97$536_EN[21:0]$574
    15/23: $1$memwr$\mem$E:/Are_UBNN_KWS/self/scripts/../src/memory/protected_weight_memory.sv:97$535_EN[21:0]$573
    16/23: $1$memwr$\mem$E:/Are_UBNN_KWS/self/scripts/../src/memory/protected_weight_memory.sv:97$534_EN[21:0]$572
    17/23: $1$memwr$\mem$E:/Are_UBNN_KWS/self/scripts/../src/memory/protected_weight_memory.sv:97$533_EN[21:0]$571
    18/23: $1$memwr$\mem$E:/Are_UBNN_KWS/self/scripts/../src/memory/protected_weight_memory.sv:97$532_EN[21:0]$570
    19/23: $1$memwr$\mem$E:/Are_UBNN_KWS/self/scripts/../src/memory/protected_weight_memory.sv:97$531_EN[21:0]$569
    20/23: $1$memwr$\mem$E:/Are_UBNN_KWS/self/scripts/../src/memory/protected_weight_memory.sv:97$530_EN[21:0]$568
    21/23: $1$memwr$\mem$E:/Are_UBNN_KWS/self/scripts/../src/memory/protected_weight_memory.sv:100$546_EN[21:0]$586
    22/23: $1$memwr$\mem$E:/Are_UBNN_KWS/self/scripts/../src/memory/protected_weight_memory.sv:100$546_DATA[21:0]$585
    23/23: $1$memwr$\mem$E:/Are_UBNN_KWS/self/scripts/../src/memory/protected_weight_memory.sv:100$546_ADDR[3:0]$584
Creating decoders for process `$paramod$8321bd599312407f398c37fcdd0fbb22b411403b\popcount.$proc$E:/Are_UBNN_KWS/self/scripts/../src/compute/popcount.sv:59$297'.

13.2.8. Executing PROC_DLATCH pass (convert process syncs to latches).
No latch inferred for signal `$paramod$8db64f2a3fbc5f0e0cf12884906202176d54b9b8\accumulator.\sum_comb' from process `$paramod$8db64f2a3fbc5f0e0cf12884906202176d54b9b8\accumulator.$proc$E:/Are_UBNN_KWS/self/scripts/../src/baseline/accumulator.sv:58$508'.
No latch inferred for signal `$paramod$7cc4f66e3e1ce63c51e045ede443ab9bbb545642\pe_array.\pe_comb[15]' from process `$paramod$7cc4f66e3e1ce63c51e045ede443ab9bbb545642\pe_array.$proc$E:/Are_UBNN_KWS/self/scripts/../src/compute/pe_array.sv:79$507'.
No latch inferred for signal `$paramod$7cc4f66e3e1ce63c51e045ede443ab9bbb545642\pe_array.\pe_comb[14]' from process `$paramod$7cc4f66e3e1ce63c51e045ede443ab9bbb545642\pe_array.$proc$E:/Are_UBNN_KWS/self/scripts/../src/compute/pe_array.sv:79$506'.
No latch inferred for signal `$paramod$7cc4f66e3e1ce63c51e045ede443ab9bbb545642\pe_array.\pe_comb[13]' from process `$paramod$7cc4f66e3e1ce63c51e045ede443ab9bbb545642\pe_array.$proc$E:/Are_UBNN_KWS/self/scripts/../src/compute/pe_array.sv:79$505'.
No latch inferred for signal `$paramod$7cc4f66e3e1ce63c51e045ede443ab9bbb545642\pe_array.\pe_comb[12]' from process `$paramod$7cc4f66e3e1ce63c51e045ede443ab9bbb545642\pe_array.$proc$E:/Are_UBNN_KWS/self/scripts/../src/compute/pe_array.sv:79$504'.
No latch inferred for signal `$paramod$7cc4f66e3e1ce63c51e045ede443ab9bbb545642\pe_array.\pe_comb[11]' from process `$paramod$7cc4f66e3e1ce63c51e045ede443ab9bbb545642\pe_array.$proc$E:/Are_UBNN_KWS/self/scripts/../src/compute/pe_array.sv:79$503'.
No latch inferred for signal `$paramod$7cc4f66e3e1ce63c51e045ede443ab9bbb545642\pe_array.\pe_comb[10]' from process `$paramod$7cc4f66e3e1ce63c51e045ede443ab9bbb545642\pe_array.$proc$E:/Are_UBNN_KWS/self/scripts/../src/compute/pe_array.sv:79$502'.
No latch inferred for signal `$paramod$7cc4f66e3e1ce63c51e045ede443ab9bbb545642\pe_array.\pe_comb[9]' from process `$paramod$7cc4f66e3e1ce63c51e045ede443ab9bbb545642\pe_array.$proc$E:/Are_UBNN_KWS/self/scripts/../src/compute/pe_array.sv:79$501'.
No latch inferred for signal `$paramod$7cc4f66e3e1ce63c51e045ede443ab9bbb545642\pe_array.\pe_comb[8]' from process `$paramod$7cc4f66e3e1ce63c51e045ede443ab9bbb545642\pe_array.$proc$E:/Are_UBNN_KWS/self/scripts/../src/compute/pe_array.sv:79$500'.
No latch inferred for signal `$paramod$7cc4f66e3e1ce63c51e045ede443ab9bbb545642\pe_array.\pe_comb[7]' from process `$paramod$7cc4f66e3e1ce63c51e045ede443ab9bbb545642\pe_array.$proc$E:/Are_UBNN_KWS/self/scripts/../src/compute/pe_array.sv:79$499'.
No latch inferred for signal `$paramod$7cc4f66e3e1ce63c51e045ede443ab9bbb545642\pe_array.\pe_comb[6]' from process `$paramod$7cc4f66e3e1ce63c51e045ede443ab9bbb545642\pe_array.$proc$E:/Are_UBNN_KWS/self/scripts/../src/compute/pe_array.sv:79$498'.
No latch inferred for signal `$paramod$7cc4f66e3e1ce63c51e045ede443ab9bbb545642\pe_array.\pe_comb[5]' from process `$paramod$7cc4f66e3e1ce63c51e045ede443ab9bbb545642\pe_array.$proc$E:/Are_UBNN_KWS/self/scripts/../src/compute/pe_array.sv:79$497'.
No latch inferred for signal `$paramod$7cc4f66e3e1ce63c51e045ede443ab9bbb545642\pe_array.\pe_comb[4]' from process `$paramod$7cc4f66e3e1ce63c51e045ede443ab9bbb545642\pe_array.$proc$E:/Are_UBNN_KWS/self/scripts/../src/compute/pe_array.sv:79$496'.
No latch inferred for signal `$paramod$7cc4f66e3e1ce63c51e045ede443ab9bbb545642\pe_array.\pe_comb[3]' from process `$paramod$7cc4f66e3e1ce63c51e045ede443ab9bbb545642\pe_array.$proc$E:/Are_UBNN_KWS/self/scripts/../src/compute/pe_array.sv:79$495'.
No latch inferred for signal `$paramod$7cc4f66e3e1ce63c51e045ede443ab9bbb545642\pe_array.\pe_comb[2]' from process `$paramod$7cc4f66e3e1ce63c51e045ede443ab9bbb545642\pe_array.$proc$E:/Are_UBNN_KWS/self/scripts/../src/compute/pe_array.sv:79$494'.
No latch inferred for signal `$paramod$7cc4f66e3e1ce63c51e045ede443ab9bbb545642\pe_array.\pe_comb[1]' from process `$paramod$7cc4f66e3e1ce63c51e045ede443ab9bbb545642\pe_array.$proc$E:/Are_UBNN_KWS/self/scripts/../src/compute/pe_array.sv:79$493'.
No latch inferred for signal `$paramod$7cc4f66e3e1ce63c51e045ede443ab9bbb545642\pe_array.\pe_comb[0]' from process `$paramod$7cc4f66e3e1ce63c51e045ede443ab9bbb545642\pe_array.$proc$E:/Are_UBNN_KWS/self/scripts/../src/compute/pe_array.sv:79$492'.
No latch inferred for signal `\secded_decoder.\single_error_corrected' from process `\secded_decoder.$proc$E:/Are_UBNN_KWS/self/scripts/../src/ecc/secded_decoder.sv:55$187'.
No latch inferred for signal `\secded_decoder.\double_error_detected' from process `\secded_decoder.$proc$E:/Are_UBNN_KWS/self/scripts/../src/ecc/secded_decoder.sv:55$187'.
No latch inferred for signal `\secded_decoder.\corrected_cw' from process `\secded_decoder.$proc$E:/Are_UBNN_KWS/self/scripts/../src/ecc/secded_decoder.sv:55$187'.
No latch inferred for signal `$paramod$8321bd599312407f398c37fcdd0fbb22b411403b\popcount.\count' from process `$paramod$8321bd599312407f398c37fcdd0fbb22b411403b\popcount.$proc$E:/Are_UBNN_KWS/self/scripts/../src/compute/popcount.sv:59$297'.

13.2.9. Executing PROC_DFF pass (convert process syncs to FFs).
Creating register for signal `$paramod$8db64f2a3fbc5f0e0cf12884906202176d54b9b8\accumulator.\accum_out' using process `$paramod$8db64f2a3fbc5f0e0cf12884906202176d54b9b8\accumulator.$proc$E:/Are_UBNN_KWS/self/scripts/../src/baseline/accumulator.sv:72$526'.
  created $dff cell `$procdff$1220' with positive edge clock.
Creating register for signal `$paramod$8db64f2a3fbc5f0e0cf12884906202176d54b9b8\accumulator.\valid_out' using process `$paramod$8db64f2a3fbc5f0e0cf12884906202176d54b9b8\accumulator.$proc$E:/Are_UBNN_KWS/self/scripts/../src/baseline/accumulator.sv:72$526'.
  created $dff cell `$procdff$1221' with positive edge clock.
Creating register for signal `$paramod$7cc4f66e3e1ce63c51e045ede443ab9bbb545642\pe_array.\pe_result_reg[15]' using process `$paramod$7cc4f66e3e1ce63c51e045ede443ab9bbb545642\pe_array.$proc$E:/Are_UBNN_KWS/self/scripts/../src/compute/pe_array.sv:106$490'.
  created $dff cell `$procdff$1222' with positive edge clock.
Creating register for signal `$paramod$7cc4f66e3e1ce63c51e045ede443ab9bbb545642\pe_array.\pe_result_reg[14]' using process `$paramod$7cc4f66e3e1ce63c51e045ede443ab9bbb545642\pe_array.$proc$E:/Are_UBNN_KWS/self/scripts/../src/compute/pe_array.sv:106$488'.
  created $dff cell `$procdff$1223' with positive edge clock.
Creating register for signal `$paramod$7cc4f66e3e1ce63c51e045ede443ab9bbb545642\pe_array.\pe_result_reg[13]' using process `$paramod$7cc4f66e3e1ce63c51e045ede443ab9bbb545642\pe_array.$proc$E:/Are_UBNN_KWS/self/scripts/../src/compute/pe_array.sv:106$486'.
  created $dff cell `$procdff$1224' with positive edge clock.
Creating register for signal `$paramod$7cc4f66e3e1ce63c51e045ede443ab9bbb545642\pe_array.\pe_result_reg[12]' using process `$paramod$7cc4f66e3e1ce63c51e045ede443ab9bbb545642\pe_array.$proc$E:/Are_UBNN_KWS/self/scripts/../src/compute/pe_array.sv:106$484'.
  created $dff cell `$procdff$1225' with positive edge clock.
Creating register for signal `$paramod$7cc4f66e3e1ce63c51e045ede443ab9bbb545642\pe_array.\pe_result_reg[11]' using process `$paramod$7cc4f66e3e1ce63c51e045ede443ab9bbb545642\pe_array.$proc$E:/Are_UBNN_KWS/self/scripts/../src/compute/pe_array.sv:106$482'.
  created $dff cell `$procdff$1226' with positive edge clock.
Creating register for signal `$paramod$7cc4f66e3e1ce63c51e045ede443ab9bbb545642\pe_array.\pe_result_reg[10]' using process `$paramod$7cc4f66e3e1ce63c51e045ede443ab9bbb545642\pe_array.$proc$E:/Are_UBNN_KWS/self/scripts/../src/compute/pe_array.sv:106$480'.
  created $dff cell `$procdff$1227' with positive edge clock.
Creating register for signal `$paramod$7cc4f66e3e1ce63c51e045ede443ab9bbb545642\pe_array.\pe_result_reg[9]' using process `$paramod$7cc4f66e3e1ce63c51e045ede443ab9bbb545642\pe_array.$proc$E:/Are_UBNN_KWS/self/scripts/../src/compute/pe_array.sv:106$478'.
  created $dff cell `$procdff$1228' with positive edge clock.
Creating register for signal `$paramod$7cc4f66e3e1ce63c51e045ede443ab9bbb545642\pe_array.\pe_result_reg[8]' using process `$paramod$7cc4f66e3e1ce63c51e045ede443ab9bbb545642\pe_array.$proc$E:/Are_UBNN_KWS/self/scripts/../src/compute/pe_array.sv:106$476'.
  created $dff cell `$procdff$1229' with positive edge clock.
Creating register for signal `$paramod$7cc4f66e3e1ce63c51e045ede443ab9bbb545642\pe_array.\pe_result_reg[7]' using process `$paramod$7cc4f66e3e1ce63c51e045ede443ab9bbb545642\pe_array.$proc$E:/Are_UBNN_KWS/self/scripts/../src/compute/pe_array.sv:106$474'.
  created $dff cell `$procdff$1230' with positive edge clock.
Creating register for signal `$paramod$7cc4f66e3e1ce63c51e045ede443ab9bbb545642\pe_array.\pe_result_reg[6]' using process `$paramod$7cc4f66e3e1ce63c51e045ede443ab9bbb545642\pe_array.$proc$E:/Are_UBNN_KWS/self/scripts/../src/compute/pe_array.sv:106$472'.
  created $dff cell `$procdff$1231' with positive edge clock.
Creating register for signal `$paramod$7cc4f66e3e1ce63c51e045ede443ab9bbb545642\pe_array.\pe_result_reg[5]' using process `$paramod$7cc4f66e3e1ce63c51e045ede443ab9bbb545642\pe_array.$proc$E:/Are_UBNN_KWS/self/scripts/../src/compute/pe_array.sv:106$470'.
  created $dff cell `$procdff$1232' with positive edge clock.
Creating register for signal `$paramod$7cc4f66e3e1ce63c51e045ede443ab9bbb545642\pe_array.\pe_result_reg[4]' using process `$paramod$7cc4f66e3e1ce63c51e045ede443ab9bbb545642\pe_array.$proc$E:/Are_UBNN_KWS/self/scripts/../src/compute/pe_array.sv:106$468'.
  created $dff cell `$procdff$1233' with positive edge clock.
Creating register for signal `$paramod$7cc4f66e3e1ce63c51e045ede443ab9bbb545642\pe_array.\pe_result_reg[3]' using process `$paramod$7cc4f66e3e1ce63c51e045ede443ab9bbb545642\pe_array.$proc$E:/Are_UBNN_KWS/self/scripts/../src/compute/pe_array.sv:106$466'.
  created $dff cell `$procdff$1234' with positive edge clock.
Creating register for signal `$paramod$7cc4f66e3e1ce63c51e045ede443ab9bbb545642\pe_array.\pe_result_reg[2]' using process `$paramod$7cc4f66e3e1ce63c51e045ede443ab9bbb545642\pe_array.$proc$E:/Are_UBNN_KWS/self/scripts/../src/compute/pe_array.sv:106$464'.
  created $dff cell `$procdff$1235' with positive edge clock.
Creating register for signal `$paramod$7cc4f66e3e1ce63c51e045ede443ab9bbb545642\pe_array.\pe_result_reg[1]' using process `$paramod$7cc4f66e3e1ce63c51e045ede443ab9bbb545642\pe_array.$proc$E:/Are_UBNN_KWS/self/scripts/../src/compute/pe_array.sv:106$462'.
  created $dff cell `$procdff$1236' with positive edge clock.
Creating register for signal `$paramod$7cc4f66e3e1ce63c51e045ede443ab9bbb545642\pe_array.\pe_result_reg[0]' using process `$paramod$7cc4f66e3e1ce63c51e045ede443ab9bbb545642\pe_array.$proc$E:/Are_UBNN_KWS/self/scripts/../src/compute/pe_array.sv:106$460'.
  created $dff cell `$procdff$1237' with positive edge clock.
Creating register for signal `$paramod$2474f4404463feaec399479355cfdcf654708599\protected_weight_memory.\mem_rst_idx' using process `$paramod$2474f4404463feaec399479355cfdcf654708599\protected_weight_memory.$proc$E:/Are_UBNN_KWS/self/scripts/../src/memory/protected_weight_memory.sv:92$547'.
  created $dff cell `$procdff$1238' with positive edge clock.
Creating register for signal `$paramod$2474f4404463feaec399479355cfdcf654708599\protected_weight_memory.$memwr$\mem$E:/Are_UBNN_KWS/self/scripts/../src/memory/protected_weight_memory.sv:97$530_EN' using process `$paramod$2474f4404463feaec399479355cfdcf654708599\protected_weight_memory.$proc$E:/Are_UBNN_KWS/self/scripts/../src/memory/protected_weight_memory.sv:92$547'.
  created $dff cell `$procdff$1239' with positive edge clock.
Creating register for signal `$paramod$2474f4404463feaec399479355cfdcf654708599\protected_weight_memory.$memwr$\mem$E:/Are_UBNN_KWS/self/scripts/../src/memory/protected_weight_memory.sv:97$531_EN' using process `$paramod$2474f4404463feaec399479355cfdcf654708599\protected_weight_memory.$proc$E:/Are_UBNN_KWS/self/scripts/../src/memory/protected_weight_memory.sv:92$547'.
  created $dff cell `$procdff$1240' with positive edge clock.
Creating register for signal `$paramod$2474f4404463feaec399479355cfdcf654708599\protected_weight_memory.$memwr$\mem$E:/Are_UBNN_KWS/self/scripts/../src/memory/protected_weight_memory.sv:97$532_EN' using process `$paramod$2474f4404463feaec399479355cfdcf654708599\protected_weight_memory.$proc$E:/Are_UBNN_KWS/self/scripts/../src/memory/protected_weight_memory.sv:92$547'.
  created $dff cell `$procdff$1241' with positive edge clock.
Creating register for signal `$paramod$2474f4404463feaec399479355cfdcf654708599\protected_weight_memory.$memwr$\mem$E:/Are_UBNN_KWS/self/scripts/../src/memory/protected_weight_memory.sv:97$533_EN' using process `$paramod$2474f4404463feaec399479355cfdcf654708599\protected_weight_memory.$proc$E:/Are_UBNN_KWS/self/scripts/../src/memory/protected_weight_memory.sv:92$547'.
  created $dff cell `$procdff$1242' with positive edge clock.
Creating register for signal `$paramod$2474f4404463feaec399479355cfdcf654708599\protected_weight_memory.$memwr$\mem$E:/Are_UBNN_KWS/self/scripts/../src/memory/protected_weight_memory.sv:97$534_EN' using process `$paramod$2474f4404463feaec399479355cfdcf654708599\protected_weight_memory.$proc$E:/Are_UBNN_KWS/self/scripts/../src/memory/protected_weight_memory.sv:92$547'.
  created $dff cell `$procdff$1243' with positive edge clock.
Creating register for signal `$paramod$2474f4404463feaec399479355cfdcf654708599\protected_weight_memory.$memwr$\mem$E:/Are_UBNN_KWS/self/scripts/../src/memory/protected_weight_memory.sv:97$535_EN' using process `$paramod$2474f4404463feaec399479355cfdcf654708599\protected_weight_memory.$proc$E:/Are_UBNN_KWS/self/scripts/../src/memory/protected_weight_memory.sv:92$547'.
  created $dff cell `$procdff$1244' with positive edge clock.
Creating register for signal `$paramod$2474f4404463feaec399479355cfdcf654708599\protected_weight_memory.$memwr$\mem$E:/Are_UBNN_KWS/self/scripts/../src/memory/protected_weight_memory.sv:97$536_EN' using process `$paramod$2474f4404463feaec399479355cfdcf654708599\protected_weight_memory.$proc$E:/Are_UBNN_KWS/self/scripts/../src/memory/protected_weight_memory.sv:92$547'.
  created $dff cell `$procdff$1245' with positive edge clock.
Creating register for signal `$paramod$2474f4404463feaec399479355cfdcf654708599\protected_weight_memory.$memwr$\mem$E:/Are_UBNN_KWS/self/scripts/../src/memory/protected_weight_memory.sv:97$537_EN' using process `$paramod$2474f4404463feaec399479355cfdcf654708599\protected_weight_memory.$proc$E:/Are_UBNN_KWS/self/scripts/../src/memory/protected_weight_memory.sv:92$547'.
  created $dff cell `$procdff$1246' with positive edge clock.
Creating register for signal `$paramod$2474f4404463feaec399479355cfdcf654708599\protected_weight_memory.$memwr$\mem$E:/Are_UBNN_KWS/self/scripts/../src/memory/protected_weight_memory.sv:97$538_EN' using process `$paramod$2474f4404463feaec399479355cfdcf654708599\protected_weight_memory.$proc$E:/Are_UBNN_KWS/self/scripts/../src/memory/protected_weight_memory.sv:92$547'.
  created $dff cell `$procdff$1247' with positive edge clock.
Creating register for signal `$paramod$2474f4404463feaec399479355cfdcf654708599\protected_weight_memory.$memwr$\mem$E:/Are_UBNN_KWS/self/scripts/../src/memory/protected_weight_memory.sv:97$539_EN' using process `$paramod$2474f4404463feaec399479355cfdcf654708599\protected_weight_memory.$proc$E:/Are_UBNN_KWS/self/scripts/../src/memory/protected_weight_memory.sv:92$547'.
  created $dff cell `$procdff$1248' with positive edge clock.
Creating register for signal `$paramod$2474f4404463feaec399479355cfdcf654708599\protected_weight_memory.$memwr$\mem$E:/Are_UBNN_KWS/self/scripts/../src/memory/protected_weight_memory.sv:97$540_EN' using process `$paramod$2474f4404463feaec399479355cfdcf654708599\protected_weight_memory.$proc$E:/Are_UBNN_KWS/self/scripts/../src/memory/protected_weight_memory.sv:92$547'.
  created $dff cell `$procdff$1249' with positive edge clock.
Creating register for signal `$paramod$2474f4404463feaec399479355cfdcf654708599\protected_weight_memory.$memwr$\mem$E:/Are_UBNN_KWS/self/scripts/../src/memory/protected_weight_memory.sv:97$541_EN' using process `$paramod$2474f4404463feaec399479355cfdcf654708599\protected_weight_memory.$proc$E:/Are_UBNN_KWS/self/scripts/../src/memory/protected_weight_memory.sv:92$547'.
  created $dff cell `$procdff$1250' with positive edge clock.
Creating register for signal `$paramod$2474f4404463feaec399479355cfdcf654708599\protected_weight_memory.$memwr$\mem$E:/Are_UBNN_KWS/self/scripts/../src/memory/protected_weight_memory.sv:97$542_EN' using process `$paramod$2474f4404463feaec399479355cfdcf654708599\protected_weight_memory.$proc$E:/Are_UBNN_KWS/self/scripts/../src/memory/protected_weight_memory.sv:92$547'.
  created $dff cell `$procdff$1251' with positive edge clock.
Creating register for signal `$paramod$2474f4404463feaec399479355cfdcf654708599\protected_weight_memory.$memwr$\mem$E:/Are_UBNN_KWS/self/scripts/../src/memory/protected_weight_memory.sv:97$543_EN' using process `$paramod$2474f4404463feaec399479355cfdcf654708599\protected_weight_memory.$proc$E:/Are_UBNN_KWS/self/scripts/../src/memory/protected_weight_memory.sv:92$547'.
  created $dff cell `$procdff$1252' with positive edge clock.
Creating register for signal `$paramod$2474f4404463feaec399479355cfdcf654708599\protected_weight_memory.$memwr$\mem$E:/Are_UBNN_KWS/self/scripts/../src/memory/protected_weight_memory.sv:97$544_EN' using process `$paramod$2474f4404463feaec399479355cfdcf654708599\protected_weight_memory.$proc$E:/Are_UBNN_KWS/self/scripts/../src/memory/protected_weight_memory.sv:92$547'.
  created $dff cell `$procdff$1253' with positive edge clock.
Creating register for signal `$paramod$2474f4404463feaec399479355cfdcf654708599\protected_weight_memory.$memwr$\mem$E:/Are_UBNN_KWS/self/scripts/../src/memory/protected_weight_memory.sv:97$545_EN' using process `$paramod$2474f4404463feaec399479355cfdcf654708599\protected_weight_memory.$proc$E:/Are_UBNN_KWS/self/scripts/../src/memory/protected_weight_memory.sv:92$547'.
  created $dff cell `$procdff$1254' with positive edge clock.
Creating register for signal `$paramod$2474f4404463feaec399479355cfdcf654708599\protected_weight_memory.$memwr$\mem$E:/Are_UBNN_KWS/self/scripts/../src/memory/protected_weight_memory.sv:100$546_ADDR' using process `$paramod$2474f4404463feaec399479355cfdcf654708599\protected_weight_memory.$proc$E:/Are_UBNN_KWS/self/scripts/../src/memory/protected_weight_memory.sv:92$547'.
  created $dff cell `$procdff$1255' with positive edge clock.
Creating register for signal `$paramod$2474f4404463feaec399479355cfdcf654708599\protected_weight_memory.$memwr$\mem$E:/Are_UBNN_KWS/self/scripts/../src/memory/protected_weight_memory.sv:100$546_DATA' using process `$paramod$2474f4404463feaec399479355cfdcf654708599\protected_weight_memory.$proc$E:/Are_UBNN_KWS/self/scripts/../src/memory/protected_weight_memory.sv:92$547'.
  created $dff cell `$procdff$1256' with positive edge clock.
Creating register for signal `$paramod$2474f4404463feaec399479355cfdcf654708599\protected_weight_memory.$memwr$\mem$E:/Are_UBNN_KWS/self/scripts/../src/memory/protected_weight_memory.sv:100$546_EN' using process `$paramod$2474f4404463feaec399479355cfdcf654708599\protected_weight_memory.$proc$E:/Are_UBNN_KWS/self/scripts/../src/memory/protected_weight_memory.sv:92$547'.
  created $dff cell `$procdff$1257' with positive edge clock.

13.2.10. Executing PROC_MEMWR pass (convert process memory writes to cells).

13.2.11. Executing PROC_CLEAN pass (remove empty switches from decision trees).
Found and cleaned up 2 empty switches in `$paramod$8db64f2a3fbc5f0e0cf12884906202176d54b9b8\accumulator.$proc$E:/Are_UBNN_KWS/self/scripts/../src/baseline/accumulator.sv:72$526'.
Removing empty process `$paramod$8db64f2a3fbc5f0e0cf12884906202176d54b9b8\accumulator.$proc$E:/Are_UBNN_KWS/self/scripts/../src/baseline/accumulator.sv:72$526'.
Removing empty process `$paramod$8db64f2a3fbc5f0e0cf12884906202176d54b9b8\accumulator.$proc$E:/Are_UBNN_KWS/self/scripts/../src/baseline/accumulator.sv:58$508'.
Removing empty process `$paramod$7cc4f66e3e1ce63c51e045ede443ab9bbb545642\pe_array.$proc$E:/Are_UBNN_KWS/self/scripts/../src/compute/pe_array.sv:79$507'.
Removing empty process `$paramod$7cc4f66e3e1ce63c51e045ede443ab9bbb545642\pe_array.$proc$E:/Are_UBNN_KWS/self/scripts/../src/compute/pe_array.sv:79$506'.
Removing empty process `$paramod$7cc4f66e3e1ce63c51e045ede443ab9bbb545642\pe_array.$proc$E:/Are_UBNN_KWS/self/scripts/../src/compute/pe_array.sv:79$505'.
Removing empty process `$paramod$7cc4f66e3e1ce63c51e045ede443ab9bbb545642\pe_array.$proc$E:/Are_UBNN_KWS/self/scripts/../src/compute/pe_array.sv:79$504'.
Removing empty process `$paramod$7cc4f66e3e1ce63c51e045ede443ab9bbb545642\pe_array.$proc$E:/Are_UBNN_KWS/self/scripts/../src/compute/pe_array.sv:79$503'.
Removing empty process `$paramod$7cc4f66e3e1ce63c51e045ede443ab9bbb545642\pe_array.$proc$E:/Are_UBNN_KWS/self/scripts/../src/compute/pe_array.sv:79$502'.
Removing empty process `$paramod$7cc4f66e3e1ce63c51e045ede443ab9bbb545642\pe_array.$proc$E:/Are_UBNN_KWS/self/scripts/../src/compute/pe_array.sv:79$501'.
Removing empty process `$paramod$7cc4f66e3e1ce63c51e045ede443ab9bbb545642\pe_array.$proc$E:/Are_UBNN_KWS/self/scripts/../src/compute/pe_array.sv:79$500'.
Removing empty process `$paramod$7cc4f66e3e1ce63c51e045ede443ab9bbb545642\pe_array.$proc$E:/Are_UBNN_KWS/self/scripts/../src/compute/pe_array.sv:79$499'.
Removing empty process `$paramod$7cc4f66e3e1ce63c51e045ede443ab9bbb545642\pe_array.$proc$E:/Are_UBNN_KWS/self/scripts/../src/compute/pe_array.sv:79$498'.
Removing empty process `$paramod$7cc4f66e3e1ce63c51e045ede443ab9bbb545642\pe_array.$proc$E:/Are_UBNN_KWS/self/scripts/../src/compute/pe_array.sv:79$497'.
Removing empty process `$paramod$7cc4f66e3e1ce63c51e045ede443ab9bbb545642\pe_array.$proc$E:/Are_UBNN_KWS/self/scripts/../src/compute/pe_array.sv:79$496'.
Removing empty process `$paramod$7cc4f66e3e1ce63c51e045ede443ab9bbb545642\pe_array.$proc$E:/Are_UBNN_KWS/self/scripts/../src/compute/pe_array.sv:79$495'.
Removing empty process `$paramod$7cc4f66e3e1ce63c51e045ede443ab9bbb545642\pe_array.$proc$E:/Are_UBNN_KWS/self/scripts/../src/compute/pe_array.sv:79$494'.
Removing empty process `$paramod$7cc4f66e3e1ce63c51e045ede443ab9bbb545642\pe_array.$proc$E:/Are_UBNN_KWS/self/scripts/../src/compute/pe_array.sv:79$493'.
Removing empty process `$paramod$7cc4f66e3e1ce63c51e045ede443ab9bbb545642\pe_array.$proc$E:/Are_UBNN_KWS/self/scripts/../src/compute/pe_array.sv:79$492'.
Found and cleaned up 2 empty switches in `$paramod$7cc4f66e3e1ce63c51e045ede443ab9bbb545642\pe_array.$proc$E:/Are_UBNN_KWS/self/scripts/../src/compute/pe_array.sv:106$490'.
Removing empty process `$paramod$7cc4f66e3e1ce63c51e045ede443ab9bbb545642\pe_array.$proc$E:/Are_UBNN_KWS/self/scripts/../src/compute/pe_array.sv:106$490'.
Found and cleaned up 2 empty switches in `$paramod$7cc4f66e3e1ce63c51e045ede443ab9bbb545642\pe_array.$proc$E:/Are_UBNN_KWS/self/scripts/../src/compute/pe_array.sv:106$488'.
Removing empty process `$paramod$7cc4f66e3e1ce63c51e045ede443ab9bbb545642\pe_array.$proc$E:/Are_UBNN_KWS/self/scripts/../src/compute/pe_array.sv:106$488'.
Found and cleaned up 2 empty switches in `$paramod$7cc4f66e3e1ce63c51e045ede443ab9bbb545642\pe_array.$proc$E:/Are_UBNN_KWS/self/scripts/../src/compute/pe_array.sv:106$486'.
Removing empty process `$paramod$7cc4f66e3e1ce63c51e045ede443ab9bbb545642\pe_array.$proc$E:/Are_UBNN_KWS/self/scripts/../src/compute/pe_array.sv:106$486'.
Found and cleaned up 2 empty switches in `$paramod$7cc4f66e3e1ce63c51e045ede443ab9bbb545642\pe_array.$proc$E:/Are_UBNN_KWS/self/scripts/../src/compute/pe_array.sv:106$484'.
Removing empty process `$paramod$7cc4f66e3e1ce63c51e045ede443ab9bbb545642\pe_array.$proc$E:/Are_UBNN_KWS/self/scripts/../src/compute/pe_array.sv:106$484'.
Found and cleaned up 2 empty switches in `$paramod$7cc4f66e3e1ce63c51e045ede443ab9bbb545642\pe_array.$proc$E:/Are_UBNN_KWS/self/scripts/../src/compute/pe_array.sv:106$482'.
Removing empty process `$paramod$7cc4f66e3e1ce63c51e045ede443ab9bbb545642\pe_array.$proc$E:/Are_UBNN_KWS/self/scripts/../src/compute/pe_array.sv:106$482'.
Found and cleaned up 2 empty switches in `$paramod$7cc4f66e3e1ce63c51e045ede443ab9bbb545642\pe_array.$proc$E:/Are_UBNN_KWS/self/scripts/../src/compute/pe_array.sv:106$480'.
Removing empty process `$paramod$7cc4f66e3e1ce63c51e045ede443ab9bbb545642\pe_array.$proc$E:/Are_UBNN_KWS/self/scripts/../src/compute/pe_array.sv:106$480'.
Found and cleaned up 2 empty switches in `$paramod$7cc4f66e3e1ce63c51e045ede443ab9bbb545642\pe_array.$proc$E:/Are_UBNN_KWS/self/scripts/../src/compute/pe_array.sv:106$478'.
Removing empty process `$paramod$7cc4f66e3e1ce63c51e045ede443ab9bbb545642\pe_array.$proc$E:/Are_UBNN_KWS/self/scripts/../src/compute/pe_array.sv:106$478'.
Found and cleaned up 2 empty switches in `$paramod$7cc4f66e3e1ce63c51e045ede443ab9bbb545642\pe_array.$proc$E:/Are_UBNN_KWS/self/scripts/../src/compute/pe_array.sv:106$476'.
Removing empty process `$paramod$7cc4f66e3e1ce63c51e045ede443ab9bbb545642\pe_array.$proc$E:/Are_UBNN_KWS/self/scripts/../src/compute/pe_array.sv:106$476'.
Found and cleaned up 2 empty switches in `$paramod$7cc4f66e3e1ce63c51e045ede443ab9bbb545642\pe_array.$proc$E:/Are_UBNN_KWS/self/scripts/../src/compute/pe_array.sv:106$474'.
Removing empty process `$paramod$7cc4f66e3e1ce63c51e045ede443ab9bbb545642\pe_array.$proc$E:/Are_UBNN_KWS/self/scripts/../src/compute/pe_array.sv:106$474'.
Found and cleaned up 2 empty switches in `$paramod$7cc4f66e3e1ce63c51e045ede443ab9bbb545642\pe_array.$proc$E:/Are_UBNN_KWS/self/scripts/../src/compute/pe_array.sv:106$472'.
Removing empty process `$paramod$7cc4f66e3e1ce63c51e045ede443ab9bbb545642\pe_array.$proc$E:/Are_UBNN_KWS/self/scripts/../src/compute/pe_array.sv:106$472'.
Found and cleaned up 2 empty switches in `$paramod$7cc4f66e3e1ce63c51e045ede443ab9bbb545642\pe_array.$proc$E:/Are_UBNN_KWS/self/scripts/../src/compute/pe_array.sv:106$470'.
Removing empty process `$paramod$7cc4f66e3e1ce63c51e045ede443ab9bbb545642\pe_array.$proc$E:/Are_UBNN_KWS/self/scripts/../src/compute/pe_array.sv:106$470'.
Found and cleaned up 2 empty switches in `$paramod$7cc4f66e3e1ce63c51e045ede443ab9bbb545642\pe_array.$proc$E:/Are_UBNN_KWS/self/scripts/../src/compute/pe_array.sv:106$468'.
Removing empty process `$paramod$7cc4f66e3e1ce63c51e045ede443ab9bbb545642\pe_array.$proc$E:/Are_UBNN_KWS/self/scripts/../src/compute/pe_array.sv:106$468'.
Found and cleaned up 2 empty switches in `$paramod$7cc4f66e3e1ce63c51e045ede443ab9bbb545642\pe_array.$proc$E:/Are_UBNN_KWS/self/scripts/../src/compute/pe_array.sv:106$466'.
Removing empty process `$paramod$7cc4f66e3e1ce63c51e045ede443ab9bbb545642\pe_array.$proc$E:/Are_UBNN_KWS/self/scripts/../src/compute/pe_array.sv:106$466'.
Found and cleaned up 2 empty switches in `$paramod$7cc4f66e3e1ce63c51e045ede443ab9bbb545642\pe_array.$proc$E:/Are_UBNN_KWS/self/scripts/../src/compute/pe_array.sv:106$464'.
Removing empty process `$paramod$7cc4f66e3e1ce63c51e045ede443ab9bbb545642\pe_array.$proc$E:/Are_UBNN_KWS/self/scripts/../src/compute/pe_array.sv:106$464'.
Found and cleaned up 2 empty switches in `$paramod$7cc4f66e3e1ce63c51e045ede443ab9bbb545642\pe_array.$proc$E:/Are_UBNN_KWS/self/scripts/../src/compute/pe_array.sv:106$462'.
Removing empty process `$paramod$7cc4f66e3e1ce63c51e045ede443ab9bbb545642\pe_array.$proc$E:/Are_UBNN_KWS/self/scripts/../src/compute/pe_array.sv:106$462'.
Found and cleaned up 2 empty switches in `$paramod$7cc4f66e3e1ce63c51e045ede443ab9bbb545642\pe_array.$proc$E:/Are_UBNN_KWS/self/scripts/../src/compute/pe_array.sv:106$460'.
Removing empty process `$paramod$7cc4f66e3e1ce63c51e045ede443ab9bbb545642\pe_array.$proc$E:/Are_UBNN_KWS/self/scripts/../src/compute/pe_array.sv:106$460'.
Found and cleaned up 4 empty switches in `\secded_decoder.$proc$E:/Are_UBNN_KWS/self/scripts/../src/ecc/secded_decoder.sv:55$187'.
Removing empty process `secded_decoder.$proc$E:/Are_UBNN_KWS/self/scripts/../src/ecc/secded_decoder.sv:55$187'.
Found and cleaned up 2 empty switches in `$paramod$2474f4404463feaec399479355cfdcf654708599\protected_weight_memory.$proc$E:/Are_UBNN_KWS/self/scripts/../src/memory/protected_weight_memory.sv:92$547'.
Removing empty process `$paramod$2474f4404463feaec399479355cfdcf654708599\protected_weight_memory.$proc$E:/Are_UBNN_KWS/self/scripts/../src/memory/protected_weight_memory.sv:92$547'.
Removing empty process `$paramod$8321bd599312407f398c37fcdd0fbb22b411403b\popcount.$proc$E:/Are_UBNN_KWS/self/scripts/../src/compute/popcount.sv:59$297'.
Cleaned up 40 empty switches.

13.2.12. Executing OPT_EXPR pass (perform const folding).
Optimizing module $paramod\threshold_unit\ACCUM_W=s32'00000000000000000000000000001001.
Optimizing module $paramod$8db64f2a3fbc5f0e0cf12884906202176d54b9b8\accumulator.
<suppressed ~2 debug messages>
Optimizing module $paramod$7cc4f66e3e1ce63c51e045ede443ab9bbb545642\pe_array.
<suppressed ~16 debug messages>
Optimizing module secded_decoder.
<suppressed ~3 debug messages>
Optimizing module secded_encoder.
Optimizing module $paramod$2474f4404463feaec399479355cfdcf654708599\protected_weight_memory.
<suppressed ~23 debug messages>
Optimizing module $paramod$6ff90cbdf21c3377679bbd990c04fec40db58541\activation_detector.
Optimizing module $paramod$b5af746cb3efc62f621f3c71a45a9741b23c0d5c\unipolar_pe.
Optimizing module $paramod$8321bd599312407f398c37fcdd0fbb22b411403b\popcount.
Optimizing module are_ubnn_kws_top.

13.3. Executing CHECK pass (checking for obvious problems).
Checking module $paramod\threshold_unit\ACCUM_W=s32'00000000000000000000000000001001...
Checking module $paramod$8db64f2a3fbc5f0e0cf12884906202176d54b9b8\accumulator...
Checking module $paramod$7cc4f66e3e1ce63c51e045ede443ab9bbb545642\pe_array...
Checking module secded_decoder...
Checking module secded_encoder...
Checking module $paramod$2474f4404463feaec399479355cfdcf654708599\protected_weight_memory...
Checking module $paramod$6ff90cbdf21c3377679bbd990c04fec40db58541\activation_detector...
Checking module $paramod$b5af746cb3efc62f621f3c71a45a9741b23c0d5c\unipolar_pe...
Checking module $paramod$8321bd599312407f398c37fcdd0fbb22b411403b\popcount...
Checking module are_ubnn_kws_top...
Found and reported 0 problems.

13.4. Executing FLATTEN pass (flatten design).
Deleting now unused module $paramod\threshold_unit\ACCUM_W=s32'00000000000000000000000000001001.
Deleting now unused module $paramod$8db64f2a3fbc5f0e0cf12884906202176d54b9b8\accumulator.
Deleting now unused module $paramod$7cc4f66e3e1ce63c51e045ede443ab9bbb545642\pe_array.
Deleting now unused module secded_decoder.
Deleting now unused module secded_encoder.
Deleting now unused module $paramod$2474f4404463feaec399479355cfdcf654708599\protected_weight_memory.
Deleting now unused module $paramod$6ff90cbdf21c3377679bbd990c04fec40db58541\activation_detector.
Deleting now unused module $paramod$b5af746cb3efc62f621f3c71a45a9741b23c0d5c\unipolar_pe.
Deleting now unused module $paramod$8321bd599312407f398c37fcdd0fbb22b411403b\popcount.
<suppressed ~24 debug messages>

13.5. Executing OPT_EXPR pass (perform const folding).
Optimizing module are_ubnn_kws_top.
<suppressed ~17 debug messages>

13.6. Executing OPT_CLEAN pass (remove unused cells and wires).
Finding unused cells or wires in module \are_ubnn_kws_top..
Removed 43 unused cells and 455 unused wires.
<suppressed ~62 debug messages>

13.7. Executing CHECK pass (checking for obvious problems).
Checking module are_ubnn_kws_top...
Found and reported 0 problems.

13.8. Executing OPT pass (performing simple optimizations).

13.8.1. Executing OPT_EXPR pass (perform const folding).
Optimizing module are_ubnn_kws_top.

13.8.2. Executing OPT_MERGE pass (detect identical cells).
Finding identical cells in module `\are_ubnn_kws_top'.
Computing hashes of 621 cells of `\are_ubnn_kws_top'.
Finding duplicate cells in `\are_ubnn_kws_top'.
Removed a total of 0 cells.

13.8.3. Executing OPT_MUXTREE pass (detect dead branches in mux trees).
Running muxtree optimizer on module \are_ubnn_kws_top..
  Creating internal representation of mux trees.
  Evaluating internal representation of mux trees.
  Analyzing evaluation results.
    dead port 2/2 on $mux $flatten\gen_enhanced_weight.u_weight_mem.$procmux$1146.
    dead port 2/2 on $mux $flatten\gen_enhanced_weight.u_weight_mem.$procmux$1152.
    dead port 2/2 on $mux $flatten\gen_enhanced_weight.u_weight_mem.$procmux$1158.
    dead port 2/2 on $mux $flatten\gen_enhanced_weight.u_weight_mem.\u_decoder.$procmux$1122.
    dead port 1/2 on $mux $flatten\gen_enhanced_weight.u_weight_mem.\u_decoder.$procmux$1116.
    dead port 1/2 on $mux $flatten\gen_enhanced_weight.u_weight_mem.\u_decoder.$procmux$1110.
    dead port 1/2 on $mux $flatten\gen_enhanced_weight.u_weight_mem.\u_decoder.$procmux$1104.
    dead port 1/2 on $mux $flatten\gen_enhanced_weight.u_weight_mem.\u_decoder.$procmux$1098.
    dead port 2/2 on $mux $flatten\gen_enhanced_weight.u_weight_mem.\u_decoder.$procmux$1095.
    dead port 1/2 on $mux $flatten\gen_enhanced_weight.u_weight_mem.\u_decoder.$procmux$1079.
    dead port 2/2 on $mux $flatten\gen_enhanced_weight.u_weight_mem.\u_decoder.$procmux$1076.
    dead port 1/2 on $mux $flatten\gen_enhanced_weight.u_weight_mem.\u_decoder.$procmux$1052.
    dead port 2/2 on $mux $flatten\gen_enhanced_weight.u_weight_mem.\u_decoder.$procmux$1049.
    dead port 1/2 on $mux $flatten\gen_enhanced_weight.u_weight_mem.\u_decoder.$procmux$1042.
    dead port 2/2 on $mux $flatten\gen_enhanced_weight.u_weight_mem.\u_decoder.$procmux$1039.
    dead port 1/2 on $mux $flatten\gen_enhanced_weight.u_weight_mem.\u_decoder.$procmux$1019.
    dead port 2/2 on $mux $flatten\gen_enhanced_weight.u_weight_mem.\u_decoder.$procmux$1016.
    dead port 1/2 on $mux $flatten\gen_enhanced_weight.u_weight_mem.\u_decoder.$procmux$1004.
    dead port 2/2 on $mux $flatten\gen_enhanced_weight.u_weight_mem.\u_decoder.$procmux$1001.
    dead port 1/2 on $mux $flatten\gen_enhanced_weight.u_weight_mem.\u_decoder.$procmux$975.
    dead port 2/2 on $mux $flatten\gen_enhanced_weight.u_weight_mem.\u_decoder.$procmux$972.
    dead port 1/2 on $mux $flatten\gen_enhanced_weight.u_weight_mem.\u_decoder.$procmux$950.
    dead port 2/2 on $mux $flatten\gen_enhanced_weight.u_weight_mem.\u_decoder.$procmux$947.
    dead port 1/2 on $mux $flatten\gen_enhanced_weight.u_weight_mem.\u_decoder.$procmux$929.
    dead port 2/2 on $mux $flatten\gen_enhanced_weight.u_weight_mem.\u_decoder.$procmux$926.
    dead port 1/2 on $mux $flatten\gen_enhanced_weight.u_weight_mem.\u_decoder.$procmux$912.
    dead port 2/2 on $mux $flatten\gen_enhanced_weight.u_weight_mem.\u_decoder.$procmux$909.
    dead port 1/2 on $mux $flatten\gen_enhanced_weight.u_weight_mem.\u_decoder.$procmux$899.
    dead port 2/2 on $mux $flatten\gen_enhanced_weight.u_weight_mem.\u_decoder.$procmux$896.
    dead port 1/2 on $mux $flatten\gen_enhanced_weight.u_weight_mem.\u_decoder.$procmux$888.
    dead port 2/2 on $mux $flatten\gen_enhanced_weight.u_weight_mem.\u_decoder.$procmux$885.
    dead port 1/2 on $mux $flatten\gen_enhanced_weight.u_weight_mem.\u_decoder.$procmux$860.
    dead port 2/2 on $mux $flatten\gen_enhanced_weight.u_weight_mem.\u_decoder.$procmux$857.
    dead port 1/2 on $mux $flatten\gen_enhanced_weight.u_weight_mem.\u_decoder.$procmux$834.
    dead port 2/2 on $mux $flatten\gen_enhanced_weight.u_weight_mem.\u_decoder.$procmux$831.
    dead port 1/2 on $mux $flatten\gen_enhanced_weight.u_weight_mem.\u_decoder.$procmux$810.
    dead port 2/2 on $mux $flatten\gen_enhanced_weight.u_weight_mem.\u_decoder.$procmux$807.
    dead port 1/2 on $mux $flatten\gen_enhanced_weight.u_weight_mem.\u_decoder.$procmux$788.
    dead port 2/2 on $mux $flatten\gen_enhanced_weight.u_weight_mem.\u_decoder.$procmux$785.
    dead port 1/2 on $mux $flatten\gen_enhanced_weight.u_weight_mem.\u_decoder.$procmux$768.
    dead port 2/2 on $mux $flatten\gen_enhanced_weight.u_weight_mem.\u_decoder.$procmux$765.
    dead port 1/2 on $mux $flatten\gen_enhanced_weight.u_weight_mem.\u_decoder.$procmux$750.
    dead port 2/2 on $mux $flatten\gen_enhanced_weight.u_weight_mem.\u_decoder.$procmux$747.
    dead port 1/2 on $mux $flatten\gen_enhanced_weight.u_weight_mem.\u_decoder.$procmux$734.
    dead port 2/2 on $mux $flatten\gen_enhanced_weight.u_weight_mem.\u_decoder.$procmux$731.
    dead port 1/2 on $mux $flatten\gen_enhanced_weight.u_weight_mem.\u_decoder.$procmux$720.
    dead port 2/2 on $mux $flatten\gen_enhanced_weight.u_weight_mem.\u_decoder.$procmux$717.
    dead port 1/2 on $mux $flatten\gen_enhanced_weight.u_weight_mem.\u_decoder.$procmux$708.
    dead port 2/2 on $mux $flatten\gen_enhanced_weight.u_weight_mem.\u_decoder.$procmux$705.
Removed 49 multiplexer ports.
<suppressed ~177 debug messages>

13.8.4. Executing OPT_REDUCE pass (consolidate $*mux and $reduce_* inputs).
  Optimizing cells in module \are_ubnn_kws_top.
    Consolidated identical input bits for $mux cell $flatten\gen_enhanced_weight.u_weight_mem.$procmux$1143:
      Old ports: A=22'0000000000000000000000, B=22'1111111111111111111111, Y=$flatten\gen_enhanced_weight.u_weight_mem.$procmux$1143_Y
      New ports: A=1'0, B=1'1, Y=$flatten\gen_enhanced_weight.u_weight_mem.$procmux$1143_Y [0]
      New connections: $flatten\gen_enhanced_weight.u_weight_mem.$procmux$1143_Y [21:1] = { $flatten\gen_enhanced_weight.u_weight_mem.$procmux$1143_Y [0] $flatten\gen_enhanced_weight.u_weight_mem.$procmux$1143_Y [0] $flatten\gen_enhanced_weight.u_weight_mem.$procmux$1143_Y [0] $flatten\gen_enhanced_weight.u_weight_mem.$procmux$1143_Y [0] $flatten\gen_enhanced_weight.u_weight_mem.$procmux$1143_Y [0] $flatten\gen_enhanced_weight.u_weight_mem.$procmux$1143_Y [0] $flatten\gen_enhanced_weight.u_weight_mem.$procmux$1143_Y [0] $flatten\gen_enhanced_weight.u_weight_mem.$procmux$1143_Y [0] $flatten\gen_enhanced_weight.u_weight_mem.$procmux$1143_Y [0] $flatten\gen_enhanced_weight.u_weight_mem.$procmux$1143_Y [0] $flatten\gen_enhanced_weight.u_weight_mem.$procmux$1143_Y [0] $flatten\gen_enhanced_weight.u_weight_mem.$procmux$1143_Y [0] $flatten\gen_enhanced_weight.u_weight_mem.$procmux$1143_Y [0] $flatten\gen_enhanced_weight.u_weight_mem.$procmux$1143_Y [0] $flatten\gen_enhanced_weight.u_weight_mem.$procmux$1143_Y [0] $flatten\gen_enhanced_weight.u_weight_mem.$procmux$1143_Y [0] $flatten\gen_enhanced_weight.u_weight_mem.$procmux$1143_Y [0] $flatten\gen_enhanced_weight.u_weight_mem.$procmux$1143_Y [0] $flatten\gen_enhanced_weight.u_weight_mem.$procmux$1143_Y [0] $flatten\gen_enhanced_weight.u_weight_mem.$procmux$1143_Y [0] $flatten\gen_enhanced_weight.u_weight_mem.$procmux$1143_Y [0] }
    Consolidated identical input bits for $mux cell $flatten\gen_enhanced_weight.u_weight_mem.$procmux$1164:
      Old ports: A=22'1111111111111111111111, B=22'0000000000000000000000, Y=$flatten\gen_enhanced_weight.u_weight_mem.$0$memwr$\mem$E:/Are_UBNN_KWS/self/scripts/../src/memory/protected_weight_memory.sv:97$545_EN[21:0]$563
      New ports: A=1'1, B=1'0, Y=$flatten\gen_enhanced_weight.u_weight_mem.$0$memwr$\mem$E:/Are_UBNN_KWS/self/scripts/../src/memory/protected_weight_memory.sv:97$545_EN[21:0]$563 [0]
      New connections: $flatten\gen_enhanced_weight.u_weight_mem.$0$memwr$\mem$E:/Are_UBNN_KWS/self/scripts/../src/memory/protected_weight_memory.sv:97$545_EN[21:0]$563 [21:1] = { $flatten\gen_enhanced_weight.u_weight_mem.$0$memwr$\mem$E:/Are_UBNN_KWS/self/scripts/../src/memory/protected_weight_memory.sv:97$545_EN[21:0]$563 [0] $flatten\gen_enhanced_weight.u_weight_mem.$0$memwr$\mem$E:/Are_UBNN_KWS/self/scripts/../src/memory/protected_weight_memory.sv:97$545_EN[21:0]$563 [0] $flatten\gen_enhanced_weight.u_weight_mem.$0$memwr$\mem$E:/Are_UBNN_KWS/self/scripts/../src/memory/protected_weight_memory.sv:97$545_EN[21:0]$563 [0] $flatten\gen_enhanced_weight.u_weight_mem.$0$memwr$\mem$E:/Are_UBNN_KWS/self/scripts/../src/memory/protected_weight_memory.sv:97$545_EN[21:0]$563 [0] $flatten\gen_enhanced_weight.u_weight_mem.$0$memwr$\mem$E:/Are_UBNN_KWS/self/scripts/../src/memory/protected_weight_memory.sv:97$545_EN[21:0]$563 [0] $flatten\gen_enhanced_weight.u_weight_mem.$0$memwr$\mem$E:/Are_UBNN_KWS/self/scripts/../src/memory/protected_weight_memory.sv:97$545_EN[21:0]$563 [0] $flatten\gen_enhanced_weight.u_weight_mem.$0$memwr$\mem$E:/Are_UBNN_KWS/self/scripts/../src/memory/protected_weight_memory.sv:97$545_EN[21:0]$563 [0] $flatten\gen_enhanced_weight.u_weight_mem.$0$memwr$\mem$E:/Are_UBNN_KWS/self/scripts/../src/memory/protected_weight_memory.sv:97$545_EN[21:0]$563 [0] $flatten\gen_enhanced_weight.u_weight_mem.$0$memwr$\mem$E:/Are_UBNN_KWS/self/scripts/../src/memory/protected_weight_memory.sv:97$545_EN[21:0]$563 [0] $flatten\gen_enhanced_weight.u_weight_mem.$0$memwr$\mem$E:/Are_UBNN_KWS/self/scripts/../src/memory/protected_weight_memory.sv:97$545_EN[21:0]$563 [0] $flatten\gen_enhanced_weight.u_weight_mem.$0$memwr$\mem$E:/Are_UBNN_KWS/self/scripts/../src/memory/protected_weight_memory.sv:97$545_EN[21:0]$563 [0] $flatten\gen_enhanced_weight.u_weight_mem.$0$memwr$\mem$E:/Are_UBNN_KWS/self/scripts/../src/memory/protected_weight_memory.sv:97$545_EN[21:0]$563 [0] $flatten\gen_enhanced_weight.u_weight_mem.$0$memwr$\mem$E:/Are_UBNN_KWS/self/scripts/../src/memory/protected_weight_memory.sv:97$545_EN[21:0]$563 [0] $flatten\gen_enhanced_weight.u_weight_mem.$0$memwr$\mem$E:/Are_UBNN_KWS/self/scripts/../src/memory/protected_weight_memory.sv:97$545_EN[21:0]$563 [0] $flatten\gen_enhanced_weight.u_weight_mem.$0$memwr$\mem$E:/Are_UBNN_KWS/self/scripts/../src/memory/protected_weight_memory.sv:97$545_EN[21:0]$563 [0] $flatten\gen_enhanced_weight.u_weight_mem.$0$memwr$\mem$E:/Are_UBNN_KWS/self/scripts/../src/memory/protected_weight_memory.sv:97$545_EN[21:0]$563 [0] $flatten\gen_enhanced_weight.u_weight_mem.$0$memwr$\mem$E:/Are_UBNN_KWS/self/scripts/../src/memory/protected_weight_memory.sv:97$545_EN[21:0]$563 [0] $flatten\gen_enhanced_weight.u_weight_mem.$0$memwr$\mem$E:/Are_UBNN_KWS/self/scripts/../src/memory/protected_weight_memory.sv:97$545_EN[21:0]$563 [0] $flatten\gen_enhanced_weight.u_weight_mem.$0$memwr$\mem$E:/Are_UBNN_KWS/self/scripts/../src/memory/protected_weight_memory.sv:97$545_EN[21:0]$563 [0] $flatten\gen_enhanced_weight.u_weight_mem.$0$memwr$\mem$E:/Are_UBNN_KWS/self/scripts/../src/memory/protected_weight_memory.sv:97$545_EN[21:0]$563 [0] $flatten\gen_enhanced_weight.u_weight_mem.$0$memwr$\mem$E:/Are_UBNN_KWS/self/scripts/../src/memory/protected_weight_memory.sv:97$545_EN[21:0]$563 [0] }
    Consolidated identical input bits for $mux cell $flatten\gen_enhanced_weight.u_weight_mem.$procmux$1167:
      Old ports: A=22'1111111111111111111111, B=22'0000000000000000000000, Y=$flatten\gen_enhanced_weight.u_weight_mem.$0$memwr$\mem$E:/Are_UBNN_KWS/self/scripts/../src/memory/protected_weight_memory.sv:97$544_EN[21:0]$562
      New ports: A=1'1, B=1'0, Y=$flatten\gen_enhanced_weight.u_weight_mem.$0$memwr$\mem$E:/Are_UBNN_KWS/self/scripts/../src/memory/protected_weight_memory.sv:97$544_EN[21:0]$562 [0]
      New connections: $flatten\gen_enhanced_weight.u_weight_mem.$0$memwr$\mem$E:/Are_UBNN_KWS/self/scripts/../src/memory/protected_weight_memory.sv:97$544_EN[21:0]$562 [21:1] = { $flatten\gen_enhanced_weight.u_weight_mem.$0$memwr$\mem$E:/Are_UBNN_KWS/self/scripts/../src/memory/protected_weight_memory.sv:97$544_EN[21:0]$562 [0] $flatten\gen_enhanced_weight.u_weight_mem.$0$memwr$\mem$E:/Are_UBNN_KWS/self/scripts/../src/memory/protected_weight_memory.sv:97$544_EN[21:0]$562 [0] $flatten\gen_enhanced_weight.u_weight_mem.$0$memwr$\mem$E:/Are_UBNN_KWS/self/scripts/../src/memory/protected_weight_memory.sv:97$544_EN[21:0]$562 [0] $flatten\gen_enhanced_weight.u_weight_mem.$0$memwr$\mem$E:/Are_UBNN_KWS/self/scripts/../src/memory/protected_weight_memory.sv:97$544_EN[21:0]$562 [0] $flatten\gen_enhanced_weight.u_weight_mem.$0$memwr$\mem$E:/Are_UBNN_KWS/self/scripts/../src/memory/protected_weight_memory.sv:97$544_EN[21:0]$562 [0] $flatten\gen_enhanced_weight.u_weight_mem.$0$memwr$\mem$E:/Are_UBNN_KWS/self/scripts/../src/memory/protected_weight_memory.sv:97$544_EN[21:0]$562 [0] $flatten\gen_enhanced_weight.u_weight_mem.$0$memwr$\mem$E:/Are_UBNN_KWS/self/scripts/../src/memory/protected_weight_memory.sv:97$544_EN[21:0]$562 [0] $flatten\gen_enhanced_weight.u_weight_mem.$0$memwr$\mem$E:/Are_UBNN_KWS/self/scripts/../src/memory/protected_weight_memory.sv:97$544_EN[21:0]$562 [0] $flatten\gen_enhanced_weight.u_weight_mem.$0$memwr$\mem$E:/Are_UBNN_KWS/self/scripts/../src/memory/protected_weight_memory.sv:97$544_EN[21:0]$562 [0] $flatten\gen_enhanced_weight.u_weight_mem.$0$memwr$\mem$E:/Are_UBNN_KWS/self/scripts/../src/memory/protected_weight_memory.sv:97$544_EN[21:0]$562 [0] $flatten\gen_enhanced_weight.u_weight_mem.$0$memwr$\mem$E:/Are_UBNN_KWS/self/scripts/../src/memory/protected_weight_memory.sv:97$544_EN[21:0]$562 [0] $flatten\gen_enhanced_weight.u_weight_mem.$0$memwr$\mem$E:/Are_UBNN_KWS/self/scripts/../src/memory/protected_weight_memory.sv:97$544_EN[21:0]$562 [0] $flatten\gen_enhanced_weight.u_weight_mem.$0$memwr$\mem$E:/Are_UBNN_KWS/self/scripts/../src/memory/protected_weight_memory.sv:97$544_EN[21:0]$562 [0] $flatten\gen_enhanced_weight.u_weight_mem.$0$memwr$\mem$E:/Are_UBNN_KWS/self/scripts/../src/memory/protected_weight_memory.sv:97$544_EN[21:0]$562 [0] $flatten\gen_enhanced_weight.u_weight_mem.$0$memwr$\mem$E:/Are_UBNN_KWS/self/scripts/../src/memory/protected_weight_memory.sv:97$544_EN[21:0]$562 [0] $flatten\gen_enhanced_weight.u_weight_mem.$0$memwr$\mem$E:/Are_UBNN_KWS/self/scripts/../src/memory/protected_weight_memory.sv:97$544_EN[21:0]$562 [0] $flatten\gen_enhanced_weight.u_weight_mem.$0$memwr$\mem$E:/Are_UBNN_KWS/self/scripts/../src/memory/protected_weight_memory.sv:97$544_EN[21:0]$562 [0] $flatten\gen_enhanced_weight.u_weight_mem.$0$memwr$\mem$E:/Are_UBNN_KWS/self/scripts/../src/memory/protected_weight_memory.sv:97$544_EN[21:0]$562 [0] $flatten\gen_enhanced_weight.u_weight_mem.$0$memwr$\mem$E:/Are_UBNN_KWS/self/scripts/../src/memory/protected_weight_memory.sv:97$544_EN[21:0]$562 [0] $flatten\gen_enhanced_weight.u_weight_mem.$0$memwr$\mem$E:/Are_UBNN_KWS/self/scripts/../src/memory/protected_weight_memory.sv:97$544_EN[21:0]$562 [0] $flatten\gen_enhanced_weight.u_weight_mem.$0$memwr$\mem$E:/Are_UBNN_KWS/self/scripts/../src/memory/protected_weight_memory.sv:97$544_EN[21:0]$562 [0] }
    Consolidated identical input bits for $mux cell $flatten\gen_enhanced_weight.u_weight_mem.$procmux$1170:
      Old ports: A=22'1111111111111111111111, B=22'0000000000000000000000, Y=$flatten\gen_enhanced_weight.u_weight_mem.$0$memwr$\mem$E:/Are_UBNN_KWS/self/scripts/../src/memory/protected_weight_memory.sv:97$543_EN[21:0]$561
      New ports: A=1'1, B=1'0, Y=$flatten\gen_enhanced_weight.u_weight_mem.$0$memwr$\mem$E:/Are_UBNN_KWS/self/scripts/../src/memory/protected_weight_memory.sv:97$543_EN[21:0]$561 [0]
      New connections: $flatten\gen_enhanced_weight.u_weight_mem.$0$memwr$\mem$E:/Are_UBNN_KWS/self/scripts/../src/memory/protected_weight_memory.sv:97$543_EN[21:0]$561 [21:1] = { $flatten\gen_enhanced_weight.u_weight_mem.$0$memwr$\mem$E:/Are_UBNN_KWS/self/scripts/../src/memory/protected_weight_memory.sv:97$543_EN[21:0]$561 [0] $flatten\gen_enhanced_weight.u_weight_mem.$0$memwr$\mem$E:/Are_UBNN_KWS/self/scripts/../src/memory/protected_weight_memory.sv:97$543_EN[21:0]$561 [0] $flatten\gen_enhanced_weight.u_weight_mem.$0$memwr$\mem$E:/Are_UBNN_KWS/self/scripts/../src/memory/protected_weight_memory.sv:97$543_EN[21:0]$561 [0] $flatten\gen_enhanced_weight.u_weight_mem.$0$memwr$\mem$E:/Are_UBNN_KWS/self/scripts/../src/memory/protected_weight_memory.sv:97$543_EN[21:0]$561 [0] $flatten\gen_enhanced_weight.u_weight_mem.$0$memwr$\mem$E:/Are_UBNN_KWS/self/scripts/../src/memory/protected_weight_memory.sv:97$543_EN[21:0]$561 [0] $flatten\gen_enhanced_weight.u_weight_mem.$0$memwr$\mem$E:/Are_UBNN_KWS/self/scripts/../src/memory/protected_weight_memory.sv:97$543_EN[21:0]$561 [0] $flatten\gen_enhanced_weight.u_weight_mem.$0$memwr$\mem$E:/Are_UBNN_KWS/self/scripts/../src/memory/protected_weight_memory.sv:97$543_EN[21:0]$561 [0] $flatten\gen_enhanced_weight.u_weight_mem.$0$memwr$\mem$E:/Are_UBNN_KWS/self/scripts/../src/memory/protected_weight_memory.sv:97$543_EN[21:0]$561 [0] $flatten\gen_enhanced_weight.u_weight_mem.$0$memwr$\mem$E:/Are_UBNN_KWS/self/scripts/../src/memory/protected_weight_memory.sv:97$543_EN[21:0]$561 [0] $flatten\gen_enhanced_weight.u_weight_mem.$0$memwr$\mem$E:/Are_UBNN_KWS/self/scripts/../src/memory/protected_weight_memory.sv:97$543_EN[21:0]$561 [0] $flatten\gen_enhanced_weight.u_weight_mem.$0$memwr$\mem$E:/Are_UBNN_KWS/self/scripts/../src/memory/protected_weight_memory.sv:97$543_EN[21:0]$561 [0] $flatten\gen_enhanced_weight.u_weight_mem.$0$memwr$\mem$E:/Are_UBNN_KWS/self/scripts/../src/memory/protected_weight_memory.sv:97$543_EN[21:0]$561 [0] $flatten\gen_enhanced_weight.u_weight_mem.$0$memwr$\mem$E:/Are_UBNN_KWS/self/scripts/../src/memory/protected_weight_memory.sv:97$543_EN[21:0]$561 [0] $flatten\gen_enhanced_weight.u_weight_mem.$0$memwr$\mem$E:/Are_UBNN_KWS/self/scripts/../src/memory/protected_weight_memory.sv:97$543_EN[21:0]$561 [0] $flatten\gen_enhanced_weight.u_weight_mem.$0$memwr$\mem$E:/Are_UBNN_KWS/self/scripts/../src/memory/protected_weight_memory.sv:97$543_EN[21:0]$561 [0] $flatten\gen_enhanced_weight.u_weight_mem.$0$memwr$\mem$E:/Are_UBNN_KWS/self/scripts/../src/memory/protected_weight_memory.sv:97$543_EN[21:0]$561 [0] $flatten\gen_enhanced_weight.u_weight_mem.$0$memwr$\mem$E:/Are_UBNN_KWS/self/scripts/../src/memory/protected_weight_memory.sv:97$543_EN[21:0]$561 [0] $flatten\gen_enhanced_weight.u_weight_mem.$0$memwr$\mem$E:/Are_UBNN_KWS/self/scripts/../src/memory/protected_weight_memory.sv:97$543_EN[21:0]$561 [0] $flatten\gen_enhanced_weight.u_weight_mem.$0$memwr$\mem$E:/Are_UBNN_KWS/self/scripts/../src/memory/protected_weight_memory.sv:97$543_EN[21:0]$561 [0] $flatten\gen_enhanced_weight.u_weight_mem.$0$memwr$\mem$E:/Are_UBNN_KWS/self/scripts/../src/memory/protected_weight_memory.sv:97$543_EN[21:0]$561 [0] $flatten\gen_enhanced_weight.u_weight_mem.$0$memwr$\mem$E:/Are_UBNN_KWS/self/scripts/../src/memory/protected_weight_memory.sv:97$543_EN[21:0]$561 [0] }
    Consolidated identical input bits for $mux cell $flatten\gen_enhanced_weight.u_weight_mem.$procmux$1173:
      Old ports: A=22'1111111111111111111111, B=22'0000000000000000000000, Y=$flatten\gen_enhanced_weight.u_weight_mem.$0$memwr$\mem$E:/Are_UBNN_KWS/self/scripts/../src/memory/protected_weight_memory.sv:97$542_EN[21:0]$560
      New ports: A=1'1, B=1'0, Y=$flatten\gen_enhanced_weight.u_weight_mem.$0$memwr$\mem$E:/Are_UBNN_KWS/self/scripts/../src/memory/protected_weight_memory.sv:97$542_EN[21:0]$560 [0]
      New connections: $flatten\gen_enhanced_weight.u_weight_mem.$0$memwr$\mem$E:/Are_UBNN_KWS/self/scripts/../src/memory/protected_weight_memory.sv:97$542_EN[21:0]$560 [21:1] = { $flatten\gen_enhanced_weight.u_weight_mem.$0$memwr$\mem$E:/Are_UBNN_KWS/self/scripts/../src/memory/protected_weight_memory.sv:97$542_EN[21:0]$560 [0] $flatten\gen_enhanced_weight.u_weight_mem.$0$memwr$\mem$E:/Are_UBNN_KWS/self/scripts/../src/memory/protected_weight_memory.sv:97$542_EN[21:0]$560 [0] $flatten\gen_enhanced_weight.u_weight_mem.$0$memwr$\mem$E:/Are_UBNN_KWS/self/scripts/../src/memory/protected_weight_memory.sv:97$542_EN[21:0]$560 [0] $flatten\gen_enhanced_weight.u_weight_mem.$0$memwr$\mem$E:/Are_UBNN_KWS/self/scripts/../src/memory/protected_weight_memory.sv:97$542_EN[21:0]$560 [0] $flatten\gen_enhanced_weight.u_weight_mem.$0$memwr$\mem$E:/Are_UBNN_KWS/self/scripts/../src/memory/protected_weight_memory.sv:97$542_EN[21:0]$560 [0] $flatten\gen_enhanced_weight.u_weight_mem.$0$memwr$\mem$E:/Are_UBNN_KWS/self/scripts/../src/memory/protected_weight_memory.sv:97$542_EN[21:0]$560 [0] $flatten\gen_enhanced_weight.u_weight_mem.$0$memwr$\mem$E:/Are_UBNN_KWS/self/scripts/../src/memory/protected_weight_memory.sv:97$542_EN[21:0]$560 [0] $flatten\gen_enhanced_weight.u_weight_mem.$0$memwr$\mem$E:/Are_UBNN_KWS/self/scripts/../src/memory/protected_weight_memory.sv:97$542_EN[21:0]$560 [0] $flatten\gen_enhanced_weight.u_weight_mem.$0$memwr$\mem$E:/Are_UBNN_KWS/self/scripts/../src/memory/protected_weight_memory.sv:97$542_EN[21:0]$560 [0] $flatten\gen_enhanced_weight.u_weight_mem.$0$memwr$\mem$E:/Are_UBNN_KWS/self/scripts/../src/memory/protected_weight_memory.sv:97$542_EN[21:0]$560 [0] $flatten\gen_enhanced_weight.u_weight_mem.$0$memwr$\mem$E:/Are_UBNN_KWS/self/scripts/../src/memory/protected_weight_memory.sv:97$542_EN[21:0]$560 [0] $flatten\gen_enhanced_weight.u_weight_mem.$0$memwr$\mem$E:/Are_UBNN_KWS/self/scripts/../src/memory/protected_weight_memory.sv:97$542_EN[21:0]$560 [0] $flatten\gen_enhanced_weight.u_weight_mem.$0$memwr$\mem$E:/Are_UBNN_KWS/self/scripts/../src/memory/protected_weight_memory.sv:97$542_EN[21:0]$560 [0] $flatten\gen_enhanced_weight.u_weight_mem.$0$memwr$\mem$E:/Are_UBNN_KWS/self/scripts/../src/memory/protected_weight_memory.sv:97$542_EN[21:0]$560 [0] $flatten\gen_enhanced_weight.u_weight_mem.$0$memwr$\mem$E:/Are_UBNN_KWS/self/scripts/../src/memory/protected_weight_memory.sv:97$542_EN[21:0]$560 [0] $flatten\gen_enhanced_weight.u_weight_mem.$0$memwr$\mem$E:/Are_UBNN_KWS/self/scripts/../src/memory/protected_weight_memory.sv:97$542_EN[21:0]$560 [0] $flatten\gen_enhanced_weight.u_weight_mem.$0$memwr$\mem$E:/Are_UBNN_KWS/self/scripts/../src/memory/protected_weight_memory.sv:97$542_EN[21:0]$560 [0] $flatten\gen_enhanced_weight.u_weight_mem.$0$memwr$\mem$E:/Are_UBNN_KWS/self/scripts/../src/memory/protected_weight_memory.sv:97$542_EN[21:0]$560 [0] $flatten\gen_enhanced_weight.u_weight_mem.$0$memwr$\mem$E:/Are_UBNN_KWS/self/scripts/../src/memory/protected_weight_memory.sv:97$542_EN[21:0]$560 [0] $flatten\gen_enhanced_weight.u_weight_mem.$0$memwr$\mem$E:/Are_UBNN_KWS/self/scripts/../src/memory/protected_weight_memory.sv:97$542_EN[21:0]$560 [0] $flatten\gen_enhanced_weight.u_weight_mem.$0$memwr$\mem$E:/Are_UBNN_KWS/self/scripts/../src/memory/protected_weight_memory.sv:97$542_EN[21:0]$560 [0] }
    Consolidated identical input bits for $mux cell $flatten\gen_enhanced_weight.u_weight_mem.$procmux$1176:
      Old ports: A=22'1111111111111111111111, B=22'0000000000000000000000, Y=$flatten\gen_enhanced_weight.u_weight_mem.$0$memwr$\mem$E:/Are_UBNN_KWS/self/scripts/../src/memory/protected_weight_memory.sv:97$541_EN[21:0]$559
      New ports: A=1'1, B=1'0, Y=$flatten\gen_enhanced_weight.u_weight_mem.$0$memwr$\mem$E:/Are_UBNN_KWS/self/scripts/../src/memory/protected_weight_memory.sv:97$541_EN[21:0]$559 [0]
      New connections: $flatten\gen_enhanced_weight.u_weight_mem.$0$memwr$\mem$E:/Are_UBNN_KWS/self/scripts/../src/memory/protected_weight_memory.sv:97$541_EN[21:0]$559 [21:1] = { $flatten\gen_enhanced_weight.u_weight_mem.$0$memwr$\mem$E:/Are_UBNN_KWS/self/scripts/../src/memory/protected_weight_memory.sv:97$541_EN[21:0]$559 [0] $flatten\gen_enhanced_weight.u_weight_mem.$0$memwr$\mem$E:/Are_UBNN_KWS/self/scripts/../src/memory/protected_weight_memory.sv:97$541_EN[21:0]$559 [0] $flatten\gen_enhanced_weight.u_weight_mem.$0$memwr$\mem$E:/Are_UBNN_KWS/self/scripts/../src/memory/protected_weight_memory.sv:97$541_EN[21:0]$559 [0] $flatten\gen_enhanced_weight.u_weight_mem.$0$memwr$\mem$E:/Are_UBNN_KWS/self/scripts/../src/memory/protected_weight_memory.sv:97$541_EN[21:0]$559 [0] $flatten\gen_enhanced_weight.u_weight_mem.$0$memwr$\mem$E:/Are_UBNN_KWS/self/scripts/../src/memory/protected_weight_memory.sv:97$541_EN[21:0]$559 [0] $flatten\gen_enhanced_weight.u_weight_mem.$0$memwr$\mem$E:/Are_UBNN_KWS/self/scripts/../src/memory/protected_weight_memory.sv:97$541_EN[21:0]$559 [0] $flatten\gen_enhanced_weight.u_weight_mem.$0$memwr$\mem$E:/Are_UBNN_KWS/self/scripts/../src/memory/protected_weight_memory.sv:97$541_EN[21:0]$559 [0] $flatten\gen_enhanced_weight.u_weight_mem.$0$memwr$\mem$E:/Are_UBNN_KWS/self/scripts/../src/memory/protected_weight_memory.sv:97$541_EN[21:0]$559 [0] $flatten\gen_enhanced_weight.u_weight_mem.$0$memwr$\mem$E:/Are_UBNN_KWS/self/scripts/../src/memory/protected_weight_memory.sv:97$541_EN[21:0]$559 [0] $flatten\gen_enhanced_weight.u_weight_mem.$0$memwr$\mem$E:/Are_UBNN_KWS/self/scripts/../src/memory/protected_weight_memory.sv:97$541_EN[21:0]$559 [0] $flatten\gen_enhanced_weight.u_weight_mem.$0$memwr$\mem$E:/Are_UBNN_KWS/self/scripts/../src/memory/protected_weight_memory.sv:97$541_EN[21:0]$559 [0] $flatten\gen_enhanced_weight.u_weight_mem.$0$memwr$\mem$E:/Are_UBNN_KWS/self/scripts/../src/memory/protected_weight_memory.sv:97$541_EN[21:0]$559 [0] $flatten\gen_enhanced_weight.u_weight_mem.$0$memwr$\mem$E:/Are_UBNN_KWS/self/scripts/../src/memory/protected_weight_memory.sv:97$541_EN[21:0]$559 [0] $flatten\gen_enhanced_weight.u_weight_mem.$0$memwr$\mem$E:/Are_UBNN_KWS/self/scripts/../src/memory/protected_weight_memory.sv:97$541_EN[21:0]$559 [0] $flatten\gen_enhanced_weight.u_weight_mem.$0$memwr$\mem$E:/Are_UBNN_KWS/self/scripts/../src/memory/protected_weight_memory.sv:97$541_EN[21:0]$559 [0] $flatten\gen_enhanced_weight.u_weight_mem.$0$memwr$\mem$E:/Are_UBNN_KWS/self/scripts/../src/memory/protected_weight_memory.sv:97$541_EN[21:0]$559 [0] $flatten\gen_enhanced_weight.u_weight_mem.$0$memwr$\mem$E:/Are_UBNN_KWS/self/scripts/../src/memory/protected_weight_memory.sv:97$541_EN[21:0]$559 [0] $flatten\gen_enhanced_weight.u_weight_mem.$0$memwr$\mem$E:/Are_UBNN_KWS/self/scripts/../src/memory/protected_weight_memory.sv:97$541_EN[21:0]$559 [0] $flatten\gen_enhanced_weight.u_weight_mem.$0$memwr$\mem$E:/Are_UBNN_KWS/self/scripts/../src/memory/protected_weight_memory.sv:97$541_EN[21:0]$559 [0] $flatten\gen_enhanced_weight.u_weight_mem.$0$memwr$\mem$E:/Are_UBNN_KWS/self/scripts/../src/memory/protected_weight_memory.sv:97$541_EN[21:0]$559 [0] $flatten\gen_enhanced_weight.u_weight_mem.$0$memwr$\mem$E:/Are_UBNN_KWS/self/scripts/../src/memory/protected_weight_memory.sv:97$541_EN[21:0]$559 [0] }
    Consolidated identical input bits for $mux cell $flatten\gen_enhanced_weight.u_weight_mem.$procmux$1179:
      Old ports: A=22'1111111111111111111111, B=22'0000000000000000000000, Y=$flatten\gen_enhanced_weight.u_weight_mem.$0$memwr$\mem$E:/Are_UBNN_KWS/self/scripts/../src/memory/protected_weight_memory.sv:97$540_EN[21:0]$558
      New ports: A=1'1, B=1'0, Y=$flatten\gen_enhanced_weight.u_weight_mem.$0$memwr$\mem$E:/Are_UBNN_KWS/self/scripts/../src/memory/protected_weight_memory.sv:97$540_EN[21:0]$558 [0]
      New connections: $flatten\gen_enhanced_weight.u_weight_mem.$0$memwr$\mem$E:/Are_UBNN_KWS/self/scripts/../src/memory/protected_weight_memory.sv:97$540_EN[21:0]$558 [21:1] = { $flatten\gen_enhanced_weight.u_weight_mem.$0$memwr$\mem$E:/Are_UBNN_KWS/self/scripts/../src/memory/protected_weight_memory.sv:97$540_EN[21:0]$558 [0] $flatten\gen_enhanced_weight.u_weight_mem.$0$memwr$\mem$E:/Are_UBNN_KWS/self/scripts/../src/memory/protected_weight_memory.sv:97$540_EN[21:0]$558 [0] $flatten\gen_enhanced_weight.u_weight_mem.$0$memwr$\mem$E:/Are_UBNN_KWS/self/scripts/../src/memory/protected_weight_memory.sv:97$540_EN[21:0]$558 [0] $flatten\gen_enhanced_weight.u_weight_mem.$0$memwr$\mem$E:/Are_UBNN_KWS/self/scripts/../src/memory/protected_weight_memory.sv:97$540_EN[21:0]$558 [0] $flatten\gen_enhanced_weight.u_weight_mem.$0$memwr$\mem$E:/Are_UBNN_KWS/self/scripts/../src/memory/protected_weight_memory.sv:97$540_EN[21:0]$558 [0] $flatten\gen_enhanced_weight.u_weight_mem.$0$memwr$\mem$E:/Are_UBNN_KWS/self/scripts/../src/memory/protected_weight_memory.sv:97$540_EN[21:0]$558 [0] $flatten\gen_enhanced_weight.u_weight_mem.$0$memwr$\mem$E:/Are_UBNN_KWS/self/scripts/../src/memory/protected_weight_memory.sv:97$540_EN[21:0]$558 [0] $flatten\gen_enhanced_weight.u_weight_mem.$0$memwr$\mem$E:/Are_UBNN_KWS/self/scripts/../src/memory/protected_weight_memory.sv:97$540_EN[21:0]$558 [0] $flatten\gen_enhanced_weight.u_weight_mem.$0$memwr$\mem$E:/Are_UBNN_KWS/self/scripts/../src/memory/protected_weight_memory.sv:97$540_EN[21:0]$558 [0] $flatten\gen_enhanced_weight.u_weight_mem.$0$memwr$\mem$E:/Are_UBNN_KWS/self/scripts/../src/memory/protected_weight_memory.sv:97$540_EN[21:0]$558 [0] $flatten\gen_enhanced_weight.u_weight_mem.$0$memwr$\mem$E:/Are_UBNN_KWS/self/scripts/../src/memory/protected_weight_memory.sv:97$540_EN[21:0]$558 [0] $flatten\gen_enhanced_weight.u_weight_mem.$0$memwr$\mem$E:/Are_UBNN_KWS/self/scripts/../src/memory/protected_weight_memory.sv:97$540_EN[21:0]$558 [0] $flatten\gen_enhanced_weight.u_weight_mem.$0$memwr$\mem$E:/Are_UBNN_KWS/self/scripts/../src/memory/protected_weight_memory.sv:97$540_EN[21:0]$558 [0] $flatten\gen_enhanced_weight.u_weight_mem.$0$memwr$\mem$E:/Are_UBNN_KWS/self/scripts/../src/memory/protected_weight_memory.sv:97$540_EN[21:0]$558 [0] $flatten\gen_enhanced_weight.u_weight_mem.$0$memwr$\mem$E:/Are_UBNN_KWS/self/scripts/../src/memory/protected_weight_memory.sv:97$540_EN[21:0]$558 [0] $flatten\gen_enhanced_weight.u_weight_mem.$0$memwr$\mem$E:/Are_UBNN_KWS/self/scripts/../src/memory/protected_weight_memory.sv:97$540_EN[21:0]$558 [0] $flatten\gen_enhanced_weight.u_weight_mem.$0$memwr$\mem$E:/Are_UBNN_KWS/self/scripts/../src/memory/protected_weight_memory.sv:97$540_EN[21:0]$558 [0] $flatten\gen_enhanced_weight.u_weight_mem.$0$memwr$\mem$E:/Are_UBNN_KWS/self/scripts/../src/memory/protected_weight_memory.sv:97$540_EN[21:0]$558 [0] $flatten\gen_enhanced_weight.u_weight_mem.$0$memwr$\mem$E:/Are_UBNN_KWS/self/scripts/../src/memory/protected_weight_memory.sv:97$540_EN[21:0]$558 [0] $flatten\gen_enhanced_weight.u_weight_mem.$0$memwr$\mem$E:/Are_UBNN_KWS/self/scripts/../src/memory/protected_weight_memory.sv:97$540_EN[21:0]$558 [0] $flatten\gen_enhanced_weight.u_weight_mem.$0$memwr$\mem$E:/Are_UBNN_KWS/self/scripts/../src/memory/protected_weight_memory.sv:97$540_EN[21:0]$558 [0] }
    Consolidated identical input bits for $mux cell $flatten\gen_enhanced_weight.u_weight_mem.$procmux$1182:
      Old ports: A=22'1111111111111111111111, B=22'0000000000000000000000, Y=$flatten\gen_enhanced_weight.u_weight_mem.$0$memwr$\mem$E:/Are_UBNN_KWS/self/scripts/../src/memory/protected_weight_memory.sv:97$539_EN[21:0]$557
      New ports: A=1'1, B=1'0, Y=$flatten\gen_enhanced_weight.u_weight_mem.$0$memwr$\mem$E:/Are_UBNN_KWS/self/scripts/../src/memory/protected_weight_memory.sv:97$539_EN[21:0]$557 [0]
      New connections: $flatten\gen_enhanced_weight.u_weight_mem.$0$memwr$\mem$E:/Are_UBNN_KWS/self/scripts/../src/memory/protected_weight_memory.sv:97$539_EN[21:0]$557 [21:1] = { $flatten\gen_enhanced_weight.u_weight_mem.$0$memwr$\mem$E:/Are_UBNN_KWS/self/scripts/../src/memory/protected_weight_memory.sv:97$539_EN[21:0]$557 [0] $flatten\gen_enhanced_weight.u_weight_mem.$0$memwr$\mem$E:/Are_UBNN_KWS/self/scripts/../src/memory/protected_weight_memory.sv:97$539_EN[21:0]$557 [0] $flatten\gen_enhanced_weight.u_weight_mem.$0$memwr$\mem$E:/Are_UBNN_KWS/self/scripts/../src/memory/protected_weight_memory.sv:97$539_EN[21:0]$557 [0] $flatten\gen_enhanced_weight.u_weight_mem.$0$memwr$\mem$E:/Are_UBNN_KWS/self/scripts/../src/memory/protected_weight_memory.sv:97$539_EN[21:0]$557 [0] $flatten\gen_enhanced_weight.u_weight_mem.$0$memwr$\mem$E:/Are_UBNN_KWS/self/scripts/../src/memory/protected_weight_memory.sv:97$539_EN[21:0]$557 [0] $flatten\gen_enhanced_weight.u_weight_mem.$0$memwr$\mem$E:/Are_UBNN_KWS/self/scripts/../src/memory/protected_weight_memory.sv:97$539_EN[21:0]$557 [0] $flatten\gen_enhanced_weight.u_weight_mem.$0$memwr$\mem$E:/Are_UBNN_KWS/self/scripts/../src/memory/protected_weight_memory.sv:97$539_EN[21:0]$557 [0] $flatten\gen_enhanced_weight.u_weight_mem.$0$memwr$\mem$E:/Are_UBNN_KWS/self/scripts/../src/memory/protected_weight_memory.sv:97$539_EN[21:0]$557 [0] $flatten\gen_enhanced_weight.u_weight_mem.$0$memwr$\mem$E:/Are_UBNN_KWS/self/scripts/../src/memory/protected_weight_memory.sv:97$539_EN[21:0]$557 [0] $flatten\gen_enhanced_weight.u_weight_mem.$0$memwr$\mem$E:/Are_UBNN_KWS/self/scripts/../src/memory/protected_weight_memory.sv:97$539_EN[21:0]$557 [0] $flatten\gen_enhanced_weight.u_weight_mem.$0$memwr$\mem$E:/Are_UBNN_KWS/self/scripts/../src/memory/protected_weight_memory.sv:97$539_EN[21:0]$557 [0] $flatten\gen_enhanced_weight.u_weight_mem.$0$memwr$\mem$E:/Are_UBNN_KWS/self/scripts/../src/memory/protected_weight_memory.sv:97$539_EN[21:0]$557 [0] $flatten\gen_enhanced_weight.u_weight_mem.$0$memwr$\mem$E:/Are_UBNN_KWS/self/scripts/../src/memory/protected_weight_memory.sv:97$539_EN[21:0]$557 [0] $flatten\gen_enhanced_weight.u_weight_mem.$0$memwr$\mem$E:/Are_UBNN_KWS/self/scripts/../src/memory/protected_weight_memory.sv:97$539_EN[21:0]$557 [0] $flatten\gen_enhanced_weight.u_weight_mem.$0$memwr$\mem$E:/Are_UBNN_KWS/self/scripts/../src/memory/protected_weight_memory.sv:97$539_EN[21:0]$557 [0] $flatten\gen_enhanced_weight.u_weight_mem.$0$memwr$\mem$E:/Are_UBNN_KWS/self/scripts/../src/memory/protected_weight_memory.sv:97$539_EN[21:0]$557 [0] $flatten\gen_enhanced_weight.u_weight_mem.$0$memwr$\mem$E:/Are_UBNN_KWS/self/scripts/../src/memory/protected_weight_memory.sv:97$539_EN[21:0]$557 [0] $flatten\gen_enhanced_weight.u_weight_mem.$0$memwr$\mem$E:/Are_UBNN_KWS/self/scripts/../src/memory/protected_weight_memory.sv:97$539_EN[21:0]$557 [0] $flatten\gen_enhanced_weight.u_weight_mem.$0$memwr$\mem$E:/Are_UBNN_KWS/self/scripts/../src/memory/protected_weight_memory.sv:97$539_EN[21:0]$557 [0] $flatten\gen_enhanced_weight.u_weight_mem.$0$memwr$\mem$E:/Are_UBNN_KWS/self/scripts/../src/memory/protected_weight_memory.sv:97$539_EN[21:0]$557 [0] $flatten\gen_enhanced_weight.u_weight_mem.$0$memwr$\mem$E:/Are_UBNN_KWS/self/scripts/../src/memory/protected_weight_memory.sv:97$539_EN[21:0]$557 [0] }
    Consolidated identical input bits for $mux cell $flatten\gen_enhanced_weight.u_weight_mem.$procmux$1185:
      Old ports: A=22'1111111111111111111111, B=22'0000000000000000000000, Y=$flatten\gen_enhanced_weight.u_weight_mem.$0$memwr$\mem$E:/Are_UBNN_KWS/self/scripts/../src/memory/protected_weight_memory.sv:97$538_EN[21:0]$556
      New ports: A=1'1, B=1'0, Y=$flatten\gen_enhanced_weight.u_weight_mem.$0$memwr$\mem$E:/Are_UBNN_KWS/self/scripts/../src/memory/protected_weight_memory.sv:97$538_EN[21:0]$556 [0]
      New connections: $flatten\gen_enhanced_weight.u_weight_mem.$0$memwr$\mem$E:/Are_UBNN_KWS/self/scripts/../src/memory/protected_weight_memory.sv:97$538_EN[21:0]$556 [21:1] = { $flatten\gen_enhanced_weight.u_weight_mem.$0$memwr$\mem$E:/Are_UBNN_KWS/self/scripts/../src/memory/protected_weight_memory.sv:97$538_EN[21:0]$556 [0] $flatten\gen_enhanced_weight.u_weight_mem.$0$memwr$\mem$E:/Are_UBNN_KWS/self/scripts/../src/memory/protected_weight_memory.sv:97$538_EN[21:0]$556 [0] $flatten\gen_enhanced_weight.u_weight_mem.$0$memwr$\mem$E:/Are_UBNN_KWS/self/scripts/../src/memory/protected_weight_memory.sv:97$538_EN[21:0]$556 [0] $flatten\gen_enhanced_weight.u_weight_mem.$0$memwr$\mem$E:/Are_UBNN_KWS/self/scripts/../src/memory/protected_weight_memory.sv:97$538_EN[21:0]$556 [0] $flatten\gen_enhanced_weight.u_weight_mem.$0$memwr$\mem$E:/Are_UBNN_KWS/self/scripts/../src/memory/protected_weight_memory.sv:97$538_EN[21:0]$556 [0] $flatten\gen_enhanced_weight.u_weight_mem.$0$memwr$\mem$E:/Are_UBNN_KWS/self/scripts/../src/memory/protected_weight_memory.sv:97$538_EN[21:0]$556 [0] $flatten\gen_enhanced_weight.u_weight_mem.$0$memwr$\mem$E:/Are_UBNN_KWS/self/scripts/../src/memory/protected_weight_memory.sv:97$538_EN[21:0]$556 [0] $flatten\gen_enhanced_weight.u_weight_mem.$0$memwr$\mem$E:/Are_UBNN_KWS/self/scripts/../src/memory/protected_weight_memory.sv:97$538_EN[21:0]$556 [0] $flatten\gen_enhanced_weight.u_weight_mem.$0$memwr$\mem$E:/Are_UBNN_KWS/self/scripts/../src/memory/protected_weight_memory.sv:97$538_EN[21:0]$556 [0] $flatten\gen_enhanced_weight.u_weight_mem.$0$memwr$\mem$E:/Are_UBNN_KWS/self/scripts/../src/memory/protected_weight_memory.sv:97$538_EN[21:0]$556 [0] $flatten\gen_enhanced_weight.u_weight_mem.$0$memwr$\mem$E:/Are_UBNN_KWS/self/scripts/../src/memory/protected_weight_memory.sv:97$538_EN[21:0]$556 [0] $flatten\gen_enhanced_weight.u_weight_mem.$0$memwr$\mem$E:/Are_UBNN_KWS/self/scripts/../src/memory/protected_weight_memory.sv:97$538_EN[21:0]$556 [0] $flatten\gen_enhanced_weight.u_weight_mem.$0$memwr$\mem$E:/Are_UBNN_KWS/self/scripts/../src/memory/protected_weight_memory.sv:97$538_EN[21:0]$556 [0] $flatten\gen_enhanced_weight.u_weight_mem.$0$memwr$\mem$E:/Are_UBNN_KWS/self/scripts/../src/memory/protected_weight_memory.sv:97$538_EN[21:0]$556 [0] $flatten\gen_enhanced_weight.u_weight_mem.$0$memwr$\mem$E:/Are_UBNN_KWS/self/scripts/../src/memory/protected_weight_memory.sv:97$538_EN[21:0]$556 [0] $flatten\gen_enhanced_weight.u_weight_mem.$0$memwr$\mem$E:/Are_UBNN_KWS/self/scripts/../src/memory/protected_weight_memory.sv:97$538_EN[21:0]$556 [0] $flatten\gen_enhanced_weight.u_weight_mem.$0$memwr$\mem$E:/Are_UBNN_KWS/self/scripts/../src/memory/protected_weight_memory.sv:97$538_EN[21:0]$556 [0] $flatten\gen_enhanced_weight.u_weight_mem.$0$memwr$\mem$E:/Are_UBNN_KWS/self/scripts/../src/memory/protected_weight_memory.sv:97$538_EN[21:0]$556 [0] $flatten\gen_enhanced_weight.u_weight_mem.$0$memwr$\mem$E:/Are_UBNN_KWS/self/scripts/../src/memory/protected_weight_memory.sv:97$538_EN[21:0]$556 [0] $flatten\gen_enhanced_weight.u_weight_mem.$0$memwr$\mem$E:/Are_UBNN_KWS/self/scripts/../src/memory/protected_weight_memory.sv:97$538_EN[21:0]$556 [0] $flatten\gen_enhanced_weight.u_weight_mem.$0$memwr$\mem$E:/Are_UBNN_KWS/self/scripts/../src/memory/protected_weight_memory.sv:97$538_EN[21:0]$556 [0] }
    Consolidated identical input bits for $mux cell $flatten\gen_enhanced_weight.u_weight_mem.$procmux$1188:
      Old ports: A=22'1111111111111111111111, B=22'0000000000000000000000, Y=$flatten\gen_enhanced_weight.u_weight_mem.$0$memwr$\mem$E:/Are_UBNN_KWS/self/scripts/../src/memory/protected_weight_memory.sv:97$537_EN[21:0]$555
      New ports: A=1'1, B=1'0, Y=$flatten\gen_enhanced_weight.u_weight_mem.$0$memwr$\mem$E:/Are_UBNN_KWS/self/scripts/../src/memory/protected_weight_memory.sv:97$537_EN[21:0]$555 [0]
      New connections: $flatten\gen_enhanced_weight.u_weight_mem.$0$memwr$\mem$E:/Are_UBNN_KWS/self/scripts/../src/memory/protected_weight_memory.sv:97$537_EN[21:0]$555 [21:1] = { $flatten\gen_enhanced_weight.u_weight_mem.$0$memwr$\mem$E:/Are_UBNN_KWS/self/scripts/../src/memory/protected_weight_memory.sv:97$537_EN[21:0]$555 [0] $flatten\gen_enhanced_weight.u_weight_mem.$0$memwr$\mem$E:/Are_UBNN_KWS/self/scripts/../src/memory/protected_weight_memory.sv:97$537_EN[21:0]$555 [0] $flatten\gen_enhanced_weight.u_weight_mem.$0$memwr$\mem$E:/Are_UBNN_KWS/self/scripts/../src/memory/protected_weight_memory.sv:97$537_EN[21:0]$555 [0] $flatten\gen_enhanced_weight.u_weight_mem.$0$memwr$\mem$E:/Are_UBNN_KWS/self/scripts/../src/memory/protected_weight_memory.sv:97$537_EN[21:0]$555 [0] $flatten\gen_enhanced_weight.u_weight_mem.$0$memwr$\mem$E:/Are_UBNN_KWS/self/scripts/../src/memory/protected_weight_memory.sv:97$537_EN[21:0]$555 [0] $flatten\gen_enhanced_weight.u_weight_mem.$0$memwr$\mem$E:/Are_UBNN_KWS/self/scripts/../src/memory/protected_weight_memory.sv:97$537_EN[21:0]$555 [0] $flatten\gen_enhanced_weight.u_weight_mem.$0$memwr$\mem$E:/Are_UBNN_KWS/self/scripts/../src/memory/protected_weight_memory.sv:97$537_EN[21:0]$555 [0] $flatten\gen_enhanced_weight.u_weight_mem.$0$memwr$\mem$E:/Are_UBNN_KWS/self/scripts/../src/memory/protected_weight_memory.sv:97$537_EN[21:0]$555 [0] $flatten\gen_enhanced_weight.u_weight_mem.$0$memwr$\mem$E:/Are_UBNN_KWS/self/scripts/../src/memory/protected_weight_memory.sv:97$537_EN[21:0]$555 [0] $flatten\gen_enhanced_weight.u_weight_mem.$0$memwr$\mem$E:/Are_UBNN_KWS/self/scripts/../src/memory/protected_weight_memory.sv:97$537_EN[21:0]$555 [0] $flatten\gen_enhanced_weight.u_weight_mem.$0$memwr$\mem$E:/Are_UBNN_KWS/self/scripts/../src/memory/protected_weight_memory.sv:97$537_EN[21:0]$555 [0] $flatten\gen_enhanced_weight.u_weight_mem.$0$memwr$\mem$E:/Are_UBNN_KWS/self/scripts/../src/memory/protected_weight_memory.sv:97$537_EN[21:0]$555 [0] $flatten\gen_enhanced_weight.u_weight_mem.$0$memwr$\mem$E:/Are_UBNN_KWS/self/scripts/../src/memory/protected_weight_memory.sv:97$537_EN[21:0]$555 [0] $flatten\gen_enhanced_weight.u_weight_mem.$0$memwr$\mem$E:/Are_UBNN_KWS/self/scripts/../src/memory/protected_weight_memory.sv:97$537_EN[21:0]$555 [0] $flatten\gen_enhanced_weight.u_weight_mem.$0$memwr$\mem$E:/Are_UBNN_KWS/self/scripts/../src/memory/protected_weight_memory.sv:97$537_EN[21:0]$555 [0] $flatten\gen_enhanced_weight.u_weight_mem.$0$memwr$\mem$E:/Are_UBNN_KWS/self/scripts/../src/memory/protected_weight_memory.sv:97$537_EN[21:0]$555 [0] $flatten\gen_enhanced_weight.u_weight_mem.$0$memwr$\mem$E:/Are_UBNN_KWS/self/scripts/../src/memory/protected_weight_memory.sv:97$537_EN[21:0]$555 [0] $flatten\gen_enhanced_weight.u_weight_mem.$0$memwr$\mem$E:/Are_UBNN_KWS/self/scripts/../src/memory/protected_weight_memory.sv:97$537_EN[21:0]$555 [0] $flatten\gen_enhanced_weight.u_weight_mem.$0$memwr$\mem$E:/Are_UBNN_KWS/self/scripts/../src/memory/protected_weight_memory.sv:97$537_EN[21:0]$555 [0] $flatten\gen_enhanced_weight.u_weight_mem.$0$memwr$\mem$E:/Are_UBNN_KWS/self/scripts/../src/memory/protected_weight_memory.sv:97$537_EN[21:0]$555 [0] $flatten\gen_enhanced_weight.u_weight_mem.$0$memwr$\mem$E:/Are_UBNN_KWS/self/scripts/../src/memory/protected_weight_memory.sv:97$537_EN[21:0]$555 [0] }
    Consolidated identical input bits for $mux cell $flatten\gen_enhanced_weight.u_weight_mem.$procmux$1191:
      Old ports: A=22'1111111111111111111111, B=22'0000000000000000000000, Y=$flatten\gen_enhanced_weight.u_weight_mem.$0$memwr$\mem$E:/Are_UBNN_KWS/self/scripts/../src/memory/protected_weight_memory.sv:97$536_EN[21:0]$554
      New ports: A=1'1, B=1'0, Y=$flatten\gen_enhanced_weight.u_weight_mem.$0$memwr$\mem$E:/Are_UBNN_KWS/self/scripts/../src/memory/protected_weight_memory.sv:97$536_EN[21:0]$554 [0]
      New connections: $flatten\gen_enhanced_weight.u_weight_mem.$0$memwr$\mem$E:/Are_UBNN_KWS/self/scripts/../src/memory/protected_weight_memory.sv:97$536_EN[21:0]$554 [21:1] = { $flatten\gen_enhanced_weight.u_weight_mem.$0$memwr$\mem$E:/Are_UBNN_KWS/self/scripts/../src/memory/protected_weight_memory.sv:97$536_EN[21:0]$554 [0] $flatten\gen_enhanced_weight.u_weight_mem.$0$memwr$\mem$E:/Are_UBNN_KWS/self/scripts/../src/memory/protected_weight_memory.sv:97$536_EN[21:0]$554 [0] $flatten\gen_enhanced_weight.u_weight_mem.$0$memwr$\mem$E:/Are_UBNN_KWS/self/scripts/../src/memory/protected_weight_memory.sv:97$536_EN[21:0]$554 [0] $flatten\gen_enhanced_weight.u_weight_mem.$0$memwr$\mem$E:/Are_UBNN_KWS/self/scripts/../src/memory/protected_weight_memory.sv:97$536_EN[21:0]$554 [0] $flatten\gen_enhanced_weight.u_weight_mem.$0$memwr$\mem$E:/Are_UBNN_KWS/self/scripts/../src/memory/protected_weight_memory.sv:97$536_EN[21:0]$554 [0] $flatten\gen_enhanced_weight.u_weight_mem.$0$memwr$\mem$E:/Are_UBNN_KWS/self/scripts/../src/memory/protected_weight_memory.sv:97$536_EN[21:0]$554 [0] $flatten\gen_enhanced_weight.u_weight_mem.$0$memwr$\mem$E:/Are_UBNN_KWS/self/scripts/../src/memory/protected_weight_memory.sv:97$536_EN[21:0]$554 [0] $flatten\gen_enhanced_weight.u_weight_mem.$0$memwr$\mem$E:/Are_UBNN_KWS/self/scripts/../src/memory/protected_weight_memory.sv:97$536_EN[21:0]$554 [0] $flatten\gen_enhanced_weight.u_weight_mem.$0$memwr$\mem$E:/Are_UBNN_KWS/self/scripts/../src/memory/protected_weight_memory.sv:97$536_EN[21:0]$554 [0] $flatten\gen_enhanced_weight.u_weight_mem.$0$memwr$\mem$E:/Are_UBNN_KWS/self/scripts/../src/memory/protected_weight_memory.sv:97$536_EN[21:0]$554 [0] $flatten\gen_enhanced_weight.u_weight_mem.$0$memwr$\mem$E:/Are_UBNN_KWS/self/scripts/../src/memory/protected_weight_memory.sv:97$536_EN[21:0]$554 [0] $flatten\gen_enhanced_weight.u_weight_mem.$0$memwr$\mem$E:/Are_UBNN_KWS/self/scripts/../src/memory/protected_weight_memory.sv:97$536_EN[21:0]$554 [0] $flatten\gen_enhanced_weight.u_weight_mem.$0$memwr$\mem$E:/Are_UBNN_KWS/self/scripts/../src/memory/protected_weight_memory.sv:97$536_EN[21:0]$554 [0] $flatten\gen_enhanced_weight.u_weight_mem.$0$memwr$\mem$E:/Are_UBNN_KWS/self/scripts/../src/memory/protected_weight_memory.sv:97$536_EN[21:0]$554 [0] $flatten\gen_enhanced_weight.u_weight_mem.$0$memwr$\mem$E:/Are_UBNN_KWS/self/scripts/../src/memory/protected_weight_memory.sv:97$536_EN[21:0]$554 [0] $flatten\gen_enhanced_weight.u_weight_mem.$0$memwr$\mem$E:/Are_UBNN_KWS/self/scripts/../src/memory/protected_weight_memory.sv:97$536_EN[21:0]$554 [0] $flatten\gen_enhanced_weight.u_weight_mem.$0$memwr$\mem$E:/Are_UBNN_KWS/self/scripts/../src/memory/protected_weight_memory.sv:97$536_EN[21:0]$554 [0] $flatten\gen_enhanced_weight.u_weight_mem.$0$memwr$\mem$E:/Are_UBNN_KWS/self/scripts/../src/memory/protected_weight_memory.sv:97$536_EN[21:0]$554 [0] $flatten\gen_enhanced_weight.u_weight_mem.$0$memwr$\mem$E:/Are_UBNN_KWS/self/scripts/../src/memory/protected_weight_memory.sv:97$536_EN[21:0]$554 [0] $flatten\gen_enhanced_weight.u_weight_mem.$0$memwr$\mem$E:/Are_UBNN_KWS/self/scripts/../src/memory/protected_weight_memory.sv:97$536_EN[21:0]$554 [0] $flatten\gen_enhanced_weight.u_weight_mem.$0$memwr$\mem$E:/Are_UBNN_KWS/self/scripts/../src/memory/protected_weight_memory.sv:97$536_EN[21:0]$554 [0] }
    Consolidated identical input bits for $mux cell $flatten\gen_enhanced_weight.u_weight_mem.$procmux$1194:
      Old ports: A=22'1111111111111111111111, B=22'0000000000000000000000, Y=$flatten\gen_enhanced_weight.u_weight_mem.$0$memwr$\mem$E:/Are_UBNN_KWS/self/scripts/../src/memory/protected_weight_memory.sv:97$535_EN[21:0]$553
      New ports: A=1'1, B=1'0, Y=$flatten\gen_enhanced_weight.u_weight_mem.$0$memwr$\mem$E:/Are_UBNN_KWS/self/scripts/../src/memory/protected_weight_memory.sv:97$535_EN[21:0]$553 [0]
      New connections: $flatten\gen_enhanced_weight.u_weight_mem.$0$memwr$\mem$E:/Are_UBNN_KWS/self/scripts/../src/memory/protected_weight_memory.sv:97$535_EN[21:0]$553 [21:1] = { $flatten\gen_enhanced_weight.u_weight_mem.$0$memwr$\mem$E:/Are_UBNN_KWS/self/scripts/../src/memory/protected_weight_memory.sv:97$535_EN[21:0]$553 [0] $flatten\gen_enhanced_weight.u_weight_mem.$0$memwr$\mem$E:/Are_UBNN_KWS/self/scripts/../src/memory/protected_weight_memory.sv:97$535_EN[21:0]$553 [0] $flatten\gen_enhanced_weight.u_weight_mem.$0$memwr$\mem$E:/Are_UBNN_KWS/self/scripts/../src/memory/protected_weight_memory.sv:97$535_EN[21:0]$553 [0] $flatten\gen_enhanced_weight.u_weight_mem.$0$memwr$\mem$E:/Are_UBNN_KWS/self/scripts/../src/memory/protected_weight_memory.sv:97$535_EN[21:0]$553 [0] $flatten\gen_enhanced_weight.u_weight_mem.$0$memwr$\mem$E:/Are_UBNN_KWS/self/scripts/../src/memory/protected_weight_memory.sv:97$535_EN[21:0]$553 [0] $flatten\gen_enhanced_weight.u_weight_mem.$0$memwr$\mem$E:/Are_UBNN_KWS/self/scripts/../src/memory/protected_weight_memory.sv:97$535_EN[21:0]$553 [0] $flatten\gen_enhanced_weight.u_weight_mem.$0$memwr$\mem$E:/Are_UBNN_KWS/self/scripts/../src/memory/protected_weight_memory.sv:97$535_EN[21:0]$553 [0] $flatten\gen_enhanced_weight.u_weight_mem.$0$memwr$\mem$E:/Are_UBNN_KWS/self/scripts/../src/memory/protected_weight_memory.sv:97$535_EN[21:0]$553 [0] $flatten\gen_enhanced_weight.u_weight_mem.$0$memwr$\mem$E:/Are_UBNN_KWS/self/scripts/../src/memory/protected_weight_memory.sv:97$535_EN[21:0]$553 [0] $flatten\gen_enhanced_weight.u_weight_mem.$0$memwr$\mem$E:/Are_UBNN_KWS/self/scripts/../src/memory/protected_weight_memory.sv:97$535_EN[21:0]$553 [0] $flatten\gen_enhanced_weight.u_weight_mem.$0$memwr$\mem$E:/Are_UBNN_KWS/self/scripts/../src/memory/protected_weight_memory.sv:97$535_EN[21:0]$553 [0] $flatten\gen_enhanced_weight.u_weight_mem.$0$memwr$\mem$E:/Are_UBNN_KWS/self/scripts/../src/memory/protected_weight_memory.sv:97$535_EN[21:0]$553 [0] $flatten\gen_enhanced_weight.u_weight_mem.$0$memwr$\mem$E:/Are_UBNN_KWS/self/scripts/../src/memory/protected_weight_memory.sv:97$535_EN[21:0]$553 [0] $flatten\gen_enhanced_weight.u_weight_mem.$0$memwr$\mem$E:/Are_UBNN_KWS/self/scripts/../src/memory/protected_weight_memory.sv:97$535_EN[21:0]$553 [0] $flatten\gen_enhanced_weight.u_weight_mem.$0$memwr$\mem$E:/Are_UBNN_KWS/self/scripts/../src/memory/protected_weight_memory.sv:97$535_EN[21:0]$553 [0] $flatten\gen_enhanced_weight.u_weight_mem.$0$memwr$\mem$E:/Are_UBNN_KWS/self/scripts/../src/memory/protected_weight_memory.sv:97$535_EN[21:0]$553 [0] $flatten\gen_enhanced_weight.u_weight_mem.$0$memwr$\mem$E:/Are_UBNN_KWS/self/scripts/../src/memory/protected_weight_memory.sv:97$535_EN[21:0]$553 [0] $flatten\gen_enhanced_weight.u_weight_mem.$0$memwr$\mem$E:/Are_UBNN_KWS/self/scripts/../src/memory/protected_weight_memory.sv:97$535_EN[21:0]$553 [0] $flatten\gen_enhanced_weight.u_weight_mem.$0$memwr$\mem$E:/Are_UBNN_KWS/self/scripts/../src/memory/protected_weight_memory.sv:97$535_EN[21:0]$553 [0] $flatten\gen_enhanced_weight.u_weight_mem.$0$memwr$\mem$E:/Are_UBNN_KWS/self/scripts/../src/memory/protected_weight_memory.sv:97$535_EN[21:0]$553 [0] $flatten\gen_enhanced_weight.u_weight_mem.$0$memwr$\mem$E:/Are_UBNN_KWS/self/scripts/../src/memory/protected_weight_memory.sv:97$535_EN[21:0]$553 [0] }
    Consolidated identical input bits for $mux cell $flatten\gen_enhanced_weight.u_weight_mem.$procmux$1197:
      Old ports: A=22'1111111111111111111111, B=22'0000000000000000000000, Y=$flatten\gen_enhanced_weight.u_weight_mem.$0$memwr$\mem$E:/Are_UBNN_KWS/self/scripts/../src/memory/protected_weight_memory.sv:97$534_EN[21:0]$552
      New ports: A=1'1, B=1'0, Y=$flatten\gen_enhanced_weight.u_weight_mem.$0$memwr$\mem$E:/Are_UBNN_KWS/self/scripts/../src/memory/protected_weight_memory.sv:97$534_EN[21:0]$552 [0]
      New connections: $flatten\gen_enhanced_weight.u_weight_mem.$0$memwr$\mem$E:/Are_UBNN_KWS/self/scripts/../src/memory/protected_weight_memory.sv:97$534_EN[21:0]$552 [21:1] = { $flatten\gen_enhanced_weight.u_weight_mem.$0$memwr$\mem$E:/Are_UBNN_KWS/self/scripts/../src/memory/protected_weight_memory.sv:97$534_EN[21:0]$552 [0] $flatten\gen_enhanced_weight.u_weight_mem.$0$memwr$\mem$E:/Are_UBNN_KWS/self/scripts/../src/memory/protected_weight_memory.sv:97$534_EN[21:0]$552 [0] $flatten\gen_enhanced_weight.u_weight_mem.$0$memwr$\mem$E:/Are_UBNN_KWS/self/scripts/../src/memory/protected_weight_memory.sv:97$534_EN[21:0]$552 [0] $flatten\gen_enhanced_weight.u_weight_mem.$0$memwr$\mem$E:/Are_UBNN_KWS/self/scripts/../src/memory/protected_weight_memory.sv:97$534_EN[21:0]$552 [0] $flatten\gen_enhanced_weight.u_weight_mem.$0$memwr$\mem$E:/Are_UBNN_KWS/self/scripts/../src/memory/protected_weight_memory.sv:97$534_EN[21:0]$552 [0] $flatten\gen_enhanced_weight.u_weight_mem.$0$memwr$\mem$E:/Are_UBNN_KWS/self/scripts/../src/memory/protected_weight_memory.sv:97$534_EN[21:0]$552 [0] $flatten\gen_enhanced_weight.u_weight_mem.$0$memwr$\mem$E:/Are_UBNN_KWS/self/scripts/../src/memory/protected_weight_memory.sv:97$534_EN[21:0]$552 [0] $flatten\gen_enhanced_weight.u_weight_mem.$0$memwr$\mem$E:/Are_UBNN_KWS/self/scripts/../src/memory/protected_weight_memory.sv:97$534_EN[21:0]$552 [0] $flatten\gen_enhanced_weight.u_weight_mem.$0$memwr$\mem$E:/Are_UBNN_KWS/self/scripts/../src/memory/protected_weight_memory.sv:97$534_EN[21:0]$552 [0] $flatten\gen_enhanced_weight.u_weight_mem.$0$memwr$\mem$E:/Are_UBNN_KWS/self/scripts/../src/memory/protected_weight_memory.sv:97$534_EN[21:0]$552 [0] $flatten\gen_enhanced_weight.u_weight_mem.$0$memwr$\mem$E:/Are_UBNN_KWS/self/scripts/../src/memory/protected_weight_memory.sv:97$534_EN[21:0]$552 [0] $flatten\gen_enhanced_weight.u_weight_mem.$0$memwr$\mem$E:/Are_UBNN_KWS/self/scripts/../src/memory/protected_weight_memory.sv:97$534_EN[21:0]$552 [0] $flatten\gen_enhanced_weight.u_weight_mem.$0$memwr$\mem$E:/Are_UBNN_KWS/self/scripts/../src/memory/protected_weight_memory.sv:97$534_EN[21:0]$552 [0] $flatten\gen_enhanced_weight.u_weight_mem.$0$memwr$\mem$E:/Are_UBNN_KWS/self/scripts/../src/memory/protected_weight_memory.sv:97$534_EN[21:0]$552 [0] $flatten\gen_enhanced_weight.u_weight_mem.$0$memwr$\mem$E:/Are_UBNN_KWS/self/scripts/../src/memory/protected_weight_memory.sv:97$534_EN[21:0]$552 [0] $flatten\gen_enhanced_weight.u_weight_mem.$0$memwr$\mem$E:/Are_UBNN_KWS/self/scripts/../src/memory/protected_weight_memory.sv:97$534_EN[21:0]$552 [0] $flatten\gen_enhanced_weight.u_weight_mem.$0$memwr$\mem$E:/Are_UBNN_KWS/self/scripts/../src/memory/protected_weight_memory.sv:97$534_EN[21:0]$552 [0] $flatten\gen_enhanced_weight.u_weight_mem.$0$memwr$\mem$E:/Are_UBNN_KWS/self/scripts/../src/memory/protected_weight_memory.sv:97$534_EN[21:0]$552 [0] $flatten\gen_enhanced_weight.u_weight_mem.$0$memwr$\mem$E:/Are_UBNN_KWS/self/scripts/../src/memory/protected_weight_memory.sv:97$534_EN[21:0]$552 [0] $flatten\gen_enhanced_weight.u_weight_mem.$0$memwr$\mem$E:/Are_UBNN_KWS/self/scripts/../src/memory/protected_weight_memory.sv:97$534_EN[21:0]$552 [0] $flatten\gen_enhanced_weight.u_weight_mem.$0$memwr$\mem$E:/Are_UBNN_KWS/self/scripts/../src/memory/protected_weight_memory.sv:97$534_EN[21:0]$552 [0] }
    Consolidated identical input bits for $mux cell $flatten\gen_enhanced_weight.u_weight_mem.$procmux$1200:
      Old ports: A=22'1111111111111111111111, B=22'0000000000000000000000, Y=$flatten\gen_enhanced_weight.u_weight_mem.$0$memwr$\mem$E:/Are_UBNN_KWS/self/scripts/../src/memory/protected_weight_memory.sv:97$533_EN[21:0]$551
      New ports: A=1'1, B=1'0, Y=$flatten\gen_enhanced_weight.u_weight_mem.$0$memwr$\mem$E:/Are_UBNN_KWS/self/scripts/../src/memory/protected_weight_memory.sv:97$533_EN[21:0]$551 [0]
      New connections: $flatten\gen_enhanced_weight.u_weight_mem.$0$memwr$\mem$E:/Are_UBNN_KWS/self/scripts/../src/memory/protected_weight_memory.sv:97$533_EN[21:0]$551 [21:1] = { $flatten\gen_enhanced_weight.u_weight_mem.$0$memwr$\mem$E:/Are_UBNN_KWS/self/scripts/../src/memory/protected_weight_memory.sv:97$533_EN[21:0]$551 [0] $flatten\gen_enhanced_weight.u_weight_mem.$0$memwr$\mem$E:/Are_UBNN_KWS/self/scripts/../src/memory/protected_weight_memory.sv:97$533_EN[21:0]$551 [0] $flatten\gen_enhanced_weight.u_weight_mem.$0$memwr$\mem$E:/Are_UBNN_KWS/self/scripts/../src/memory/protected_weight_memory.sv:97$533_EN[21:0]$551 [0] $flatten\gen_enhanced_weight.u_weight_mem.$0$memwr$\mem$E:/Are_UBNN_KWS/self/scripts/../src/memory/protected_weight_memory.sv:97$533_EN[21:0]$551 [0] $flatten\gen_enhanced_weight.u_weight_mem.$0$memwr$\mem$E:/Are_UBNN_KWS/self/scripts/../src/memory/protected_weight_memory.sv:97$533_EN[21:0]$551 [0] $flatten\gen_enhanced_weight.u_weight_mem.$0$memwr$\mem$E:/Are_UBNN_KWS/self/scripts/../src/memory/protected_weight_memory.sv:97$533_EN[21:0]$551 [0] $flatten\gen_enhanced_weight.u_weight_mem.$0$memwr$\mem$E:/Are_UBNN_KWS/self/scripts/../src/memory/protected_weight_memory.sv:97$533_EN[21:0]$551 [0] $flatten\gen_enhanced_weight.u_weight_mem.$0$memwr$\mem$E:/Are_UBNN_KWS/self/scripts/../src/memory/protected_weight_memory.sv:97$533_EN[21:0]$551 [0] $flatten\gen_enhanced_weight.u_weight_mem.$0$memwr$\mem$E:/Are_UBNN_KWS/self/scripts/../src/memory/protected_weight_memory.sv:97$533_EN[21:0]$551 [0] $flatten\gen_enhanced_weight.u_weight_mem.$0$memwr$\mem$E:/Are_UBNN_KWS/self/scripts/../src/memory/protected_weight_memory.sv:97$533_EN[21:0]$551 [0] $flatten\gen_enhanced_weight.u_weight_mem.$0$memwr$\mem$E:/Are_UBNN_KWS/self/scripts/../src/memory/protected_weight_memory.sv:97$533_EN[21:0]$551 [0] $flatten\gen_enhanced_weight.u_weight_mem.$0$memwr$\mem$E:/Are_UBNN_KWS/self/scripts/../src/memory/protected_weight_memory.sv:97$533_EN[21:0]$551 [0] $flatten\gen_enhanced_weight.u_weight_mem.$0$memwr$\mem$E:/Are_UBNN_KWS/self/scripts/../src/memory/protected_weight_memory.sv:97$533_EN[21:0]$551 [0] $flatten\gen_enhanced_weight.u_weight_mem.$0$memwr$\mem$E:/Are_UBNN_KWS/self/scripts/../src/memory/protected_weight_memory.sv:97$533_EN[21:0]$551 [0] $flatten\gen_enhanced_weight.u_weight_mem.$0$memwr$\mem$E:/Are_UBNN_KWS/self/scripts/../src/memory/protected_weight_memory.sv:97$533_EN[21:0]$551 [0] $flatten\gen_enhanced_weight.u_weight_mem.$0$memwr$\mem$E:/Are_UBNN_KWS/self/scripts/../src/memory/protected_weight_memory.sv:97$533_EN[21:0]$551 [0] $flatten\gen_enhanced_weight.u_weight_mem.$0$memwr$\mem$E:/Are_UBNN_KWS/self/scripts/../src/memory/protected_weight_memory.sv:97$533_EN[21:0]$551 [0] $flatten\gen_enhanced_weight.u_weight_mem.$0$memwr$\mem$E:/Are_UBNN_KWS/self/scripts/../src/memory/protected_weight_memory.sv:97$533_EN[21:0]$551 [0] $flatten\gen_enhanced_weight.u_weight_mem.$0$memwr$\mem$E:/Are_UBNN_KWS/self/scripts/../src/memory/protected_weight_memory.sv:97$533_EN[21:0]$551 [0] $flatten\gen_enhanced_weight.u_weight_mem.$0$memwr$\mem$E:/Are_UBNN_KWS/self/scripts/../src/memory/protected_weight_memory.sv:97$533_EN[21:0]$551 [0] $flatten\gen_enhanced_weight.u_weight_mem.$0$memwr$\mem$E:/Are_UBNN_KWS/self/scripts/../src/memory/protected_weight_memory.sv:97$533_EN[21:0]$551 [0] }
    Consolidated identical input bits for $mux cell $flatten\gen_enhanced_weight.u_weight_mem.$procmux$1203:
      Old ports: A=22'1111111111111111111111, B=22'0000000000000000000000, Y=$flatten\gen_enhanced_weight.u_weight_mem.$0$memwr$\mem$E:/Are_UBNN_KWS/self/scripts/../src/memory/protected_weight_memory.sv:97$532_EN[21:0]$550
      New ports: A=1'1, B=1'0, Y=$flatten\gen_enhanced_weight.u_weight_mem.$0$memwr$\mem$E:/Are_UBNN_KWS/self/scripts/../src/memory/protected_weight_memory.sv:97$532_EN[21:0]$550 [0]
      New connections: $flatten\gen_enhanced_weight.u_weight_mem.$0$memwr$\mem$E:/Are_UBNN_KWS/self/scripts/../src/memory/protected_weight_memory.sv:97$532_EN[21:0]$550 [21:1] = { $flatten\gen_enhanced_weight.u_weight_mem.$0$memwr$\mem$E:/Are_UBNN_KWS/self/scripts/../src/memory/protected_weight_memory.sv:97$532_EN[21:0]$550 [0] $flatten\gen_enhanced_weight.u_weight_mem.$0$memwr$\mem$E:/Are_UBNN_KWS/self/scripts/../src/memory/protected_weight_memory.sv:97$532_EN[21:0]$550 [0] $flatten\gen_enhanced_weight.u_weight_mem.$0$memwr$\mem$E:/Are_UBNN_KWS/self/scripts/../src/memory/protected_weight_memory.sv:97$532_EN[21:0]$550 [0] $flatten\gen_enhanced_weight.u_weight_mem.$0$memwr$\mem$E:/Are_UBNN_KWS/self/scripts/../src/memory/protected_weight_memory.sv:97$532_EN[21:0]$550 [0] $flatten\gen_enhanced_weight.u_weight_mem.$0$memwr$\mem$E:/Are_UBNN_KWS/self/scripts/../src/memory/protected_weight_memory.sv:97$532_EN[21:0]$550 [0] $flatten\gen_enhanced_weight.u_weight_mem.$0$memwr$\mem$E:/Are_UBNN_KWS/self/scripts/../src/memory/protected_weight_memory.sv:97$532_EN[21:0]$550 [0] $flatten\gen_enhanced_weight.u_weight_mem.$0$memwr$\mem$E:/Are_UBNN_KWS/self/scripts/../src/memory/protected_weight_memory.sv:97$532_EN[21:0]$550 [0] $flatten\gen_enhanced_weight.u_weight_mem.$0$memwr$\mem$E:/Are_UBNN_KWS/self/scripts/../src/memory/protected_weight_memory.sv:97$532_EN[21:0]$550 [0] $flatten\gen_enhanced_weight.u_weight_mem.$0$memwr$\mem$E:/Are_UBNN_KWS/self/scripts/../src/memory/protected_weight_memory.sv:97$532_EN[21:0]$550 [0] $flatten\gen_enhanced_weight.u_weight_mem.$0$memwr$\mem$E:/Are_UBNN_KWS/self/scripts/../src/memory/protected_weight_memory.sv:97$532_EN[21:0]$550 [0] $flatten\gen_enhanced_weight.u_weight_mem.$0$memwr$\mem$E:/Are_UBNN_KWS/self/scripts/../src/memory/protected_weight_memory.sv:97$532_EN[21:0]$550 [0] $flatten\gen_enhanced_weight.u_weight_mem.$0$memwr$\mem$E:/Are_UBNN_KWS/self/scripts/../src/memory/protected_weight_memory.sv:97$532_EN[21:0]$550 [0] $flatten\gen_enhanced_weight.u_weight_mem.$0$memwr$\mem$E:/Are_UBNN_KWS/self/scripts/../src/memory/protected_weight_memory.sv:97$532_EN[21:0]$550 [0] $flatten\gen_enhanced_weight.u_weight_mem.$0$memwr$\mem$E:/Are_UBNN_KWS/self/scripts/../src/memory/protected_weight_memory.sv:97$532_EN[21:0]$550 [0] $flatten\gen_enhanced_weight.u_weight_mem.$0$memwr$\mem$E:/Are_UBNN_KWS/self/scripts/../src/memory/protected_weight_memory.sv:97$532_EN[21:0]$550 [0] $flatten\gen_enhanced_weight.u_weight_mem.$0$memwr$\mem$E:/Are_UBNN_KWS/self/scripts/../src/memory/protected_weight_memory.sv:97$532_EN[21:0]$550 [0] $flatten\gen_enhanced_weight.u_weight_mem.$0$memwr$\mem$E:/Are_UBNN_KWS/self/scripts/../src/memory/protected_weight_memory.sv:97$532_EN[21:0]$550 [0] $flatten\gen_enhanced_weight.u_weight_mem.$0$memwr$\mem$E:/Are_UBNN_KWS/self/scripts/../src/memory/protected_weight_memory.sv:97$532_EN[21:0]$550 [0] $flatten\gen_enhanced_weight.u_weight_mem.$0$memwr$\mem$E:/Are_UBNN_KWS/self/scripts/../src/memory/protected_weight_memory.sv:97$532_EN[21:0]$550 [0] $flatten\gen_enhanced_weight.u_weight_mem.$0$memwr$\mem$E:/Are_UBNN_KWS/self/scripts/../src/memory/protected_weight_memory.sv:97$532_EN[21:0]$550 [0] $flatten\gen_enhanced_weight.u_weight_mem.$0$memwr$\mem$E:/Are_UBNN_KWS/self/scripts/../src/memory/protected_weight_memory.sv:97$532_EN[21:0]$550 [0] }
    Consolidated identical input bits for $mux cell $flatten\gen_enhanced_weight.u_weight_mem.$procmux$1206:
      Old ports: A=22'1111111111111111111111, B=22'0000000000000000000000, Y=$flatten\gen_enhanced_weight.u_weight_mem.$0$memwr$\mem$E:/Are_UBNN_KWS/self/scripts/../src/memory/protected_weight_memory.sv:97$531_EN[21:0]$549
      New ports: A=1'1, B=1'0, Y=$flatten\gen_enhanced_weight.u_weight_mem.$0$memwr$\mem$E:/Are_UBNN_KWS/self/scripts/../src/memory/protected_weight_memory.sv:97$531_EN[21:0]$549 [0]
      New connections: $flatten\gen_enhanced_weight.u_weight_mem.$0$memwr$\mem$E:/Are_UBNN_KWS/self/scripts/../src/memory/protected_weight_memory.sv:97$531_EN[21:0]$549 [21:1] = { $flatten\gen_enhanced_weight.u_weight_mem.$0$memwr$\mem$E:/Are_UBNN_KWS/self/scripts/../src/memory/protected_weight_memory.sv:97$531_EN[21:0]$549 [0] $flatten\gen_enhanced_weight.u_weight_mem.$0$memwr$\mem$E:/Are_UBNN_KWS/self/scripts/../src/memory/protected_weight_memory.sv:97$531_EN[21:0]$549 [0] $flatten\gen_enhanced_weight.u_weight_mem.$0$memwr$\mem$E:/Are_UBNN_KWS/self/scripts/../src/memory/protected_weight_memory.sv:97$531_EN[21:0]$549 [0] $flatten\gen_enhanced_weight.u_weight_mem.$0$memwr$\mem$E:/Are_UBNN_KWS/self/scripts/../src/memory/protected_weight_memory.sv:97$531_EN[21:0]$549 [0] $flatten\gen_enhanced_weight.u_weight_mem.$0$memwr$\mem$E:/Are_UBNN_KWS/self/scripts/../src/memory/protected_weight_memory.sv:97$531_EN[21:0]$549 [0] $flatten\gen_enhanced_weight.u_weight_mem.$0$memwr$\mem$E:/Are_UBNN_KWS/self/scripts/../src/memory/protected_weight_memory.sv:97$531_EN[21:0]$549 [0] $flatten\gen_enhanced_weight.u_weight_mem.$0$memwr$\mem$E:/Are_UBNN_KWS/self/scripts/../src/memory/protected_weight_memory.sv:97$531_EN[21:0]$549 [0] $flatten\gen_enhanced_weight.u_weight_mem.$0$memwr$\mem$E:/Are_UBNN_KWS/self/scripts/../src/memory/protected_weight_memory.sv:97$531_EN[21:0]$549 [0] $flatten\gen_enhanced_weight.u_weight_mem.$0$memwr$\mem$E:/Are_UBNN_KWS/self/scripts/../src/memory/protected_weight_memory.sv:97$531_EN[21:0]$549 [0] $flatten\gen_enhanced_weight.u_weight_mem.$0$memwr$\mem$E:/Are_UBNN_KWS/self/scripts/../src/memory/protected_weight_memory.sv:97$531_EN[21:0]$549 [0] $flatten\gen_enhanced_weight.u_weight_mem.$0$memwr$\mem$E:/Are_UBNN_KWS/self/scripts/../src/memory/protected_weight_memory.sv:97$531_EN[21:0]$549 [0] $flatten\gen_enhanced_weight.u_weight_mem.$0$memwr$\mem$E:/Are_UBNN_KWS/self/scripts/../src/memory/protected_weight_memory.sv:97$531_EN[21:0]$549 [0] $flatten\gen_enhanced_weight.u_weight_mem.$0$memwr$\mem$E:/Are_UBNN_KWS/self/scripts/../src/memory/protected_weight_memory.sv:97$531_EN[21:0]$549 [0] $flatten\gen_enhanced_weight.u_weight_mem.$0$memwr$\mem$E:/Are_UBNN_KWS/self/scripts/../src/memory/protected_weight_memory.sv:97$531_EN[21:0]$549 [0] $flatten\gen_enhanced_weight.u_weight_mem.$0$memwr$\mem$E:/Are_UBNN_KWS/self/scripts/../src/memory/protected_weight_memory.sv:97$531_EN[21:0]$549 [0] $flatten\gen_enhanced_weight.u_weight_mem.$0$memwr$\mem$E:/Are_UBNN_KWS/self/scripts/../src/memory/protected_weight_memory.sv:97$531_EN[21:0]$549 [0] $flatten\gen_enhanced_weight.u_weight_mem.$0$memwr$\mem$E:/Are_UBNN_KWS/self/scripts/../src/memory/protected_weight_memory.sv:97$531_EN[21:0]$549 [0] $flatten\gen_enhanced_weight.u_weight_mem.$0$memwr$\mem$E:/Are_UBNN_KWS/self/scripts/../src/memory/protected_weight_memory.sv:97$531_EN[21:0]$549 [0] $flatten\gen_enhanced_weight.u_weight_mem.$0$memwr$\mem$E:/Are_UBNN_KWS/self/scripts/../src/memory/protected_weight_memory.sv:97$531_EN[21:0]$549 [0] $flatten\gen_enhanced_weight.u_weight_mem.$0$memwr$\mem$E:/Are_UBNN_KWS/self/scripts/../src/memory/protected_weight_memory.sv:97$531_EN[21:0]$549 [0] $flatten\gen_enhanced_weight.u_weight_mem.$0$memwr$\mem$E:/Are_UBNN_KWS/self/scripts/../src/memory/protected_weight_memory.sv:97$531_EN[21:0]$549 [0] }
    Consolidated identical input bits for $mux cell $flatten\gen_enhanced_weight.u_weight_mem.$procmux$1209:
      Old ports: A=22'1111111111111111111111, B=22'0000000000000000000000, Y=$flatten\gen_enhanced_weight.u_weight_mem.$0$memwr$\mem$E:/Are_UBNN_KWS/self/scripts/../src/memory/protected_weight_memory.sv:97$530_EN[21:0]$548
      New ports: A=1'1, B=1'0, Y=$flatten\gen_enhanced_weight.u_weight_mem.$0$memwr$\mem$E:/Are_UBNN_KWS/self/scripts/../src/memory/protected_weight_memory.sv:97$530_EN[21:0]$548 [0]
      New connections: $flatten\gen_enhanced_weight.u_weight_mem.$0$memwr$\mem$E:/Are_UBNN_KWS/self/scripts/../src/memory/protected_weight_memory.sv:97$530_EN[21:0]$548 [21:1] = { $flatten\gen_enhanced_weight.u_weight_mem.$0$memwr$\mem$E:/Are_UBNN_KWS/self/scripts/../src/memory/protected_weight_memory.sv:97$530_EN[21:0]$548 [0] $flatten\gen_enhanced_weight.u_weight_mem.$0$memwr$\mem$E:/Are_UBNN_KWS/self/scripts/../src/memory/protected_weight_memory.sv:97$530_EN[21:0]$548 [0] $flatten\gen_enhanced_weight.u_weight_mem.$0$memwr$\mem$E:/Are_UBNN_KWS/self/scripts/../src/memory/protected_weight_memory.sv:97$530_EN[21:0]$548 [0] $flatten\gen_enhanced_weight.u_weight_mem.$0$memwr$\mem$E:/Are_UBNN_KWS/self/scripts/../src/memory/protected_weight_memory.sv:97$530_EN[21:0]$548 [0] $flatten\gen_enhanced_weight.u_weight_mem.$0$memwr$\mem$E:/Are_UBNN_KWS/self/scripts/../src/memory/protected_weight_memory.sv:97$530_EN[21:0]$548 [0] $flatten\gen_enhanced_weight.u_weight_mem.$0$memwr$\mem$E:/Are_UBNN_KWS/self/scripts/../src/memory/protected_weight_memory.sv:97$530_EN[21:0]$548 [0] $flatten\gen_enhanced_weight.u_weight_mem.$0$memwr$\mem$E:/Are_UBNN_KWS/self/scripts/../src/memory/protected_weight_memory.sv:97$530_EN[21:0]$548 [0] $flatten\gen_enhanced_weight.u_weight_mem.$0$memwr$\mem$E:/Are_UBNN_KWS/self/scripts/../src/memory/protected_weight_memory.sv:97$530_EN[21:0]$548 [0] $flatten\gen_enhanced_weight.u_weight_mem.$0$memwr$\mem$E:/Are_UBNN_KWS/self/scripts/../src/memory/protected_weight_memory.sv:97$530_EN[21:0]$548 [0] $flatten\gen_enhanced_weight.u_weight_mem.$0$memwr$\mem$E:/Are_UBNN_KWS/self/scripts/../src/memory/protected_weight_memory.sv:97$530_EN[21:0]$548 [0] $flatten\gen_enhanced_weight.u_weight_mem.$0$memwr$\mem$E:/Are_UBNN_KWS/self/scripts/../src/memory/protected_weight_memory.sv:97$530_EN[21:0]$548 [0] $flatten\gen_enhanced_weight.u_weight_mem.$0$memwr$\mem$E:/Are_UBNN_KWS/self/scripts/../src/memory/protected_weight_memory.sv:97$530_EN[21:0]$548 [0] $flatten\gen_enhanced_weight.u_weight_mem.$0$memwr$\mem$E:/Are_UBNN_KWS/self/scripts/../src/memory/protected_weight_memory.sv:97$530_EN[21:0]$548 [0] $flatten\gen_enhanced_weight.u_weight_mem.$0$memwr$\mem$E:/Are_UBNN_KWS/self/scripts/../src/memory/protected_weight_memory.sv:97$530_EN[21:0]$548 [0] $flatten\gen_enhanced_weight.u_weight_mem.$0$memwr$\mem$E:/Are_UBNN_KWS/self/scripts/../src/memory/protected_weight_memory.sv:97$530_EN[21:0]$548 [0] $flatten\gen_enhanced_weight.u_weight_mem.$0$memwr$\mem$E:/Are_UBNN_KWS/self/scripts/../src/memory/protected_weight_memory.sv:97$530_EN[21:0]$548 [0] $flatten\gen_enhanced_weight.u_weight_mem.$0$memwr$\mem$E:/Are_UBNN_KWS/self/scripts/../src/memory/protected_weight_memory.sv:97$530_EN[21:0]$548 [0] $flatten\gen_enhanced_weight.u_weight_mem.$0$memwr$\mem$E:/Are_UBNN_KWS/self/scripts/../src/memory/protected_weight_memory.sv:97$530_EN[21:0]$548 [0] $flatten\gen_enhanced_weight.u_weight_mem.$0$memwr$\mem$E:/Are_UBNN_KWS/self/scripts/../src/memory/protected_weight_memory.sv:97$530_EN[21:0]$548 [0] $flatten\gen_enhanced_weight.u_weight_mem.$0$memwr$\mem$E:/Are_UBNN_KWS/self/scripts/../src/memory/protected_weight_memory.sv:97$530_EN[21:0]$548 [0] $flatten\gen_enhanced_weight.u_weight_mem.$0$memwr$\mem$E:/Are_UBNN_KWS/self/scripts/../src/memory/protected_weight_memory.sv:97$530_EN[21:0]$548 [0] }
  Optimizing cells in module \are_ubnn_kws_top.
    Consolidated identical input bits for $mux cell $flatten\gen_enhanced_weight.u_weight_mem.$procmux$1212:
      Old ports: A=22'0000000000000000000000, B=$flatten\gen_enhanced_weight.u_weight_mem.$2$memwr$\mem$E:/Are_UBNN_KWS/self/scripts/../src/memory/protected_weight_memory.sv:100$546_EN[21:0]$589, Y=$flatten\gen_enhanced_weight.u_weight_mem.$0$memwr$\mem$E:/Are_UBNN_KWS/self/scripts/../src/memory/protected_weight_memory.sv:100$546_EN[21:0]$566
      New ports: A=1'0, B=$flatten\gen_enhanced_weight.u_weight_mem.$procmux$1143_Y [0], Y=$flatten\gen_enhanced_weight.u_weight_mem.$0$memwr$\mem$E:/Are_UBNN_KWS/self/scripts/../src/memory/protected_weight_memory.sv:100$546_EN[21:0]$566 [0]
      New connections: $flatten\gen_enhanced_weight.u_weight_mem.$0$memwr$\mem$E:/Are_UBNN_KWS/self/scripts/../src/memory/protected_weight_memory.sv:100$546_EN[21:0]$566 [21:1] = { $flatten\gen_enhanced_weight.u_weight_mem.$0$memwr$\mem$E:/Are_UBNN_KWS/self/scripts/../src/memory/protected_weight_memory.sv:100$546_EN[21:0]$566 [0] $flatten\gen_enhanced_weight.u_weight_mem.$0$memwr$\mem$E:/Are_UBNN_KWS/self/scripts/../src/memory/protected_weight_memory.sv:100$546_EN[21:0]$566 [0] $flatten\gen_enhanced_weight.u_weight_mem.$0$memwr$\mem$E:/Are_UBNN_KWS/self/scripts/../src/memory/protected_weight_memory.sv:100$546_EN[21:0]$566 [0] $flatten\gen_enhanced_weight.u_weight_mem.$0$memwr$\mem$E:/Are_UBNN_KWS/self/scripts/../src/memory/protected_weight_memory.sv:100$546_EN[21:0]$566 [0] $flatten\gen_enhanced_weight.u_weight_mem.$0$memwr$\mem$E:/Are_UBNN_KWS/self/scripts/../src/memory/protected_weight_memory.sv:100$546_EN[21:0]$566 [0] $flatten\gen_enhanced_weight.u_weight_mem.$0$memwr$\mem$E:/Are_UBNN_KWS/self/scripts/../src/memory/protected_weight_memory.sv:100$546_EN[21:0]$566 [0] $flatten\gen_enhanced_weight.u_weight_mem.$0$memwr$\mem$E:/Are_UBNN_KWS/self/scripts/../src/memory/protected_weight_memory.sv:100$546_EN[21:0]$566 [0] $flatten\gen_enhanced_weight.u_weight_mem.$0$memwr$\mem$E:/Are_UBNN_KWS/self/scripts/../src/memory/protected_weight_memory.sv:100$546_EN[21:0]$566 [0] $flatten\gen_enhanced_weight.u_weight_mem.$0$memwr$\mem$E:/Are_UBNN_KWS/self/scripts/../src/memory/protected_weight_memory.sv:100$546_EN[21:0]$566 [0] $flatten\gen_enhanced_weight.u_weight_mem.$0$memwr$\mem$E:/Are_UBNN_KWS/self/scripts/../src/memory/protected_weight_memory.sv:100$546_EN[21:0]$566 [0] $flatten\gen_enhanced_weight.u_weight_mem.$0$memwr$\mem$E:/Are_UBNN_KWS/self/scripts/../src/memory/protected_weight_memory.sv:100$546_EN[21:0]$566 [0] $flatten\gen_enhanced_weight.u_weight_mem.$0$memwr$\mem$E:/Are_UBNN_KWS/self/scripts/../src/memory/protected_weight_memory.sv:100$546_EN[21:0]$566 [0] $flatten\gen_enhanced_weight.u_weight_mem.$0$memwr$\mem$E:/Are_UBNN_KWS/self/scripts/../src/memory/protected_weight_memory.sv:100$546_EN[21:0]$566 [0] $flatten\gen_enhanced_weight.u_weight_mem.$0$memwr$\mem$E:/Are_UBNN_KWS/self/scripts/../src/memory/protected_weight_memory.sv:100$546_EN[21:0]$566 [0] $flatten\gen_enhanced_weight.u_weight_mem.$0$memwr$\mem$E:/Are_UBNN_KWS/self/scripts/../src/memory/protected_weight_memory.sv:100$546_EN[21:0]$566 [0] $flatten\gen_enhanced_weight.u_weight_mem.$0$memwr$\mem$E:/Are_UBNN_KWS/self/scripts/../src/memory/protected_weight_memory.sv:100$546_EN[21:0]$566 [0] $flatten\gen_enhanced_weight.u_weight_mem.$0$memwr$\mem$E:/Are_UBNN_KWS/self/scripts/../src/memory/protected_weight_memory.sv:100$546_EN[21:0]$566 [0] $flatten\gen_enhanced_weight.u_weight_mem.$0$memwr$\mem$E:/Are_UBNN_KWS/self/scripts/../src/memory/protected_weight_memory.sv:100$546_EN[21:0]$566 [0] $flatten\gen_enhanced_weight.u_weight_mem.$0$memwr$\mem$E:/Are_UBNN_KWS/self/scripts/../src/memory/protected_weight_memory.sv:100$546_EN[21:0]$566 [0] $flatten\gen_enhanced_weight.u_weight_mem.$0$memwr$\mem$E:/Are_UBNN_KWS/self/scripts/../src/memory/protected_weight_memory.sv:100$546_EN[21:0]$566 [0] $flatten\gen_enhanced_weight.u_weight_mem.$0$memwr$\mem$E:/Are_UBNN_KWS/self/scripts/../src/memory/protected_weight_memory.sv:100$546_EN[21:0]$566 [0] }
  Optimizing cells in module \are_ubnn_kws_top.
Performed a total of 18 changes.

13.8.5. Executing OPT_MERGE pass (detect identical cells).
Finding identical cells in module `\are_ubnn_kws_top'.
Computing hashes of 572 cells of `\are_ubnn_kws_top'.
Finding duplicate cells in `\are_ubnn_kws_top'.
Computing hashes of 556 cells of `\are_ubnn_kws_top'.
Finding duplicate cells in `\are_ubnn_kws_top'.
<suppressed ~48 debug messages>
Removed a total of 16 cells.

13.8.6. Executing OPT_DFF pass (perform DFF optimizations).

13.8.7. Executing OPT_CLEAN pass (remove unused cells and wires).
Finding unused cells or wires in module \are_ubnn_kws_top..
Removed 0 unused cells and 65 unused wires.
<suppressed ~1 debug messages>

13.8.8. Executing OPT_EXPR pass (perform const folding).
Optimizing module are_ubnn_kws_top.
<suppressed ~1 debug messages>

13.8.9. Rerunning OPT passes. (Maybe there is more to do..)

13.8.10. Executing OPT_MUXTREE pass (detect dead branches in mux trees).
Running muxtree optimizer on module \are_ubnn_kws_top..
  Creating internal representation of mux trees.
  Evaluating internal representation of mux trees.
  Analyzing evaluation results.
Removed 0 multiplexer ports.
<suppressed ~96 debug messages>

13.8.11. Executing OPT_REDUCE pass (consolidate $*mux and $reduce_* inputs).
  Optimizing cells in module \are_ubnn_kws_top.
Performed a total of 0 changes.

13.8.12. Executing OPT_MERGE pass (detect identical cells).
Finding identical cells in module `\are_ubnn_kws_top'.
Computing hashes of 555 cells of `\are_ubnn_kws_top'.
Finding duplicate cells in `\are_ubnn_kws_top'.
Removed a total of 0 cells.

13.8.13. Executing OPT_DFF pass (perform DFF optimizations).

13.8.14. Executing OPT_CLEAN pass (remove unused cells and wires).
Finding unused cells or wires in module \are_ubnn_kws_top..
Removed 0 unused cells and 1 unused wires.
<suppressed ~1 debug messages>

13.8.15. Executing OPT_EXPR pass (perform const folding).
Optimizing module are_ubnn_kws_top.

13.8.16. Rerunning OPT passes. (Maybe there is more to do..)

13.8.17. Executing OPT_MUXTREE pass (detect dead branches in mux trees).
Running muxtree optimizer on module \are_ubnn_kws_top..
  Creating internal representation of mux trees.
  Evaluating internal representation of mux trees.
  Analyzing evaluation results.
Removed 0 multiplexer ports.
<suppressed ~96 debug messages>

13.8.18. Executing OPT_REDUCE pass (consolidate $*mux and $reduce_* inputs).
  Optimizing cells in module \are_ubnn_kws_top.
Performed a total of 0 changes.

13.8.19. Executing OPT_MERGE pass (detect identical cells).
Finding identical cells in module `\are_ubnn_kws_top'.
Computing hashes of 555 cells of `\are_ubnn_kws_top'.
Finding duplicate cells in `\are_ubnn_kws_top'.
Removed a total of 0 cells.

13.8.20. Executing OPT_DFF pass (perform DFF optimizations).

13.8.21. Executing OPT_CLEAN pass (remove unused cells and wires).
Finding unused cells or wires in module \are_ubnn_kws_top..

13.8.22. Executing OPT_EXPR pass (perform const folding).
Optimizing module are_ubnn_kws_top.

13.8.23. Finished fast OPT passes. (There is nothing left to do.)

13.9. Executing FSM pass (extract and optimize FSM).

13.9.1. Executing FSM_DETECT pass (finding FSMs in design).

13.9.2. Executing FSM_EXTRACT pass (extracting FSM from design).

13.9.3. Executing FSM_OPT pass (simple optimizations of FSMs).

13.9.4. Executing OPT_CLEAN pass (remove unused cells and wires).
Finding unused cells or wires in module \are_ubnn_kws_top..

13.9.5. Executing FSM_OPT pass (simple optimizations of FSMs).

13.9.6. Executing FSM_RECODE pass (re-assigning FSM state encoding).

13.9.7. Executing FSM_INFO pass (dumping all available information on FSM cells).

13.9.8. Executing FSM_MAP pass (mapping FSMs to basic logic).

13.10. Executing OPT pass (performing simple optimizations).

13.10.1. Executing OPT_EXPR pass (perform const folding).
Optimizing module are_ubnn_kws_top.

13.10.2. Executing OPT_MERGE pass (detect identical cells).
Finding identical cells in module `\are_ubnn_kws_top'.
Computing hashes of 555 cells of `\are_ubnn_kws_top'.
Finding duplicate cells in `\are_ubnn_kws_top'.
Removed a total of 0 cells.

13.10.3. Executing OPT_MUXTREE pass (detect dead branches in mux trees).
Running muxtree optimizer on module \are_ubnn_kws_top..
  Creating internal representation of mux trees.
  Evaluating internal representation of mux trees.
  Analyzing evaluation results.
Removed 0 multiplexer ports.
<suppressed ~96 debug messages>

13.10.4. Executing OPT_REDUCE pass (consolidate $*mux and $reduce_* inputs).
  Optimizing cells in module \are_ubnn_kws_top.
Performed a total of 0 changes.

13.10.5. Executing OPT_MERGE pass (detect identical cells).
Finding identical cells in module `\are_ubnn_kws_top'.
Computing hashes of 555 cells of `\are_ubnn_kws_top'.
Finding duplicate cells in `\are_ubnn_kws_top'.
Removed a total of 0 cells.

13.10.6. Executing OPT_DFF pass (perform DFF optimizations).
Adding SRST signal on $flatten\u_pe_array.$procdff$1237 ($dff) from module are_ubnn_kws_top (D = $flatten\u_pe_array.$procmux$696_Y, Q = \u_pe_array.pe_result_reg[0], rval = 5'00000).
Adding EN signal on $auto$ff.cc:337:slice$1299 ($sdff) from module are_ubnn_kws_top (D = \u_pe_array.pe_comb[0], Q = \u_pe_array.pe_result_reg[0]).
Adding SRST signal on $flatten\u_pe_array.$procdff$1236 ($dff) from module are_ubnn_kws_top (D = $flatten\u_pe_array.$procmux$691_Y, Q = \u_pe_array.pe_result_reg[1], rval = 5'00000).
Adding EN signal on $auto$ff.cc:337:slice$1301 ($sdff) from module are_ubnn_kws_top (D = \u_pe_array.pe_comb[1], Q = \u_pe_array.pe_result_reg[1]).
Adding SRST signal on $flatten\u_pe_array.$procdff$1235 ($dff) from module are_ubnn_kws_top (D = $flatten\u_pe_array.$procmux$686_Y, Q = \u_pe_array.pe_result_reg[2], rval = 5'00000).
Adding EN signal on $auto$ff.cc:337:slice$1303 ($sdff) from module are_ubnn_kws_top (D = \u_pe_array.pe_comb[2], Q = \u_pe_array.pe_result_reg[2]).
Adding SRST signal on $flatten\u_pe_array.$procdff$1234 ($dff) from module are_ubnn_kws_top (D = $flatten\u_pe_array.$procmux$681_Y, Q = \u_pe_array.pe_result_reg[3], rval = 5'00000).
Adding EN signal on $auto$ff.cc:337:slice$1305 ($sdff) from module are_ubnn_kws_top (D = \u_pe_array.pe_comb[3], Q = \u_pe_array.pe_result_reg[3]).
Adding SRST signal on $flatten\u_pe_array.$procdff$1233 ($dff) from module are_ubnn_kws_top (D = $flatten\u_pe_array.$procmux$676_Y, Q = \u_pe_array.pe_result_reg[4], rval = 5'00000).
Adding EN signal on $auto$ff.cc:337:slice$1307 ($sdff) from module are_ubnn_kws_top (D = \u_pe_array.pe_comb[4], Q = \u_pe_array.pe_result_reg[4]).
Adding SRST signal on $flatten\u_pe_array.$procdff$1232 ($dff) from module are_ubnn_kws_top (D = $flatten\u_pe_array.$procmux$671_Y, Q = \u_pe_array.pe_result_reg[5], rval = 5'00000).
Adding EN signal on $auto$ff.cc:337:slice$1309 ($sdff) from module are_ubnn_kws_top (D = \u_pe_array.pe_comb[5], Q = \u_pe_array.pe_result_reg[5]).
Adding SRST signal on $flatten\u_pe_array.$procdff$1231 ($dff) from module are_ubnn_kws_top (D = $flatten\u_pe_array.$procmux$666_Y, Q = \u_pe_array.pe_result_reg[6], rval = 5'00000).
Adding EN signal on $auto$ff.cc:337:slice$1311 ($sdff) from module are_ubnn_kws_top (D = \u_pe_array.pe_comb[6], Q = \u_pe_array.pe_result_reg[6]).
Adding SRST signal on $flatten\u_pe_array.$procdff$1230 ($dff) from module are_ubnn_kws_top (D = $flatten\u_pe_array.$procmux$661_Y, Q = \u_pe_array.pe_result_reg[7], rval = 5'00000).
Adding EN signal on $auto$ff.cc:337:slice$1313 ($sdff) from module are_ubnn_kws_top (D = \u_pe_array.pe_comb[7], Q = \u_pe_array.pe_result_reg[7]).
Adding SRST signal on $flatten\u_pe_array.$procdff$1229 ($dff) from module are_ubnn_kws_top (D = $flatten\u_pe_array.$procmux$656_Y, Q = \u_pe_array.pe_result_reg[8], rval = 5'00000).
Adding EN signal on $auto$ff.cc:337:slice$1315 ($sdff) from module are_ubnn_kws_top (D = \u_pe_array.pe_comb[8], Q = \u_pe_array.pe_result_reg[8]).
Adding SRST signal on $flatten\u_pe_array.$procdff$1228 ($dff) from module are_ubnn_kws_top (D = $flatten\u_pe_array.$procmux$651_Y, Q = \u_pe_array.pe_result_reg[9], rval = 5'00000).
Adding EN signal on $auto$ff.cc:337:slice$1317 ($sdff) from module are_ubnn_kws_top (D = \u_pe_array.pe_comb[9], Q = \u_pe_array.pe_result_reg[9]).
Adding SRST signal on $flatten\u_pe_array.$procdff$1227 ($dff) from module are_ubnn_kws_top (D = $flatten\u_pe_array.$procmux$646_Y, Q = \u_pe_array.pe_result_reg[10], rval = 5'00000).
Adding EN signal on $auto$ff.cc:337:slice$1319 ($sdff) from module are_ubnn_kws_top (D = \u_pe_array.pe_comb[10], Q = \u_pe_array.pe_result_reg[10]).
Adding SRST signal on $flatten\u_pe_array.$procdff$1226 ($dff) from module are_ubnn_kws_top (D = $flatten\u_pe_array.$procmux$641_Y, Q = \u_pe_array.pe_result_reg[11], rval = 5'00000).
Adding EN signal on $auto$ff.cc:337:slice$1321 ($sdff) from module are_ubnn_kws_top (D = \u_pe_array.pe_comb[11], Q = \u_pe_array.pe_result_reg[11]).
Adding SRST signal on $flatten\u_pe_array.$procdff$1225 ($dff) from module are_ubnn_kws_top (D = $flatten\u_pe_array.$procmux$636_Y, Q = \u_pe_array.pe_result_reg[12], rval = 5'00000).
Adding EN signal on $auto$ff.cc:337:slice$1323 ($sdff) from module are_ubnn_kws_top (D = \u_pe_array.pe_comb[12], Q = \u_pe_array.pe_result_reg[12]).
Adding SRST signal on $flatten\u_pe_array.$procdff$1224 ($dff) from module are_ubnn_kws_top (D = $flatten\u_pe_array.$procmux$631_Y, Q = \u_pe_array.pe_result_reg[13], rval = 5'00000).
Adding EN signal on $auto$ff.cc:337:slice$1325 ($sdff) from module are_ubnn_kws_top (D = \u_pe_array.pe_comb[13], Q = \u_pe_array.pe_result_reg[13]).
Adding SRST signal on $flatten\u_pe_array.$procdff$1223 ($dff) from module are_ubnn_kws_top (D = $flatten\u_pe_array.$procmux$626_Y, Q = \u_pe_array.pe_result_reg[14], rval = 5'00000).
Adding EN signal on $auto$ff.cc:337:slice$1327 ($sdff) from module are_ubnn_kws_top (D = \u_pe_array.pe_comb[14], Q = \u_pe_array.pe_result_reg[14]).
Adding SRST signal on $flatten\u_pe_array.$procdff$1222 ($dff) from module are_ubnn_kws_top (D = $flatten\u_pe_array.$procmux$621_Y, Q = \u_pe_array.pe_result_reg[15], rval = 5'00000).
Adding EN signal on $auto$ff.cc:337:slice$1329 ($sdff) from module are_ubnn_kws_top (D = \u_pe_array.pe_comb[15], Q = \u_pe_array.pe_result_reg[15]).
Adding SRST signal on $flatten\u_accum.$procdff$1221 ($dff) from module are_ubnn_kws_top (D = $flatten\u_accum.$procmux$610_Y, Q = \u_accum.valid_out, rval = 1'0).
Adding SRST signal on $flatten\u_accum.$procdff$1220 ($dff) from module are_ubnn_kws_top (D = $flatten\u_accum.$procmux$616_Y, Q = \u_accum.accum_out, rval = 9'000000000).
Adding EN signal on $auto$ff.cc:337:slice$1332 ($sdff) from module are_ubnn_kws_top (D = \u_accum.sum_comb, Q = \u_accum.accum_out).

13.10.7. Executing OPT_CLEAN pass (remove unused cells and wires).
Finding unused cells or wires in module \are_ubnn_kws_top..
Removed 35 unused cells and 35 unused wires.
<suppressed ~36 debug messages>

13.10.8. Executing OPT_EXPR pass (perform const folding).
Optimizing module are_ubnn_kws_top.

13.10.9. Rerunning OPT passes. (Maybe there is more to do..)

13.10.10. Executing OPT_MUXTREE pass (detect dead branches in mux trees).
Running muxtree optimizer on module \are_ubnn_kws_top..
  Creating internal representation of mux trees.
  Evaluating internal representation of mux trees.
  Analyzing evaluation results.
Removed 0 multiplexer ports.
<suppressed ~44 debug messages>

13.10.11. Executing OPT_REDUCE pass (consolidate $*mux and $reduce_* inputs).
  Optimizing cells in module \are_ubnn_kws_top.
Performed a total of 0 changes.

13.10.12. Executing OPT_MERGE pass (detect identical cells).
Finding identical cells in module `\are_ubnn_kws_top'.
Computing hashes of 520 cells of `\are_ubnn_kws_top'.
Finding duplicate cells in `\are_ubnn_kws_top'.
Removed a total of 0 cells.

13.10.13. Executing OPT_DFF pass (perform DFF optimizations).

13.10.14. Executing OPT_CLEAN pass (remove unused cells and wires).
Finding unused cells or wires in module \are_ubnn_kws_top..

13.10.15. Executing OPT_EXPR pass (perform const folding).
Optimizing module are_ubnn_kws_top.

13.10.16. Finished fast OPT passes. (There is nothing left to do.)

13.11. Executing WREDUCE pass (reducing word size of cells).
Removed top 28 address bits (of 32) from memory init port are_ubnn_kws_top.$flatten\gen_enhanced_weight.u_weight_mem.$auto$proc_memwr.cc:45:proc_memwr$1258 (gen_enhanced_weight.u_weight_mem.mem).
Removed top 28 address bits (of 32) from memory init port are_ubnn_kws_top.$flatten\gen_enhanced_weight.u_weight_mem.$auto$proc_memwr.cc:45:proc_memwr$1259 (gen_enhanced_weight.u_weight_mem.mem).
Removed top 28 address bits (of 32) from memory init port are_ubnn_kws_top.$flatten\gen_enhanced_weight.u_weight_mem.$auto$proc_memwr.cc:45:proc_memwr$1260 (gen_enhanced_weight.u_weight_mem.mem).
Removed top 28 address bits (of 32) from memory init port are_ubnn_kws_top.$flatten\gen_enhanced_weight.u_weight_mem.$auto$proc_memwr.cc:45:proc_memwr$1261 (gen_enhanced_weight.u_weight_mem.mem).
Removed top 28 address bits (of 32) from memory init port are_ubnn_kws_top.$flatten\gen_enhanced_weight.u_weight_mem.$auto$proc_memwr.cc:45:proc_memwr$1262 (gen_enhanced_weight.u_weight_mem.mem).
Removed top 28 address bits (of 32) from memory init port are_ubnn_kws_top.$flatten\gen_enhanced_weight.u_weight_mem.$auto$proc_memwr.cc:45:proc_memwr$1263 (gen_enhanced_weight.u_weight_mem.mem).
Removed top 28 address bits (of 32) from memory init port are_ubnn_kws_top.$flatten\gen_enhanced_weight.u_weight_mem.$auto$proc_memwr.cc:45:proc_memwr$1264 (gen_enhanced_weight.u_weight_mem.mem).
Removed top 28 address bits (of 32) from memory init port are_ubnn_kws_top.$flatten\gen_enhanced_weight.u_weight_mem.$auto$proc_memwr.cc:45:proc_memwr$1265 (gen_enhanced_weight.u_weight_mem.mem).
Removed top 28 address bits (of 32) from memory init port are_ubnn_kws_top.$flatten\gen_enhanced_weight.u_weight_mem.$auto$proc_memwr.cc:45:proc_memwr$1266 (gen_enhanced_weight.u_weight_mem.mem).
Removed top 28 address bits (of 32) from memory init port are_ubnn_kws_top.$flatten\gen_enhanced_weight.u_weight_mem.$auto$proc_memwr.cc:45:proc_memwr$1267 (gen_enhanced_weight.u_weight_mem.mem).
Removed top 28 address bits (of 32) from memory init port are_ubnn_kws_top.$flatten\gen_enhanced_weight.u_weight_mem.$auto$proc_memwr.cc:45:proc_memwr$1268 (gen_enhanced_weight.u_weight_mem.mem).
Removed top 28 address bits (of 32) from memory init port are_ubnn_kws_top.$flatten\gen_enhanced_weight.u_weight_mem.$auto$proc_memwr.cc:45:proc_memwr$1269 (gen_enhanced_weight.u_weight_mem.mem).
Removed top 28 address bits (of 32) from memory init port are_ubnn_kws_top.$flatten\gen_enhanced_weight.u_weight_mem.$auto$proc_memwr.cc:45:proc_memwr$1270 (gen_enhanced_weight.u_weight_mem.mem).
Removed top 28 address bits (of 32) from memory init port are_ubnn_kws_top.$flatten\gen_enhanced_weight.u_weight_mem.$auto$proc_memwr.cc:45:proc_memwr$1271 (gen_enhanced_weight.u_weight_mem.mem).
Removed top 28 address bits (of 32) from memory init port are_ubnn_kws_top.$flatten\gen_enhanced_weight.u_weight_mem.$auto$proc_memwr.cc:45:proc_memwr$1272 (gen_enhanced_weight.u_weight_mem.mem).
Removed top 28 address bits (of 32) from memory init port are_ubnn_kws_top.$flatten\gen_enhanced_weight.u_weight_mem.$auto$proc_memwr.cc:45:proc_memwr$1273 (gen_enhanced_weight.u_weight_mem.mem).
Removed top 1 bits (of 5) from port B of cell are_ubnn_kws_top.$flatten\gen_enhanced_weight.u_weight_mem.\u_decoder.$procmux$746_CMP0 ($eq).
Removed top 1 bits (of 5) from port B of cell are_ubnn_kws_top.$flatten\gen_enhanced_weight.u_weight_mem.\u_decoder.$procmux$764_CMP0 ($eq).
Removed top 1 bits (of 5) from port B of cell are_ubnn_kws_top.$flatten\gen_enhanced_weight.u_weight_mem.\u_decoder.$procmux$784_CMP0 ($eq).
Removed top 1 bits (of 5) from port B of cell are_ubnn_kws_top.$flatten\gen_enhanced_weight.u_weight_mem.\u_decoder.$procmux$806_CMP0 ($eq).
Removed top 2 bits (of 5) from port B of cell are_ubnn_kws_top.$flatten\gen_enhanced_weight.u_weight_mem.\u_decoder.$procmux$830_CMP0 ($eq).
Removed top 2 bits (of 5) from port B of cell are_ubnn_kws_top.$flatten\gen_enhanced_weight.u_weight_mem.\u_decoder.$procmux$856_CMP0 ($eq).
Removed top 3 bits (of 5) from port B of cell are_ubnn_kws_top.$flatten\gen_enhanced_weight.u_weight_mem.\u_decoder.$procmux$884_CMP0 ($eq).
Removed top 1 bits (of 5) from port B of cell are_ubnn_kws_top.$flatten\gen_enhanced_weight.u_weight_mem.\u_decoder.$procmux$925_CMP0 ($eq).
Removed top 1 bits (of 5) from port B of cell are_ubnn_kws_top.$flatten\gen_enhanced_weight.u_weight_mem.\u_decoder.$procmux$946_CMP0 ($eq).
Removed top 2 bits (of 5) from port B of cell are_ubnn_kws_top.$flatten\gen_enhanced_weight.u_weight_mem.\u_decoder.$procmux$971_CMP0 ($eq).
Removed top 4 bits (of 5) from port B of cell are_ubnn_kws_top.$flatten\gen_enhanced_weight.u_weight_mem.\u_decoder.$procmux$1000_CMP0 ($eq).
Removed top 1 bits (of 5) from port B of cell are_ubnn_kws_top.$flatten\gen_enhanced_weight.u_weight_mem.\u_decoder.$procmux$1015_CMP0 ($eq).
Removed top 2 bits (of 5) from port B of cell are_ubnn_kws_top.$flatten\gen_enhanced_weight.u_weight_mem.\u_decoder.$procmux$1038_CMP0 ($eq).
Removed top 3 bits (of 5) from port B of cell are_ubnn_kws_top.$flatten\gen_enhanced_weight.u_weight_mem.\u_decoder.$procmux$1075_CMP0 ($eq).
Removed top 1 bits (of 5) from port B of cell are_ubnn_kws_top.$flatten\gen_enhanced_weight.u_weight_mem.\u_decoder.$procmux$1094_CMP0 ($eq).
Removed top 4 bits (of 9) from port B of cell are_ubnn_kws_top.$flatten\u_accum.$add$E:/Are_UBNN_KWS/self/scripts/../src/baseline/accumulator.sv:62$525 ($add).
Removed top 4 bits (of 9) from port B of cell are_ubnn_kws_top.$flatten\u_accum.$add$E:/Are_UBNN_KWS/self/scripts/../src/baseline/accumulator.sv:62$524 ($add).
Removed top 4 bits (of 9) from port B of cell are_ubnn_kws_top.$flatten\u_accum.$add$E:/Are_UBNN_KWS/self/scripts/../src/baseline/accumulator.sv:62$523 ($add).
Removed top 4 bits (of 9) from port B of cell are_ubnn_kws_top.$flatten\u_accum.$add$E:/Are_UBNN_KWS/self/scripts/../src/baseline/accumulator.sv:62$522 ($add).
Removed top 4 bits (of 9) from port B of cell are_ubnn_kws_top.$flatten\u_accum.$add$E:/Are_UBNN_KWS/self/scripts/../src/baseline/accumulator.sv:62$521 ($add).
Removed top 4 bits (of 9) from port B of cell are_ubnn_kws_top.$flatten\u_accum.$add$E:/Are_UBNN_KWS/self/scripts/../src/baseline/accumulator.sv:62$520 ($add).
Removed top 4 bits (of 9) from port B of cell are_ubnn_kws_top.$flatten\u_accum.$add$E:/Are_UBNN_KWS/self/scripts/../src/baseline/accumulator.sv:62$519 ($add).
Removed top 4 bits (of 9) from port B of cell are_ubnn_kws_top.$flatten\u_accum.$add$E:/Are_UBNN_KWS/self/scripts/../src/baseline/accumulator.sv:62$518 ($add).
Removed top 4 bits (of 9) from port B of cell are_ubnn_kws_top.$flatten\u_accum.$add$E:/Are_UBNN_KWS/self/scripts/../src/baseline/accumulator.sv:62$517 ($add).
Removed top 4 bits (of 9) from port B of cell are_ubnn_kws_top.$flatten\u_accum.$add$E:/Are_UBNN_KWS/self/scripts/../src/baseline/accumulator.sv:62$516 ($add).
Removed top 4 bits (of 9) from port B of cell are_ubnn_kws_top.$flatten\u_accum.$add$E:/Are_UBNN_KWS/self/scripts/../src/baseline/accumulator.sv:62$515 ($add).
Removed top 4 bits (of 9) from port B of cell are_ubnn_kws_top.$flatten\u_accum.$add$E:/Are_UBNN_KWS/self/scripts/../src/baseline/accumulator.sv:62$514 ($add).
Removed top 4 bits (of 9) from port B of cell are_ubnn_kws_top.$flatten\u_accum.$add$E:/Are_UBNN_KWS/self/scripts/../src/baseline/accumulator.sv:62$513 ($add).
Removed top 4 bits (of 9) from port B of cell are_ubnn_kws_top.$flatten\u_accum.$add$E:/Are_UBNN_KWS/self/scripts/../src/baseline/accumulator.sv:62$512 ($add).
Removed top 4 bits (of 9) from port A of cell are_ubnn_kws_top.$flatten\u_accum.$add$E:/Are_UBNN_KWS/self/scripts/../src/baseline/accumulator.sv:62$511 ($add).
Removed top 4 bits (of 9) from port B of cell are_ubnn_kws_top.$flatten\u_accum.$add$E:/Are_UBNN_KWS/self/scripts/../src/baseline/accumulator.sv:62$511 ($add).
Removed top 3 bits (of 9) from port Y of cell are_ubnn_kws_top.$flatten\u_accum.$add$E:/Are_UBNN_KWS/self/scripts/../src/baseline/accumulator.sv:62$511 ($add).
Removed top 4 bits (of 5) from port B of cell are_ubnn_kws_top.$flatten\u_pe_array.\gen_pe[15].u_pe.\u_popcount.$add$E:/Are_UBNN_KWS/self/scripts/../src/compute/popcount.sv:62$314 ($add).
Removed top 4 bits (of 5) from port B of cell are_ubnn_kws_top.$flatten\u_pe_array.\gen_pe[15].u_pe.\u_popcount.$add$E:/Are_UBNN_KWS/self/scripts/../src/compute/popcount.sv:62$313 ($add).
Removed top 4 bits (of 5) from port B of cell are_ubnn_kws_top.$flatten\u_pe_array.\gen_pe[15].u_pe.\u_popcount.$add$E:/Are_UBNN_KWS/self/scripts/../src/compute/popcount.sv:62$312 ($add).
Removed top 4 bits (of 5) from port B of cell are_ubnn_kws_top.$flatten\u_pe_array.\gen_pe[15].u_pe.\u_popcount.$add$E:/Are_UBNN_KWS/self/scripts/../src/compute/popcount.sv:62$311 ($add).
Removed top 4 bits (of 5) from port B of cell are_ubnn_kws_top.$flatten\u_pe_array.\gen_pe[15].u_pe.\u_popcount.$add$E:/Are_UBNN_KWS/self/scripts/../src/compute/popcount.sv:62$310 ($add).
Removed top 4 bits (of 5) from port B of cell are_ubnn_kws_top.$flatten\u_pe_array.\gen_pe[15].u_pe.\u_popcount.$add$E:/Are_UBNN_KWS/self/scripts/../src/compute/popcount.sv:62$309 ($add).
Removed top 4 bits (of 5) from port B of cell are_ubnn_kws_top.$flatten\u_pe_array.\gen_pe[15].u_pe.\u_popcount.$add$E:/Are_UBNN_KWS/self/scripts/../src/compute/popcount.sv:62$308 ($add).
Removed top 4 bits (of 5) from port B of cell are_ubnn_kws_top.$flatten\u_pe_array.\gen_pe[15].u_pe.\u_popcount.$add$E:/Are_UBNN_KWS/self/scripts/../src/compute/popcount.sv:62$307 ($add).
Removed top 4 bits (of 5) from port B of cell are_ubnn_kws_top.$flatten\u_pe_array.\gen_pe[15].u_pe.\u_popcount.$add$E:/Are_UBNN_KWS/self/scripts/../src/compute/popcount.sv:62$306 ($add).
Removed top 4 bits (of 5) from port B of cell are_ubnn_kws_top.$flatten\u_pe_array.\gen_pe[15].u_pe.\u_popcount.$add$E:/Are_UBNN_KWS/self/scripts/../src/compute/popcount.sv:62$305 ($add).
Removed top 4 bits (of 5) from port B of cell are_ubnn_kws_top.$flatten\u_pe_array.\gen_pe[15].u_pe.\u_popcount.$add$E:/Are_UBNN_KWS/self/scripts/../src/compute/popcount.sv:62$304 ($add).
Removed top 4 bits (of 5) from port B of cell are_ubnn_kws_top.$flatten\u_pe_array.\gen_pe[15].u_pe.\u_popcount.$add$E:/Are_UBNN_KWS/self/scripts/../src/compute/popcount.sv:62$303 ($add).
Removed top 4 bits (of 5) from port B of cell are_ubnn_kws_top.$flatten\u_pe_array.\gen_pe[15].u_pe.\u_popcount.$add$E:/Are_UBNN_KWS/self/scripts/../src/compute/popcount.sv:62$302 ($add).
Removed top 4 bits (of 5) from port B of cell are_ubnn_kws_top.$flatten\u_pe_array.\gen_pe[15].u_pe.\u_popcount.$add$E:/Are_UBNN_KWS/self/scripts/../src/compute/popcount.sv:62$301 ($add).
Removed top 4 bits (of 5) from port A of cell are_ubnn_kws_top.$flatten\u_pe_array.\gen_pe[15].u_pe.\u_popcount.$add$E:/Are_UBNN_KWS/self/scripts/../src/compute/popcount.sv:62$300 ($add).
Removed top 4 bits (of 5) from port B of cell are_ubnn_kws_top.$flatten\u_pe_array.\gen_pe[15].u_pe.\u_popcount.$add$E:/Are_UBNN_KWS/self/scripts/../src/compute/popcount.sv:62$300 ($add).
Removed top 3 bits (of 5) from port Y of cell are_ubnn_kws_top.$flatten\u_pe_array.\gen_pe[15].u_pe.\u_popcount.$add$E:/Are_UBNN_KWS/self/scripts/../src/compute/popcount.sv:62$300 ($add).
Removed top 4 bits (of 5) from port B of cell are_ubnn_kws_top.$flatten\u_pe_array.\gen_pe[14].u_pe.\u_popcount.$add$E:/Are_UBNN_KWS/self/scripts/../src/compute/popcount.sv:62$314 ($add).
Removed top 4 bits (of 5) from port B of cell are_ubnn_kws_top.$flatten\u_pe_array.\gen_pe[14].u_pe.\u_popcount.$add$E:/Are_UBNN_KWS/self/scripts/../src/compute/popcount.sv:62$313 ($add).
Removed top 4 bits (of 5) from port B of cell are_ubnn_kws_top.$flatten\u_pe_array.\gen_pe[14].u_pe.\u_popcount.$add$E:/Are_UBNN_KWS/self/scripts/../src/compute/popcount.sv:62$312 ($add).
Removed top 4 bits (of 5) from port B of cell are_ubnn_kws_top.$flatten\u_pe_array.\gen_pe[14].u_pe.\u_popcount.$add$E:/Are_UBNN_KWS/self/scripts/../src/compute/popcount.sv:62$311 ($add).
Removed top 4 bits (of 5) from port B of cell are_ubnn_kws_top.$flatten\u_pe_array.\gen_pe[14].u_pe.\u_popcount.$add$E:/Are_UBNN_KWS/self/scripts/../src/compute/popcount.sv:62$310 ($add).
Removed top 4 bits (of 5) from port B of cell are_ubnn_kws_top.$flatten\u_pe_array.\gen_pe[14].u_pe.\u_popcount.$add$E:/Are_UBNN_KWS/self/scripts/../src/compute/popcount.sv:62$309 ($add).
Removed top 4 bits (of 5) from port B of cell are_ubnn_kws_top.$flatten\u_pe_array.\gen_pe[14].u_pe.\u_popcount.$add$E:/Are_UBNN_KWS/self/scripts/../src/compute/popcount.sv:62$308 ($add).
Removed top 4 bits (of 5) from port B of cell are_ubnn_kws_top.$flatten\u_pe_array.\gen_pe[14].u_pe.\u_popcount.$add$E:/Are_UBNN_KWS/self/scripts/../src/compute/popcount.sv:62$307 ($add).
Removed top 4 bits (of 5) from port B of cell are_ubnn_kws_top.$flatten\u_pe_array.\gen_pe[14].u_pe.\u_popcount.$add$E:/Are_UBNN_KWS/self/scripts/../src/compute/popcount.sv:62$306 ($add).
Removed top 4 bits (of 5) from port B of cell are_ubnn_kws_top.$flatten\u_pe_array.\gen_pe[14].u_pe.\u_popcount.$add$E:/Are_UBNN_KWS/self/scripts/../src/compute/popcount.sv:62$305 ($add).
Removed top 4 bits (of 5) from port B of cell are_ubnn_kws_top.$flatten\u_pe_array.\gen_pe[14].u_pe.\u_popcount.$add$E:/Are_UBNN_KWS/self/scripts/../src/compute/popcount.sv:62$304 ($add).
Removed top 4 bits (of 5) from port B of cell are_ubnn_kws_top.$flatten\u_pe_array.\gen_pe[14].u_pe.\u_popcount.$add$E:/Are_UBNN_KWS/self/scripts/../src/compute/popcount.sv:62$303 ($add).
Removed top 4 bits (of 5) from port B of cell are_ubnn_kws_top.$flatten\u_pe_array.\gen_pe[14].u_pe.\u_popcount.$add$E:/Are_UBNN_KWS/self/scripts/../src/compute/popcount.sv:62$302 ($add).
Removed top 4 bits (of 5) from port B of cell are_ubnn_kws_top.$flatten\u_pe_array.\gen_pe[14].u_pe.\u_popcount.$add$E:/Are_UBNN_KWS/self/scripts/../src/compute/popcount.sv:62$301 ($add).
Removed top 4 bits (of 5) from port A of cell are_ubnn_kws_top.$flatten\u_pe_array.\gen_pe[14].u_pe.\u_popcount.$add$E:/Are_UBNN_KWS/self/scripts/../src/compute/popcount.sv:62$300 ($add).
Removed top 4 bits (of 5) from port B of cell are_ubnn_kws_top.$flatten\u_pe_array.\gen_pe[14].u_pe.\u_popcount.$add$E:/Are_UBNN_KWS/self/scripts/../src/compute/popcount.sv:62$300 ($add).
Removed top 3 bits (of 5) from port Y of cell are_ubnn_kws_top.$flatten\u_pe_array.\gen_pe[14].u_pe.\u_popcount.$add$E:/Are_UBNN_KWS/self/scripts/../src/compute/popcount.sv:62$300 ($add).
Removed top 4 bits (of 5) from port B of cell are_ubnn_kws_top.$flatten\u_pe_array.\gen_pe[13].u_pe.\u_popcount.$add$E:/Are_UBNN_KWS/self/scripts/../src/compute/popcount.sv:62$314 ($add).
Removed top 4 bits (of 5) from port B of cell are_ubnn_kws_top.$flatten\u_pe_array.\gen_pe[13].u_pe.\u_popcount.$add$E:/Are_UBNN_KWS/self/scripts/../src/compute/popcount.sv:62$313 ($add).
Removed top 4 bits (of 5) from port B of cell are_ubnn_kws_top.$flatten\u_pe_array.\gen_pe[13].u_pe.\u_popcount.$add$E:/Are_UBNN_KWS/self/scripts/../src/compute/popcount.sv:62$312 ($add).
Removed top 4 bits (of 5) from port B of cell are_ubnn_kws_top.$flatten\u_pe_array.\gen_pe[13].u_pe.\u_popcount.$add$E:/Are_UBNN_KWS/self/scripts/../src/compute/popcount.sv:62$311 ($add).
Removed top 4 bits (of 5) from port B of cell are_ubnn_kws_top.$flatten\u_pe_array.\gen_pe[13].u_pe.\u_popcount.$add$E:/Are_UBNN_KWS/self/scripts/../src/compute/popcount.sv:62$310 ($add).
Removed top 4 bits (of 5) from port B of cell are_ubnn_kws_top.$flatten\u_pe_array.\gen_pe[13].u_pe.\u_popcount.$add$E:/Are_UBNN_KWS/self/scripts/../src/compute/popcount.sv:62$309 ($add).
Removed top 4 bits (of 5) from port B of cell are_ubnn_kws_top.$flatten\u_pe_array.\gen_pe[13].u_pe.\u_popcount.$add$E:/Are_UBNN_KWS/self/scripts/../src/compute/popcount.sv:62$308 ($add).
Removed top 4 bits (of 5) from port B of cell are_ubnn_kws_top.$flatten\u_pe_array.\gen_pe[13].u_pe.\u_popcount.$add$E:/Are_UBNN_KWS/self/scripts/../src/compute/popcount.sv:62$307 ($add).
Removed top 4 bits (of 5) from port B of cell are_ubnn_kws_top.$flatten\u_pe_array.\gen_pe[13].u_pe.\u_popcount.$add$E:/Are_UBNN_KWS/self/scripts/../src/compute/popcount.sv:62$306 ($add).
Removed top 4 bits (of 5) from port B of cell are_ubnn_kws_top.$flatten\u_pe_array.\gen_pe[13].u_pe.\u_popcount.$add$E:/Are_UBNN_KWS/self/scripts/../src/compute/popcount.sv:62$305 ($add).
Removed top 4 bits (of 5) from port B of cell are_ubnn_kws_top.$flatten\u_pe_array.\gen_pe[13].u_pe.\u_popcount.$add$E:/Are_UBNN_KWS/self/scripts/../src/compute/popcount.sv:62$304 ($add).
Removed top 4 bits (of 5) from port B of cell are_ubnn_kws_top.$flatten\u_pe_array.\gen_pe[13].u_pe.\u_popcount.$add$E:/Are_UBNN_KWS/self/scripts/../src/compute/popcount.sv:62$303 ($add).
Removed top 4 bits (of 5) from port B of cell are_ubnn_kws_top.$flatten\u_pe_array.\gen_pe[13].u_pe.\u_popcount.$add$E:/Are_UBNN_KWS/self/scripts/../src/compute/popcount.sv:62$302 ($add).
Removed top 4 bits (of 5) from port B of cell are_ubnn_kws_top.$flatten\u_pe_array.\gen_pe[13].u_pe.\u_popcount.$add$E:/Are_UBNN_KWS/self/scripts/../src/compute/popcount.sv:62$301 ($add).
Removed top 4 bits (of 5) from port A of cell are_ubnn_kws_top.$flatten\u_pe_array.\gen_pe[13].u_pe.\u_popcount.$add$E:/Are_UBNN_KWS/self/scripts/../src/compute/popcount.sv:62$300 ($add).
Removed top 4 bits (of 5) from port B of cell are_ubnn_kws_top.$flatten\u_pe_array.\gen_pe[13].u_pe.\u_popcount.$add$E:/Are_UBNN_KWS/self/scripts/../src/compute/popcount.sv:62$300 ($add).
Removed top 3 bits (of 5) from port Y of cell are_ubnn_kws_top.$flatten\u_pe_array.\gen_pe[13].u_pe.\u_popcount.$add$E:/Are_UBNN_KWS/self/scripts/../src/compute/popcount.sv:62$300 ($add).
Removed top 4 bits (of 5) from port B of cell are_ubnn_kws_top.$flatten\u_pe_array.\gen_pe[12].u_pe.\u_popcount.$add$E:/Are_UBNN_KWS/self/scripts/../src/compute/popcount.sv:62$314 ($add).
Removed top 4 bits (of 5) from port B of cell are_ubnn_kws_top.$flatten\u_pe_array.\gen_pe[12].u_pe.\u_popcount.$add$E:/Are_UBNN_KWS/self/scripts/../src/compute/popcount.sv:62$313 ($add).
Removed top 4 bits (of 5) from port B of cell are_ubnn_kws_top.$flatten\u_pe_array.\gen_pe[12].u_pe.\u_popcount.$add$E:/Are_UBNN_KWS/self/scripts/../src/compute/popcount.sv:62$312 ($add).
Removed top 4 bits (of 5) from port B of cell are_ubnn_kws_top.$flatten\u_pe_array.\gen_pe[12].u_pe.\u_popcount.$add$E:/Are_UBNN_KWS/self/scripts/../src/compute/popcount.sv:62$311 ($add).
Removed top 4 bits (of 5) from port B of cell are_ubnn_kws_top.$flatten\u_pe_array.\gen_pe[12].u_pe.\u_popcount.$add$E:/Are_UBNN_KWS/self/scripts/../src/compute/popcount.sv:62$310 ($add).
Removed top 4 bits (of 5) from port B of cell are_ubnn_kws_top.$flatten\u_pe_array.\gen_pe[12].u_pe.\u_popcount.$add$E:/Are_UBNN_KWS/self/scripts/../src/compute/popcount.sv:62$309 ($add).
Removed top 4 bits (of 5) from port B of cell are_ubnn_kws_top.$flatten\u_pe_array.\gen_pe[12].u_pe.\u_popcount.$add$E:/Are_UBNN_KWS/self/scripts/../src/compute/popcount.sv:62$308 ($add).
Removed top 4 bits (of 5) from port B of cell are_ubnn_kws_top.$flatten\u_pe_array.\gen_pe[12].u_pe.\u_popcount.$add$E:/Are_UBNN_KWS/self/scripts/../src/compute/popcount.sv:62$307 ($add).
Removed top 4 bits (of 5) from port B of cell are_ubnn_kws_top.$flatten\u_pe_array.\gen_pe[12].u_pe.\u_popcount.$add$E:/Are_UBNN_KWS/self/scripts/../src/compute/popcount.sv:62$306 ($add).
Removed top 4 bits (of 5) from port B of cell are_ubnn_kws_top.$flatten\u_pe_array.\gen_pe[12].u_pe.\u_popcount.$add$E:/Are_UBNN_KWS/self/scripts/../src/compute/popcount.sv:62$305 ($add).
Removed top 4 bits (of 5) from port B of cell are_ubnn_kws_top.$flatten\u_pe_array.\gen_pe[12].u_pe.\u_popcount.$add$E:/Are_UBNN_KWS/self/scripts/../src/compute/popcount.sv:62$304 ($add).
Removed top 4 bits (of 5) from port B of cell are_ubnn_kws_top.$flatten\u_pe_array.\gen_pe[12].u_pe.\u_popcount.$add$E:/Are_UBNN_KWS/self/scripts/../src/compute/popcount.sv:62$303 ($add).
Removed top 4 bits (of 5) from port B of cell are_ubnn_kws_top.$flatten\u_pe_array.\gen_pe[12].u_pe.\u_popcount.$add$E:/Are_UBNN_KWS/self/scripts/../src/compute/popcount.sv:62$302 ($add).
Removed top 4 bits (of 5) from port B of cell are_ubnn_kws_top.$flatten\u_pe_array.\gen_pe[12].u_pe.\u_popcount.$add$E:/Are_UBNN_KWS/self/scripts/../src/compute/popcount.sv:62$301 ($add).
Removed top 4 bits (of 5) from port A of cell are_ubnn_kws_top.$flatten\u_pe_array.\gen_pe[12].u_pe.\u_popcount.$add$E:/Are_UBNN_KWS/self/scripts/../src/compute/popcount.sv:62$300 ($add).
Removed top 4 bits (of 5) from port B of cell are_ubnn_kws_top.$flatten\u_pe_array.\gen_pe[12].u_pe.\u_popcount.$add$E:/Are_UBNN_KWS/self/scripts/../src/compute/popcount.sv:62$300 ($add).
Removed top 3 bits (of 5) from port Y of cell are_ubnn_kws_top.$flatten\u_pe_array.\gen_pe[12].u_pe.\u_popcount.$add$E:/Are_UBNN_KWS/self/scripts/../src/compute/popcount.sv:62$300 ($add).
Removed top 4 bits (of 5) from port B of cell are_ubnn_kws_top.$flatten\u_pe_array.\gen_pe[11].u_pe.\u_popcount.$add$E:/Are_UBNN_KWS/self/scripts/../src/compute/popcount.sv:62$314 ($add).
Removed top 4 bits (of 5) from port B of cell are_ubnn_kws_top.$flatten\u_pe_array.\gen_pe[11].u_pe.\u_popcount.$add$E:/Are_UBNN_KWS/self/scripts/../src/compute/popcount.sv:62$313 ($add).
Removed top 4 bits (of 5) from port B of cell are_ubnn_kws_top.$flatten\u_pe_array.\gen_pe[11].u_pe.\u_popcount.$add$E:/Are_UBNN_KWS/self/scripts/../src/compute/popcount.sv:62$312 ($add).
Removed top 4 bits (of 5) from port B of cell are_ubnn_kws_top.$flatten\u_pe_array.\gen_pe[11].u_pe.\u_popcount.$add$E:/Are_UBNN_KWS/self/scripts/../src/compute/popcount.sv:62$311 ($add).
Removed top 4 bits (of 5) from port B of cell are_ubnn_kws_top.$flatten\u_pe_array.\gen_pe[11].u_pe.\u_popcount.$add$E:/Are_UBNN_KWS/self/scripts/../src/compute/popcount.sv:62$310 ($add).
Removed top 4 bits (of 5) from port B of cell are_ubnn_kws_top.$flatten\u_pe_array.\gen_pe[11].u_pe.\u_popcount.$add$E:/Are_UBNN_KWS/self/scripts/../src/compute/popcount.sv:62$309 ($add).
Removed top 4 bits (of 5) from port B of cell are_ubnn_kws_top.$flatten\u_pe_array.\gen_pe[11].u_pe.\u_popcount.$add$E:/Are_UBNN_KWS/self/scripts/../src/compute/popcount.sv:62$308 ($add).
Removed top 4 bits (of 5) from port B of cell are_ubnn_kws_top.$flatten\u_pe_array.\gen_pe[11].u_pe.\u_popcount.$add$E:/Are_UBNN_KWS/self/scripts/../src/compute/popcount.sv:62$307 ($add).
Removed top 4 bits (of 5) from port B of cell are_ubnn_kws_top.$flatten\u_pe_array.\gen_pe[11].u_pe.\u_popcount.$add$E:/Are_UBNN_KWS/self/scripts/../src/compute/popcount.sv:62$306 ($add).
Removed top 4 bits (of 5) from port B of cell are_ubnn_kws_top.$flatten\u_pe_array.\gen_pe[11].u_pe.\u_popcount.$add$E:/Are_UBNN_KWS/self/scripts/../src/compute/popcount.sv:62$305 ($add).
Removed top 4 bits (of 5) from port B of cell are_ubnn_kws_top.$flatten\u_pe_array.\gen_pe[11].u_pe.\u_popcount.$add$E:/Are_UBNN_KWS/self/scripts/../src/compute/popcount.sv:62$304 ($add).
Removed top 4 bits (of 5) from port B of cell are_ubnn_kws_top.$flatten\u_pe_array.\gen_pe[11].u_pe.\u_popcount.$add$E:/Are_UBNN_KWS/self/scripts/../src/compute/popcount.sv:62$303 ($add).
Removed top 4 bits (of 5) from port B of cell are_ubnn_kws_top.$flatten\u_pe_array.\gen_pe[11].u_pe.\u_popcount.$add$E:/Are_UBNN_KWS/self/scripts/../src/compute/popcount.sv:62$302 ($add).
Removed top 4 bits (of 5) from port B of cell are_ubnn_kws_top.$flatten\u_pe_array.\gen_pe[11].u_pe.\u_popcount.$add$E:/Are_UBNN_KWS/self/scripts/../src/compute/popcount.sv:62$301 ($add).
Removed top 4 bits (of 5) from port A of cell are_ubnn_kws_top.$flatten\u_pe_array.\gen_pe[11].u_pe.\u_popcount.$add$E:/Are_UBNN_KWS/self/scripts/../src/compute/popcount.sv:62$300 ($add).
Removed top 4 bits (of 5) from port B of cell are_ubnn_kws_top.$flatten\u_pe_array.\gen_pe[11].u_pe.\u_popcount.$add$E:/Are_UBNN_KWS/self/scripts/../src/compute/popcount.sv:62$300 ($add).
Removed top 3 bits (of 5) from port Y of cell are_ubnn_kws_top.$flatten\u_pe_array.\gen_pe[11].u_pe.\u_popcount.$add$E:/Are_UBNN_KWS/self/scripts/../src/compute/popcount.sv:62$300 ($add).
Removed top 4 bits (of 5) from port B of cell are_ubnn_kws_top.$flatten\u_pe_array.\gen_pe[10].u_pe.\u_popcount.$add$E:/Are_UBNN_KWS/self/scripts/../src/compute/popcount.sv:62$314 ($add).
Removed top 4 bits (of 5) from port B of cell are_ubnn_kws_top.$flatten\u_pe_array.\gen_pe[10].u_pe.\u_popcount.$add$E:/Are_UBNN_KWS/self/scripts/../src/compute/popcount.sv:62$313 ($add).
Removed top 4 bits (of 5) from port B of cell are_ubnn_kws_top.$flatten\u_pe_array.\gen_pe[10].u_pe.\u_popcount.$add$E:/Are_UBNN_KWS/self/scripts/../src/compute/popcount.sv:62$312 ($add).
Removed top 4 bits (of 5) from port B of cell are_ubnn_kws_top.$flatten\u_pe_array.\gen_pe[10].u_pe.\u_popcount.$add$E:/Are_UBNN_KWS/self/scripts/../src/compute/popcount.sv:62$311 ($add).
Removed top 4 bits (of 5) from port B of cell are_ubnn_kws_top.$flatten\u_pe_array.\gen_pe[10].u_pe.\u_popcount.$add$E:/Are_UBNN_KWS/self/scripts/../src/compute/popcount.sv:62$310 ($add).
Removed top 4 bits (of 5) from port B of cell are_ubnn_kws_top.$flatten\u_pe_array.\gen_pe[10].u_pe.\u_popcount.$add$E:/Are_UBNN_KWS/self/scripts/../src/compute/popcount.sv:62$309 ($add).
Removed top 4 bits (of 5) from port B of cell are_ubnn_kws_top.$flatten\u_pe_array.\gen_pe[10].u_pe.\u_popcount.$add$E:/Are_UBNN_KWS/self/scripts/../src/compute/popcount.sv:62$308 ($add).
Removed top 4 bits (of 5) from port B of cell are_ubnn_kws_top.$flatten\u_pe_array.\gen_pe[10].u_pe.\u_popcount.$add$E:/Are_UBNN_KWS/self/scripts/../src/compute/popcount.sv:62$307 ($add).
Removed top 4 bits (of 5) from port B of cell are_ubnn_kws_top.$flatten\u_pe_array.\gen_pe[10].u_pe.\u_popcount.$add$E:/Are_UBNN_KWS/self/scripts/../src/compute/popcount.sv:62$306 ($add).
Removed top 4 bits (of 5) from port B of cell are_ubnn_kws_top.$flatten\u_pe_array.\gen_pe[10].u_pe.\u_popcount.$add$E:/Are_UBNN_KWS/self/scripts/../src/compute/popcount.sv:62$305 ($add).
Removed top 4 bits (of 5) from port B of cell are_ubnn_kws_top.$flatten\u_pe_array.\gen_pe[10].u_pe.\u_popcount.$add$E:/Are_UBNN_KWS/self/scripts/../src/compute/popcount.sv:62$304 ($add).
Removed top 4 bits (of 5) from port B of cell are_ubnn_kws_top.$flatten\u_pe_array.\gen_pe[10].u_pe.\u_popcount.$add$E:/Are_UBNN_KWS/self/scripts/../src/compute/popcount.sv:62$303 ($add).
Removed top 4 bits (of 5) from port B of cell are_ubnn_kws_top.$flatten\u_pe_array.\gen_pe[10].u_pe.\u_popcount.$add$E:/Are_UBNN_KWS/self/scripts/../src/compute/popcount.sv:62$302 ($add).
Removed top 4 bits (of 5) from port B of cell are_ubnn_kws_top.$flatten\u_pe_array.\gen_pe[10].u_pe.\u_popcount.$add$E:/Are_UBNN_KWS/self/scripts/../src/compute/popcount.sv:62$301 ($add).
Removed top 4 bits (of 5) from port A of cell are_ubnn_kws_top.$flatten\u_pe_array.\gen_pe[10].u_pe.\u_popcount.$add$E:/Are_UBNN_KWS/self/scripts/../src/compute/popcount.sv:62$300 ($add).
Removed top 4 bits (of 5) from port B of cell are_ubnn_kws_top.$flatten\u_pe_array.\gen_pe[10].u_pe.\u_popcount.$add$E:/Are_UBNN_KWS/self/scripts/../src/compute/popcount.sv:62$300 ($add).
Removed top 3 bits (of 5) from port Y of cell are_ubnn_kws_top.$flatten\u_pe_array.\gen_pe[10].u_pe.\u_popcount.$add$E:/Are_UBNN_KWS/self/scripts/../src/compute/popcount.sv:62$300 ($add).
Removed top 4 bits (of 5) from port B of cell are_ubnn_kws_top.$flatten\u_pe_array.\gen_pe[9].u_pe.\u_popcount.$add$E:/Are_UBNN_KWS/self/scripts/../src/compute/popcount.sv:62$314 ($add).
Removed top 4 bits (of 5) from port B of cell are_ubnn_kws_top.$flatten\u_pe_array.\gen_pe[9].u_pe.\u_popcount.$add$E:/Are_UBNN_KWS/self/scripts/../src/compute/popcount.sv:62$313 ($add).
Removed top 4 bits (of 5) from port B of cell are_ubnn_kws_top.$flatten\u_pe_array.\gen_pe[9].u_pe.\u_popcount.$add$E:/Are_UBNN_KWS/self/scripts/../src/compute/popcount.sv:62$312 ($add).
Removed top 4 bits (of 5) from port B of cell are_ubnn_kws_top.$flatten\u_pe_array.\gen_pe[9].u_pe.\u_popcount.$add$E:/Are_UBNN_KWS/self/scripts/../src/compute/popcount.sv:62$311 ($add).
Removed top 4 bits (of 5) from port B of cell are_ubnn_kws_top.$flatten\u_pe_array.\gen_pe[9].u_pe.\u_popcount.$add$E:/Are_UBNN_KWS/self/scripts/../src/compute/popcount.sv:62$310 ($add).
Removed top 4 bits (of 5) from port B of cell are_ubnn_kws_top.$flatten\u_pe_array.\gen_pe[9].u_pe.\u_popcount.$add$E:/Are_UBNN_KWS/self/scripts/../src/compute/popcount.sv:62$309 ($add).
Removed top 4 bits (of 5) from port B of cell are_ubnn_kws_top.$flatten\u_pe_array.\gen_pe[9].u_pe.\u_popcount.$add$E:/Are_UBNN_KWS/self/scripts/../src/compute/popcount.sv:62$308 ($add).
Removed top 4 bits (of 5) from port B of cell are_ubnn_kws_top.$flatten\u_pe_array.\gen_pe[9].u_pe.\u_popcount.$add$E:/Are_UBNN_KWS/self/scripts/../src/compute/popcount.sv:62$307 ($add).
Removed top 4 bits (of 5) from port B of cell are_ubnn_kws_top.$flatten\u_pe_array.\gen_pe[9].u_pe.\u_popcount.$add$E:/Are_UBNN_KWS/self/scripts/../src/compute/popcount.sv:62$306 ($add).
Removed top 4 bits (of 5) from port B of cell are_ubnn_kws_top.$flatten\u_pe_array.\gen_pe[9].u_pe.\u_popcount.$add$E:/Are_UBNN_KWS/self/scripts/../src/compute/popcount.sv:62$305 ($add).
Removed top 4 bits (of 5) from port B of cell are_ubnn_kws_top.$flatten\u_pe_array.\gen_pe[9].u_pe.\u_popcount.$add$E:/Are_UBNN_KWS/self/scripts/../src/compute/popcount.sv:62$304 ($add).
Removed top 4 bits (of 5) from port B of cell are_ubnn_kws_top.$flatten\u_pe_array.\gen_pe[9].u_pe.\u_popcount.$add$E:/Are_UBNN_KWS/self/scripts/../src/compute/popcount.sv:62$303 ($add).
Removed top 4 bits (of 5) from port B of cell are_ubnn_kws_top.$flatten\u_pe_array.\gen_pe[9].u_pe.\u_popcount.$add$E:/Are_UBNN_KWS/self/scripts/../src/compute/popcount.sv:62$302 ($add).
Removed top 4 bits (of 5) from port B of cell are_ubnn_kws_top.$flatten\u_pe_array.\gen_pe[9].u_pe.\u_popcount.$add$E:/Are_UBNN_KWS/self/scripts/../src/compute/popcount.sv:62$301 ($add).
Removed top 4 bits (of 5) from port A of cell are_ubnn_kws_top.$flatten\u_pe_array.\gen_pe[9].u_pe.\u_popcount.$add$E:/Are_UBNN_KWS/self/scripts/../src/compute/popcount.sv:62$300 ($add).
Removed top 4 bits (of 5) from port B of cell are_ubnn_kws_top.$flatten\u_pe_array.\gen_pe[9].u_pe.\u_popcount.$add$E:/Are_UBNN_KWS/self/scripts/../src/compute/popcount.sv:62$300 ($add).
Removed top 3 bits (of 5) from port Y of cell are_ubnn_kws_top.$flatten\u_pe_array.\gen_pe[9].u_pe.\u_popcount.$add$E:/Are_UBNN_KWS/self/scripts/../src/compute/popcount.sv:62$300 ($add).
Removed top 4 bits (of 5) from port B of cell are_ubnn_kws_top.$flatten\u_pe_array.\gen_pe[8].u_pe.\u_popcount.$add$E:/Are_UBNN_KWS/self/scripts/../src/compute/popcount.sv:62$314 ($add).
Removed top 4 bits (of 5) from port B of cell are_ubnn_kws_top.$flatten\u_pe_array.\gen_pe[8].u_pe.\u_popcount.$add$E:/Are_UBNN_KWS/self/scripts/../src/compute/popcount.sv:62$313 ($add).
Removed top 4 bits (of 5) from port B of cell are_ubnn_kws_top.$flatten\u_pe_array.\gen_pe[8].u_pe.\u_popcount.$add$E:/Are_UBNN_KWS/self/scripts/../src/compute/popcount.sv:62$312 ($add).
Removed top 4 bits (of 5) from port B of cell are_ubnn_kws_top.$flatten\u_pe_array.\gen_pe[8].u_pe.\u_popcount.$add$E:/Are_UBNN_KWS/self/scripts/../src/compute/popcount.sv:62$311 ($add).
Removed top 4 bits (of 5) from port B of cell are_ubnn_kws_top.$flatten\u_pe_array.\gen_pe[8].u_pe.\u_popcount.$add$E:/Are_UBNN_KWS/self/scripts/../src/compute/popcount.sv:62$310 ($add).
Removed top 4 bits (of 5) from port B of cell are_ubnn_kws_top.$flatten\u_pe_array.\gen_pe[8].u_pe.\u_popcount.$add$E:/Are_UBNN_KWS/self/scripts/../src/compute/popcount.sv:62$309 ($add).
Removed top 4 bits (of 5) from port B of cell are_ubnn_kws_top.$flatten\u_pe_array.\gen_pe[8].u_pe.\u_popcount.$add$E:/Are_UBNN_KWS/self/scripts/../src/compute/popcount.sv:62$308 ($add).
Removed top 4 bits (of 5) from port B of cell are_ubnn_kws_top.$flatten\u_pe_array.\gen_pe[8].u_pe.\u_popcount.$add$E:/Are_UBNN_KWS/self/scripts/../src/compute/popcount.sv:62$307 ($add).
Removed top 4 bits (of 5) from port B of cell are_ubnn_kws_top.$flatten\u_pe_array.\gen_pe[8].u_pe.\u_popcount.$add$E:/Are_UBNN_KWS/self/scripts/../src/compute/popcount.sv:62$306 ($add).
Removed top 4 bits (of 5) from port B of cell are_ubnn_kws_top.$flatten\u_pe_array.\gen_pe[8].u_pe.\u_popcount.$add$E:/Are_UBNN_KWS/self/scripts/../src/compute/popcount.sv:62$305 ($add).
Removed top 4 bits (of 5) from port B of cell are_ubnn_kws_top.$flatten\u_pe_array.\gen_pe[8].u_pe.\u_popcount.$add$E:/Are_UBNN_KWS/self/scripts/../src/compute/popcount.sv:62$304 ($add).
Removed top 4 bits (of 5) from port B of cell are_ubnn_kws_top.$flatten\u_pe_array.\gen_pe[8].u_pe.\u_popcount.$add$E:/Are_UBNN_KWS/self/scripts/../src/compute/popcount.sv:62$303 ($add).
Removed top 4 bits (of 5) from port B of cell are_ubnn_kws_top.$flatten\u_pe_array.\gen_pe[8].u_pe.\u_popcount.$add$E:/Are_UBNN_KWS/self/scripts/../src/compute/popcount.sv:62$302 ($add).
Removed top 4 bits (of 5) from port B of cell are_ubnn_kws_top.$flatten\u_pe_array.\gen_pe[8].u_pe.\u_popcount.$add$E:/Are_UBNN_KWS/self/scripts/../src/compute/popcount.sv:62$301 ($add).
Removed top 4 bits (of 5) from port A of cell are_ubnn_kws_top.$flatten\u_pe_array.\gen_pe[8].u_pe.\u_popcount.$add$E:/Are_UBNN_KWS/self/scripts/../src/compute/popcount.sv:62$300 ($add).
Removed top 4 bits (of 5) from port B of cell are_ubnn_kws_top.$flatten\u_pe_array.\gen_pe[8].u_pe.\u_popcount.$add$E:/Are_UBNN_KWS/self/scripts/../src/compute/popcount.sv:62$300 ($add).
Removed top 3 bits (of 5) from port Y of cell are_ubnn_kws_top.$flatten\u_pe_array.\gen_pe[8].u_pe.\u_popcount.$add$E:/Are_UBNN_KWS/self/scripts/../src/compute/popcount.sv:62$300 ($add).
Removed top 4 bits (of 5) from port B of cell are_ubnn_kws_top.$flatten\u_pe_array.\gen_pe[7].u_pe.\u_popcount.$add$E:/Are_UBNN_KWS/self/scripts/../src/compute/popcount.sv:62$314 ($add).
Removed top 4 bits (of 5) from port B of cell are_ubnn_kws_top.$flatten\u_pe_array.\gen_pe[7].u_pe.\u_popcount.$add$E:/Are_UBNN_KWS/self/scripts/../src/compute/popcount.sv:62$313 ($add).
Removed top 4 bits (of 5) from port B of cell are_ubnn_kws_top.$flatten\u_pe_array.\gen_pe[7].u_pe.\u_popcount.$add$E:/Are_UBNN_KWS/self/scripts/../src/compute/popcount.sv:62$312 ($add).
Removed top 4 bits (of 5) from port B of cell are_ubnn_kws_top.$flatten\u_pe_array.\gen_pe[7].u_pe.\u_popcount.$add$E:/Are_UBNN_KWS/self/scripts/../src/compute/popcount.sv:62$311 ($add).
Removed top 4 bits (of 5) from port B of cell are_ubnn_kws_top.$flatten\u_pe_array.\gen_pe[7].u_pe.\u_popcount.$add$E:/Are_UBNN_KWS/self/scripts/../src/compute/popcount.sv:62$310 ($add).
Removed top 4 bits (of 5) from port B of cell are_ubnn_kws_top.$flatten\u_pe_array.\gen_pe[7].u_pe.\u_popcount.$add$E:/Are_UBNN_KWS/self/scripts/../src/compute/popcount.sv:62$309 ($add).
Removed top 4 bits (of 5) from port B of cell are_ubnn_kws_top.$flatten\u_pe_array.\gen_pe[7].u_pe.\u_popcount.$add$E:/Are_UBNN_KWS/self/scripts/../src/compute/popcount.sv:62$308 ($add).
Removed top 4 bits (of 5) from port B of cell are_ubnn_kws_top.$flatten\u_pe_array.\gen_pe[7].u_pe.\u_popcount.$add$E:/Are_UBNN_KWS/self/scripts/../src/compute/popcount.sv:62$307 ($add).
Removed top 4 bits (of 5) from port B of cell are_ubnn_kws_top.$flatten\u_pe_array.\gen_pe[7].u_pe.\u_popcount.$add$E:/Are_UBNN_KWS/self/scripts/../src/compute/popcount.sv:62$306 ($add).
Removed top 4 bits (of 5) from port B of cell are_ubnn_kws_top.$flatten\u_pe_array.\gen_pe[7].u_pe.\u_popcount.$add$E:/Are_UBNN_KWS/self/scripts/../src/compute/popcount.sv:62$305 ($add).
Removed top 4 bits (of 5) from port B of cell are_ubnn_kws_top.$flatten\u_pe_array.\gen_pe[7].u_pe.\u_popcount.$add$E:/Are_UBNN_KWS/self/scripts/../src/compute/popcount.sv:62$304 ($add).
Removed top 4 bits (of 5) from port B of cell are_ubnn_kws_top.$flatten\u_pe_array.\gen_pe[7].u_pe.\u_popcount.$add$E:/Are_UBNN_KWS/self/scripts/../src/compute/popcount.sv:62$303 ($add).
Removed top 4 bits (of 5) from port B of cell are_ubnn_kws_top.$flatten\u_pe_array.\gen_pe[7].u_pe.\u_popcount.$add$E:/Are_UBNN_KWS/self/scripts/../src/compute/popcount.sv:62$302 ($add).
Removed top 4 bits (of 5) from port B of cell are_ubnn_kws_top.$flatten\u_pe_array.\gen_pe[7].u_pe.\u_popcount.$add$E:/Are_UBNN_KWS/self/scripts/../src/compute/popcount.sv:62$301 ($add).
Removed top 4 bits (of 5) from port A of cell are_ubnn_kws_top.$flatten\u_pe_array.\gen_pe[7].u_pe.\u_popcount.$add$E:/Are_UBNN_KWS/self/scripts/../src/compute/popcount.sv:62$300 ($add).
Removed top 4 bits (of 5) from port B of cell are_ubnn_kws_top.$flatten\u_pe_array.\gen_pe[7].u_pe.\u_popcount.$add$E:/Are_UBNN_KWS/self/scripts/../src/compute/popcount.sv:62$300 ($add).
Removed top 3 bits (of 5) from port Y of cell are_ubnn_kws_top.$flatten\u_pe_array.\gen_pe[7].u_pe.\u_popcount.$add$E:/Are_UBNN_KWS/self/scripts/../src/compute/popcount.sv:62$300 ($add).
Removed top 4 bits (of 5) from port B of cell are_ubnn_kws_top.$flatten\u_pe_array.\gen_pe[6].u_pe.\u_popcount.$add$E:/Are_UBNN_KWS/self/scripts/../src/compute/popcount.sv:62$314 ($add).
Removed top 4 bits (of 5) from port B of cell are_ubnn_kws_top.$flatten\u_pe_array.\gen_pe[6].u_pe.\u_popcount.$add$E:/Are_UBNN_KWS/self/scripts/../src/compute/popcount.sv:62$313 ($add).
Removed top 4 bits (of 5) from port B of cell are_ubnn_kws_top.$flatten\u_pe_array.\gen_pe[6].u_pe.\u_popcount.$add$E:/Are_UBNN_KWS/self/scripts/../src/compute/popcount.sv:62$312 ($add).
Removed top 4 bits (of 5) from port B of cell are_ubnn_kws_top.$flatten\u_pe_array.\gen_pe[6].u_pe.\u_popcount.$add$E:/Are_UBNN_KWS/self/scripts/../src/compute/popcount.sv:62$311 ($add).
Removed top 4 bits (of 5) from port B of cell are_ubnn_kws_top.$flatten\u_pe_array.\gen_pe[6].u_pe.\u_popcount.$add$E:/Are_UBNN_KWS/self/scripts/../src/compute/popcount.sv:62$310 ($add).
Removed top 4 bits (of 5) from port B of cell are_ubnn_kws_top.$flatten\u_pe_array.\gen_pe[6].u_pe.\u_popcount.$add$E:/Are_UBNN_KWS/self/scripts/../src/compute/popcount.sv:62$309 ($add).
Removed top 4 bits (of 5) from port B of cell are_ubnn_kws_top.$flatten\u_pe_array.\gen_pe[6].u_pe.\u_popcount.$add$E:/Are_UBNN_KWS/self/scripts/../src/compute/popcount.sv:62$308 ($add).
Removed top 4 bits (of 5) from port B of cell are_ubnn_kws_top.$flatten\u_pe_array.\gen_pe[6].u_pe.\u_popcount.$add$E:/Are_UBNN_KWS/self/scripts/../src/compute/popcount.sv:62$307 ($add).
Removed top 4 bits (of 5) from port B of cell are_ubnn_kws_top.$flatten\u_pe_array.\gen_pe[6].u_pe.\u_popcount.$add$E:/Are_UBNN_KWS/self/scripts/../src/compute/popcount.sv:62$306 ($add).
Removed top 4 bits (of 5) from port B of cell are_ubnn_kws_top.$flatten\u_pe_array.\gen_pe[6].u_pe.\u_popcount.$add$E:/Are_UBNN_KWS/self/scripts/../src/compute/popcount.sv:62$305 ($add).
Removed top 4 bits (of 5) from port B of cell are_ubnn_kws_top.$flatten\u_pe_array.\gen_pe[6].u_pe.\u_popcount.$add$E:/Are_UBNN_KWS/self/scripts/../src/compute/popcount.sv:62$304 ($add).
Removed top 4 bits (of 5) from port B of cell are_ubnn_kws_top.$flatten\u_pe_array.\gen_pe[6].u_pe.\u_popcount.$add$E:/Are_UBNN_KWS/self/scripts/../src/compute/popcount.sv:62$303 ($add).
Removed top 4 bits (of 5) from port B of cell are_ubnn_kws_top.$flatten\u_pe_array.\gen_pe[6].u_pe.\u_popcount.$add$E:/Are_UBNN_KWS/self/scripts/../src/compute/popcount.sv:62$302 ($add).
Removed top 4 bits (of 5) from port B of cell are_ubnn_kws_top.$flatten\u_pe_array.\gen_pe[6].u_pe.\u_popcount.$add$E:/Are_UBNN_KWS/self/scripts/../src/compute/popcount.sv:62$301 ($add).
Removed top 4 bits (of 5) from port A of cell are_ubnn_kws_top.$flatten\u_pe_array.\gen_pe[6].u_pe.\u_popcount.$add$E:/Are_UBNN_KWS/self/scripts/../src/compute/popcount.sv:62$300 ($add).
Removed top 4 bits (of 5) from port B of cell are_ubnn_kws_top.$flatten\u_pe_array.\gen_pe[6].u_pe.\u_popcount.$add$E:/Are_UBNN_KWS/self/scripts/../src/compute/popcount.sv:62$300 ($add).
Removed top 3 bits (of 5) from port Y of cell are_ubnn_kws_top.$flatten\u_pe_array.\gen_pe[6].u_pe.\u_popcount.$add$E:/Are_UBNN_KWS/self/scripts/../src/compute/popcount.sv:62$300 ($add).
Removed top 4 bits (of 5) from port B of cell are_ubnn_kws_top.$flatten\u_pe_array.\gen_pe[5].u_pe.\u_popcount.$add$E:/Are_UBNN_KWS/self/scripts/../src/compute/popcount.sv:62$314 ($add).
Removed top 4 bits (of 5) from port B of cell are_ubnn_kws_top.$flatten\u_pe_array.\gen_pe[5].u_pe.\u_popcount.$add$E:/Are_UBNN_KWS/self/scripts/../src/compute/popcount.sv:62$313 ($add).
Removed top 4 bits (of 5) from port B of cell are_ubnn_kws_top.$flatten\u_pe_array.\gen_pe[5].u_pe.\u_popcount.$add$E:/Are_UBNN_KWS/self/scripts/../src/compute/popcount.sv:62$312 ($add).
Removed top 4 bits (of 5) from port B of cell are_ubnn_kws_top.$flatten\u_pe_array.\gen_pe[5].u_pe.\u_popcount.$add$E:/Are_UBNN_KWS/self/scripts/../src/compute/popcount.sv:62$311 ($add).
Removed top 4 bits (of 5) from port B of cell are_ubnn_kws_top.$flatten\u_pe_array.\gen_pe[5].u_pe.\u_popcount.$add$E:/Are_UBNN_KWS/self/scripts/../src/compute/popcount.sv:62$310 ($add).
Removed top 4 bits (of 5) from port B of cell are_ubnn_kws_top.$flatten\u_pe_array.\gen_pe[5].u_pe.\u_popcount.$add$E:/Are_UBNN_KWS/self/scripts/../src/compute/popcount.sv:62$309 ($add).
Removed top 4 bits (of 5) from port B of cell are_ubnn_kws_top.$flatten\u_pe_array.\gen_pe[5].u_pe.\u_popcount.$add$E:/Are_UBNN_KWS/self/scripts/../src/compute/popcount.sv:62$308 ($add).
Removed top 4 bits (of 5) from port B of cell are_ubnn_kws_top.$flatten\u_pe_array.\gen_pe[5].u_pe.\u_popcount.$add$E:/Are_UBNN_KWS/self/scripts/../src/compute/popcount.sv:62$307 ($add).
Removed top 4 bits (of 5) from port B of cell are_ubnn_kws_top.$flatten\u_pe_array.\gen_pe[5].u_pe.\u_popcount.$add$E:/Are_UBNN_KWS/self/scripts/../src/compute/popcount.sv:62$306 ($add).
Removed top 4 bits (of 5) from port B of cell are_ubnn_kws_top.$flatten\u_pe_array.\gen_pe[5].u_pe.\u_popcount.$add$E:/Are_UBNN_KWS/self/scripts/../src/compute/popcount.sv:62$305 ($add).
Removed top 4 bits (of 5) from port B of cell are_ubnn_kws_top.$flatten\u_pe_array.\gen_pe[5].u_pe.\u_popcount.$add$E:/Are_UBNN_KWS/self/scripts/../src/compute/popcount.sv:62$304 ($add).
Removed top 4 bits (of 5) from port B of cell are_ubnn_kws_top.$flatten\u_pe_array.\gen_pe[5].u_pe.\u_popcount.$add$E:/Are_UBNN_KWS/self/scripts/../src/compute/popcount.sv:62$303 ($add).
Removed top 4 bits (of 5) from port B of cell are_ubnn_kws_top.$flatten\u_pe_array.\gen_pe[5].u_pe.\u_popcount.$add$E:/Are_UBNN_KWS/self/scripts/../src/compute/popcount.sv:62$302 ($add).
Removed top 4 bits (of 5) from port B of cell are_ubnn_kws_top.$flatten\u_pe_array.\gen_pe[5].u_pe.\u_popcount.$add$E:/Are_UBNN_KWS/self/scripts/../src/compute/popcount.sv:62$301 ($add).
Removed top 4 bits (of 5) from port A of cell are_ubnn_kws_top.$flatten\u_pe_array.\gen_pe[5].u_pe.\u_popcount.$add$E:/Are_UBNN_KWS/self/scripts/../src/compute/popcount.sv:62$300 ($add).
Removed top 4 bits (of 5) from port B of cell are_ubnn_kws_top.$flatten\u_pe_array.\gen_pe[5].u_pe.\u_popcount.$add$E:/Are_UBNN_KWS/self/scripts/../src/compute/popcount.sv:62$300 ($add).
Removed top 3 bits (of 5) from port Y of cell are_ubnn_kws_top.$flatten\u_pe_array.\gen_pe[5].u_pe.\u_popcount.$add$E:/Are_UBNN_KWS/self/scripts/../src/compute/popcount.sv:62$300 ($add).
Removed top 4 bits (of 5) from port B of cell are_ubnn_kws_top.$flatten\u_pe_array.\gen_pe[4].u_pe.\u_popcount.$add$E:/Are_UBNN_KWS/self/scripts/../src/compute/popcount.sv:62$314 ($add).
Removed top 4 bits (of 5) from port B of cell are_ubnn_kws_top.$flatten\u_pe_array.\gen_pe[4].u_pe.\u_popcount.$add$E:/Are_UBNN_KWS/self/scripts/../src/compute/popcount.sv:62$313 ($add).
Removed top 4 bits (of 5) from port B of cell are_ubnn_kws_top.$flatten\u_pe_array.\gen_pe[4].u_pe.\u_popcount.$add$E:/Are_UBNN_KWS/self/scripts/../src/compute/popcount.sv:62$312 ($add).
Removed top 4 bits (of 5) from port B of cell are_ubnn_kws_top.$flatten\u_pe_array.\gen_pe[4].u_pe.\u_popcount.$add$E:/Are_UBNN_KWS/self/scripts/../src/compute/popcount.sv:62$311 ($add).
Removed top 4 bits (of 5) from port B of cell are_ubnn_kws_top.$flatten\u_pe_array.\gen_pe[4].u_pe.\u_popcount.$add$E:/Are_UBNN_KWS/self/scripts/../src/compute/popcount.sv:62$310 ($add).
Removed top 4 bits (of 5) from port B of cell are_ubnn_kws_top.$flatten\u_pe_array.\gen_pe[4].u_pe.\u_popcount.$add$E:/Are_UBNN_KWS/self/scripts/../src/compute/popcount.sv:62$309 ($add).
Removed top 4 bits (of 5) from port B of cell are_ubnn_kws_top.$flatten\u_pe_array.\gen_pe[4].u_pe.\u_popcount.$add$E:/Are_UBNN_KWS/self/scripts/../src/compute/popcount.sv:62$308 ($add).
Removed top 4 bits (of 5) from port B of cell are_ubnn_kws_top.$flatten\u_pe_array.\gen_pe[4].u_pe.\u_popcount.$add$E:/Are_UBNN_KWS/self/scripts/../src/compute/popcount.sv:62$307 ($add).
Removed top 4 bits (of 5) from port B of cell are_ubnn_kws_top.$flatten\u_pe_array.\gen_pe[4].u_pe.\u_popcount.$add$E:/Are_UBNN_KWS/self/scripts/../src/compute/popcount.sv:62$306 ($add).
Removed top 4 bits (of 5) from port B of cell are_ubnn_kws_top.$flatten\u_pe_array.\gen_pe[4].u_pe.\u_popcount.$add$E:/Are_UBNN_KWS/self/scripts/../src/compute/popcount.sv:62$305 ($add).
Removed top 4 bits (of 5) from port B of cell are_ubnn_kws_top.$flatten\u_pe_array.\gen_pe[4].u_pe.\u_popcount.$add$E:/Are_UBNN_KWS/self/scripts/../src/compute/popcount.sv:62$304 ($add).
Removed top 4 bits (of 5) from port B of cell are_ubnn_kws_top.$flatten\u_pe_array.\gen_pe[4].u_pe.\u_popcount.$add$E:/Are_UBNN_KWS/self/scripts/../src/compute/popcount.sv:62$303 ($add).
Removed top 4 bits (of 5) from port B of cell are_ubnn_kws_top.$flatten\u_pe_array.\gen_pe[4].u_pe.\u_popcount.$add$E:/Are_UBNN_KWS/self/scripts/../src/compute/popcount.sv:62$302 ($add).
Removed top 4 bits (of 5) from port B of cell are_ubnn_kws_top.$flatten\u_pe_array.\gen_pe[4].u_pe.\u_popcount.$add$E:/Are_UBNN_KWS/self/scripts/../src/compute/popcount.sv:62$301 ($add).
Removed top 4 bits (of 5) from port A of cell are_ubnn_kws_top.$flatten\u_pe_array.\gen_pe[4].u_pe.\u_popcount.$add$E:/Are_UBNN_KWS/self/scripts/../src/compute/popcount.sv:62$300 ($add).
Removed top 4 bits (of 5) from port B of cell are_ubnn_kws_top.$flatten\u_pe_array.\gen_pe[4].u_pe.\u_popcount.$add$E:/Are_UBNN_KWS/self/scripts/../src/compute/popcount.sv:62$300 ($add).
Removed top 3 bits (of 5) from port Y of cell are_ubnn_kws_top.$flatten\u_pe_array.\gen_pe[4].u_pe.\u_popcount.$add$E:/Are_UBNN_KWS/self/scripts/../src/compute/popcount.sv:62$300 ($add).
Removed top 4 bits (of 5) from port B of cell are_ubnn_kws_top.$flatten\u_pe_array.\gen_pe[3].u_pe.\u_popcount.$add$E:/Are_UBNN_KWS/self/scripts/../src/compute/popcount.sv:62$314 ($add).
Removed top 4 bits (of 5) from port B of cell are_ubnn_kws_top.$flatten\u_pe_array.\gen_pe[3].u_pe.\u_popcount.$add$E:/Are_UBNN_KWS/self/scripts/../src/compute/popcount.sv:62$313 ($add).
Removed top 4 bits (of 5) from port B of cell are_ubnn_kws_top.$flatten\u_pe_array.\gen_pe[3].u_pe.\u_popcount.$add$E:/Are_UBNN_KWS/self/scripts/../src/compute/popcount.sv:62$312 ($add).
Removed top 4 bits (of 5) from port B of cell are_ubnn_kws_top.$flatten\u_pe_array.\gen_pe[3].u_pe.\u_popcount.$add$E:/Are_UBNN_KWS/self/scripts/../src/compute/popcount.sv:62$311 ($add).
Removed top 4 bits (of 5) from port B of cell are_ubnn_kws_top.$flatten\u_pe_array.\gen_pe[3].u_pe.\u_popcount.$add$E:/Are_UBNN_KWS/self/scripts/../src/compute/popcount.sv:62$310 ($add).
Removed top 4 bits (of 5) from port B of cell are_ubnn_kws_top.$flatten\u_pe_array.\gen_pe[3].u_pe.\u_popcount.$add$E:/Are_UBNN_KWS/self/scripts/../src/compute/popcount.sv:62$309 ($add).
Removed top 4 bits (of 5) from port B of cell are_ubnn_kws_top.$flatten\u_pe_array.\gen_pe[3].u_pe.\u_popcount.$add$E:/Are_UBNN_KWS/self/scripts/../src/compute/popcount.sv:62$308 ($add).
Removed top 4 bits (of 5) from port B of cell are_ubnn_kws_top.$flatten\u_pe_array.\gen_pe[3].u_pe.\u_popcount.$add$E:/Are_UBNN_KWS/self/scripts/../src/compute/popcount.sv:62$307 ($add).
Removed top 4 bits (of 5) from port B of cell are_ubnn_kws_top.$flatten\u_pe_array.\gen_pe[3].u_pe.\u_popcount.$add$E:/Are_UBNN_KWS/self/scripts/../src/compute/popcount.sv:62$306 ($add).
Removed top 4 bits (of 5) from port B of cell are_ubnn_kws_top.$flatten\u_pe_array.\gen_pe[3].u_pe.\u_popcount.$add$E:/Are_UBNN_KWS/self/scripts/../src/compute/popcount.sv:62$305 ($add).
Removed top 4 bits (of 5) from port B of cell are_ubnn_kws_top.$flatten\u_pe_array.\gen_pe[3].u_pe.\u_popcount.$add$E:/Are_UBNN_KWS/self/scripts/../src/compute/popcount.sv:62$304 ($add).
Removed top 4 bits (of 5) from port B of cell are_ubnn_kws_top.$flatten\u_pe_array.\gen_pe[3].u_pe.\u_popcount.$add$E:/Are_UBNN_KWS/self/scripts/../src/compute/popcount.sv:62$303 ($add).
Removed top 4 bits (of 5) from port B of cell are_ubnn_kws_top.$flatten\u_pe_array.\gen_pe[3].u_pe.\u_popcount.$add$E:/Are_UBNN_KWS/self/scripts/../src/compute/popcount.sv:62$302 ($add).
Removed top 4 bits (of 5) from port B of cell are_ubnn_kws_top.$flatten\u_pe_array.\gen_pe[3].u_pe.\u_popcount.$add$E:/Are_UBNN_KWS/self/scripts/../src/compute/popcount.sv:62$301 ($add).
Removed top 4 bits (of 5) from port A of cell are_ubnn_kws_top.$flatten\u_pe_array.\gen_pe[3].u_pe.\u_popcount.$add$E:/Are_UBNN_KWS/self/scripts/../src/compute/popcount.sv:62$300 ($add).
Removed top 4 bits (of 5) from port B of cell are_ubnn_kws_top.$flatten\u_pe_array.\gen_pe[3].u_pe.\u_popcount.$add$E:/Are_UBNN_KWS/self/scripts/../src/compute/popcount.sv:62$300 ($add).
Removed top 3 bits (of 5) from port Y of cell are_ubnn_kws_top.$flatten\u_pe_array.\gen_pe[3].u_pe.\u_popcount.$add$E:/Are_UBNN_KWS/self/scripts/../src/compute/popcount.sv:62$300 ($add).
Removed top 4 bits (of 5) from port B of cell are_ubnn_kws_top.$flatten\u_pe_array.\gen_pe[2].u_pe.\u_popcount.$add$E:/Are_UBNN_KWS/self/scripts/../src/compute/popcount.sv:62$314 ($add).
Removed top 4 bits (of 5) from port B of cell are_ubnn_kws_top.$flatten\u_pe_array.\gen_pe[2].u_pe.\u_popcount.$add$E:/Are_UBNN_KWS/self/scripts/../src/compute/popcount.sv:62$313 ($add).
Removed top 4 bits (of 5) from port B of cell are_ubnn_kws_top.$flatten\u_pe_array.\gen_pe[2].u_pe.\u_popcount.$add$E:/Are_UBNN_KWS/self/scripts/../src/compute/popcount.sv:62$312 ($add).
Removed top 4 bits (of 5) from port B of cell are_ubnn_kws_top.$flatten\u_pe_array.\gen_pe[2].u_pe.\u_popcount.$add$E:/Are_UBNN_KWS/self/scripts/../src/compute/popcount.sv:62$311 ($add).
Removed top 4 bits (of 5) from port B of cell are_ubnn_kws_top.$flatten\u_pe_array.\gen_pe[2].u_pe.\u_popcount.$add$E:/Are_UBNN_KWS/self/scripts/../src/compute/popcount.sv:62$310 ($add).
Removed top 4 bits (of 5) from port B of cell are_ubnn_kws_top.$flatten\u_pe_array.\gen_pe[2].u_pe.\u_popcount.$add$E:/Are_UBNN_KWS/self/scripts/../src/compute/popcount.sv:62$309 ($add).
Removed top 4 bits (of 5) from port B of cell are_ubnn_kws_top.$flatten\u_pe_array.\gen_pe[2].u_pe.\u_popcount.$add$E:/Are_UBNN_KWS/self/scripts/../src/compute/popcount.sv:62$308 ($add).
Removed top 4 bits (of 5) from port B of cell are_ubnn_kws_top.$flatten\u_pe_array.\gen_pe[2].u_pe.\u_popcount.$add$E:/Are_UBNN_KWS/self/scripts/../src/compute/popcount.sv:62$307 ($add).
Removed top 4 bits (of 5) from port B of cell are_ubnn_kws_top.$flatten\u_pe_array.\gen_pe[2].u_pe.\u_popcount.$add$E:/Are_UBNN_KWS/self/scripts/../src/compute/popcount.sv:62$306 ($add).
Removed top 4 bits (of 5) from port B of cell are_ubnn_kws_top.$flatten\u_pe_array.\gen_pe[2].u_pe.\u_popcount.$add$E:/Are_UBNN_KWS/self/scripts/../src/compute/popcount.sv:62$305 ($add).
Removed top 4 bits (of 5) from port B of cell are_ubnn_kws_top.$flatten\u_pe_array.\gen_pe[2].u_pe.\u_popcount.$add$E:/Are_UBNN_KWS/self/scripts/../src/compute/popcount.sv:62$304 ($add).
Removed top 4 bits (of 5) from port B of cell are_ubnn_kws_top.$flatten\u_pe_array.\gen_pe[2].u_pe.\u_popcount.$add$E:/Are_UBNN_KWS/self/scripts/../src/compute/popcount.sv:62$303 ($add).
Removed top 4 bits (of 5) from port B of cell are_ubnn_kws_top.$flatten\u_pe_array.\gen_pe[2].u_pe.\u_popcount.$add$E:/Are_UBNN_KWS/self/scripts/../src/compute/popcount.sv:62$302 ($add).
Removed top 4 bits (of 5) from port B of cell are_ubnn_kws_top.$flatten\u_pe_array.\gen_pe[2].u_pe.\u_popcount.$add$E:/Are_UBNN_KWS/self/scripts/../src/compute/popcount.sv:62$301 ($add).
Removed top 4 bits (of 5) from port A of cell are_ubnn_kws_top.$flatten\u_pe_array.\gen_pe[2].u_pe.\u_popcount.$add$E:/Are_UBNN_KWS/self/scripts/../src/compute/popcount.sv:62$300 ($add).
Removed top 4 bits (of 5) from port B of cell are_ubnn_kws_top.$flatten\u_pe_array.\gen_pe[2].u_pe.\u_popcount.$add$E:/Are_UBNN_KWS/self/scripts/../src/compute/popcount.sv:62$300 ($add).
Removed top 3 bits (of 5) from port Y of cell are_ubnn_kws_top.$flatten\u_pe_array.\gen_pe[2].u_pe.\u_popcount.$add$E:/Are_UBNN_KWS/self/scripts/../src/compute/popcount.sv:62$300 ($add).
Removed top 4 bits (of 5) from port B of cell are_ubnn_kws_top.$flatten\u_pe_array.\gen_pe[1].u_pe.\u_popcount.$add$E:/Are_UBNN_KWS/self/scripts/../src/compute/popcount.sv:62$314 ($add).
Removed top 4 bits (of 5) from port B of cell are_ubnn_kws_top.$flatten\u_pe_array.\gen_pe[1].u_pe.\u_popcount.$add$E:/Are_UBNN_KWS/self/scripts/../src/compute/popcount.sv:62$313 ($add).
Removed top 4 bits (of 5) from port B of cell are_ubnn_kws_top.$flatten\u_pe_array.\gen_pe[1].u_pe.\u_popcount.$add$E:/Are_UBNN_KWS/self/scripts/../src/compute/popcount.sv:62$312 ($add).
Removed top 4 bits (of 5) from port B of cell are_ubnn_kws_top.$flatten\u_pe_array.\gen_pe[1].u_pe.\u_popcount.$add$E:/Are_UBNN_KWS/self/scripts/../src/compute/popcount.sv:62$311 ($add).
Removed top 4 bits (of 5) from port B of cell are_ubnn_kws_top.$flatten\u_pe_array.\gen_pe[1].u_pe.\u_popcount.$add$E:/Are_UBNN_KWS/self/scripts/../src/compute/popcount.sv:62$310 ($add).
Removed top 4 bits (of 5) from port B of cell are_ubnn_kws_top.$flatten\u_pe_array.\gen_pe[1].u_pe.\u_popcount.$add$E:/Are_UBNN_KWS/self/scripts/../src/compute/popcount.sv:62$309 ($add).
Removed top 4 bits (of 5) from port B of cell are_ubnn_kws_top.$flatten\u_pe_array.\gen_pe[1].u_pe.\u_popcount.$add$E:/Are_UBNN_KWS/self/scripts/../src/compute/popcount.sv:62$308 ($add).
Removed top 4 bits (of 5) from port B of cell are_ubnn_kws_top.$flatten\u_pe_array.\gen_pe[1].u_pe.\u_popcount.$add$E:/Are_UBNN_KWS/self/scripts/../src/compute/popcount.sv:62$307 ($add).
Removed top 4 bits (of 5) from port B of cell are_ubnn_kws_top.$flatten\u_pe_array.\gen_pe[1].u_pe.\u_popcount.$add$E:/Are_UBNN_KWS/self/scripts/../src/compute/popcount.sv:62$306 ($add).
Removed top 4 bits (of 5) from port B of cell are_ubnn_kws_top.$flatten\u_pe_array.\gen_pe[1].u_pe.\u_popcount.$add$E:/Are_UBNN_KWS/self/scripts/../src/compute/popcount.sv:62$305 ($add).
Removed top 4 bits (of 5) from port B of cell are_ubnn_kws_top.$flatten\u_pe_array.\gen_pe[1].u_pe.\u_popcount.$add$E:/Are_UBNN_KWS/self/scripts/../src/compute/popcount.sv:62$304 ($add).
Removed top 4 bits (of 5) from port B of cell are_ubnn_kws_top.$flatten\u_pe_array.\gen_pe[1].u_pe.\u_popcount.$add$E:/Are_UBNN_KWS/self/scripts/../src/compute/popcount.sv:62$303 ($add).
Removed top 4 bits (of 5) from port B of cell are_ubnn_kws_top.$flatten\u_pe_array.\gen_pe[1].u_pe.\u_popcount.$add$E:/Are_UBNN_KWS/self/scripts/../src/compute/popcount.sv:62$302 ($add).
Removed top 4 bits (of 5) from port B of cell are_ubnn_kws_top.$flatten\u_pe_array.\gen_pe[1].u_pe.\u_popcount.$add$E:/Are_UBNN_KWS/self/scripts/../src/compute/popcount.sv:62$301 ($add).
Removed top 4 bits (of 5) from port A of cell are_ubnn_kws_top.$flatten\u_pe_array.\gen_pe[1].u_pe.\u_popcount.$add$E:/Are_UBNN_KWS/self/scripts/../src/compute/popcount.sv:62$300 ($add).
Removed top 4 bits (of 5) from port B of cell are_ubnn_kws_top.$flatten\u_pe_array.\gen_pe[1].u_pe.\u_popcount.$add$E:/Are_UBNN_KWS/self/scripts/../src/compute/popcount.sv:62$300 ($add).
Removed top 3 bits (of 5) from port Y of cell are_ubnn_kws_top.$flatten\u_pe_array.\gen_pe[1].u_pe.\u_popcount.$add$E:/Are_UBNN_KWS/self/scripts/../src/compute/popcount.sv:62$300 ($add).
Removed top 4 bits (of 5) from port B of cell are_ubnn_kws_top.$flatten\u_pe_array.\gen_pe[0].u_pe.\u_popcount.$add$E:/Are_UBNN_KWS/self/scripts/../src/compute/popcount.sv:62$314 ($add).
Removed top 4 bits (of 5) from port B of cell are_ubnn_kws_top.$flatten\u_pe_array.\gen_pe[0].u_pe.\u_popcount.$add$E:/Are_UBNN_KWS/self/scripts/../src/compute/popcount.sv:62$313 ($add).
Removed top 4 bits (of 5) from port B of cell are_ubnn_kws_top.$flatten\u_pe_array.\gen_pe[0].u_pe.\u_popcount.$add$E:/Are_UBNN_KWS/self/scripts/../src/compute/popcount.sv:62$312 ($add).
Removed top 4 bits (of 5) from port B of cell are_ubnn_kws_top.$flatten\u_pe_array.\gen_pe[0].u_pe.\u_popcount.$add$E:/Are_UBNN_KWS/self/scripts/../src/compute/popcount.sv:62$311 ($add).
Removed top 4 bits (of 5) from port B of cell are_ubnn_kws_top.$flatten\u_pe_array.\gen_pe[0].u_pe.\u_popcount.$add$E:/Are_UBNN_KWS/self/scripts/../src/compute/popcount.sv:62$310 ($add).
Removed top 4 bits (of 5) from port B of cell are_ubnn_kws_top.$flatten\u_pe_array.\gen_pe[0].u_pe.\u_popcount.$add$E:/Are_UBNN_KWS/self/scripts/../src/compute/popcount.sv:62$309 ($add).
Removed top 4 bits (of 5) from port B of cell are_ubnn_kws_top.$flatten\u_pe_array.\gen_pe[0].u_pe.\u_popcount.$add$E:/Are_UBNN_KWS/self/scripts/../src/compute/popcount.sv:62$308 ($add).
Removed top 4 bits (of 5) from port B of cell are_ubnn_kws_top.$flatten\u_pe_array.\gen_pe[0].u_pe.\u_popcount.$add$E:/Are_UBNN_KWS/self/scripts/../src/compute/popcount.sv:62$307 ($add).
Removed top 4 bits (of 5) from port B of cell are_ubnn_kws_top.$flatten\u_pe_array.\gen_pe[0].u_pe.\u_popcount.$add$E:/Are_UBNN_KWS/self/scripts/../src/compute/popcount.sv:62$306 ($add).
Removed top 4 bits (of 5) from port B of cell are_ubnn_kws_top.$flatten\u_pe_array.\gen_pe[0].u_pe.\u_popcount.$add$E:/Are_UBNN_KWS/self/scripts/../src/compute/popcount.sv:62$305 ($add).
Removed top 4 bits (of 5) from port B of cell are_ubnn_kws_top.$flatten\u_pe_array.\gen_pe[0].u_pe.\u_popcount.$add$E:/Are_UBNN_KWS/self/scripts/../src/compute/popcount.sv:62$304 ($add).
Removed top 4 bits (of 5) from port B of cell are_ubnn_kws_top.$flatten\u_pe_array.\gen_pe[0].u_pe.\u_popcount.$add$E:/Are_UBNN_KWS/self/scripts/../src/compute/popcount.sv:62$303 ($add).
Removed top 4 bits (of 5) from port B of cell are_ubnn_kws_top.$flatten\u_pe_array.\gen_pe[0].u_pe.\u_popcount.$add$E:/Are_UBNN_KWS/self/scripts/../src/compute/popcount.sv:62$302 ($add).
Removed top 4 bits (of 5) from port B of cell are_ubnn_kws_top.$flatten\u_pe_array.\gen_pe[0].u_pe.\u_popcount.$add$E:/Are_UBNN_KWS/self/scripts/../src/compute/popcount.sv:62$301 ($add).
Removed top 4 bits (of 5) from port A of cell are_ubnn_kws_top.$flatten\u_pe_array.\gen_pe[0].u_pe.\u_popcount.$add$E:/Are_UBNN_KWS/self/scripts/../src/compute/popcount.sv:62$300 ($add).
Removed top 4 bits (of 5) from port B of cell are_ubnn_kws_top.$flatten\u_pe_array.\gen_pe[0].u_pe.\u_popcount.$add$E:/Are_UBNN_KWS/self/scripts/../src/compute/popcount.sv:62$300 ($add).
Removed top 3 bits (of 5) from port Y of cell are_ubnn_kws_top.$flatten\u_pe_array.\gen_pe[0].u_pe.\u_popcount.$add$E:/Are_UBNN_KWS/self/scripts/../src/compute/popcount.sv:62$300 ($add).
Removed top 3 bits (of 5) from wire are_ubnn_kws_top.$flatten\u_pe_array.\gen_pe[14].u_pe.\u_popcount.$add$E:/Are_UBNN_KWS/self/scripts/../src/compute/popcount.sv:62$300_Y.
Removed top 3 bits (of 5) from wire are_ubnn_kws_top.$flatten\u_pe_array.\gen_pe[15].u_pe.\u_popcount.$add$E:/Are_UBNN_KWS/self/scripts/../src/compute/popcount.sv:62$300_Y.
Removed top 3 bits (of 5) from wire are_ubnn_kws_top.$flatten\u_pe_array.\gen_pe[1].u_pe.\u_popcount.$add$E:/Are_UBNN_KWS/self/scripts/../src/compute/popcount.sv:62$300_Y.
Removed top 3 bits (of 9) from wire are_ubnn_kws_top.$flatten\u_accum.$add$E:/Are_UBNN_KWS/self/scripts/../src/baseline/accumulator.sv:62$511_Y.
Removed top 3 bits (of 5) from wire are_ubnn_kws_top.$flatten\u_pe_array.\gen_pe[0].u_pe.\u_popcount.$add$E:/Are_UBNN_KWS/self/scripts/../src/compute/popcount.sv:62$300_Y.
Removed top 3 bits (of 5) from wire are_ubnn_kws_top.$flatten\u_pe_array.\gen_pe[12].u_pe.\u_popcount.$add$E:/Are_UBNN_KWS/self/scripts/../src/compute/popcount.sv:62$300_Y.
Removed top 3 bits (of 5) from wire are_ubnn_kws_top.$flatten\u_pe_array.\gen_pe[5].u_pe.\u_popcount.$add$E:/Are_UBNN_KWS/self/scripts/../src/compute/popcount.sv:62$300_Y.
Removed top 3 bits (of 5) from wire are_ubnn_kws_top.$flatten\u_pe_array.\gen_pe[2].u_pe.\u_popcount.$add$E:/Are_UBNN_KWS/self/scripts/../src/compute/popcount.sv:62$300_Y.
Removed top 3 bits (of 5) from wire are_ubnn_kws_top.$flatten\u_pe_array.\gen_pe[13].u_pe.\u_popcount.$add$E:/Are_UBNN_KWS/self/scripts/../src/compute/popcount.sv:62$300_Y.
Removed top 3 bits (of 5) from wire are_ubnn_kws_top.$flatten\u_pe_array.\gen_pe[6].u_pe.\u_popcount.$add$E:/Are_UBNN_KWS/self/scripts/../src/compute/popcount.sv:62$300_Y.
Removed top 3 bits (of 5) from wire are_ubnn_kws_top.$flatten\u_pe_array.\gen_pe[3].u_pe.\u_popcount.$add$E:/Are_UBNN_KWS/self/scripts/../src/compute/popcount.sv:62$300_Y.
Removed top 3 bits (of 5) from wire are_ubnn_kws_top.$flatten\u_pe_array.\gen_pe[7].u_pe.\u_popcount.$add$E:/Are_UBNN_KWS/self/scripts/../src/compute/popcount.sv:62$300_Y.
Removed top 3 bits (of 5) from wire are_ubnn_kws_top.$flatten\u_pe_array.\gen_pe[11].u_pe.\u_popcount.$add$E:/Are_UBNN_KWS/self/scripts/../src/compute/popcount.sv:62$300_Y.
Removed top 3 bits (of 5) from wire are_ubnn_kws_top.$flatten\u_pe_array.\gen_pe[4].u_pe.\u_popcount.$add$E:/Are_UBNN_KWS/self/scripts/../src/compute/popcount.sv:62$300_Y.
Removed top 3 bits (of 5) from wire are_ubnn_kws_top.$flatten\u_pe_array.\gen_pe[8].u_pe.\u_popcount.$add$E:/Are_UBNN_KWS/self/scripts/../src/compute/popcount.sv:62$300_Y.
Removed top 3 bits (of 5) from wire are_ubnn_kws_top.$flatten\u_pe_array.\gen_pe[10].u_pe.\u_popcount.$add$E:/Are_UBNN_KWS/self/scripts/../src/compute/popcount.sv:62$300_Y.
Removed top 3 bits (of 5) from wire are_ubnn_kws_top.$flatten\u_pe_array.\gen_pe[9].u_pe.\u_popcount.$add$E:/Are_UBNN_KWS/self/scripts/../src/compute/popcount.sv:62$300_Y.

13.12. Executing PEEPOPT pass (run peephole optimizers).

13.13. Executing OPT_CLEAN pass (remove unused cells and wires).
Finding unused cells or wires in module \are_ubnn_kws_top..
Removed 0 unused cells and 17 unused wires.
<suppressed ~1 debug messages>

13.14. Executing ALUMACC pass (create $alu and $macc cells).
Extracting $alu and $macc cells in module are_ubnn_kws_top:
  creating $macc model for $flatten\u_pe_array.\gen_pe[4].u_pe.\u_popcount.$add$E:/Are_UBNN_KWS/self/scripts/../src/compute/popcount.sv:62$308 ($add).
  creating $macc model for $flatten\u_pe_array.\gen_pe[4].u_pe.\u_popcount.$add$E:/Are_UBNN_KWS/self/scripts/../src/compute/popcount.sv:62$309 ($add).
  creating $macc model for $flatten\u_pe_array.\gen_pe[4].u_pe.\u_popcount.$add$E:/Are_UBNN_KWS/self/scripts/../src/compute/popcount.sv:62$310 ($add).
  creating $macc model for $flatten\u_pe_array.\gen_pe[4].u_pe.\u_popcount.$add$E:/Are_UBNN_KWS/self/scripts/../src/compute/popcount.sv:62$311 ($add).
  creating $macc model for $flatten\u_pe_array.\gen_pe[4].u_pe.\u_popcount.$add$E:/Are_UBNN_KWS/self/scripts/../src/compute/popcount.sv:62$312 ($add).
  creating $macc model for $flatten\u_pe_array.\gen_pe[4].u_pe.\u_popcount.$add$E:/Are_UBNN_KWS/self/scripts/../src/compute/popcount.sv:62$313 ($add).
  creating $macc model for $flatten\u_pe_array.\gen_pe[4].u_pe.\u_popcount.$add$E:/Are_UBNN_KWS/self/scripts/../src/compute/popcount.sv:62$314 ($add).
  creating $macc model for $flatten\u_pe_array.\gen_pe[5].u_pe.\u_popcount.$add$E:/Are_UBNN_KWS/self/scripts/../src/compute/popcount.sv:62$300 ($add).
  creating $macc model for $flatten\u_pe_array.\gen_pe[5].u_pe.\u_popcount.$add$E:/Are_UBNN_KWS/self/scripts/../src/compute/popcount.sv:62$301 ($add).
  creating $macc model for $flatten\u_pe_array.\gen_pe[5].u_pe.\u_popcount.$add$E:/Are_UBNN_KWS/self/scripts/../src/compute/popcount.sv:62$302 ($add).
  creating $macc model for $flatten\u_pe_array.\gen_pe[5].u_pe.\u_popcount.$add$E:/Are_UBNN_KWS/self/scripts/../src/compute/popcount.sv:62$303 ($add).
  creating $macc model for $flatten\u_pe_array.\gen_pe[5].u_pe.\u_popcount.$add$E:/Are_UBNN_KWS/self/scripts/../src/compute/popcount.sv:62$304 ($add).
  creating $macc model for $flatten\u_pe_array.\gen_pe[5].u_pe.\u_popcount.$add$E:/Are_UBNN_KWS/self/scripts/../src/compute/popcount.sv:62$305 ($add).
  creating $macc model for $flatten\u_pe_array.\gen_pe[5].u_pe.\u_popcount.$add$E:/Are_UBNN_KWS/self/scripts/../src/compute/popcount.sv:62$306 ($add).
  creating $macc model for $flatten\u_pe_array.\gen_pe[5].u_pe.\u_popcount.$add$E:/Are_UBNN_KWS/self/scripts/../src/compute/popcount.sv:62$307 ($add).
  creating $macc model for $flatten\u_pe_array.\gen_pe[5].u_pe.\u_popcount.$add$E:/Are_UBNN_KWS/self/scripts/../src/compute/popcount.sv:62$308 ($add).
  creating $macc model for $flatten\u_pe_array.\gen_pe[5].u_pe.\u_popcount.$add$E:/Are_UBNN_KWS/self/scripts/../src/compute/popcount.sv:62$309 ($add).
  creating $macc model for $flatten\u_pe_array.\gen_pe[5].u_pe.\u_popcount.$add$E:/Are_UBNN_KWS/self/scripts/../src/compute/popcount.sv:62$310 ($add).
  creating $macc model for $flatten\u_pe_array.\gen_pe[5].u_pe.\u_popcount.$add$E:/Are_UBNN_KWS/self/scripts/../src/compute/popcount.sv:62$311 ($add).
  creating $macc model for $flatten\u_pe_array.\gen_pe[5].u_pe.\u_popcount.$add$E:/Are_UBNN_KWS/self/scripts/../src/compute/popcount.sv:62$312 ($add).
  creating $macc model for $flatten\u_pe_array.\gen_pe[5].u_pe.\u_popcount.$add$E:/Are_UBNN_KWS/self/scripts/../src/compute/popcount.sv:62$313 ($add).
  creating $macc model for $flatten\u_pe_array.\gen_pe[5].u_pe.\u_popcount.$add$E:/Are_UBNN_KWS/self/scripts/../src/compute/popcount.sv:62$314 ($add).
  creating $macc model for $flatten\u_pe_array.\gen_pe[6].u_pe.\u_popcount.$add$E:/Are_UBNN_KWS/self/scripts/../src/compute/popcount.sv:62$300 ($add).
  creating $macc model for $flatten\u_pe_array.\gen_pe[6].u_pe.\u_popcount.$add$E:/Are_UBNN_KWS/self/scripts/../src/compute/popcount.sv:62$301 ($add).
  creating $macc model for $flatten\u_pe_array.\gen_pe[6].u_pe.\u_popcount.$add$E:/Are_UBNN_KWS/self/scripts/../src/compute/popcount.sv:62$302 ($add).
  creating $macc model for $flatten\u_pe_array.\gen_pe[6].u_pe.\u_popcount.$add$E:/Are_UBNN_KWS/self/scripts/../src/compute/popcount.sv:62$303 ($add).
  creating $macc model for $flatten\u_pe_array.\gen_pe[6].u_pe.\u_popcount.$add$E:/Are_UBNN_KWS/self/scripts/../src/compute/popcount.sv:62$304 ($add).
  creating $macc model for $flatten\u_pe_array.\gen_pe[6].u_pe.\u_popcount.$add$E:/Are_UBNN_KWS/self/scripts/../src/compute/popcount.sv:62$305 ($add).
  creating $macc model for $flatten\u_pe_array.\gen_pe[6].u_pe.\u_popcount.$add$E:/Are_UBNN_KWS/self/scripts/../src/compute/popcount.sv:62$306 ($add).
  creating $macc model for $flatten\u_pe_array.\gen_pe[6].u_pe.\u_popcount.$add$E:/Are_UBNN_KWS/self/scripts/../src/compute/popcount.sv:62$307 ($add).
  creating $macc model for $flatten\u_pe_array.\gen_pe[6].u_pe.\u_popcount.$add$E:/Are_UBNN_KWS/self/scripts/../src/compute/popcount.sv:62$308 ($add).
  creating $macc model for $flatten\u_pe_array.\gen_pe[6].u_pe.\u_popcount.$add$E:/Are_UBNN_KWS/self/scripts/../src/compute/popcount.sv:62$309 ($add).
  creating $macc model for $flatten\u_pe_array.\gen_pe[6].u_pe.\u_popcount.$add$E:/Are_UBNN_KWS/self/scripts/../src/compute/popcount.sv:62$310 ($add).
  creating $macc model for $flatten\u_pe_array.\gen_pe[6].u_pe.\u_popcount.$add$E:/Are_UBNN_KWS/self/scripts/../src/compute/popcount.sv:62$311 ($add).
  creating $macc model for $flatten\u_pe_array.\gen_pe[6].u_pe.\u_popcount.$add$E:/Are_UBNN_KWS/self/scripts/../src/compute/popcount.sv:62$312 ($add).
  creating $macc model for $flatten\u_pe_array.\gen_pe[6].u_pe.\u_popcount.$add$E:/Are_UBNN_KWS/self/scripts/../src/compute/popcount.sv:62$313 ($add).
  creating $macc model for $flatten\u_pe_array.\gen_pe[6].u_pe.\u_popcount.$add$E:/Are_UBNN_KWS/self/scripts/../src/compute/popcount.sv:62$314 ($add).
  creating $macc model for $flatten\u_pe_array.\gen_pe[7].u_pe.\u_popcount.$add$E:/Are_UBNN_KWS/self/scripts/../src/compute/popcount.sv:62$300 ($add).
  creating $macc model for $flatten\u_pe_array.\gen_pe[7].u_pe.\u_popcount.$add$E:/Are_UBNN_KWS/self/scripts/../src/compute/popcount.sv:62$301 ($add).
  creating $macc model for $flatten\u_pe_array.\gen_pe[7].u_pe.\u_popcount.$add$E:/Are_UBNN_KWS/self/scripts/../src/compute/popcount.sv:62$302 ($add).
  creating $macc model for $flatten\u_pe_array.\gen_pe[7].u_pe.\u_popcount.$add$E:/Are_UBNN_KWS/self/scripts/../src/compute/popcount.sv:62$303 ($add).
  creating $macc model for $flatten\u_pe_array.\gen_pe[7].u_pe.\u_popcount.$add$E:/Are_UBNN_KWS/self/scripts/../src/compute/popcount.sv:62$304 ($add).
  creating $macc model for $flatten\u_pe_array.\gen_pe[7].u_pe.\u_popcount.$add$E:/Are_UBNN_KWS/self/scripts/../src/compute/popcount.sv:62$305 ($add).
  creating $macc model for $flatten\u_pe_array.\gen_pe[7].u_pe.\u_popcount.$add$E:/Are_UBNN_KWS/self/scripts/../src/compute/popcount.sv:62$306 ($add).
  creating $macc model for $flatten\u_pe_array.\gen_pe[7].u_pe.\u_popcount.$add$E:/Are_UBNN_KWS/self/scripts/../src/compute/popcount.sv:62$307 ($add).
  creating $macc model for $flatten\u_pe_array.\gen_pe[7].u_pe.\u_popcount.$add$E:/Are_UBNN_KWS/self/scripts/../src/compute/popcount.sv:62$308 ($add).
  creating $macc model for $flatten\u_pe_array.\gen_pe[7].u_pe.\u_popcount.$add$E:/Are_UBNN_KWS/self/scripts/../src/compute/popcount.sv:62$309 ($add).
  creating $macc model for $flatten\u_pe_array.\gen_pe[7].u_pe.\u_popcount.$add$E:/Are_UBNN_KWS/self/scripts/../src/compute/popcount.sv:62$310 ($add).
  creating $macc model for $flatten\u_pe_array.\gen_pe[7].u_pe.\u_popcount.$add$E:/Are_UBNN_KWS/self/scripts/../src/compute/popcount.sv:62$311 ($add).
  creating $macc model for $flatten\u_pe_array.\gen_pe[7].u_pe.\u_popcount.$add$E:/Are_UBNN_KWS/self/scripts/../src/compute/popcount.sv:62$312 ($add).
  creating $macc model for $flatten\u_pe_array.\gen_pe[7].u_pe.\u_popcount.$add$E:/Are_UBNN_KWS/self/scripts/../src/compute/popcount.sv:62$313 ($add).
  creating $macc model for $flatten\u_pe_array.\gen_pe[7].u_pe.\u_popcount.$add$E:/Are_UBNN_KWS/self/scripts/../src/compute/popcount.sv:62$314 ($add).
  creating $macc model for $flatten\u_pe_array.\gen_pe[8].u_pe.\u_popcount.$add$E:/Are_UBNN_KWS/self/scripts/../src/compute/popcount.sv:62$300 ($add).
  creating $macc model for $flatten\u_pe_array.\gen_pe[8].u_pe.\u_popcount.$add$E:/Are_UBNN_KWS/self/scripts/../src/compute/popcount.sv:62$301 ($add).
  creating $macc model for $flatten\u_pe_array.\gen_pe[8].u_pe.\u_popcount.$add$E:/Are_UBNN_KWS/self/scripts/../src/compute/popcount.sv:62$302 ($add).
  creating $macc model for $flatten\u_pe_array.\gen_pe[8].u_pe.\u_popcount.$add$E:/Are_UBNN_KWS/self/scripts/../src/compute/popcount.sv:62$303 ($add).
  creating $macc model for $flatten\u_pe_array.\gen_pe[8].u_pe.\u_popcount.$add$E:/Are_UBNN_KWS/self/scripts/../src/compute/popcount.sv:62$304 ($add).
  creating $macc model for $flatten\u_pe_array.\gen_pe[8].u_pe.\u_popcount.$add$E:/Are_UBNN_KWS/self/scripts/../src/compute/popcount.sv:62$305 ($add).
  creating $macc model for $flatten\u_pe_array.\gen_pe[8].u_pe.\u_popcount.$add$E:/Are_UBNN_KWS/self/scripts/../src/compute/popcount.sv:62$306 ($add).
  creating $macc model for $flatten\u_pe_array.\gen_pe[8].u_pe.\u_popcount.$add$E:/Are_UBNN_KWS/self/scripts/../src/compute/popcount.sv:62$307 ($add).
  creating $macc model for $flatten\u_pe_array.\gen_pe[8].u_pe.\u_popcount.$add$E:/Are_UBNN_KWS/self/scripts/../src/compute/popcount.sv:62$308 ($add).
  creating $macc model for $flatten\u_pe_array.\gen_pe[8].u_pe.\u_popcount.$add$E:/Are_UBNN_KWS/self/scripts/../src/compute/popcount.sv:62$309 ($add).
  creating $macc model for $flatten\u_pe_array.\gen_pe[8].u_pe.\u_popcount.$add$E:/Are_UBNN_KWS/self/scripts/../src/compute/popcount.sv:62$310 ($add).
  creating $macc model for $flatten\u_pe_array.\gen_pe[8].u_pe.\u_popcount.$add$E:/Are_UBNN_KWS/self/scripts/../src/compute/popcount.sv:62$311 ($add).
  creating $macc model for $flatten\u_pe_array.\gen_pe[8].u_pe.\u_popcount.$add$E:/Are_UBNN_KWS/self/scripts/../src/compute/popcount.sv:62$312 ($add).
  creating $macc model for $flatten\u_pe_array.\gen_pe[8].u_pe.\u_popcount.$add$E:/Are_UBNN_KWS/self/scripts/../src/compute/popcount.sv:62$313 ($add).
  creating $macc model for $flatten\u_pe_array.\gen_pe[8].u_pe.\u_popcount.$add$E:/Are_UBNN_KWS/self/scripts/../src/compute/popcount.sv:62$314 ($add).
  creating $macc model for $flatten\u_pe_array.\gen_pe[9].u_pe.\u_popcount.$add$E:/Are_UBNN_KWS/self/scripts/../src/compute/popcount.sv:62$300 ($add).
  creating $macc model for $flatten\u_pe_array.\gen_pe[9].u_pe.\u_popcount.$add$E:/Are_UBNN_KWS/self/scripts/../src/compute/popcount.sv:62$301 ($add).
  creating $macc model for $flatten\u_pe_array.\gen_pe[9].u_pe.\u_popcount.$add$E:/Are_UBNN_KWS/self/scripts/../src/compute/popcount.sv:62$302 ($add).
  creating $macc model for $flatten\u_pe_array.\gen_pe[9].u_pe.\u_popcount.$add$E:/Are_UBNN_KWS/self/scripts/../src/compute/popcount.sv:62$303 ($add).
  creating $macc model for $flatten\u_pe_array.\gen_pe[9].u_pe.\u_popcount.$add$E:/Are_UBNN_KWS/self/scripts/../src/compute/popcount.sv:62$304 ($add).
  creating $macc model for $flatten\u_pe_array.\gen_pe[9].u_pe.\u_popcount.$add$E:/Are_UBNN_KWS/self/scripts/../src/compute/popcount.sv:62$305 ($add).
  creating $macc model for $flatten\u_pe_array.\gen_pe[9].u_pe.\u_popcount.$add$E:/Are_UBNN_KWS/self/scripts/../src/compute/popcount.sv:62$306 ($add).
  creating $macc model for $flatten\u_pe_array.\gen_pe[9].u_pe.\u_popcount.$add$E:/Are_UBNN_KWS/self/scripts/../src/compute/popcount.sv:62$307 ($add).
  creating $macc model for $flatten\u_pe_array.\gen_pe[9].u_pe.\u_popcount.$add$E:/Are_UBNN_KWS/self/scripts/../src/compute/popcount.sv:62$308 ($add).
  creating $macc model for $flatten\u_pe_array.\gen_pe[9].u_pe.\u_popcount.$add$E:/Are_UBNN_KWS/self/scripts/../src/compute/popcount.sv:62$309 ($add).
  creating $macc model for $flatten\u_pe_array.\gen_pe[9].u_pe.\u_popcount.$add$E:/Are_UBNN_KWS/self/scripts/../src/compute/popcount.sv:62$310 ($add).
  creating $macc model for $flatten\u_pe_array.\gen_pe[9].u_pe.\u_popcount.$add$E:/Are_UBNN_KWS/self/scripts/../src/compute/popcount.sv:62$311 ($add).
  creating $macc model for $flatten\u_pe_array.\gen_pe[9].u_pe.\u_popcount.$add$E:/Are_UBNN_KWS/self/scripts/../src/compute/popcount.sv:62$312 ($add).
  creating $macc model for $flatten\u_pe_array.\gen_pe[9].u_pe.\u_popcount.$add$E:/Are_UBNN_KWS/self/scripts/../src/compute/popcount.sv:62$313 ($add).
  creating $macc model for $flatten\u_pe_array.\gen_pe[9].u_pe.\u_popcount.$add$E:/Are_UBNN_KWS/self/scripts/../src/compute/popcount.sv:62$314 ($add).
  creating $macc model for $flatten\u_pe_array.\gen_pe[10].u_pe.\u_popcount.$add$E:/Are_UBNN_KWS/self/scripts/../src/compute/popcount.sv:62$300 ($add).
  creating $macc model for $flatten\u_pe_array.\gen_pe[10].u_pe.\u_popcount.$add$E:/Are_UBNN_KWS/self/scripts/../src/compute/popcount.sv:62$301 ($add).
  creating $macc model for $flatten\u_pe_array.\gen_pe[10].u_pe.\u_popcount.$add$E:/Are_UBNN_KWS/self/scripts/../src/compute/popcount.sv:62$302 ($add).
  creating $macc model for $flatten\u_pe_array.\gen_pe[10].u_pe.\u_popcount.$add$E:/Are_UBNN_KWS/self/scripts/../src/compute/popcount.sv:62$303 ($add).
  creating $macc model for $flatten\u_pe_array.\gen_pe[10].u_pe.\u_popcount.$add$E:/Are_UBNN_KWS/self/scripts/../src/compute/popcount.sv:62$304 ($add).
  creating $macc model for $flatten\u_pe_array.\gen_pe[10].u_pe.\u_popcount.$add$E:/Are_UBNN_KWS/self/scripts/../src/compute/popcount.sv:62$305 ($add).
  creating $macc model for $flatten\u_pe_array.\gen_pe[10].u_pe.\u_popcount.$add$E:/Are_UBNN_KWS/self/scripts/../src/compute/popcount.sv:62$306 ($add).
  creating $macc model for $flatten\u_pe_array.\gen_pe[10].u_pe.\u_popcount.$add$E:/Are_UBNN_KWS/self/scripts/../src/compute/popcount.sv:62$307 ($add).
  creating $macc model for $flatten\u_pe_array.\gen_pe[10].u_pe.\u_popcount.$add$E:/Are_UBNN_KWS/self/scripts/../src/compute/popcount.sv:62$308 ($add).
  creating $macc model for $flatten\u_pe_array.\gen_pe[10].u_pe.\u_popcount.$add$E:/Are_UBNN_KWS/self/scripts/../src/compute/popcount.sv:62$309 ($add).
  creating $macc model for $flatten\u_pe_array.\gen_pe[10].u_pe.\u_popcount.$add$E:/Are_UBNN_KWS/self/scripts/../src/compute/popcount.sv:62$310 ($add).
  creating $macc model for $flatten\u_pe_array.\gen_pe[10].u_pe.\u_popcount.$add$E:/Are_UBNN_KWS/self/scripts/../src/compute/popcount.sv:62$311 ($add).
  creating $macc model for $flatten\u_pe_array.\gen_pe[10].u_pe.\u_popcount.$add$E:/Are_UBNN_KWS/self/scripts/../src/compute/popcount.sv:62$312 ($add).
  creating $macc model for $flatten\u_pe_array.\gen_pe[10].u_pe.\u_popcount.$add$E:/Are_UBNN_KWS/self/scripts/../src/compute/popcount.sv:62$313 ($add).
  creating $macc model for $flatten\u_pe_array.\gen_pe[10].u_pe.\u_popcount.$add$E:/Are_UBNN_KWS/self/scripts/../src/compute/popcount.sv:62$314 ($add).
  creating $macc model for $flatten\u_pe_array.\gen_pe[11].u_pe.\u_popcount.$add$E:/Are_UBNN_KWS/self/scripts/../src/compute/popcount.sv:62$300 ($add).
  creating $macc model for $flatten\u_pe_array.\gen_pe[11].u_pe.\u_popcount.$add$E:/Are_UBNN_KWS/self/scripts/../src/compute/popcount.sv:62$301 ($add).
  creating $macc model for $flatten\u_pe_array.\gen_pe[11].u_pe.\u_popcount.$add$E:/Are_UBNN_KWS/self/scripts/../src/compute/popcount.sv:62$302 ($add).
  creating $macc model for $flatten\u_pe_array.\gen_pe[11].u_pe.\u_popcount.$add$E:/Are_UBNN_KWS/self/scripts/../src/compute/popcount.sv:62$303 ($add).
  creating $macc model for $flatten\u_pe_array.\gen_pe[11].u_pe.\u_popcount.$add$E:/Are_UBNN_KWS/self/scripts/../src/compute/popcount.sv:62$304 ($add).
  creating $macc model for $flatten\u_pe_array.\gen_pe[11].u_pe.\u_popcount.$add$E:/Are_UBNN_KWS/self/scripts/../src/compute/popcount.sv:62$305 ($add).
  creating $macc model for $flatten\u_pe_array.\gen_pe[11].u_pe.\u_popcount.$add$E:/Are_UBNN_KWS/self/scripts/../src/compute/popcount.sv:62$306 ($add).
  creating $macc model for $flatten\u_pe_array.\gen_pe[11].u_pe.\u_popcount.$add$E:/Are_UBNN_KWS/self/scripts/../src/compute/popcount.sv:62$307 ($add).
  creating $macc model for $flatten\u_pe_array.\gen_pe[11].u_pe.\u_popcount.$add$E:/Are_UBNN_KWS/self/scripts/../src/compute/popcount.sv:62$308 ($add).
  creating $macc model for $flatten\u_pe_array.\gen_pe[11].u_pe.\u_popcount.$add$E:/Are_UBNN_KWS/self/scripts/../src/compute/popcount.sv:62$309 ($add).
  creating $macc model for $flatten\u_pe_array.\gen_pe[11].u_pe.\u_popcount.$add$E:/Are_UBNN_KWS/self/scripts/../src/compute/popcount.sv:62$310 ($add).
  creating $macc model for $flatten\u_pe_array.\gen_pe[11].u_pe.\u_popcount.$add$E:/Are_UBNN_KWS/self/scripts/../src/compute/popcount.sv:62$311 ($add).
  creating $macc model for $flatten\u_pe_array.\gen_pe[11].u_pe.\u_popcount.$add$E:/Are_UBNN_KWS/self/scripts/../src/compute/popcount.sv:62$312 ($add).
  creating $macc model for $flatten\u_pe_array.\gen_pe[11].u_pe.\u_popcount.$add$E:/Are_UBNN_KWS/self/scripts/../src/compute/popcount.sv:62$313 ($add).
  creating $macc model for $flatten\u_pe_array.\gen_pe[11].u_pe.\u_popcount.$add$E:/Are_UBNN_KWS/self/scripts/../src/compute/popcount.sv:62$314 ($add).
  creating $macc model for $flatten\u_pe_array.\gen_pe[12].u_pe.\u_popcount.$add$E:/Are_UBNN_KWS/self/scripts/../src/compute/popcount.sv:62$300 ($add).
  creating $macc model for $flatten\u_pe_array.\gen_pe[12].u_pe.\u_popcount.$add$E:/Are_UBNN_KWS/self/scripts/../src/compute/popcount.sv:62$301 ($add).
  creating $macc model for $flatten\u_pe_array.\gen_pe[12].u_pe.\u_popcount.$add$E:/Are_UBNN_KWS/self/scripts/../src/compute/popcount.sv:62$302 ($add).
  creating $macc model for $flatten\u_pe_array.\gen_pe[12].u_pe.\u_popcount.$add$E:/Are_UBNN_KWS/self/scripts/../src/compute/popcount.sv:62$303 ($add).
  creating $macc model for $flatten\u_pe_array.\gen_pe[12].u_pe.\u_popcount.$add$E:/Are_UBNN_KWS/self/scripts/../src/compute/popcount.sv:62$304 ($add).
  creating $macc model for $flatten\u_pe_array.\gen_pe[12].u_pe.\u_popcount.$add$E:/Are_UBNN_KWS/self/scripts/../src/compute/popcount.sv:62$305 ($add).
  creating $macc model for $flatten\u_pe_array.\gen_pe[12].u_pe.\u_popcount.$add$E:/Are_UBNN_KWS/self/scripts/../src/compute/popcount.sv:62$306 ($add).
  creating $macc model for $flatten\u_pe_array.\gen_pe[12].u_pe.\u_popcount.$add$E:/Are_UBNN_KWS/self/scripts/../src/compute/popcount.sv:62$307 ($add).
  creating $macc model for $flatten\u_pe_array.\gen_pe[12].u_pe.\u_popcount.$add$E:/Are_UBNN_KWS/self/scripts/../src/compute/popcount.sv:62$308 ($add).
  creating $macc model for $flatten\u_pe_array.\gen_pe[12].u_pe.\u_popcount.$add$E:/Are_UBNN_KWS/self/scripts/../src/compute/popcount.sv:62$309 ($add).
  creating $macc model for $flatten\u_pe_array.\gen_pe[12].u_pe.\u_popcount.$add$E:/Are_UBNN_KWS/self/scripts/../src/compute/popcount.sv:62$310 ($add).
  creating $macc model for $flatten\u_pe_array.\gen_pe[12].u_pe.\u_popcount.$add$E:/Are_UBNN_KWS/self/scripts/../src/compute/popcount.sv:62$311 ($add).
  creating $macc model for $flatten\u_pe_array.\gen_pe[12].u_pe.\u_popcount.$add$E:/Are_UBNN_KWS/self/scripts/../src/compute/popcount.sv:62$312 ($add).
  creating $macc model for $flatten\u_pe_array.\gen_pe[12].u_pe.\u_popcount.$add$E:/Are_UBNN_KWS/self/scripts/../src/compute/popcount.sv:62$313 ($add).
  creating $macc model for $flatten\u_pe_array.\gen_pe[12].u_pe.\u_popcount.$add$E:/Are_UBNN_KWS/self/scripts/../src/compute/popcount.sv:62$314 ($add).
  creating $macc model for $flatten\u_pe_array.\gen_pe[13].u_pe.\u_popcount.$add$E:/Are_UBNN_KWS/self/scripts/../src/compute/popcount.sv:62$300 ($add).
  creating $macc model for $flatten\u_pe_array.\gen_pe[13].u_pe.\u_popcount.$add$E:/Are_UBNN_KWS/self/scripts/../src/compute/popcount.sv:62$301 ($add).
  creating $macc model for $flatten\u_pe_array.\gen_pe[13].u_pe.\u_popcount.$add$E:/Are_UBNN_KWS/self/scripts/../src/compute/popcount.sv:62$302 ($add).
  creating $macc model for $flatten\u_pe_array.\gen_pe[13].u_pe.\u_popcount.$add$E:/Are_UBNN_KWS/self/scripts/../src/compute/popcount.sv:62$303 ($add).
  creating $macc model for $flatten\u_pe_array.\gen_pe[13].u_pe.\u_popcount.$add$E:/Are_UBNN_KWS/self/scripts/../src/compute/popcount.sv:62$304 ($add).
  creating $macc model for $flatten\u_pe_array.\gen_pe[13].u_pe.\u_popcount.$add$E:/Are_UBNN_KWS/self/scripts/../src/compute/popcount.sv:62$305 ($add).
  creating $macc model for $flatten\u_pe_array.\gen_pe[13].u_pe.\u_popcount.$add$E:/Are_UBNN_KWS/self/scripts/../src/compute/popcount.sv:62$306 ($add).
  creating $macc model for $flatten\u_pe_array.\gen_pe[13].u_pe.\u_popcount.$add$E:/Are_UBNN_KWS/self/scripts/../src/compute/popcount.sv:62$307 ($add).
  creating $macc model for $flatten\u_pe_array.\gen_pe[13].u_pe.\u_popcount.$add$E:/Are_UBNN_KWS/self/scripts/../src/compute/popcount.sv:62$308 ($add).
  creating $macc model for $flatten\u_pe_array.\gen_pe[13].u_pe.\u_popcount.$add$E:/Are_UBNN_KWS/self/scripts/../src/compute/popcount.sv:62$309 ($add).
  creating $macc model for $flatten\u_pe_array.\gen_pe[13].u_pe.\u_popcount.$add$E:/Are_UBNN_KWS/self/scripts/../src/compute/popcount.sv:62$310 ($add).
  creating $macc model for $flatten\u_pe_array.\gen_pe[13].u_pe.\u_popcount.$add$E:/Are_UBNN_KWS/self/scripts/../src/compute/popcount.sv:62$311 ($add).
  creating $macc model for $flatten\u_pe_array.\gen_pe[13].u_pe.\u_popcount.$add$E:/Are_UBNN_KWS/self/scripts/../src/compute/popcount.sv:62$312 ($add).
  creating $macc model for $flatten\u_pe_array.\gen_pe[13].u_pe.\u_popcount.$add$E:/Are_UBNN_KWS/self/scripts/../src/compute/popcount.sv:62$313 ($add).
  creating $macc model for $flatten\u_pe_array.\gen_pe[13].u_pe.\u_popcount.$add$E:/Are_UBNN_KWS/self/scripts/../src/compute/popcount.sv:62$314 ($add).
  creating $macc model for $flatten\u_pe_array.\gen_pe[14].u_pe.\u_popcount.$add$E:/Are_UBNN_KWS/self/scripts/../src/compute/popcount.sv:62$300 ($add).
  creating $macc model for $flatten\u_pe_array.\gen_pe[14].u_pe.\u_popcount.$add$E:/Are_UBNN_KWS/self/scripts/../src/compute/popcount.sv:62$301 ($add).
  creating $macc model for $flatten\u_pe_array.\gen_pe[14].u_pe.\u_popcount.$add$E:/Are_UBNN_KWS/self/scripts/../src/compute/popcount.sv:62$302 ($add).
  creating $macc model for $flatten\u_pe_array.\gen_pe[14].u_pe.\u_popcount.$add$E:/Are_UBNN_KWS/self/scripts/../src/compute/popcount.sv:62$303 ($add).
  creating $macc model for $flatten\u_pe_array.\gen_pe[14].u_pe.\u_popcount.$add$E:/Are_UBNN_KWS/self/scripts/../src/compute/popcount.sv:62$304 ($add).
  creating $macc model for $flatten\u_pe_array.\gen_pe[14].u_pe.\u_popcount.$add$E:/Are_UBNN_KWS/self/scripts/../src/compute/popcount.sv:62$305 ($add).
  creating $macc model for $flatten\u_pe_array.\gen_pe[14].u_pe.\u_popcount.$add$E:/Are_UBNN_KWS/self/scripts/../src/compute/popcount.sv:62$306 ($add).
  creating $macc model for $flatten\u_pe_array.\gen_pe[14].u_pe.\u_popcount.$add$E:/Are_UBNN_KWS/self/scripts/../src/compute/popcount.sv:62$307 ($add).
  creating $macc model for $flatten\u_pe_array.\gen_pe[14].u_pe.\u_popcount.$add$E:/Are_UBNN_KWS/self/scripts/../src/compute/popcount.sv:62$308 ($add).
  creating $macc model for $flatten\u_pe_array.\gen_pe[14].u_pe.\u_popcount.$add$E:/Are_UBNN_KWS/self/scripts/../src/compute/popcount.sv:62$309 ($add).
  creating $macc model for $flatten\u_pe_array.\gen_pe[14].u_pe.\u_popcount.$add$E:/Are_UBNN_KWS/self/scripts/../src/compute/popcount.sv:62$310 ($add).
  creating $macc model for $flatten\u_pe_array.\gen_pe[14].u_pe.\u_popcount.$add$E:/Are_UBNN_KWS/self/scripts/../src/compute/popcount.sv:62$311 ($add).
  creating $macc model for $flatten\u_pe_array.\gen_pe[14].u_pe.\u_popcount.$add$E:/Are_UBNN_KWS/self/scripts/../src/compute/popcount.sv:62$312 ($add).
  creating $macc model for $flatten\u_pe_array.\gen_pe[14].u_pe.\u_popcount.$add$E:/Are_UBNN_KWS/self/scripts/../src/compute/popcount.sv:62$313 ($add).
  creating $macc model for $flatten\u_pe_array.\gen_pe[14].u_pe.\u_popcount.$add$E:/Are_UBNN_KWS/self/scripts/../src/compute/popcount.sv:62$314 ($add).
  creating $macc model for $flatten\u_pe_array.\gen_pe[15].u_pe.\u_popcount.$add$E:/Are_UBNN_KWS/self/scripts/../src/compute/popcount.sv:62$300 ($add).
  creating $macc model for $flatten\u_pe_array.\gen_pe[15].u_pe.\u_popcount.$add$E:/Are_UBNN_KWS/self/scripts/../src/compute/popcount.sv:62$301 ($add).
  creating $macc model for $flatten\u_pe_array.\gen_pe[15].u_pe.\u_popcount.$add$E:/Are_UBNN_KWS/self/scripts/../src/compute/popcount.sv:62$302 ($add).
  creating $macc model for $flatten\u_pe_array.\gen_pe[15].u_pe.\u_popcount.$add$E:/Are_UBNN_KWS/self/scripts/../src/compute/popcount.sv:62$303 ($add).
  creating $macc model for $flatten\u_pe_array.\gen_pe[15].u_pe.\u_popcount.$add$E:/Are_UBNN_KWS/self/scripts/../src/compute/popcount.sv:62$304 ($add).
  creating $macc model for $flatten\u_pe_array.\gen_pe[15].u_pe.\u_popcount.$add$E:/Are_UBNN_KWS/self/scripts/../src/compute/popcount.sv:62$305 ($add).
  creating $macc model for $flatten\u_pe_array.\gen_pe[15].u_pe.\u_popcount.$add$E:/Are_UBNN_KWS/self/scripts/../src/compute/popcount.sv:62$306 ($add).
  creating $macc model for $flatten\u_pe_array.\gen_pe[15].u_pe.\u_popcount.$add$E:/Are_UBNN_KWS/self/scripts/../src/compute/popcount.sv:62$307 ($add).
  creating $macc model for $flatten\u_pe_array.\gen_pe[15].u_pe.\u_popcount.$add$E:/Are_UBNN_KWS/self/scripts/../src/compute/popcount.sv:62$308 ($add).
  creating $macc model for $flatten\u_pe_array.\gen_pe[15].u_pe.\u_popcount.$add$E:/Are_UBNN_KWS/self/scripts/../src/compute/popcount.sv:62$309 ($add).
  creating $macc model for $flatten\u_pe_array.\gen_pe[15].u_pe.\u_popcount.$add$E:/Are_UBNN_KWS/self/scripts/../src/compute/popcount.sv:62$310 ($add).
  creating $macc model for $flatten\u_pe_array.\gen_pe[15].u_pe.\u_popcount.$add$E:/Are_UBNN_KWS/self/scripts/../src/compute/popcount.sv:62$311 ($add).
  creating $macc model for $flatten\u_pe_array.\gen_pe[15].u_pe.\u_popcount.$add$E:/Are_UBNN_KWS/self/scripts/../src/compute/popcount.sv:62$312 ($add).
  creating $macc model for $flatten\u_pe_array.\gen_pe[15].u_pe.\u_popcount.$add$E:/Are_UBNN_KWS/self/scripts/../src/compute/popcount.sv:62$313 ($add).
  creating $macc model for $flatten\u_pe_array.\gen_pe[15].u_pe.\u_popcount.$add$E:/Are_UBNN_KWS/self/scripts/../src/compute/popcount.sv:62$314 ($add).
  creating $macc model for $flatten\u_accum.$add$E:/Are_UBNN_KWS/self/scripts/../src/baseline/accumulator.sv:62$511 ($add).
  creating $macc model for $flatten\u_accum.$add$E:/Are_UBNN_KWS/self/scripts/../src/baseline/accumulator.sv:62$512 ($add).
  creating $macc model for $flatten\u_accum.$add$E:/Are_UBNN_KWS/self/scripts/../src/baseline/accumulator.sv:62$513 ($add).
  creating $macc model for $flatten\u_accum.$add$E:/Are_UBNN_KWS/self/scripts/../src/baseline/accumulator.sv:62$514 ($add).
  creating $macc model for $flatten\u_accum.$add$E:/Are_UBNN_KWS/self/scripts/../src/baseline/accumulator.sv:62$515 ($add).
  creating $macc model for $flatten\u_accum.$add$E:/Are_UBNN_KWS/self/scripts/../src/baseline/accumulator.sv:62$516 ($add).
  creating $macc model for $flatten\u_accum.$add$E:/Are_UBNN_KWS/self/scripts/../src/baseline/accumulator.sv:62$517 ($add).
  creating $macc model for $flatten\u_accum.$add$E:/Are_UBNN_KWS/self/scripts/../src/baseline/accumulator.sv:62$518 ($add).
  creating $macc model for $flatten\u_accum.$add$E:/Are_UBNN_KWS/self/scripts/../src/baseline/accumulator.sv:62$519 ($add).
  creating $macc model for $flatten\u_accum.$add$E:/Are_UBNN_KWS/self/scripts/../src/baseline/accumulator.sv:62$520 ($add).
  creating $macc model for $flatten\u_accum.$add$E:/Are_UBNN_KWS/self/scripts/../src/baseline/accumulator.sv:62$521 ($add).
  creating $macc model for $flatten\u_accum.$add$E:/Are_UBNN_KWS/self/scripts/../src/baseline/accumulator.sv:62$522 ($add).
  creating $macc model for $flatten\u_accum.$add$E:/Are_UBNN_KWS/self/scripts/../src/baseline/accumulator.sv:62$523 ($add).
  creating $macc model for $flatten\u_accum.$add$E:/Are_UBNN_KWS/self/scripts/../src/baseline/accumulator.sv:62$524 ($add).
  creating $macc model for $flatten\u_accum.$add$E:/Are_UBNN_KWS/self/scripts/../src/baseline/accumulator.sv:62$525 ($add).
  creating $macc model for $flatten\u_pe_array.\gen_pe[3].u_pe.\u_popcount.$add$E:/Are_UBNN_KWS/self/scripts/../src/compute/popcount.sv:62$314 ($add).
  creating $macc model for $flatten\u_pe_array.\gen_pe[2].u_pe.\u_popcount.$add$E:/Are_UBNN_KWS/self/scripts/../src/compute/popcount.sv:62$311 ($add).
  creating $macc model for $flatten\u_pe_array.\gen_pe[2].u_pe.\u_popcount.$add$E:/Are_UBNN_KWS/self/scripts/../src/compute/popcount.sv:62$310 ($add).
  creating $macc model for $flatten\u_pe_array.\gen_pe[2].u_pe.\u_popcount.$add$E:/Are_UBNN_KWS/self/scripts/../src/compute/popcount.sv:62$309 ($add).
  creating $macc model for $flatten\u_pe_array.\gen_pe[2].u_pe.\u_popcount.$add$E:/Are_UBNN_KWS/self/scripts/../src/compute/popcount.sv:62$314 ($add).
  creating $macc model for $flatten\u_pe_array.\gen_pe[2].u_pe.\u_popcount.$add$E:/Are_UBNN_KWS/self/scripts/../src/compute/popcount.sv:62$313 ($add).
  creating $macc model for $flatten\u_pe_array.\gen_pe[1].u_pe.\u_popcount.$add$E:/Are_UBNN_KWS/self/scripts/../src/compute/popcount.sv:62$310 ($add).
  creating $macc model for $flatten\u_pe_array.\gen_pe[1].u_pe.\u_popcount.$add$E:/Are_UBNN_KWS/self/scripts/../src/compute/popcount.sv:62$311 ($add).
  creating $macc model for $flatten\u_pe_array.\gen_pe[1].u_pe.\u_popcount.$add$E:/Are_UBNN_KWS/self/scripts/../src/compute/popcount.sv:62$312 ($add).
  creating $macc model for $flatten\u_pe_array.\gen_pe[1].u_pe.\u_popcount.$add$E:/Are_UBNN_KWS/self/scripts/../src/compute/popcount.sv:62$313 ($add).
  creating $macc model for $flatten\u_pe_array.\gen_pe[1].u_pe.\u_popcount.$add$E:/Are_UBNN_KWS/self/scripts/../src/compute/popcount.sv:62$314 ($add).
  creating $macc model for $flatten\u_pe_array.\gen_pe[2].u_pe.\u_popcount.$add$E:/Are_UBNN_KWS/self/scripts/../src/compute/popcount.sv:62$300 ($add).
  creating $macc model for $flatten\u_pe_array.\gen_pe[2].u_pe.\u_popcount.$add$E:/Are_UBNN_KWS/self/scripts/../src/compute/popcount.sv:62$301 ($add).
  creating $macc model for $flatten\u_pe_array.\gen_pe[2].u_pe.\u_popcount.$add$E:/Are_UBNN_KWS/self/scripts/../src/compute/popcount.sv:62$302 ($add).
  creating $macc model for $flatten\u_pe_array.\gen_pe[2].u_pe.\u_popcount.$add$E:/Are_UBNN_KWS/self/scripts/../src/compute/popcount.sv:62$303 ($add).
  creating $macc model for $flatten\u_pe_array.\gen_pe[2].u_pe.\u_popcount.$add$E:/Are_UBNN_KWS/self/scripts/../src/compute/popcount.sv:62$304 ($add).
  creating $macc model for $flatten\u_pe_array.\gen_pe[2].u_pe.\u_popcount.$add$E:/Are_UBNN_KWS/self/scripts/../src/compute/popcount.sv:62$305 ($add).
  creating $macc model for $flatten\u_pe_array.\gen_pe[2].u_pe.\u_popcount.$add$E:/Are_UBNN_KWS/self/scripts/../src/compute/popcount.sv:62$306 ($add).
  creating $macc model for $flatten\u_pe_array.\gen_pe[4].u_pe.\u_popcount.$add$E:/Are_UBNN_KWS/self/scripts/../src/compute/popcount.sv:62$300 ($add).
  creating $macc model for $flatten\u_pe_array.\gen_pe[4].u_pe.\u_popcount.$add$E:/Are_UBNN_KWS/self/scripts/../src/compute/popcount.sv:62$301 ($add).
  creating $macc model for $flatten\u_pe_array.\gen_pe[4].u_pe.\u_popcount.$add$E:/Are_UBNN_KWS/self/scripts/../src/compute/popcount.sv:62$302 ($add).
  creating $macc model for $flatten\u_pe_array.\gen_pe[4].u_pe.\u_popcount.$add$E:/Are_UBNN_KWS/self/scripts/../src/compute/popcount.sv:62$303 ($add).
  creating $macc model for $flatten\u_pe_array.\gen_pe[4].u_pe.\u_popcount.$add$E:/Are_UBNN_KWS/self/scripts/../src/compute/popcount.sv:62$304 ($add).
  creating $macc model for $flatten\u_pe_array.\gen_pe[4].u_pe.\u_popcount.$add$E:/Are_UBNN_KWS/self/scripts/../src/compute/popcount.sv:62$305 ($add).
  creating $macc model for $flatten\u_pe_array.\gen_pe[4].u_pe.\u_popcount.$add$E:/Are_UBNN_KWS/self/scripts/../src/compute/popcount.sv:62$306 ($add).
  creating $macc model for $flatten\u_pe_array.\gen_pe[4].u_pe.\u_popcount.$add$E:/Are_UBNN_KWS/self/scripts/../src/compute/popcount.sv:62$307 ($add).
  creating $macc model for $flatten\u_pe_array.\gen_pe[3].u_pe.\u_popcount.$add$E:/Are_UBNN_KWS/self/scripts/../src/compute/popcount.sv:62$313 ($add).
  creating $macc model for $flatten\u_pe_array.\gen_pe[3].u_pe.\u_popcount.$add$E:/Are_UBNN_KWS/self/scripts/../src/compute/popcount.sv:62$312 ($add).
  creating $macc model for $flatten\u_pe_array.\gen_pe[3].u_pe.\u_popcount.$add$E:/Are_UBNN_KWS/self/scripts/../src/compute/popcount.sv:62$311 ($add).
  creating $macc model for $flatten\u_pe_array.\gen_pe[3].u_pe.\u_popcount.$add$E:/Are_UBNN_KWS/self/scripts/../src/compute/popcount.sv:62$310 ($add).
  creating $macc model for $flatten\u_pe_array.\gen_pe[3].u_pe.\u_popcount.$add$E:/Are_UBNN_KWS/self/scripts/../src/compute/popcount.sv:62$309 ($add).
  creating $macc model for $flatten\u_pe_array.\gen_pe[3].u_pe.\u_popcount.$add$E:/Are_UBNN_KWS/self/scripts/../src/compute/popcount.sv:62$308 ($add).
  creating $macc model for $flatten\u_pe_array.\gen_pe[3].u_pe.\u_popcount.$add$E:/Are_UBNN_KWS/self/scripts/../src/compute/popcount.sv:62$307 ($add).
  creating $macc model for $flatten\u_pe_array.\gen_pe[3].u_pe.\u_popcount.$add$E:/Are_UBNN_KWS/self/scripts/../src/compute/popcount.sv:62$306 ($add).
  creating $macc model for $flatten\u_pe_array.\gen_pe[3].u_pe.\u_popcount.$add$E:/Are_UBNN_KWS/self/scripts/../src/compute/popcount.sv:62$305 ($add).
  creating $macc model for $flatten\u_pe_array.\gen_pe[3].u_pe.\u_popcount.$add$E:/Are_UBNN_KWS/self/scripts/../src/compute/popcount.sv:62$304 ($add).
  creating $macc model for $flatten\u_pe_array.\gen_pe[3].u_pe.\u_popcount.$add$E:/Are_UBNN_KWS/self/scripts/../src/compute/popcount.sv:62$303 ($add).
  creating $macc model for $flatten\u_pe_array.\gen_pe[2].u_pe.\u_popcount.$add$E:/Are_UBNN_KWS/self/scripts/../src/compute/popcount.sv:62$308 ($add).
  creating $macc model for $flatten\u_pe_array.\gen_pe[3].u_pe.\u_popcount.$add$E:/Are_UBNN_KWS/self/scripts/../src/compute/popcount.sv:62$302 ($add).
  creating $macc model for $flatten\u_pe_array.\gen_pe[3].u_pe.\u_popcount.$add$E:/Are_UBNN_KWS/self/scripts/../src/compute/popcount.sv:62$301 ($add).
  creating $macc model for $flatten\u_pe_array.\gen_pe[3].u_pe.\u_popcount.$add$E:/Are_UBNN_KWS/self/scripts/../src/compute/popcount.sv:62$300 ($add).
  creating $macc model for $flatten\u_pe_array.\gen_pe[2].u_pe.\u_popcount.$add$E:/Are_UBNN_KWS/self/scripts/../src/compute/popcount.sv:62$312 ($add).
  creating $macc model for $flatten\u_pe_array.\gen_pe[2].u_pe.\u_popcount.$add$E:/Are_UBNN_KWS/self/scripts/../src/compute/popcount.sv:62$307 ($add).
  creating $macc model for $flatten\u_pe_array.\gen_pe[0].u_pe.\u_popcount.$add$E:/Are_UBNN_KWS/self/scripts/../src/compute/popcount.sv:62$300 ($add).
  creating $macc model for $flatten\u_pe_array.\gen_pe[0].u_pe.\u_popcount.$add$E:/Are_UBNN_KWS/self/scripts/../src/compute/popcount.sv:62$301 ($add).
  creating $macc model for $flatten\u_pe_array.\gen_pe[0].u_pe.\u_popcount.$add$E:/Are_UBNN_KWS/self/scripts/../src/compute/popcount.sv:62$302 ($add).
  creating $macc model for $flatten\u_pe_array.\gen_pe[0].u_pe.\u_popcount.$add$E:/Are_UBNN_KWS/self/scripts/../src/compute/popcount.sv:62$303 ($add).
  creating $macc model for $flatten\u_pe_array.\gen_pe[0].u_pe.\u_popcount.$add$E:/Are_UBNN_KWS/self/scripts/../src/compute/popcount.sv:62$304 ($add).
  creating $macc model for $flatten\u_pe_array.\gen_pe[0].u_pe.\u_popcount.$add$E:/Are_UBNN_KWS/self/scripts/../src/compute/popcount.sv:62$305 ($add).
  creating $macc model for $flatten\u_pe_array.\gen_pe[0].u_pe.\u_popcount.$add$E:/Are_UBNN_KWS/self/scripts/../src/compute/popcount.sv:62$306 ($add).
  creating $macc model for $flatten\u_pe_array.\gen_pe[0].u_pe.\u_popcount.$add$E:/Are_UBNN_KWS/self/scripts/../src/compute/popcount.sv:62$307 ($add).
  creating $macc model for $flatten\u_pe_array.\gen_pe[0].u_pe.\u_popcount.$add$E:/Are_UBNN_KWS/self/scripts/../src/compute/popcount.sv:62$308 ($add).
  creating $macc model for $flatten\u_pe_array.\gen_pe[0].u_pe.\u_popcount.$add$E:/Are_UBNN_KWS/self/scripts/../src/compute/popcount.sv:62$309 ($add).
  creating $macc model for $flatten\u_pe_array.\gen_pe[0].u_pe.\u_popcount.$add$E:/Are_UBNN_KWS/self/scripts/../src/compute/popcount.sv:62$310 ($add).
  creating $macc model for $flatten\u_pe_array.\gen_pe[0].u_pe.\u_popcount.$add$E:/Are_UBNN_KWS/self/scripts/../src/compute/popcount.sv:62$311 ($add).
  creating $macc model for $flatten\u_pe_array.\gen_pe[0].u_pe.\u_popcount.$add$E:/Are_UBNN_KWS/self/scripts/../src/compute/popcount.sv:62$312 ($add).
  creating $macc model for $flatten\u_pe_array.\gen_pe[0].u_pe.\u_popcount.$add$E:/Are_UBNN_KWS/self/scripts/../src/compute/popcount.sv:62$313 ($add).
  creating $macc model for $flatten\u_pe_array.\gen_pe[0].u_pe.\u_popcount.$add$E:/Are_UBNN_KWS/self/scripts/../src/compute/popcount.sv:62$314 ($add).
  creating $macc model for $flatten\u_pe_array.\gen_pe[1].u_pe.\u_popcount.$add$E:/Are_UBNN_KWS/self/scripts/../src/compute/popcount.sv:62$300 ($add).
  creating $macc model for $flatten\u_pe_array.\gen_pe[1].u_pe.\u_popcount.$add$E:/Are_UBNN_KWS/self/scripts/../src/compute/popcount.sv:62$301 ($add).
  creating $macc model for $flatten\u_pe_array.\gen_pe[1].u_pe.\u_popcount.$add$E:/Are_UBNN_KWS/self/scripts/../src/compute/popcount.sv:62$302 ($add).
  creating $macc model for $flatten\u_pe_array.\gen_pe[1].u_pe.\u_popcount.$add$E:/Are_UBNN_KWS/self/scripts/../src/compute/popcount.sv:62$303 ($add).
  creating $macc model for $flatten\u_pe_array.\gen_pe[1].u_pe.\u_popcount.$add$E:/Are_UBNN_KWS/self/scripts/../src/compute/popcount.sv:62$304 ($add).
  creating $macc model for $flatten\u_pe_array.\gen_pe[1].u_pe.\u_popcount.$add$E:/Are_UBNN_KWS/self/scripts/../src/compute/popcount.sv:62$305 ($add).
  creating $macc model for $flatten\u_pe_array.\gen_pe[1].u_pe.\u_popcount.$add$E:/Are_UBNN_KWS/self/scripts/../src/compute/popcount.sv:62$306 ($add).
  creating $macc model for $flatten\u_pe_array.\gen_pe[1].u_pe.\u_popcount.$add$E:/Are_UBNN_KWS/self/scripts/../src/compute/popcount.sv:62$307 ($add).
  creating $macc model for $flatten\u_pe_array.\gen_pe[1].u_pe.\u_popcount.$add$E:/Are_UBNN_KWS/self/scripts/../src/compute/popcount.sv:62$308 ($add).
  creating $macc model for $flatten\u_pe_array.\gen_pe[1].u_pe.\u_popcount.$add$E:/Are_UBNN_KWS/self/scripts/../src/compute/popcount.sv:62$309 ($add).
  merging $macc model for $flatten\u_pe_array.\gen_pe[1].u_pe.\u_popcount.$add$E:/Are_UBNN_KWS/self/scripts/../src/compute/popcount.sv:62$308 into $flatten\u_pe_array.\gen_pe[1].u_pe.\u_popcount.$add$E:/Are_UBNN_KWS/self/scripts/../src/compute/popcount.sv:62$309.
  merging $macc model for $flatten\u_pe_array.\gen_pe[1].u_pe.\u_popcount.$add$E:/Are_UBNN_KWS/self/scripts/../src/compute/popcount.sv:62$307 into $flatten\u_pe_array.\gen_pe[1].u_pe.\u_popcount.$add$E:/Are_UBNN_KWS/self/scripts/../src/compute/popcount.sv:62$309.
  merging $macc model for $flatten\u_pe_array.\gen_pe[1].u_pe.\u_popcount.$add$E:/Are_UBNN_KWS/self/scripts/../src/compute/popcount.sv:62$306 into $flatten\u_pe_array.\gen_pe[1].u_pe.\u_popcount.$add$E:/Are_UBNN_KWS/self/scripts/../src/compute/popcount.sv:62$309.
  merging $macc model for $flatten\u_pe_array.\gen_pe[1].u_pe.\u_popcount.$add$E:/Are_UBNN_KWS/self/scripts/../src/compute/popcount.sv:62$305 into $flatten\u_pe_array.\gen_pe[1].u_pe.\u_popcount.$add$E:/Are_UBNN_KWS/self/scripts/../src/compute/popcount.sv:62$309.
  merging $macc model for $flatten\u_pe_array.\gen_pe[1].u_pe.\u_popcount.$add$E:/Are_UBNN_KWS/self/scripts/../src/compute/popcount.sv:62$304 into $flatten\u_pe_array.\gen_pe[1].u_pe.\u_popcount.$add$E:/Are_UBNN_KWS/self/scripts/../src/compute/popcount.sv:62$309.
  merging $macc model for $flatten\u_pe_array.\gen_pe[1].u_pe.\u_popcount.$add$E:/Are_UBNN_KWS/self/scripts/../src/compute/popcount.sv:62$303 into $flatten\u_pe_array.\gen_pe[1].u_pe.\u_popcount.$add$E:/Are_UBNN_KWS/self/scripts/../src/compute/popcount.sv:62$309.
  merging $macc model for $flatten\u_pe_array.\gen_pe[1].u_pe.\u_popcount.$add$E:/Are_UBNN_KWS/self/scripts/../src/compute/popcount.sv:62$302 into $flatten\u_pe_array.\gen_pe[1].u_pe.\u_popcount.$add$E:/Are_UBNN_KWS/self/scripts/../src/compute/popcount.sv:62$309.
  merging $macc model for $flatten\u_pe_array.\gen_pe[1].u_pe.\u_popcount.$add$E:/Are_UBNN_KWS/self/scripts/../src/compute/popcount.sv:62$301 into $flatten\u_pe_array.\gen_pe[1].u_pe.\u_popcount.$add$E:/Are_UBNN_KWS/self/scripts/../src/compute/popcount.sv:62$309.
  merging $macc model for $flatten\u_pe_array.\gen_pe[0].u_pe.\u_popcount.$add$E:/Are_UBNN_KWS/self/scripts/../src/compute/popcount.sv:62$313 into $flatten\u_pe_array.\gen_pe[0].u_pe.\u_popcount.$add$E:/Are_UBNN_KWS/self/scripts/../src/compute/popcount.sv:62$314.
  merging $macc model for $flatten\u_pe_array.\gen_pe[0].u_pe.\u_popcount.$add$E:/Are_UBNN_KWS/self/scripts/../src/compute/popcount.sv:62$312 into $flatten\u_pe_array.\gen_pe[0].u_pe.\u_popcount.$add$E:/Are_UBNN_KWS/self/scripts/../src/compute/popcount.sv:62$314.
  merging $macc model for $flatten\u_pe_array.\gen_pe[0].u_pe.\u_popcount.$add$E:/Are_UBNN_KWS/self/scripts/../src/compute/popcount.sv:62$311 into $flatten\u_pe_array.\gen_pe[0].u_pe.\u_popcount.$add$E:/Are_UBNN_KWS/self/scripts/../src/compute/popcount.sv:62$314.
  merging $macc model for $flatten\u_pe_array.\gen_pe[0].u_pe.\u_popcount.$add$E:/Are_UBNN_KWS/self/scripts/../src/compute/popcount.sv:62$310 into $flatten\u_pe_array.\gen_pe[0].u_pe.\u_popcount.$add$E:/Are_UBNN_KWS/self/scripts/../src/compute/popcount.sv:62$314.
  merging $macc model for $flatten\u_pe_array.\gen_pe[0].u_pe.\u_popcount.$add$E:/Are_UBNN_KWS/self/scripts/../src/compute/popcount.sv:62$309 into $flatten\u_pe_array.\gen_pe[0].u_pe.\u_popcount.$add$E:/Are_UBNN_KWS/self/scripts/../src/compute/popcount.sv:62$314.
  merging $macc model for $flatten\u_pe_array.\gen_pe[0].u_pe.\u_popcount.$add$E:/Are_UBNN_KWS/self/scripts/../src/compute/popcount.sv:62$308 into $flatten\u_pe_array.\gen_pe[0].u_pe.\u_popcount.$add$E:/Are_UBNN_KWS/self/scripts/../src/compute/popcount.sv:62$314.
  merging $macc model for $flatten\u_pe_array.\gen_pe[0].u_pe.\u_popcount.$add$E:/Are_UBNN_KWS/self/scripts/../src/compute/popcount.sv:62$307 into $flatten\u_pe_array.\gen_pe[0].u_pe.\u_popcount.$add$E:/Are_UBNN_KWS/self/scripts/../src/compute/popcount.sv:62$314.
  merging $macc model for $flatten\u_pe_array.\gen_pe[0].u_pe.\u_popcount.$add$E:/Are_UBNN_KWS/self/scripts/../src/compute/popcount.sv:62$306 into $flatten\u_pe_array.\gen_pe[0].u_pe.\u_popcount.$add$E:/Are_UBNN_KWS/self/scripts/../src/compute/popcount.sv:62$314.
  merging $macc model for $flatten\u_pe_array.\gen_pe[0].u_pe.\u_popcount.$add$E:/Are_UBNN_KWS/self/scripts/../src/compute/popcount.sv:62$305 into $flatten\u_pe_array.\gen_pe[0].u_pe.\u_popcount.$add$E:/Are_UBNN_KWS/self/scripts/../src/compute/popcount.sv:62$314.
  merging $macc model for $flatten\u_pe_array.\gen_pe[0].u_pe.\u_popcount.$add$E:/Are_UBNN_KWS/self/scripts/../src/compute/popcount.sv:62$304 into $flatten\u_pe_array.\gen_pe[0].u_pe.\u_popcount.$add$E:/Are_UBNN_KWS/self/scripts/../src/compute/popcount.sv:62$314.
  merging $macc model for $flatten\u_pe_array.\gen_pe[0].u_pe.\u_popcount.$add$E:/Are_UBNN_KWS/self/scripts/../src/compute/popcount.sv:62$303 into $flatten\u_pe_array.\gen_pe[0].u_pe.\u_popcount.$add$E:/Are_UBNN_KWS/self/scripts/../src/compute/popcount.sv:62$314.
  merging $macc model for $flatten\u_pe_array.\gen_pe[0].u_pe.\u_popcount.$add$E:/Are_UBNN_KWS/self/scripts/../src/compute/popcount.sv:62$302 into $flatten\u_pe_array.\gen_pe[0].u_pe.\u_popcount.$add$E:/Are_UBNN_KWS/self/scripts/../src/compute/popcount.sv:62$314.
  merging $macc model for $flatten\u_pe_array.\gen_pe[0].u_pe.\u_popcount.$add$E:/Are_UBNN_KWS/self/scripts/../src/compute/popcount.sv:62$301 into $flatten\u_pe_array.\gen_pe[0].u_pe.\u_popcount.$add$E:/Are_UBNN_KWS/self/scripts/../src/compute/popcount.sv:62$314.
  merging $macc model for $flatten\u_pe_array.\gen_pe[2].u_pe.\u_popcount.$add$E:/Are_UBNN_KWS/self/scripts/../src/compute/popcount.sv:62$306 into $flatten\u_pe_array.\gen_pe[2].u_pe.\u_popcount.$add$E:/Are_UBNN_KWS/self/scripts/../src/compute/popcount.sv:62$307.
  merging $macc model for $flatten\u_pe_array.\gen_pe[2].u_pe.\u_popcount.$add$E:/Are_UBNN_KWS/self/scripts/../src/compute/popcount.sv:62$305 into $flatten\u_pe_array.\gen_pe[2].u_pe.\u_popcount.$add$E:/Are_UBNN_KWS/self/scripts/../src/compute/popcount.sv:62$307.
  merging $macc model for $flatten\u_pe_array.\gen_pe[2].u_pe.\u_popcount.$add$E:/Are_UBNN_KWS/self/scripts/../src/compute/popcount.sv:62$304 into $flatten\u_pe_array.\gen_pe[2].u_pe.\u_popcount.$add$E:/Are_UBNN_KWS/self/scripts/../src/compute/popcount.sv:62$307.
  merging $macc model for $flatten\u_pe_array.\gen_pe[2].u_pe.\u_popcount.$add$E:/Are_UBNN_KWS/self/scripts/../src/compute/popcount.sv:62$303 into $flatten\u_pe_array.\gen_pe[2].u_pe.\u_popcount.$add$E:/Are_UBNN_KWS/self/scripts/../src/compute/popcount.sv:62$307.
  merging $macc model for $flatten\u_pe_array.\gen_pe[2].u_pe.\u_popcount.$add$E:/Are_UBNN_KWS/self/scripts/../src/compute/popcount.sv:62$302 into $flatten\u_pe_array.\gen_pe[2].u_pe.\u_popcount.$add$E:/Are_UBNN_KWS/self/scripts/../src/compute/popcount.sv:62$307.
  merging $macc model for $flatten\u_pe_array.\gen_pe[2].u_pe.\u_popcount.$add$E:/Are_UBNN_KWS/self/scripts/../src/compute/popcount.sv:62$301 into $flatten\u_pe_array.\gen_pe[2].u_pe.\u_popcount.$add$E:/Are_UBNN_KWS/self/scripts/../src/compute/popcount.sv:62$307.
  merging $macc model for $flatten\u_pe_array.\gen_pe[2].u_pe.\u_popcount.$add$E:/Are_UBNN_KWS/self/scripts/../src/compute/popcount.sv:62$311 into $flatten\u_pe_array.\gen_pe[2].u_pe.\u_popcount.$add$E:/Are_UBNN_KWS/self/scripts/../src/compute/popcount.sv:62$312.
  merging $macc model for $flatten\u_pe_array.\gen_pe[2].u_pe.\u_popcount.$add$E:/Are_UBNN_KWS/self/scripts/../src/compute/popcount.sv:62$310 into $flatten\u_pe_array.\gen_pe[2].u_pe.\u_popcount.$add$E:/Are_UBNN_KWS/self/scripts/../src/compute/popcount.sv:62$312.
  merging $macc model for $flatten\u_pe_array.\gen_pe[2].u_pe.\u_popcount.$add$E:/Are_UBNN_KWS/self/scripts/../src/compute/popcount.sv:62$309 into $flatten\u_pe_array.\gen_pe[2].u_pe.\u_popcount.$add$E:/Are_UBNN_KWS/self/scripts/../src/compute/popcount.sv:62$312.
  merging $macc model for $flatten\u_pe_array.\gen_pe[2].u_pe.\u_popcount.$add$E:/Are_UBNN_KWS/self/scripts/../src/compute/popcount.sv:62$308 into $flatten\u_pe_array.\gen_pe[2].u_pe.\u_popcount.$add$E:/Are_UBNN_KWS/self/scripts/../src/compute/popcount.sv:62$312.
  merging $macc model for $flatten\u_pe_array.\gen_pe[2].u_pe.\u_popcount.$add$E:/Are_UBNN_KWS/self/scripts/../src/compute/popcount.sv:62$307 into $flatten\u_pe_array.\gen_pe[2].u_pe.\u_popcount.$add$E:/Are_UBNN_KWS/self/scripts/../src/compute/popcount.sv:62$312.
  merging $macc model for $flatten\u_pe_array.\gen_pe[3].u_pe.\u_popcount.$add$E:/Are_UBNN_KWS/self/scripts/../src/compute/popcount.sv:62$301 into $flatten\u_pe_array.\gen_pe[3].u_pe.\u_popcount.$add$E:/Are_UBNN_KWS/self/scripts/../src/compute/popcount.sv:62$302.
  merging $macc model for $flatten\u_pe_array.\gen_pe[3].u_pe.\u_popcount.$add$E:/Are_UBNN_KWS/self/scripts/../src/compute/popcount.sv:62$302 into $flatten\u_pe_array.\gen_pe[3].u_pe.\u_popcount.$add$E:/Are_UBNN_KWS/self/scripts/../src/compute/popcount.sv:62$303.
  merging $macc model for $flatten\u_pe_array.\gen_pe[3].u_pe.\u_popcount.$add$E:/Are_UBNN_KWS/self/scripts/../src/compute/popcount.sv:62$303 into $flatten\u_pe_array.\gen_pe[3].u_pe.\u_popcount.$add$E:/Are_UBNN_KWS/self/scripts/../src/compute/popcount.sv:62$304.
  merging $macc model for $flatten\u_pe_array.\gen_pe[3].u_pe.\u_popcount.$add$E:/Are_UBNN_KWS/self/scripts/../src/compute/popcount.sv:62$304 into $flatten\u_pe_array.\gen_pe[3].u_pe.\u_popcount.$add$E:/Are_UBNN_KWS/self/scripts/../src/compute/popcount.sv:62$305.
  merging $macc model for $flatten\u_pe_array.\gen_pe[3].u_pe.\u_popcount.$add$E:/Are_UBNN_KWS/self/scripts/../src/compute/popcount.sv:62$305 into $flatten\u_pe_array.\gen_pe[3].u_pe.\u_popcount.$add$E:/Are_UBNN_KWS/self/scripts/../src/compute/popcount.sv:62$306.
  merging $macc model for $flatten\u_pe_array.\gen_pe[3].u_pe.\u_popcount.$add$E:/Are_UBNN_KWS/self/scripts/../src/compute/popcount.sv:62$306 into $flatten\u_pe_array.\gen_pe[3].u_pe.\u_popcount.$add$E:/Are_UBNN_KWS/self/scripts/../src/compute/popcount.sv:62$307.
  merging $macc model for $flatten\u_pe_array.\gen_pe[3].u_pe.\u_popcount.$add$E:/Are_UBNN_KWS/self/scripts/../src/compute/popcount.sv:62$307 into $flatten\u_pe_array.\gen_pe[3].u_pe.\u_popcount.$add$E:/Are_UBNN_KWS/self/scripts/../src/compute/popcount.sv:62$308.
  merging $macc model for $flatten\u_pe_array.\gen_pe[3].u_pe.\u_popcount.$add$E:/Are_UBNN_KWS/self/scripts/../src/compute/popcount.sv:62$308 into $flatten\u_pe_array.\gen_pe[3].u_pe.\u_popcount.$add$E:/Are_UBNN_KWS/self/scripts/../src/compute/popcount.sv:62$309.
  merging $macc model for $flatten\u_pe_array.\gen_pe[3].u_pe.\u_popcount.$add$E:/Are_UBNN_KWS/self/scripts/../src/compute/popcount.sv:62$309 into $flatten\u_pe_array.\gen_pe[3].u_pe.\u_popcount.$add$E:/Are_UBNN_KWS/self/scripts/../src/compute/popcount.sv:62$310.
  merging $macc model for $flatten\u_pe_array.\gen_pe[3].u_pe.\u_popcount.$add$E:/Are_UBNN_KWS/self/scripts/../src/compute/popcount.sv:62$310 into $flatten\u_pe_array.\gen_pe[3].u_pe.\u_popcount.$add$E:/Are_UBNN_KWS/self/scripts/../src/compute/popcount.sv:62$311.
  merging $macc model for $flatten\u_pe_array.\gen_pe[3].u_pe.\u_popcount.$add$E:/Are_UBNN_KWS/self/scripts/../src/compute/popcount.sv:62$311 into $flatten\u_pe_array.\gen_pe[3].u_pe.\u_popcount.$add$E:/Are_UBNN_KWS/self/scripts/../src/compute/popcount.sv:62$312.
  merging $macc model for $flatten\u_pe_array.\gen_pe[3].u_pe.\u_popcount.$add$E:/Are_UBNN_KWS/self/scripts/../src/compute/popcount.sv:62$312 into $flatten\u_pe_array.\gen_pe[3].u_pe.\u_popcount.$add$E:/Are_UBNN_KWS/self/scripts/../src/compute/popcount.sv:62$313.
  merging $macc model for $flatten\u_pe_array.\gen_pe[4].u_pe.\u_popcount.$add$E:/Are_UBNN_KWS/self/scripts/../src/compute/popcount.sv:62$306 into $flatten\u_pe_array.\gen_pe[4].u_pe.\u_popcount.$add$E:/Are_UBNN_KWS/self/scripts/../src/compute/popcount.sv:62$307.
  merging $macc model for $flatten\u_pe_array.\gen_pe[4].u_pe.\u_popcount.$add$E:/Are_UBNN_KWS/self/scripts/../src/compute/popcount.sv:62$305 into $flatten\u_pe_array.\gen_pe[4].u_pe.\u_popcount.$add$E:/Are_UBNN_KWS/self/scripts/../src/compute/popcount.sv:62$307.
  merging $macc model for $flatten\u_pe_array.\gen_pe[4].u_pe.\u_popcount.$add$E:/Are_UBNN_KWS/self/scripts/../src/compute/popcount.sv:62$304 into $flatten\u_pe_array.\gen_pe[4].u_pe.\u_popcount.$add$E:/Are_UBNN_KWS/self/scripts/../src/compute/popcount.sv:62$307.
  merging $macc model for $flatten\u_pe_array.\gen_pe[4].u_pe.\u_popcount.$add$E:/Are_UBNN_KWS/self/scripts/../src/compute/popcount.sv:62$303 into $flatten\u_pe_array.\gen_pe[4].u_pe.\u_popcount.$add$E:/Are_UBNN_KWS/self/scripts/../src/compute/popcount.sv:62$307.
  merging $macc model for $flatten\u_pe_array.\gen_pe[4].u_pe.\u_popcount.$add$E:/Are_UBNN_KWS/self/scripts/../src/compute/popcount.sv:62$302 into $flatten\u_pe_array.\gen_pe[4].u_pe.\u_popcount.$add$E:/Are_UBNN_KWS/self/scripts/../src/compute/popcount.sv:62$307.
  merging $macc model for $flatten\u_pe_array.\gen_pe[4].u_pe.\u_popcount.$add$E:/Are_UBNN_KWS/self/scripts/../src/compute/popcount.sv:62$301 into $flatten\u_pe_array.\gen_pe[4].u_pe.\u_popcount.$add$E:/Are_UBNN_KWS/self/scripts/../src/compute/popcount.sv:62$307.
  merging $macc model for $flatten\u_pe_array.\gen_pe[1].u_pe.\u_popcount.$add$E:/Are_UBNN_KWS/self/scripts/../src/compute/popcount.sv:62$313 into $flatten\u_pe_array.\gen_pe[1].u_pe.\u_popcount.$add$E:/Are_UBNN_KWS/self/scripts/../src/compute/popcount.sv:62$314.
  merging $macc model for $flatten\u_pe_array.\gen_pe[1].u_pe.\u_popcount.$add$E:/Are_UBNN_KWS/self/scripts/../src/compute/popcount.sv:62$312 into $flatten\u_pe_array.\gen_pe[1].u_pe.\u_popcount.$add$E:/Are_UBNN_KWS/self/scripts/../src/compute/popcount.sv:62$314.
  merging $macc model for $flatten\u_pe_array.\gen_pe[1].u_pe.\u_popcount.$add$E:/Are_UBNN_KWS/self/scripts/../src/compute/popcount.sv:62$311 into $flatten\u_pe_array.\gen_pe[1].u_pe.\u_popcount.$add$E:/Are_UBNN_KWS/self/scripts/../src/compute/popcount.sv:62$314.
  merging $macc model for $flatten\u_pe_array.\gen_pe[1].u_pe.\u_popcount.$add$E:/Are_UBNN_KWS/self/scripts/../src/compute/popcount.sv:62$310 into $flatten\u_pe_array.\gen_pe[1].u_pe.\u_popcount.$add$E:/Are_UBNN_KWS/self/scripts/../src/compute/popcount.sv:62$314.
  merging $macc model for $flatten\u_pe_array.\gen_pe[1].u_pe.\u_popcount.$add$E:/Are_UBNN_KWS/self/scripts/../src/compute/popcount.sv:62$309 into $flatten\u_pe_array.\gen_pe[1].u_pe.\u_popcount.$add$E:/Are_UBNN_KWS/self/scripts/../src/compute/popcount.sv:62$314.
  merging $macc model for $flatten\u_pe_array.\gen_pe[2].u_pe.\u_popcount.$add$E:/Are_UBNN_KWS/self/scripts/../src/compute/popcount.sv:62$312 into $flatten\u_pe_array.\gen_pe[2].u_pe.\u_popcount.$add$E:/Are_UBNN_KWS/self/scripts/../src/compute/popcount.sv:62$313.
  merging $macc model for $flatten\u_pe_array.\gen_pe[2].u_pe.\u_popcount.$add$E:/Are_UBNN_KWS/self/scripts/../src/compute/popcount.sv:62$313 into $flatten\u_pe_array.\gen_pe[2].u_pe.\u_popcount.$add$E:/Are_UBNN_KWS/self/scripts/../src/compute/popcount.sv:62$314.
  merging $macc model for $flatten\u_pe_array.\gen_pe[3].u_pe.\u_popcount.$add$E:/Are_UBNN_KWS/self/scripts/../src/compute/popcount.sv:62$313 into $flatten\u_pe_array.\gen_pe[3].u_pe.\u_popcount.$add$E:/Are_UBNN_KWS/self/scripts/../src/compute/popcount.sv:62$314.
  merging $macc model for $flatten\u_accum.$add$E:/Are_UBNN_KWS/self/scripts/../src/baseline/accumulator.sv:62$524 into $flatten\u_accum.$add$E:/Are_UBNN_KWS/self/scripts/../src/baseline/accumulator.sv:62$525.
  merging $macc model for $flatten\u_accum.$add$E:/Are_UBNN_KWS/self/scripts/../src/baseline/accumulator.sv:62$523 into $flatten\u_accum.$add$E:/Are_UBNN_KWS/self/scripts/../src/baseline/accumulator.sv:62$525.
  merging $macc model for $flatten\u_accum.$add$E:/Are_UBNN_KWS/self/scripts/../src/baseline/accumulator.sv:62$522 into $flatten\u_accum.$add$E:/Are_UBNN_KWS/self/scripts/../src/baseline/accumulator.sv:62$525.
  merging $macc model for $flatten\u_accum.$add$E:/Are_UBNN_KWS/self/scripts/../src/baseline/accumulator.sv:62$521 into $flatten\u_accum.$add$E:/Are_UBNN_KWS/self/scripts/../src/baseline/accumulator.sv:62$525.
  merging $macc model for $flatten\u_accum.$add$E:/Are_UBNN_KWS/self/scripts/../src/baseline/accumulator.sv:62$520 into $flatten\u_accum.$add$E:/Are_UBNN_KWS/self/scripts/../src/baseline/accumulator.sv:62$525.
  merging $macc model for $flatten\u_accum.$add$E:/Are_UBNN_KWS/self/scripts/../src/baseline/accumulator.sv:62$519 into $flatten\u_accum.$add$E:/Are_UBNN_KWS/self/scripts/../src/baseline/accumulator.sv:62$525.
  merging $macc model for $flatten\u_accum.$add$E:/Are_UBNN_KWS/self/scripts/../src/baseline/accumulator.sv:62$518 into $flatten\u_accum.$add$E:/Are_UBNN_KWS/self/scripts/../src/baseline/accumulator.sv:62$525.
  merging $macc model for $flatten\u_accum.$add$E:/Are_UBNN_KWS/self/scripts/../src/baseline/accumulator.sv:62$517 into $flatten\u_accum.$add$E:/Are_UBNN_KWS/self/scripts/../src/baseline/accumulator.sv:62$525.
  merging $macc model for $flatten\u_accum.$add$E:/Are_UBNN_KWS/self/scripts/../src/baseline/accumulator.sv:62$516 into $flatten\u_accum.$add$E:/Are_UBNN_KWS/self/scripts/../src/baseline/accumulator.sv:62$525.
  merging $macc model for $flatten\u_accum.$add$E:/Are_UBNN_KWS/self/scripts/../src/baseline/accumulator.sv:62$515 into $flatten\u_accum.$add$E:/Are_UBNN_KWS/self/scripts/../src/baseline/accumulator.sv:62$525.
  merging $macc model for $flatten\u_accum.$add$E:/Are_UBNN_KWS/self/scripts/../src/baseline/accumulator.sv:62$514 into $flatten\u_accum.$add$E:/Are_UBNN_KWS/self/scripts/../src/baseline/accumulator.sv:62$525.
  merging $macc model for $flatten\u_accum.$add$E:/Are_UBNN_KWS/self/scripts/../src/baseline/accumulator.sv:62$513 into $flatten\u_accum.$add$E:/Are_UBNN_KWS/self/scripts/../src/baseline/accumulator.sv:62$525.
  merging $macc model for $flatten\u_accum.$add$E:/Are_UBNN_KWS/self/scripts/../src/baseline/accumulator.sv:62$512 into $flatten\u_accum.$add$E:/Are_UBNN_KWS/self/scripts/../src/baseline/accumulator.sv:62$525.
  merging $macc model for $flatten\u_pe_array.\gen_pe[15].u_pe.\u_popcount.$add$E:/Are_UBNN_KWS/self/scripts/../src/compute/popcount.sv:62$313 into $flatten\u_pe_array.\gen_pe[15].u_pe.\u_popcount.$add$E:/Are_UBNN_KWS/self/scripts/../src/compute/popcount.sv:62$314.
  merging $macc model for $flatten\u_pe_array.\gen_pe[15].u_pe.\u_popcount.$add$E:/Are_UBNN_KWS/self/scripts/../src/compute/popcount.sv:62$312 into $flatten\u_pe_array.\gen_pe[15].u_pe.\u_popcount.$add$E:/Are_UBNN_KWS/self/scripts/../src/compute/popcount.sv:62$314.
  merging $macc model for $flatten\u_pe_array.\gen_pe[15].u_pe.\u_popcount.$add$E:/Are_UBNN_KWS/self/scripts/../src/compute/popcount.sv:62$311 into $flatten\u_pe_array.\gen_pe[15].u_pe.\u_popcount.$add$E:/Are_UBNN_KWS/self/scripts/../src/compute/popcount.sv:62$314.
  merging $macc model for $flatten\u_pe_array.\gen_pe[15].u_pe.\u_popcount.$add$E:/Are_UBNN_KWS/self/scripts/../src/compute/popcount.sv:62$310 into $flatten\u_pe_array.\gen_pe[15].u_pe.\u_popcount.$add$E:/Are_UBNN_KWS/self/scripts/../src/compute/popcount.sv:62$314.
  merging $macc model for $flatten\u_pe_array.\gen_pe[15].u_pe.\u_popcount.$add$E:/Are_UBNN_KWS/self/scripts/../src/compute/popcount.sv:62$309 into $flatten\u_pe_array.\gen_pe[15].u_pe.\u_popcount.$add$E:/Are_UBNN_KWS/self/scripts/../src/compute/popcount.sv:62$314.
  merging $macc model for $flatten\u_pe_array.\gen_pe[15].u_pe.\u_popcount.$add$E:/Are_UBNN_KWS/self/scripts/../src/compute/popcount.sv:62$308 into $flatten\u_pe_array.\gen_pe[15].u_pe.\u_popcount.$add$E:/Are_UBNN_KWS/self/scripts/../src/compute/popcount.sv:62$314.
  merging $macc model for $flatten\u_pe_array.\gen_pe[15].u_pe.\u_popcount.$add$E:/Are_UBNN_KWS/self/scripts/../src/compute/popcount.sv:62$307 into $flatten\u_pe_array.\gen_pe[15].u_pe.\u_popcount.$add$E:/Are_UBNN_KWS/self/scripts/../src/compute/popcount.sv:62$314.
  merging $macc model for $flatten\u_pe_array.\gen_pe[15].u_pe.\u_popcount.$add$E:/Are_UBNN_KWS/self/scripts/../src/compute/popcount.sv:62$306 into $flatten\u_pe_array.\gen_pe[15].u_pe.\u_popcount.$add$E:/Are_UBNN_KWS/self/scripts/../src/compute/popcount.sv:62$314.
  merging $macc model for $flatten\u_pe_array.\gen_pe[15].u_pe.\u_popcount.$add$E:/Are_UBNN_KWS/self/scripts/../src/compute/popcount.sv:62$305 into $flatten\u_pe_array.\gen_pe[15].u_pe.\u_popcount.$add$E:/Are_UBNN_KWS/self/scripts/../src/compute/popcount.sv:62$314.
  merging $macc model for $flatten\u_pe_array.\gen_pe[15].u_pe.\u_popcount.$add$E:/Are_UBNN_KWS/self/scripts/../src/compute/popcount.sv:62$304 into $flatten\u_pe_array.\gen_pe[15].u_pe.\u_popcount.$add$E:/Are_UBNN_KWS/self/scripts/../src/compute/popcount.sv:62$314.
  merging $macc model for $flatten\u_pe_array.\gen_pe[15].u_pe.\u_popcount.$add$E:/Are_UBNN_KWS/self/scripts/../src/compute/popcount.sv:62$303 into $flatten\u_pe_array.\gen_pe[15].u_pe.\u_popcount.$add$E:/Are_UBNN_KWS/self/scripts/../src/compute/popcount.sv:62$314.
  merging $macc model for $flatten\u_pe_array.\gen_pe[15].u_pe.\u_popcount.$add$E:/Are_UBNN_KWS/self/scripts/../src/compute/popcount.sv:62$302 into $flatten\u_pe_array.\gen_pe[15].u_pe.\u_popcount.$add$E:/Are_UBNN_KWS/self/scripts/../src/compute/popcount.sv:62$314.
  merging $macc model for $flatten\u_pe_array.\gen_pe[15].u_pe.\u_popcount.$add$E:/Are_UBNN_KWS/self/scripts/../src/compute/popcount.sv:62$301 into $flatten\u_pe_array.\gen_pe[15].u_pe.\u_popcount.$add$E:/Are_UBNN_KWS/self/scripts/../src/compute/popcount.sv:62$314.
  merging $macc model for $flatten\u_pe_array.\gen_pe[14].u_pe.\u_popcount.$add$E:/Are_UBNN_KWS/self/scripts/../src/compute/popcount.sv:62$313 into $flatten\u_pe_array.\gen_pe[14].u_pe.\u_popcount.$add$E:/Are_UBNN_KWS/self/scripts/../src/compute/popcount.sv:62$314.
  merging $macc model for $flatten\u_pe_array.\gen_pe[14].u_pe.\u_popcount.$add$E:/Are_UBNN_KWS/self/scripts/../src/compute/popcount.sv:62$312 into $flatten\u_pe_array.\gen_pe[14].u_pe.\u_popcount.$add$E:/Are_UBNN_KWS/self/scripts/../src/compute/popcount.sv:62$314.
  merging $macc model for $flatten\u_pe_array.\gen_pe[14].u_pe.\u_popcount.$add$E:/Are_UBNN_KWS/self/scripts/../src/compute/popcount.sv:62$311 into $flatten\u_pe_array.\gen_pe[14].u_pe.\u_popcount.$add$E:/Are_UBNN_KWS/self/scripts/../src/compute/popcount.sv:62$314.
  merging $macc model for $flatten\u_pe_array.\gen_pe[14].u_pe.\u_popcount.$add$E:/Are_UBNN_KWS/self/scripts/../src/compute/popcount.sv:62$310 into $flatten\u_pe_array.\gen_pe[14].u_pe.\u_popcount.$add$E:/Are_UBNN_KWS/self/scripts/../src/compute/popcount.sv:62$314.
  merging $macc model for $flatten\u_pe_array.\gen_pe[14].u_pe.\u_popcount.$add$E:/Are_UBNN_KWS/self/scripts/../src/compute/popcount.sv:62$309 into $flatten\u_pe_array.\gen_pe[14].u_pe.\u_popcount.$add$E:/Are_UBNN_KWS/self/scripts/../src/compute/popcount.sv:62$314.
  merging $macc model for $flatten\u_pe_array.\gen_pe[14].u_pe.\u_popcount.$add$E:/Are_UBNN_KWS/self/scripts/../src/compute/popcount.sv:62$308 into $flatten\u_pe_array.\gen_pe[14].u_pe.\u_popcount.$add$E:/Are_UBNN_KWS/self/scripts/../src/compute/popcount.sv:62$314.
  merging $macc model for $flatten\u_pe_array.\gen_pe[14].u_pe.\u_popcount.$add$E:/Are_UBNN_KWS/self/scripts/../src/compute/popcount.sv:62$307 into $flatten\u_pe_array.\gen_pe[14].u_pe.\u_popcount.$add$E:/Are_UBNN_KWS/self/scripts/../src/compute/popcount.sv:62$314.
  merging $macc model for $flatten\u_pe_array.\gen_pe[14].u_pe.\u_popcount.$add$E:/Are_UBNN_KWS/self/scripts/../src/compute/popcount.sv:62$306 into $flatten\u_pe_array.\gen_pe[14].u_pe.\u_popcount.$add$E:/Are_UBNN_KWS/self/scripts/../src/compute/popcount.sv:62$314.
  merging $macc model for $flatten\u_pe_array.\gen_pe[14].u_pe.\u_popcount.$add$E:/Are_UBNN_KWS/self/scripts/../src/compute/popcount.sv:62$305 into $flatten\u_pe_array.\gen_pe[14].u_pe.\u_popcount.$add$E:/Are_UBNN_KWS/self/scripts/../src/compute/popcount.sv:62$314.
  merging $macc model for $flatten\u_pe_array.\gen_pe[14].u_pe.\u_popcount.$add$E:/Are_UBNN_KWS/self/scripts/../src/compute/popcount.sv:62$304 into $flatten\u_pe_array.\gen_pe[14].u_pe.\u_popcount.$add$E:/Are_UBNN_KWS/self/scripts/../src/compute/popcount.sv:62$314.
  merging $macc model for $flatten\u_pe_array.\gen_pe[14].u_pe.\u_popcount.$add$E:/Are_UBNN_KWS/self/scripts/../src/compute/popcount.sv:62$303 into $flatten\u_pe_array.\gen_pe[14].u_pe.\u_popcount.$add$E:/Are_UBNN_KWS/self/scripts/../src/compute/popcount.sv:62$314.
  merging $macc model for $flatten\u_pe_array.\gen_pe[14].u_pe.\u_popcount.$add$E:/Are_UBNN_KWS/self/scripts/../src/compute/popcount.sv:62$302 into $flatten\u_pe_array.\gen_pe[14].u_pe.\u_popcount.$add$E:/Are_UBNN_KWS/self/scripts/../src/compute/popcount.sv:62$314.
  merging $macc model for $flatten\u_pe_array.\gen_pe[14].u_pe.\u_popcount.$add$E:/Are_UBNN_KWS/self/scripts/../src/compute/popcount.sv:62$301 into $flatten\u_pe_array.\gen_pe[14].u_pe.\u_popcount.$add$E:/Are_UBNN_KWS/self/scripts/../src/compute/popcount.sv:62$314.
  merging $macc model for $flatten\u_pe_array.\gen_pe[13].u_pe.\u_popcount.$add$E:/Are_UBNN_KWS/self/scripts/../src/compute/popcount.sv:62$313 into $flatten\u_pe_array.\gen_pe[13].u_pe.\u_popcount.$add$E:/Are_UBNN_KWS/self/scripts/../src/compute/popcount.sv:62$314.
  merging $macc model for $flatten\u_pe_array.\gen_pe[13].u_pe.\u_popcount.$add$E:/Are_UBNN_KWS/self/scripts/../src/compute/popcount.sv:62$312 into $flatten\u_pe_array.\gen_pe[13].u_pe.\u_popcount.$add$E:/Are_UBNN_KWS/self/scripts/../src/compute/popcount.sv:62$314.
  merging $macc model for $flatten\u_pe_array.\gen_pe[13].u_pe.\u_popcount.$add$E:/Are_UBNN_KWS/self/scripts/../src/compute/popcount.sv:62$311 into $flatten\u_pe_array.\gen_pe[13].u_pe.\u_popcount.$add$E:/Are_UBNN_KWS/self/scripts/../src/compute/popcount.sv:62$314.
  merging $macc model for $flatten\u_pe_array.\gen_pe[13].u_pe.\u_popcount.$add$E:/Are_UBNN_KWS/self/scripts/../src/compute/popcount.sv:62$310 into $flatten\u_pe_array.\gen_pe[13].u_pe.\u_popcount.$add$E:/Are_UBNN_KWS/self/scripts/../src/compute/popcount.sv:62$314.
  merging $macc model for $flatten\u_pe_array.\gen_pe[13].u_pe.\u_popcount.$add$E:/Are_UBNN_KWS/self/scripts/../src/compute/popcount.sv:62$309 into $flatten\u_pe_array.\gen_pe[13].u_pe.\u_popcount.$add$E:/Are_UBNN_KWS/self/scripts/../src/compute/popcount.sv:62$314.
  merging $macc model for $flatten\u_pe_array.\gen_pe[13].u_pe.\u_popcount.$add$E:/Are_UBNN_KWS/self/scripts/../src/compute/popcount.sv:62$308 into $flatten\u_pe_array.\gen_pe[13].u_pe.\u_popcount.$add$E:/Are_UBNN_KWS/self/scripts/../src/compute/popcount.sv:62$314.
  merging $macc model for $flatten\u_pe_array.\gen_pe[13].u_pe.\u_popcount.$add$E:/Are_UBNN_KWS/self/scripts/../src/compute/popcount.sv:62$307 into $flatten\u_pe_array.\gen_pe[13].u_pe.\u_popcount.$add$E:/Are_UBNN_KWS/self/scripts/../src/compute/popcount.sv:62$314.
  merging $macc model for $flatten\u_pe_array.\gen_pe[13].u_pe.\u_popcount.$add$E:/Are_UBNN_KWS/self/scripts/../src/compute/popcount.sv:62$306 into $flatten\u_pe_array.\gen_pe[13].u_pe.\u_popcount.$add$E:/Are_UBNN_KWS/self/scripts/../src/compute/popcount.sv:62$314.
  merging $macc model for $flatten\u_pe_array.\gen_pe[13].u_pe.\u_popcount.$add$E:/Are_UBNN_KWS/self/scripts/../src/compute/popcount.sv:62$305 into $flatten\u_pe_array.\gen_pe[13].u_pe.\u_popcount.$add$E:/Are_UBNN_KWS/self/scripts/../src/compute/popcount.sv:62$314.
  merging $macc model for $flatten\u_pe_array.\gen_pe[13].u_pe.\u_popcount.$add$E:/Are_UBNN_KWS/self/scripts/../src/compute/popcount.sv:62$304 into $flatten\u_pe_array.\gen_pe[13].u_pe.\u_popcount.$add$E:/Are_UBNN_KWS/self/scripts/../src/compute/popcount.sv:62$314.
  merging $macc model for $flatten\u_pe_array.\gen_pe[13].u_pe.\u_popcount.$add$E:/Are_UBNN_KWS/self/scripts/../src/compute/popcount.sv:62$303 into $flatten\u_pe_array.\gen_pe[13].u_pe.\u_popcount.$add$E:/Are_UBNN_KWS/self/scripts/../src/compute/popcount.sv:62$314.
  merging $macc model for $flatten\u_pe_array.\gen_pe[13].u_pe.\u_popcount.$add$E:/Are_UBNN_KWS/self/scripts/../src/compute/popcount.sv:62$302 into $flatten\u_pe_array.\gen_pe[13].u_pe.\u_popcount.$add$E:/Are_UBNN_KWS/self/scripts/../src/compute/popcount.sv:62$314.
  merging $macc model for $flatten\u_pe_array.\gen_pe[13].u_pe.\u_popcount.$add$E:/Are_UBNN_KWS/self/scripts/../src/compute/popcount.sv:62$301 into $flatten\u_pe_array.\gen_pe[13].u_pe.\u_popcount.$add$E:/Are_UBNN_KWS/self/scripts/../src/compute/popcount.sv:62$314.
  merging $macc model for $flatten\u_pe_array.\gen_pe[12].u_pe.\u_popcount.$add$E:/Are_UBNN_KWS/self/scripts/../src/compute/popcount.sv:62$313 into $flatten\u_pe_array.\gen_pe[12].u_pe.\u_popcount.$add$E:/Are_UBNN_KWS/self/scripts/../src/compute/popcount.sv:62$314.
  merging $macc model for $flatten\u_pe_array.\gen_pe[12].u_pe.\u_popcount.$add$E:/Are_UBNN_KWS/self/scripts/../src/compute/popcount.sv:62$312 into $flatten\u_pe_array.\gen_pe[12].u_pe.\u_popcount.$add$E:/Are_UBNN_KWS/self/scripts/../src/compute/popcount.sv:62$314.
  merging $macc model for $flatten\u_pe_array.\gen_pe[12].u_pe.\u_popcount.$add$E:/Are_UBNN_KWS/self/scripts/../src/compute/popcount.sv:62$311 into $flatten\u_pe_array.\gen_pe[12].u_pe.\u_popcount.$add$E:/Are_UBNN_KWS/self/scripts/../src/compute/popcount.sv:62$314.
  merging $macc model for $flatten\u_pe_array.\gen_pe[12].u_pe.\u_popcount.$add$E:/Are_UBNN_KWS/self/scripts/../src/compute/popcount.sv:62$310 into $flatten\u_pe_array.\gen_pe[12].u_pe.\u_popcount.$add$E:/Are_UBNN_KWS/self/scripts/../src/compute/popcount.sv:62$314.
  merging $macc model for $flatten\u_pe_array.\gen_pe[12].u_pe.\u_popcount.$add$E:/Are_UBNN_KWS/self/scripts/../src/compute/popcount.sv:62$309 into $flatten\u_pe_array.\gen_pe[12].u_pe.\u_popcount.$add$E:/Are_UBNN_KWS/self/scripts/../src/compute/popcount.sv:62$314.
  merging $macc model for $flatten\u_pe_array.\gen_pe[12].u_pe.\u_popcount.$add$E:/Are_UBNN_KWS/self/scripts/../src/compute/popcount.sv:62$308 into $flatten\u_pe_array.\gen_pe[12].u_pe.\u_popcount.$add$E:/Are_UBNN_KWS/self/scripts/../src/compute/popcount.sv:62$314.
  merging $macc model for $flatten\u_pe_array.\gen_pe[12].u_pe.\u_popcount.$add$E:/Are_UBNN_KWS/self/scripts/../src/compute/popcount.sv:62$307 into $flatten\u_pe_array.\gen_pe[12].u_pe.\u_popcount.$add$E:/Are_UBNN_KWS/self/scripts/../src/compute/popcount.sv:62$314.
  merging $macc model for $flatten\u_pe_array.\gen_pe[12].u_pe.\u_popcount.$add$E:/Are_UBNN_KWS/self/scripts/../src/compute/popcount.sv:62$306 into $flatten\u_pe_array.\gen_pe[12].u_pe.\u_popcount.$add$E:/Are_UBNN_KWS/self/scripts/../src/compute/popcount.sv:62$314.
  merging $macc model for $flatten\u_pe_array.\gen_pe[12].u_pe.\u_popcount.$add$E:/Are_UBNN_KWS/self/scripts/../src/compute/popcount.sv:62$305 into $flatten\u_pe_array.\gen_pe[12].u_pe.\u_popcount.$add$E:/Are_UBNN_KWS/self/scripts/../src/compute/popcount.sv:62$314.
  merging $macc model for $flatten\u_pe_array.\gen_pe[12].u_pe.\u_popcount.$add$E:/Are_UBNN_KWS/self/scripts/../src/compute/popcount.sv:62$304 into $flatten\u_pe_array.\gen_pe[12].u_pe.\u_popcount.$add$E:/Are_UBNN_KWS/self/scripts/../src/compute/popcount.sv:62$314.
  merging $macc model for $flatten\u_pe_array.\gen_pe[12].u_pe.\u_popcount.$add$E:/Are_UBNN_KWS/self/scripts/../src/compute/popcount.sv:62$303 into $flatten\u_pe_array.\gen_pe[12].u_pe.\u_popcount.$add$E:/Are_UBNN_KWS/self/scripts/../src/compute/popcount.sv:62$314.
  merging $macc model for $flatten\u_pe_array.\gen_pe[12].u_pe.\u_popcount.$add$E:/Are_UBNN_KWS/self/scripts/../src/compute/popcount.sv:62$302 into $flatten\u_pe_array.\gen_pe[12].u_pe.\u_popcount.$add$E:/Are_UBNN_KWS/self/scripts/../src/compute/popcount.sv:62$314.
  merging $macc model for $flatten\u_pe_array.\gen_pe[12].u_pe.\u_popcount.$add$E:/Are_UBNN_KWS/self/scripts/../src/compute/popcount.sv:62$301 into $flatten\u_pe_array.\gen_pe[12].u_pe.\u_popcount.$add$E:/Are_UBNN_KWS/self/scripts/../src/compute/popcount.sv:62$314.
  merging $macc model for $flatten\u_pe_array.\gen_pe[11].u_pe.\u_popcount.$add$E:/Are_UBNN_KWS/self/scripts/../src/compute/popcount.sv:62$313 into $flatten\u_pe_array.\gen_pe[11].u_pe.\u_popcount.$add$E:/Are_UBNN_KWS/self/scripts/../src/compute/popcount.sv:62$314.
  merging $macc model for $flatten\u_pe_array.\gen_pe[11].u_pe.\u_popcount.$add$E:/Are_UBNN_KWS/self/scripts/../src/compute/popcount.sv:62$312 into $flatten\u_pe_array.\gen_pe[11].u_pe.\u_popcount.$add$E:/Are_UBNN_KWS/self/scripts/../src/compute/popcount.sv:62$314.
  merging $macc model for $flatten\u_pe_array.\gen_pe[11].u_pe.\u_popcount.$add$E:/Are_UBNN_KWS/self/scripts/../src/compute/popcount.sv:62$311 into $flatten\u_pe_array.\gen_pe[11].u_pe.\u_popcount.$add$E:/Are_UBNN_KWS/self/scripts/../src/compute/popcount.sv:62$314.
  merging $macc model for $flatten\u_pe_array.\gen_pe[11].u_pe.\u_popcount.$add$E:/Are_UBNN_KWS/self/scripts/../src/compute/popcount.sv:62$310 into $flatten\u_pe_array.\gen_pe[11].u_pe.\u_popcount.$add$E:/Are_UBNN_KWS/self/scripts/../src/compute/popcount.sv:62$314.
  merging $macc model for $flatten\u_pe_array.\gen_pe[11].u_pe.\u_popcount.$add$E:/Are_UBNN_KWS/self/scripts/../src/compute/popcount.sv:62$309 into $flatten\u_pe_array.\gen_pe[11].u_pe.\u_popcount.$add$E:/Are_UBNN_KWS/self/scripts/../src/compute/popcount.sv:62$314.
  merging $macc model for $flatten\u_pe_array.\gen_pe[11].u_pe.\u_popcount.$add$E:/Are_UBNN_KWS/self/scripts/../src/compute/popcount.sv:62$308 into $flatten\u_pe_array.\gen_pe[11].u_pe.\u_popcount.$add$E:/Are_UBNN_KWS/self/scripts/../src/compute/popcount.sv:62$314.
  merging $macc model for $flatten\u_pe_array.\gen_pe[11].u_pe.\u_popcount.$add$E:/Are_UBNN_KWS/self/scripts/../src/compute/popcount.sv:62$307 into $flatten\u_pe_array.\gen_pe[11].u_pe.\u_popcount.$add$E:/Are_UBNN_KWS/self/scripts/../src/compute/popcount.sv:62$314.
  merging $macc model for $flatten\u_pe_array.\gen_pe[11].u_pe.\u_popcount.$add$E:/Are_UBNN_KWS/self/scripts/../src/compute/popcount.sv:62$306 into $flatten\u_pe_array.\gen_pe[11].u_pe.\u_popcount.$add$E:/Are_UBNN_KWS/self/scripts/../src/compute/popcount.sv:62$314.
  merging $macc model for $flatten\u_pe_array.\gen_pe[11].u_pe.\u_popcount.$add$E:/Are_UBNN_KWS/self/scripts/../src/compute/popcount.sv:62$305 into $flatten\u_pe_array.\gen_pe[11].u_pe.\u_popcount.$add$E:/Are_UBNN_KWS/self/scripts/../src/compute/popcount.sv:62$314.
  merging $macc model for $flatten\u_pe_array.\gen_pe[11].u_pe.\u_popcount.$add$E:/Are_UBNN_KWS/self/scripts/../src/compute/popcount.sv:62$304 into $flatten\u_pe_array.\gen_pe[11].u_pe.\u_popcount.$add$E:/Are_UBNN_KWS/self/scripts/../src/compute/popcount.sv:62$314.
  merging $macc model for $flatten\u_pe_array.\gen_pe[11].u_pe.\u_popcount.$add$E:/Are_UBNN_KWS/self/scripts/../src/compute/popcount.sv:62$303 into $flatten\u_pe_array.\gen_pe[11].u_pe.\u_popcount.$add$E:/Are_UBNN_KWS/self/scripts/../src/compute/popcount.sv:62$314.
  merging $macc model for $flatten\u_pe_array.\gen_pe[11].u_pe.\u_popcount.$add$E:/Are_UBNN_KWS/self/scripts/../src/compute/popcount.sv:62$302 into $flatten\u_pe_array.\gen_pe[11].u_pe.\u_popcount.$add$E:/Are_UBNN_KWS/self/scripts/../src/compute/popcount.sv:62$314.
  merging $macc model for $flatten\u_pe_array.\gen_pe[11].u_pe.\u_popcount.$add$E:/Are_UBNN_KWS/self/scripts/../src/compute/popcount.sv:62$301 into $flatten\u_pe_array.\gen_pe[11].u_pe.\u_popcount.$add$E:/Are_UBNN_KWS/self/scripts/../src/compute/popcount.sv:62$314.
  merging $macc model for $flatten\u_pe_array.\gen_pe[10].u_pe.\u_popcount.$add$E:/Are_UBNN_KWS/self/scripts/../src/compute/popcount.sv:62$313 into $flatten\u_pe_array.\gen_pe[10].u_pe.\u_popcount.$add$E:/Are_UBNN_KWS/self/scripts/../src/compute/popcount.sv:62$314.
  merging $macc model for $flatten\u_pe_array.\gen_pe[10].u_pe.\u_popcount.$add$E:/Are_UBNN_KWS/self/scripts/../src/compute/popcount.sv:62$312 into $flatten\u_pe_array.\gen_pe[10].u_pe.\u_popcount.$add$E:/Are_UBNN_KWS/self/scripts/../src/compute/popcount.sv:62$314.
  merging $macc model for $flatten\u_pe_array.\gen_pe[10].u_pe.\u_popcount.$add$E:/Are_UBNN_KWS/self/scripts/../src/compute/popcount.sv:62$311 into $flatten\u_pe_array.\gen_pe[10].u_pe.\u_popcount.$add$E:/Are_UBNN_KWS/self/scripts/../src/compute/popcount.sv:62$314.
  merging $macc model for $flatten\u_pe_array.\gen_pe[10].u_pe.\u_popcount.$add$E:/Are_UBNN_KWS/self/scripts/../src/compute/popcount.sv:62$310 into $flatten\u_pe_array.\gen_pe[10].u_pe.\u_popcount.$add$E:/Are_UBNN_KWS/self/scripts/../src/compute/popcount.sv:62$314.
  merging $macc model for $flatten\u_pe_array.\gen_pe[10].u_pe.\u_popcount.$add$E:/Are_UBNN_KWS/self/scripts/../src/compute/popcount.sv:62$309 into $flatten\u_pe_array.\gen_pe[10].u_pe.\u_popcount.$add$E:/Are_UBNN_KWS/self/scripts/../src/compute/popcount.sv:62$314.
  merging $macc model for $flatten\u_pe_array.\gen_pe[10].u_pe.\u_popcount.$add$E:/Are_UBNN_KWS/self/scripts/../src/compute/popcount.sv:62$308 into $flatten\u_pe_array.\gen_pe[10].u_pe.\u_popcount.$add$E:/Are_UBNN_KWS/self/scripts/../src/compute/popcount.sv:62$314.
  merging $macc model for $flatten\u_pe_array.\gen_pe[10].u_pe.\u_popcount.$add$E:/Are_UBNN_KWS/self/scripts/../src/compute/popcount.sv:62$307 into $flatten\u_pe_array.\gen_pe[10].u_pe.\u_popcount.$add$E:/Are_UBNN_KWS/self/scripts/../src/compute/popcount.sv:62$314.
  merging $macc model for $flatten\u_pe_array.\gen_pe[10].u_pe.\u_popcount.$add$E:/Are_UBNN_KWS/self/scripts/../src/compute/popcount.sv:62$306 into $flatten\u_pe_array.\gen_pe[10].u_pe.\u_popcount.$add$E:/Are_UBNN_KWS/self/scripts/../src/compute/popcount.sv:62$314.
  merging $macc model for $flatten\u_pe_array.\gen_pe[10].u_pe.\u_popcount.$add$E:/Are_UBNN_KWS/self/scripts/../src/compute/popcount.sv:62$305 into $flatten\u_pe_array.\gen_pe[10].u_pe.\u_popcount.$add$E:/Are_UBNN_KWS/self/scripts/../src/compute/popcount.sv:62$314.
  merging $macc model for $flatten\u_pe_array.\gen_pe[10].u_pe.\u_popcount.$add$E:/Are_UBNN_KWS/self/scripts/../src/compute/popcount.sv:62$304 into $flatten\u_pe_array.\gen_pe[10].u_pe.\u_popcount.$add$E:/Are_UBNN_KWS/self/scripts/../src/compute/popcount.sv:62$314.
  merging $macc model for $flatten\u_pe_array.\gen_pe[10].u_pe.\u_popcount.$add$E:/Are_UBNN_KWS/self/scripts/../src/compute/popcount.sv:62$303 into $flatten\u_pe_array.\gen_pe[10].u_pe.\u_popcount.$add$E:/Are_UBNN_KWS/self/scripts/../src/compute/popcount.sv:62$314.
  merging $macc model for $flatten\u_pe_array.\gen_pe[10].u_pe.\u_popcount.$add$E:/Are_UBNN_KWS/self/scripts/../src/compute/popcount.sv:62$302 into $flatten\u_pe_array.\gen_pe[10].u_pe.\u_popcount.$add$E:/Are_UBNN_KWS/self/scripts/../src/compute/popcount.sv:62$314.
  merging $macc model for $flatten\u_pe_array.\gen_pe[10].u_pe.\u_popcount.$add$E:/Are_UBNN_KWS/self/scripts/../src/compute/popcount.sv:62$301 into $flatten\u_pe_array.\gen_pe[10].u_pe.\u_popcount.$add$E:/Are_UBNN_KWS/self/scripts/../src/compute/popcount.sv:62$314.
  merging $macc model for $flatten\u_pe_array.\gen_pe[9].u_pe.\u_popcount.$add$E:/Are_UBNN_KWS/self/scripts/../src/compute/popcount.sv:62$313 into $flatten\u_pe_array.\gen_pe[9].u_pe.\u_popcount.$add$E:/Are_UBNN_KWS/self/scripts/../src/compute/popcount.sv:62$314.
  merging $macc model for $flatten\u_pe_array.\gen_pe[9].u_pe.\u_popcount.$add$E:/Are_UBNN_KWS/self/scripts/../src/compute/popcount.sv:62$312 into $flatten\u_pe_array.\gen_pe[9].u_pe.\u_popcount.$add$E:/Are_UBNN_KWS/self/scripts/../src/compute/popcount.sv:62$314.
  merging $macc model for $flatten\u_pe_array.\gen_pe[9].u_pe.\u_popcount.$add$E:/Are_UBNN_KWS/self/scripts/../src/compute/popcount.sv:62$311 into $flatten\u_pe_array.\gen_pe[9].u_pe.\u_popcount.$add$E:/Are_UBNN_KWS/self/scripts/../src/compute/popcount.sv:62$314.
  merging $macc model for $flatten\u_pe_array.\gen_pe[9].u_pe.\u_popcount.$add$E:/Are_UBNN_KWS/self/scripts/../src/compute/popcount.sv:62$310 into $flatten\u_pe_array.\gen_pe[9].u_pe.\u_popcount.$add$E:/Are_UBNN_KWS/self/scripts/../src/compute/popcount.sv:62$314.
  merging $macc model for $flatten\u_pe_array.\gen_pe[9].u_pe.\u_popcount.$add$E:/Are_UBNN_KWS/self/scripts/../src/compute/popcount.sv:62$309 into $flatten\u_pe_array.\gen_pe[9].u_pe.\u_popcount.$add$E:/Are_UBNN_KWS/self/scripts/../src/compute/popcount.sv:62$314.
  merging $macc model for $flatten\u_pe_array.\gen_pe[9].u_pe.\u_popcount.$add$E:/Are_UBNN_KWS/self/scripts/../src/compute/popcount.sv:62$308 into $flatten\u_pe_array.\gen_pe[9].u_pe.\u_popcount.$add$E:/Are_UBNN_KWS/self/scripts/../src/compute/popcount.sv:62$314.
  merging $macc model for $flatten\u_pe_array.\gen_pe[9].u_pe.\u_popcount.$add$E:/Are_UBNN_KWS/self/scripts/../src/compute/popcount.sv:62$307 into $flatten\u_pe_array.\gen_pe[9].u_pe.\u_popcount.$add$E:/Are_UBNN_KWS/self/scripts/../src/compute/popcount.sv:62$314.
  merging $macc model for $flatten\u_pe_array.\gen_pe[9].u_pe.\u_popcount.$add$E:/Are_UBNN_KWS/self/scripts/../src/compute/popcount.sv:62$306 into $flatten\u_pe_array.\gen_pe[9].u_pe.\u_popcount.$add$E:/Are_UBNN_KWS/self/scripts/../src/compute/popcount.sv:62$314.
  merging $macc model for $flatten\u_pe_array.\gen_pe[9].u_pe.\u_popcount.$add$E:/Are_UBNN_KWS/self/scripts/../src/compute/popcount.sv:62$305 into $flatten\u_pe_array.\gen_pe[9].u_pe.\u_popcount.$add$E:/Are_UBNN_KWS/self/scripts/../src/compute/popcount.sv:62$314.
  merging $macc model for $flatten\u_pe_array.\gen_pe[9].u_pe.\u_popcount.$add$E:/Are_UBNN_KWS/self/scripts/../src/compute/popcount.sv:62$304 into $flatten\u_pe_array.\gen_pe[9].u_pe.\u_popcount.$add$E:/Are_UBNN_KWS/self/scripts/../src/compute/popcount.sv:62$314.
  merging $macc model for $flatten\u_pe_array.\gen_pe[9].u_pe.\u_popcount.$add$E:/Are_UBNN_KWS/self/scripts/../src/compute/popcount.sv:62$303 into $flatten\u_pe_array.\gen_pe[9].u_pe.\u_popcount.$add$E:/Are_UBNN_KWS/self/scripts/../src/compute/popcount.sv:62$314.
  merging $macc model for $flatten\u_pe_array.\gen_pe[9].u_pe.\u_popcount.$add$E:/Are_UBNN_KWS/self/scripts/../src/compute/popcount.sv:62$302 into $flatten\u_pe_array.\gen_pe[9].u_pe.\u_popcount.$add$E:/Are_UBNN_KWS/self/scripts/../src/compute/popcount.sv:62$314.
  merging $macc model for $flatten\u_pe_array.\gen_pe[9].u_pe.\u_popcount.$add$E:/Are_UBNN_KWS/self/scripts/../src/compute/popcount.sv:62$301 into $flatten\u_pe_array.\gen_pe[9].u_pe.\u_popcount.$add$E:/Are_UBNN_KWS/self/scripts/../src/compute/popcount.sv:62$314.
  merging $macc model for $flatten\u_pe_array.\gen_pe[8].u_pe.\u_popcount.$add$E:/Are_UBNN_KWS/self/scripts/../src/compute/popcount.sv:62$313 into $flatten\u_pe_array.\gen_pe[8].u_pe.\u_popcount.$add$E:/Are_UBNN_KWS/self/scripts/../src/compute/popcount.sv:62$314.
  merging $macc model for $flatten\u_pe_array.\gen_pe[8].u_pe.\u_popcount.$add$E:/Are_UBNN_KWS/self/scripts/../src/compute/popcount.sv:62$312 into $flatten\u_pe_array.\gen_pe[8].u_pe.\u_popcount.$add$E:/Are_UBNN_KWS/self/scripts/../src/compute/popcount.sv:62$314.
  merging $macc model for $flatten\u_pe_array.\gen_pe[8].u_pe.\u_popcount.$add$E:/Are_UBNN_KWS/self/scripts/../src/compute/popcount.sv:62$311 into $flatten\u_pe_array.\gen_pe[8].u_pe.\u_popcount.$add$E:/Are_UBNN_KWS/self/scripts/../src/compute/popcount.sv:62$314.
  merging $macc model for $flatten\u_pe_array.\gen_pe[8].u_pe.\u_popcount.$add$E:/Are_UBNN_KWS/self/scripts/../src/compute/popcount.sv:62$310 into $flatten\u_pe_array.\gen_pe[8].u_pe.\u_popcount.$add$E:/Are_UBNN_KWS/self/scripts/../src/compute/popcount.sv:62$314.
  merging $macc model for $flatten\u_pe_array.\gen_pe[8].u_pe.\u_popcount.$add$E:/Are_UBNN_KWS/self/scripts/../src/compute/popcount.sv:62$309 into $flatten\u_pe_array.\gen_pe[8].u_pe.\u_popcount.$add$E:/Are_UBNN_KWS/self/scripts/../src/compute/popcount.sv:62$314.
  merging $macc model for $flatten\u_pe_array.\gen_pe[8].u_pe.\u_popcount.$add$E:/Are_UBNN_KWS/self/scripts/../src/compute/popcount.sv:62$308 into $flatten\u_pe_array.\gen_pe[8].u_pe.\u_popcount.$add$E:/Are_UBNN_KWS/self/scripts/../src/compute/popcount.sv:62$314.
  merging $macc model for $flatten\u_pe_array.\gen_pe[8].u_pe.\u_popcount.$add$E:/Are_UBNN_KWS/self/scripts/../src/compute/popcount.sv:62$307 into $flatten\u_pe_array.\gen_pe[8].u_pe.\u_popcount.$add$E:/Are_UBNN_KWS/self/scripts/../src/compute/popcount.sv:62$314.
  merging $macc model for $flatten\u_pe_array.\gen_pe[8].u_pe.\u_popcount.$add$E:/Are_UBNN_KWS/self/scripts/../src/compute/popcount.sv:62$306 into $flatten\u_pe_array.\gen_pe[8].u_pe.\u_popcount.$add$E:/Are_UBNN_KWS/self/scripts/../src/compute/popcount.sv:62$314.
  merging $macc model for $flatten\u_pe_array.\gen_pe[8].u_pe.\u_popcount.$add$E:/Are_UBNN_KWS/self/scripts/../src/compute/popcount.sv:62$305 into $flatten\u_pe_array.\gen_pe[8].u_pe.\u_popcount.$add$E:/Are_UBNN_KWS/self/scripts/../src/compute/popcount.sv:62$314.
  merging $macc model for $flatten\u_pe_array.\gen_pe[8].u_pe.\u_popcount.$add$E:/Are_UBNN_KWS/self/scripts/../src/compute/popcount.sv:62$304 into $flatten\u_pe_array.\gen_pe[8].u_pe.\u_popcount.$add$E:/Are_UBNN_KWS/self/scripts/../src/compute/popcount.sv:62$314.
  merging $macc model for $flatten\u_pe_array.\gen_pe[8].u_pe.\u_popcount.$add$E:/Are_UBNN_KWS/self/scripts/../src/compute/popcount.sv:62$303 into $flatten\u_pe_array.\gen_pe[8].u_pe.\u_popcount.$add$E:/Are_UBNN_KWS/self/scripts/../src/compute/popcount.sv:62$314.
  merging $macc model for $flatten\u_pe_array.\gen_pe[8].u_pe.\u_popcount.$add$E:/Are_UBNN_KWS/self/scripts/../src/compute/popcount.sv:62$302 into $flatten\u_pe_array.\gen_pe[8].u_pe.\u_popcount.$add$E:/Are_UBNN_KWS/self/scripts/../src/compute/popcount.sv:62$314.
  merging $macc model for $flatten\u_pe_array.\gen_pe[8].u_pe.\u_popcount.$add$E:/Are_UBNN_KWS/self/scripts/../src/compute/popcount.sv:62$301 into $flatten\u_pe_array.\gen_pe[8].u_pe.\u_popcount.$add$E:/Are_UBNN_KWS/self/scripts/../src/compute/popcount.sv:62$314.
  merging $macc model for $flatten\u_pe_array.\gen_pe[7].u_pe.\u_popcount.$add$E:/Are_UBNN_KWS/self/scripts/../src/compute/popcount.sv:62$313 into $flatten\u_pe_array.\gen_pe[7].u_pe.\u_popcount.$add$E:/Are_UBNN_KWS/self/scripts/../src/compute/popcount.sv:62$314.
  merging $macc model for $flatten\u_pe_array.\gen_pe[7].u_pe.\u_popcount.$add$E:/Are_UBNN_KWS/self/scripts/../src/compute/popcount.sv:62$312 into $flatten\u_pe_array.\gen_pe[7].u_pe.\u_popcount.$add$E:/Are_UBNN_KWS/self/scripts/../src/compute/popcount.sv:62$314.
  merging $macc model for $flatten\u_pe_array.\gen_pe[7].u_pe.\u_popcount.$add$E:/Are_UBNN_KWS/self/scripts/../src/compute/popcount.sv:62$311 into $flatten\u_pe_array.\gen_pe[7].u_pe.\u_popcount.$add$E:/Are_UBNN_KWS/self/scripts/../src/compute/popcount.sv:62$314.
  merging $macc model for $flatten\u_pe_array.\gen_pe[7].u_pe.\u_popcount.$add$E:/Are_UBNN_KWS/self/scripts/../src/compute/popcount.sv:62$310 into $flatten\u_pe_array.\gen_pe[7].u_pe.\u_popcount.$add$E:/Are_UBNN_KWS/self/scripts/../src/compute/popcount.sv:62$314.
  merging $macc model for $flatten\u_pe_array.\gen_pe[7].u_pe.\u_popcount.$add$E:/Are_UBNN_KWS/self/scripts/../src/compute/popcount.sv:62$309 into $flatten\u_pe_array.\gen_pe[7].u_pe.\u_popcount.$add$E:/Are_UBNN_KWS/self/scripts/../src/compute/popcount.sv:62$314.
  merging $macc model for $flatten\u_pe_array.\gen_pe[7].u_pe.\u_popcount.$add$E:/Are_UBNN_KWS/self/scripts/../src/compute/popcount.sv:62$308 into $flatten\u_pe_array.\gen_pe[7].u_pe.\u_popcount.$add$E:/Are_UBNN_KWS/self/scripts/../src/compute/popcount.sv:62$314.
  merging $macc model for $flatten\u_pe_array.\gen_pe[7].u_pe.\u_popcount.$add$E:/Are_UBNN_KWS/self/scripts/../src/compute/popcount.sv:62$307 into $flatten\u_pe_array.\gen_pe[7].u_pe.\u_popcount.$add$E:/Are_UBNN_KWS/self/scripts/../src/compute/popcount.sv:62$314.
  merging $macc model for $flatten\u_pe_array.\gen_pe[7].u_pe.\u_popcount.$add$E:/Are_UBNN_KWS/self/scripts/../src/compute/popcount.sv:62$306 into $flatten\u_pe_array.\gen_pe[7].u_pe.\u_popcount.$add$E:/Are_UBNN_KWS/self/scripts/../src/compute/popcount.sv:62$314.
  merging $macc model for $flatten\u_pe_array.\gen_pe[7].u_pe.\u_popcount.$add$E:/Are_UBNN_KWS/self/scripts/../src/compute/popcount.sv:62$305 into $flatten\u_pe_array.\gen_pe[7].u_pe.\u_popcount.$add$E:/Are_UBNN_KWS/self/scripts/../src/compute/popcount.sv:62$314.
  merging $macc model for $flatten\u_pe_array.\gen_pe[7].u_pe.\u_popcount.$add$E:/Are_UBNN_KWS/self/scripts/../src/compute/popcount.sv:62$304 into $flatten\u_pe_array.\gen_pe[7].u_pe.\u_popcount.$add$E:/Are_UBNN_KWS/self/scripts/../src/compute/popcount.sv:62$314.
  merging $macc model for $flatten\u_pe_array.\gen_pe[7].u_pe.\u_popcount.$add$E:/Are_UBNN_KWS/self/scripts/../src/compute/popcount.sv:62$303 into $flatten\u_pe_array.\gen_pe[7].u_pe.\u_popcount.$add$E:/Are_UBNN_KWS/self/scripts/../src/compute/popcount.sv:62$314.
  merging $macc model for $flatten\u_pe_array.\gen_pe[7].u_pe.\u_popcount.$add$E:/Are_UBNN_KWS/self/scripts/../src/compute/popcount.sv:62$302 into $flatten\u_pe_array.\gen_pe[7].u_pe.\u_popcount.$add$E:/Are_UBNN_KWS/self/scripts/../src/compute/popcount.sv:62$314.
  merging $macc model for $flatten\u_pe_array.\gen_pe[7].u_pe.\u_popcount.$add$E:/Are_UBNN_KWS/self/scripts/../src/compute/popcount.sv:62$301 into $flatten\u_pe_array.\gen_pe[7].u_pe.\u_popcount.$add$E:/Are_UBNN_KWS/self/scripts/../src/compute/popcount.sv:62$314.
  merging $macc model for $flatten\u_pe_array.\gen_pe[6].u_pe.\u_popcount.$add$E:/Are_UBNN_KWS/self/scripts/../src/compute/popcount.sv:62$313 into $flatten\u_pe_array.\gen_pe[6].u_pe.\u_popcount.$add$E:/Are_UBNN_KWS/self/scripts/../src/compute/popcount.sv:62$314.
  merging $macc model for $flatten\u_pe_array.\gen_pe[6].u_pe.\u_popcount.$add$E:/Are_UBNN_KWS/self/scripts/../src/compute/popcount.sv:62$312 into $flatten\u_pe_array.\gen_pe[6].u_pe.\u_popcount.$add$E:/Are_UBNN_KWS/self/scripts/../src/compute/popcount.sv:62$314.
  merging $macc model for $flatten\u_pe_array.\gen_pe[6].u_pe.\u_popcount.$add$E:/Are_UBNN_KWS/self/scripts/../src/compute/popcount.sv:62$311 into $flatten\u_pe_array.\gen_pe[6].u_pe.\u_popcount.$add$E:/Are_UBNN_KWS/self/scripts/../src/compute/popcount.sv:62$314.
  merging $macc model for $flatten\u_pe_array.\gen_pe[6].u_pe.\u_popcount.$add$E:/Are_UBNN_KWS/self/scripts/../src/compute/popcount.sv:62$310 into $flatten\u_pe_array.\gen_pe[6].u_pe.\u_popcount.$add$E:/Are_UBNN_KWS/self/scripts/../src/compute/popcount.sv:62$314.
  merging $macc model for $flatten\u_pe_array.\gen_pe[6].u_pe.\u_popcount.$add$E:/Are_UBNN_KWS/self/scripts/../src/compute/popcount.sv:62$309 into $flatten\u_pe_array.\gen_pe[6].u_pe.\u_popcount.$add$E:/Are_UBNN_KWS/self/scripts/../src/compute/popcount.sv:62$314.
  merging $macc model for $flatten\u_pe_array.\gen_pe[6].u_pe.\u_popcount.$add$E:/Are_UBNN_KWS/self/scripts/../src/compute/popcount.sv:62$308 into $flatten\u_pe_array.\gen_pe[6].u_pe.\u_popcount.$add$E:/Are_UBNN_KWS/self/scripts/../src/compute/popcount.sv:62$314.
  merging $macc model for $flatten\u_pe_array.\gen_pe[6].u_pe.\u_popcount.$add$E:/Are_UBNN_KWS/self/scripts/../src/compute/popcount.sv:62$307 into $flatten\u_pe_array.\gen_pe[6].u_pe.\u_popcount.$add$E:/Are_UBNN_KWS/self/scripts/../src/compute/popcount.sv:62$314.
  merging $macc model for $flatten\u_pe_array.\gen_pe[6].u_pe.\u_popcount.$add$E:/Are_UBNN_KWS/self/scripts/../src/compute/popcount.sv:62$306 into $flatten\u_pe_array.\gen_pe[6].u_pe.\u_popcount.$add$E:/Are_UBNN_KWS/self/scripts/../src/compute/popcount.sv:62$314.
  merging $macc model for $flatten\u_pe_array.\gen_pe[6].u_pe.\u_popcount.$add$E:/Are_UBNN_KWS/self/scripts/../src/compute/popcount.sv:62$305 into $flatten\u_pe_array.\gen_pe[6].u_pe.\u_popcount.$add$E:/Are_UBNN_KWS/self/scripts/../src/compute/popcount.sv:62$314.
  merging $macc model for $flatten\u_pe_array.\gen_pe[6].u_pe.\u_popcount.$add$E:/Are_UBNN_KWS/self/scripts/../src/compute/popcount.sv:62$304 into $flatten\u_pe_array.\gen_pe[6].u_pe.\u_popcount.$add$E:/Are_UBNN_KWS/self/scripts/../src/compute/popcount.sv:62$314.
  merging $macc model for $flatten\u_pe_array.\gen_pe[6].u_pe.\u_popcount.$add$E:/Are_UBNN_KWS/self/scripts/../src/compute/popcount.sv:62$303 into $flatten\u_pe_array.\gen_pe[6].u_pe.\u_popcount.$add$E:/Are_UBNN_KWS/self/scripts/../src/compute/popcount.sv:62$314.
  merging $macc model for $flatten\u_pe_array.\gen_pe[6].u_pe.\u_popcount.$add$E:/Are_UBNN_KWS/self/scripts/../src/compute/popcount.sv:62$302 into $flatten\u_pe_array.\gen_pe[6].u_pe.\u_popcount.$add$E:/Are_UBNN_KWS/self/scripts/../src/compute/popcount.sv:62$314.
  merging $macc model for $flatten\u_pe_array.\gen_pe[6].u_pe.\u_popcount.$add$E:/Are_UBNN_KWS/self/scripts/../src/compute/popcount.sv:62$301 into $flatten\u_pe_array.\gen_pe[6].u_pe.\u_popcount.$add$E:/Are_UBNN_KWS/self/scripts/../src/compute/popcount.sv:62$314.
  merging $macc model for $flatten\u_pe_array.\gen_pe[5].u_pe.\u_popcount.$add$E:/Are_UBNN_KWS/self/scripts/../src/compute/popcount.sv:62$313 into $flatten\u_pe_array.\gen_pe[5].u_pe.\u_popcount.$add$E:/Are_UBNN_KWS/self/scripts/../src/compute/popcount.sv:62$314.
  merging $macc model for $flatten\u_pe_array.\gen_pe[5].u_pe.\u_popcount.$add$E:/Are_UBNN_KWS/self/scripts/../src/compute/popcount.sv:62$312 into $flatten\u_pe_array.\gen_pe[5].u_pe.\u_popcount.$add$E:/Are_UBNN_KWS/self/scripts/../src/compute/popcount.sv:62$314.
  merging $macc model for $flatten\u_pe_array.\gen_pe[5].u_pe.\u_popcount.$add$E:/Are_UBNN_KWS/self/scripts/../src/compute/popcount.sv:62$311 into $flatten\u_pe_array.\gen_pe[5].u_pe.\u_popcount.$add$E:/Are_UBNN_KWS/self/scripts/../src/compute/popcount.sv:62$314.
  merging $macc model for $flatten\u_pe_array.\gen_pe[5].u_pe.\u_popcount.$add$E:/Are_UBNN_KWS/self/scripts/../src/compute/popcount.sv:62$310 into $flatten\u_pe_array.\gen_pe[5].u_pe.\u_popcount.$add$E:/Are_UBNN_KWS/self/scripts/../src/compute/popcount.sv:62$314.
  merging $macc model for $flatten\u_pe_array.\gen_pe[5].u_pe.\u_popcount.$add$E:/Are_UBNN_KWS/self/scripts/../src/compute/popcount.sv:62$309 into $flatten\u_pe_array.\gen_pe[5].u_pe.\u_popcount.$add$E:/Are_UBNN_KWS/self/scripts/../src/compute/popcount.sv:62$314.
  merging $macc model for $flatten\u_pe_array.\gen_pe[5].u_pe.\u_popcount.$add$E:/Are_UBNN_KWS/self/scripts/../src/compute/popcount.sv:62$308 into $flatten\u_pe_array.\gen_pe[5].u_pe.\u_popcount.$add$E:/Are_UBNN_KWS/self/scripts/../src/compute/popcount.sv:62$314.
  merging $macc model for $flatten\u_pe_array.\gen_pe[5].u_pe.\u_popcount.$add$E:/Are_UBNN_KWS/self/scripts/../src/compute/popcount.sv:62$307 into $flatten\u_pe_array.\gen_pe[5].u_pe.\u_popcount.$add$E:/Are_UBNN_KWS/self/scripts/../src/compute/popcount.sv:62$314.
  merging $macc model for $flatten\u_pe_array.\gen_pe[5].u_pe.\u_popcount.$add$E:/Are_UBNN_KWS/self/scripts/../src/compute/popcount.sv:62$306 into $flatten\u_pe_array.\gen_pe[5].u_pe.\u_popcount.$add$E:/Are_UBNN_KWS/self/scripts/../src/compute/popcount.sv:62$314.
  merging $macc model for $flatten\u_pe_array.\gen_pe[5].u_pe.\u_popcount.$add$E:/Are_UBNN_KWS/self/scripts/../src/compute/popcount.sv:62$305 into $flatten\u_pe_array.\gen_pe[5].u_pe.\u_popcount.$add$E:/Are_UBNN_KWS/self/scripts/../src/compute/popcount.sv:62$314.
  merging $macc model for $flatten\u_pe_array.\gen_pe[5].u_pe.\u_popcount.$add$E:/Are_UBNN_KWS/self/scripts/../src/compute/popcount.sv:62$304 into $flatten\u_pe_array.\gen_pe[5].u_pe.\u_popcount.$add$E:/Are_UBNN_KWS/self/scripts/../src/compute/popcount.sv:62$314.
  merging $macc model for $flatten\u_pe_array.\gen_pe[5].u_pe.\u_popcount.$add$E:/Are_UBNN_KWS/self/scripts/../src/compute/popcount.sv:62$303 into $flatten\u_pe_array.\gen_pe[5].u_pe.\u_popcount.$add$E:/Are_UBNN_KWS/self/scripts/../src/compute/popcount.sv:62$314.
  merging $macc model for $flatten\u_pe_array.\gen_pe[5].u_pe.\u_popcount.$add$E:/Are_UBNN_KWS/self/scripts/../src/compute/popcount.sv:62$302 into $flatten\u_pe_array.\gen_pe[5].u_pe.\u_popcount.$add$E:/Are_UBNN_KWS/self/scripts/../src/compute/popcount.sv:62$314.
  merging $macc model for $flatten\u_pe_array.\gen_pe[5].u_pe.\u_popcount.$add$E:/Are_UBNN_KWS/self/scripts/../src/compute/popcount.sv:62$301 into $flatten\u_pe_array.\gen_pe[5].u_pe.\u_popcount.$add$E:/Are_UBNN_KWS/self/scripts/../src/compute/popcount.sv:62$314.
  merging $macc model for $flatten\u_pe_array.\gen_pe[4].u_pe.\u_popcount.$add$E:/Are_UBNN_KWS/self/scripts/../src/compute/popcount.sv:62$313 into $flatten\u_pe_array.\gen_pe[4].u_pe.\u_popcount.$add$E:/Are_UBNN_KWS/self/scripts/../src/compute/popcount.sv:62$314.
  merging $macc model for $flatten\u_pe_array.\gen_pe[4].u_pe.\u_popcount.$add$E:/Are_UBNN_KWS/self/scripts/../src/compute/popcount.sv:62$312 into $flatten\u_pe_array.\gen_pe[4].u_pe.\u_popcount.$add$E:/Are_UBNN_KWS/self/scripts/../src/compute/popcount.sv:62$314.
  merging $macc model for $flatten\u_pe_array.\gen_pe[4].u_pe.\u_popcount.$add$E:/Are_UBNN_KWS/self/scripts/../src/compute/popcount.sv:62$311 into $flatten\u_pe_array.\gen_pe[4].u_pe.\u_popcount.$add$E:/Are_UBNN_KWS/self/scripts/../src/compute/popcount.sv:62$314.
  merging $macc model for $flatten\u_pe_array.\gen_pe[4].u_pe.\u_popcount.$add$E:/Are_UBNN_KWS/self/scripts/../src/compute/popcount.sv:62$310 into $flatten\u_pe_array.\gen_pe[4].u_pe.\u_popcount.$add$E:/Are_UBNN_KWS/self/scripts/../src/compute/popcount.sv:62$314.
  merging $macc model for $flatten\u_pe_array.\gen_pe[4].u_pe.\u_popcount.$add$E:/Are_UBNN_KWS/self/scripts/../src/compute/popcount.sv:62$309 into $flatten\u_pe_array.\gen_pe[4].u_pe.\u_popcount.$add$E:/Are_UBNN_KWS/self/scripts/../src/compute/popcount.sv:62$314.
  merging $macc model for $flatten\u_pe_array.\gen_pe[4].u_pe.\u_popcount.$add$E:/Are_UBNN_KWS/self/scripts/../src/compute/popcount.sv:62$308 into $flatten\u_pe_array.\gen_pe[4].u_pe.\u_popcount.$add$E:/Are_UBNN_KWS/self/scripts/../src/compute/popcount.sv:62$314.
  merging $macc model for $flatten\u_pe_array.\gen_pe[4].u_pe.\u_popcount.$add$E:/Are_UBNN_KWS/self/scripts/../src/compute/popcount.sv:62$307 into $flatten\u_pe_array.\gen_pe[4].u_pe.\u_popcount.$add$E:/Are_UBNN_KWS/self/scripts/../src/compute/popcount.sv:62$314.
  creating $alu model for $macc $flatten\u_pe_array.\gen_pe[9].u_pe.\u_popcount.$add$E:/Are_UBNN_KWS/self/scripts/../src/compute/popcount.sv:62$300.
  creating $alu model for $macc $flatten\u_pe_array.\gen_pe[3].u_pe.\u_popcount.$add$E:/Are_UBNN_KWS/self/scripts/../src/compute/popcount.sv:62$300.
  creating $alu model for $macc $flatten\u_pe_array.\gen_pe[14].u_pe.\u_popcount.$add$E:/Are_UBNN_KWS/self/scripts/../src/compute/popcount.sv:62$300.
  creating $alu model for $macc $flatten\u_pe_array.\gen_pe[0].u_pe.\u_popcount.$add$E:/Are_UBNN_KWS/self/scripts/../src/compute/popcount.sv:62$300.
  creating $alu model for $macc $flatten\u_pe_array.\gen_pe[10].u_pe.\u_popcount.$add$E:/Are_UBNN_KWS/self/scripts/../src/compute/popcount.sv:62$300.
  creating $alu model for $macc $flatten\u_pe_array.\gen_pe[8].u_pe.\u_popcount.$add$E:/Are_UBNN_KWS/self/scripts/../src/compute/popcount.sv:62$300.
  creating $alu model for $macc $flatten\u_pe_array.\gen_pe[6].u_pe.\u_popcount.$add$E:/Are_UBNN_KWS/self/scripts/../src/compute/popcount.sv:62$300.
  creating $alu model for $macc $flatten\u_accum.$add$E:/Are_UBNN_KWS/self/scripts/../src/baseline/accumulator.sv:62$511.
  creating $alu model for $macc $flatten\u_pe_array.\gen_pe[12].u_pe.\u_popcount.$add$E:/Are_UBNN_KWS/self/scripts/../src/compute/popcount.sv:62$300.
  creating $alu model for $macc $flatten\u_pe_array.\gen_pe[4].u_pe.\u_popcount.$add$E:/Are_UBNN_KWS/self/scripts/../src/compute/popcount.sv:62$300.
  creating $alu model for $macc $flatten\u_pe_array.\gen_pe[1].u_pe.\u_popcount.$add$E:/Are_UBNN_KWS/self/scripts/../src/compute/popcount.sv:62$300.
  creating $alu model for $macc $flatten\u_pe_array.\gen_pe[2].u_pe.\u_popcount.$add$E:/Are_UBNN_KWS/self/scripts/../src/compute/popcount.sv:62$300.
  creating $alu model for $macc $flatten\u_pe_array.\gen_pe[5].u_pe.\u_popcount.$add$E:/Are_UBNN_KWS/self/scripts/../src/compute/popcount.sv:62$300.
  creating $alu model for $macc $flatten\u_pe_array.\gen_pe[15].u_pe.\u_popcount.$add$E:/Are_UBNN_KWS/self/scripts/../src/compute/popcount.sv:62$300.
  creating $alu model for $macc $flatten\u_pe_array.\gen_pe[13].u_pe.\u_popcount.$add$E:/Are_UBNN_KWS/self/scripts/../src/compute/popcount.sv:62$300.
  creating $alu model for $macc $flatten\u_pe_array.\gen_pe[7].u_pe.\u_popcount.$add$E:/Are_UBNN_KWS/self/scripts/../src/compute/popcount.sv:62$300.
  creating $alu model for $macc $flatten\u_pe_array.\gen_pe[11].u_pe.\u_popcount.$add$E:/Are_UBNN_KWS/self/scripts/../src/compute/popcount.sv:62$300.
  creating $macc cell for $flatten\u_pe_array.\gen_pe[11].u_pe.\u_popcount.$add$E:/Are_UBNN_KWS/self/scripts/../src/compute/popcount.sv:62$314: $auto$alumacc.cc:399:replace_macc$1351
  creating $macc cell for $flatten\u_accum.$add$E:/Are_UBNN_KWS/self/scripts/../src/baseline/accumulator.sv:62$525: $auto$alumacc.cc:399:replace_macc$1352
  creating $macc cell for $flatten\u_pe_array.\gen_pe[3].u_pe.\u_popcount.$add$E:/Are_UBNN_KWS/self/scripts/../src/compute/popcount.sv:62$314: $auto$alumacc.cc:399:replace_macc$1353
  creating $macc cell for $flatten\u_pe_array.\gen_pe[14].u_pe.\u_popcount.$add$E:/Are_UBNN_KWS/self/scripts/../src/compute/popcount.sv:62$314: $auto$alumacc.cc:399:replace_macc$1354
  creating $macc cell for $flatten\u_pe_array.\gen_pe[5].u_pe.\u_popcount.$add$E:/Are_UBNN_KWS/self/scripts/../src/compute/popcount.sv:62$314: $auto$alumacc.cc:399:replace_macc$1355
  creating $macc cell for $flatten\u_pe_array.\gen_pe[0].u_pe.\u_popcount.$add$E:/Are_UBNN_KWS/self/scripts/../src/compute/popcount.sv:62$314: $auto$alumacc.cc:399:replace_macc$1356
  creating $macc cell for $flatten\u_pe_array.\gen_pe[15].u_pe.\u_popcount.$add$E:/Are_UBNN_KWS/self/scripts/../src/compute/popcount.sv:62$314: $auto$alumacc.cc:399:replace_macc$1357
  creating $macc cell for $flatten\u_pe_array.\gen_pe[10].u_pe.\u_popcount.$add$E:/Are_UBNN_KWS/self/scripts/../src/compute/popcount.sv:62$314: $auto$alumacc.cc:399:replace_macc$1358
  creating $macc cell for $flatten\u_pe_array.\gen_pe[2].u_pe.\u_popcount.$add$E:/Are_UBNN_KWS/self/scripts/../src/compute/popcount.sv:62$314: $auto$alumacc.cc:399:replace_macc$1359
  creating $macc cell for $flatten\u_pe_array.\gen_pe[7].u_pe.\u_popcount.$add$E:/Are_UBNN_KWS/self/scripts/../src/compute/popcount.sv:62$314: $auto$alumacc.cc:399:replace_macc$1360
  creating $macc cell for $flatten\u_pe_array.\gen_pe[4].u_pe.\u_popcount.$add$E:/Are_UBNN_KWS/self/scripts/../src/compute/popcount.sv:62$314: $auto$alumacc.cc:399:replace_macc$1361
  creating $macc cell for $flatten\u_pe_array.\gen_pe[9].u_pe.\u_popcount.$add$E:/Are_UBNN_KWS/self/scripts/../src/compute/popcount.sv:62$314: $auto$alumacc.cc:399:replace_macc$1362
  creating $macc cell for $flatten\u_pe_array.\gen_pe[8].u_pe.\u_popcount.$add$E:/Are_UBNN_KWS/self/scripts/../src/compute/popcount.sv:62$314: $auto$alumacc.cc:399:replace_macc$1363
  creating $macc cell for $flatten\u_pe_array.\gen_pe[13].u_pe.\u_popcount.$add$E:/Are_UBNN_KWS/self/scripts/../src/compute/popcount.sv:62$314: $auto$alumacc.cc:399:replace_macc$1364
  creating $macc cell for $flatten\u_pe_array.\gen_pe[6].u_pe.\u_popcount.$add$E:/Are_UBNN_KWS/self/scripts/../src/compute/popcount.sv:62$314: $auto$alumacc.cc:399:replace_macc$1365
  creating $macc cell for $flatten\u_pe_array.\gen_pe[12].u_pe.\u_popcount.$add$E:/Are_UBNN_KWS/self/scripts/../src/compute/popcount.sv:62$314: $auto$alumacc.cc:399:replace_macc$1366
  creating $macc cell for $flatten\u_pe_array.\gen_pe[1].u_pe.\u_popcount.$add$E:/Are_UBNN_KWS/self/scripts/../src/compute/popcount.sv:62$314: $auto$alumacc.cc:399:replace_macc$1367
  creating $alu model for $flatten\u_threshold.$ge$E:/Are_UBNN_KWS/self/scripts/../src/baseline/threshold_unit.sv:39$528 ($ge): new $alu
  creating $alu cell for $flatten\u_threshold.$ge$E:/Are_UBNN_KWS/self/scripts/../src/baseline/threshold_unit.sv:39$528: $auto$alumacc.cc:548:replace_alu$1369
  creating $alu cell for $flatten\u_pe_array.\gen_pe[11].u_pe.\u_popcount.$add$E:/Are_UBNN_KWS/self/scripts/../src/compute/popcount.sv:62$300: $auto$alumacc.cc:548:replace_alu$1382
  creating $alu cell for $flatten\u_pe_array.\gen_pe[7].u_pe.\u_popcount.$add$E:/Are_UBNN_KWS/self/scripts/../src/compute/popcount.sv:62$300: $auto$alumacc.cc:548:replace_alu$1385
  creating $alu cell for $flatten\u_pe_array.\gen_pe[13].u_pe.\u_popcount.$add$E:/Are_UBNN_KWS/self/scripts/../src/compute/popcount.sv:62$300: $auto$alumacc.cc:548:replace_alu$1388
  creating $alu cell for $flatten\u_pe_array.\gen_pe[15].u_pe.\u_popcount.$add$E:/Are_UBNN_KWS/self/scripts/../src/compute/popcount.sv:62$300: $auto$alumacc.cc:548:replace_alu$1391
  creating $alu cell for $flatten\u_pe_array.\gen_pe[5].u_pe.\u_popcount.$add$E:/Are_UBNN_KWS/self/scripts/../src/compute/popcount.sv:62$300: $auto$alumacc.cc:548:replace_alu$1394
  creating $alu cell for $flatten\u_pe_array.\gen_pe[2].u_pe.\u_popcount.$add$E:/Are_UBNN_KWS/self/scripts/../src/compute/popcount.sv:62$300: $auto$alumacc.cc:548:replace_alu$1397
  creating $alu cell for $flatten\u_pe_array.\gen_pe[1].u_pe.\u_popcount.$add$E:/Are_UBNN_KWS/self/scripts/../src/compute/popcount.sv:62$300: $auto$alumacc.cc:548:replace_alu$1400
  creating $alu cell for $flatten\u_pe_array.\gen_pe[4].u_pe.\u_popcount.$add$E:/Are_UBNN_KWS/self/scripts/../src/compute/popcount.sv:62$300: $auto$alumacc.cc:548:replace_alu$1403
  creating $alu cell for $flatten\u_pe_array.\gen_pe[12].u_pe.\u_popcount.$add$E:/Are_UBNN_KWS/self/scripts/../src/compute/popcount.sv:62$300: $auto$alumacc.cc:548:replace_alu$1406
  creating $alu cell for $flatten\u_accum.$add$E:/Are_UBNN_KWS/self/scripts/../src/baseline/accumulator.sv:62$511: $auto$alumacc.cc:548:replace_alu$1409
  creating $alu cell for $flatten\u_pe_array.\gen_pe[6].u_pe.\u_popcount.$add$E:/Are_UBNN_KWS/self/scripts/../src/compute/popcount.sv:62$300: $auto$alumacc.cc:548:replace_alu$1412
  creating $alu cell for $flatten\u_pe_array.\gen_pe[8].u_pe.\u_popcount.$add$E:/Are_UBNN_KWS/self/scripts/../src/compute/popcount.sv:62$300: $auto$alumacc.cc:548:replace_alu$1415
  creating $alu cell for $flatten\u_pe_array.\gen_pe[10].u_pe.\u_popcount.$add$E:/Are_UBNN_KWS/self/scripts/../src/compute/popcount.sv:62$300: $auto$alumacc.cc:548:replace_alu$1418
  creating $alu cell for $flatten\u_pe_array.\gen_pe[0].u_pe.\u_popcount.$add$E:/Are_UBNN_KWS/self/scripts/../src/compute/popcount.sv:62$300: $auto$alumacc.cc:548:replace_alu$1421
  creating $alu cell for $flatten\u_pe_array.\gen_pe[14].u_pe.\u_popcount.$add$E:/Are_UBNN_KWS/self/scripts/../src/compute/popcount.sv:62$300: $auto$alumacc.cc:548:replace_alu$1424
  creating $alu cell for $flatten\u_pe_array.\gen_pe[3].u_pe.\u_popcount.$add$E:/Are_UBNN_KWS/self/scripts/../src/compute/popcount.sv:62$300: $auto$alumacc.cc:548:replace_alu$1427
  creating $alu cell for $flatten\u_pe_array.\gen_pe[9].u_pe.\u_popcount.$add$E:/Are_UBNN_KWS/self/scripts/../src/compute/popcount.sv:62$300: $auto$alumacc.cc:548:replace_alu$1430
  created 18 $alu and 17 $macc cells.

13.15. Executing SHARE pass (SAT-based resource sharing).

13.16. Executing OPT pass (performing simple optimizations).

13.16.1. Executing OPT_EXPR pass (perform const folding).
Optimizing module are_ubnn_kws_top.

13.16.2. Executing OPT_MERGE pass (detect identical cells).
Finding identical cells in module `\are_ubnn_kws_top'.
Computing hashes of 525 cells of `\are_ubnn_kws_top'.
Finding duplicate cells in `\are_ubnn_kws_top'.
Removed a total of 0 cells.

13.16.3. Executing OPT_MUXTREE pass (detect dead branches in mux trees).
Running muxtree optimizer on module \are_ubnn_kws_top..
  Creating internal representation of mux trees.
  Evaluating internal representation of mux trees.
  Analyzing evaluation results.
Removed 0 multiplexer ports.
<suppressed ~44 debug messages>

13.16.4. Executing OPT_REDUCE pass (consolidate $*mux and $reduce_* inputs).
  Optimizing cells in module \are_ubnn_kws_top.
Performed a total of 0 changes.

13.16.5. Executing OPT_MERGE pass (detect identical cells).
Finding identical cells in module `\are_ubnn_kws_top'.
Computing hashes of 525 cells of `\are_ubnn_kws_top'.
Finding duplicate cells in `\are_ubnn_kws_top'.
Removed a total of 0 cells.

13.16.6. Executing OPT_DFF pass (perform DFF optimizations).

13.16.7. Executing OPT_CLEAN pass (remove unused cells and wires).
Finding unused cells or wires in module \are_ubnn_kws_top..
Removed 221 unused cells and 222 unused wires.
<suppressed ~222 debug messages>

13.16.8. Executing OPT_EXPR pass (perform const folding).
Optimizing module are_ubnn_kws_top.

13.16.9. Rerunning OPT passes. (Maybe there is more to do..)

13.16.10. Executing OPT_MUXTREE pass (detect dead branches in mux trees).
Running muxtree optimizer on module \are_ubnn_kws_top..
  Creating internal representation of mux trees.
  Evaluating internal representation of mux trees.
  Analyzing evaluation results.
Removed 0 multiplexer ports.
<suppressed ~44 debug messages>

13.16.11. Executing OPT_REDUCE pass (consolidate $*mux and $reduce_* inputs).
  Optimizing cells in module \are_ubnn_kws_top.
Performed a total of 0 changes.

13.16.12. Executing OPT_MERGE pass (detect identical cells).
Finding identical cells in module `\are_ubnn_kws_top'.
Computing hashes of 304 cells of `\are_ubnn_kws_top'.
Finding duplicate cells in `\are_ubnn_kws_top'.
Removed a total of 0 cells.

13.16.13. Executing OPT_DFF pass (perform DFF optimizations).

13.16.14. Executing OPT_CLEAN pass (remove unused cells and wires).
Finding unused cells or wires in module \are_ubnn_kws_top..

13.16.15. Executing OPT_EXPR pass (perform const folding).
Optimizing module are_ubnn_kws_top.

13.16.16. Finished fast OPT passes. (There is nothing left to do.)

13.17. Executing MEMORY pass.

13.17.1. Executing OPT_MEM pass (optimize memories).
Performed a total of 0 transformations.

13.17.2. Executing OPT_MEM_PRIORITY pass (removing unnecessary memory write priority relations).
Performed a total of 120 transformations.

13.17.3. Executing OPT_MEM_FEEDBACK pass (finding memory read-to-write feedback paths).
  Analyzing are_ubnn_kws_top.gen_enhanced_weight.u_weight_mem.mem write port 0.
  Analyzing are_ubnn_kws_top.gen_enhanced_weight.u_weight_mem.mem write port 1.
  Analyzing are_ubnn_kws_top.gen_enhanced_weight.u_weight_mem.mem write port 2.
  Analyzing are_ubnn_kws_top.gen_enhanced_weight.u_weight_mem.mem write port 3.
  Analyzing are_ubnn_kws_top.gen_enhanced_weight.u_weight_mem.mem write port 4.
  Analyzing are_ubnn_kws_top.gen_enhanced_weight.u_weight_mem.mem write port 5.
  Analyzing are_ubnn_kws_top.gen_enhanced_weight.u_weight_mem.mem write port 6.
  Analyzing are_ubnn_kws_top.gen_enhanced_weight.u_weight_mem.mem write port 7.
  Analyzing are_ubnn_kws_top.gen_enhanced_weight.u_weight_mem.mem write port 8.
  Analyzing are_ubnn_kws_top.gen_enhanced_weight.u_weight_mem.mem write port 9.
  Analyzing are_ubnn_kws_top.gen_enhanced_weight.u_weight_mem.mem write port 10.
  Analyzing are_ubnn_kws_top.gen_enhanced_weight.u_weight_mem.mem write port 11.
  Analyzing are_ubnn_kws_top.gen_enhanced_weight.u_weight_mem.mem write port 12.
  Analyzing are_ubnn_kws_top.gen_enhanced_weight.u_weight_mem.mem write port 13.
  Analyzing are_ubnn_kws_top.gen_enhanced_weight.u_weight_mem.mem write port 14.
  Analyzing are_ubnn_kws_top.gen_enhanced_weight.u_weight_mem.mem write port 15.
  Analyzing are_ubnn_kws_top.gen_enhanced_weight.u_weight_mem.mem write port 16.

13.17.4. Executing MEMORY_BMUX2ROM pass (converting muxes to ROMs).

13.17.5. Executing MEMORY_DFF pass (merging $dff cells to $memrd).
Checking read port `\gen_enhanced_weight.u_weight_mem.mem'[0] in module `\are_ubnn_kws_top': no output FF found.
Checking read port address `\gen_enhanced_weight.u_weight_mem.mem'[0] in module `\are_ubnn_kws_top': no address FF found.

13.17.6. Executing OPT_CLEAN pass (remove unused cells and wires).
Finding unused cells or wires in module \are_ubnn_kws_top..

13.17.7. Executing MEMORY_SHARE pass (consolidating $memrd/$memwr cells).
Consolidating write ports of memory are_ubnn_kws_top.gen_enhanced_weight.u_weight_mem.mem by address:
  Merging ports 0, 1 (address 4'0000).
  Merging ports 0, 2 (address 4'0000).
  Merging ports 0, 3 (address 4'0000).
  Merging ports 0, 4 (address 4'0000).
  Merging ports 0, 5 (address 4'0000).
  Merging ports 0, 6 (address 4'0000).
  Merging ports 0, 7 (address 4'0000).
  Merging ports 0, 8 (address 4'0000).
  Merging ports 10, 11 (address 4'1010).
  Merging ports 12, 13 (address 4'1100).
  Merging ports 12, 14 (address 4'1100).
  Merging ports 12, 15 (address 4'1100).
Consolidating write ports of memory are_ubnn_kws_top.gen_enhanced_weight.u_weight_mem.mem by address:
  Merging ports 1, 2 (address 4'1001).
  Merging ports 1, 3 (address 4'1000).
Consolidating write ports of memory are_ubnn_kws_top.gen_enhanced_weight.u_weight_mem.mem by address:
Consolidating write ports of memory are_ubnn_kws_top.gen_enhanced_weight.u_weight_mem.mem using sat-based resource sharing:

13.17.8. Executing OPT_MEM_WIDEN pass (optimize memories where all ports are wide).
Performed a total of 0 transformations.

13.17.9. Executing OPT_CLEAN pass (remove unused cells and wires).
Finding unused cells or wires in module \are_ubnn_kws_top..

13.17.10. Executing MEMORY_COLLECT pass (generating $mem cells).

13.18. Executing OPT_CLEAN pass (remove unused cells and wires).
Finding unused cells or wires in module \are_ubnn_kws_top..

13.19. Executing OPT pass (performing simple optimizations).

13.19.1. Executing OPT_EXPR pass (perform const folding).
Optimizing module are_ubnn_kws_top.
<suppressed ~11 debug messages>

13.19.2. Executing OPT_MERGE pass (detect identical cells).
Finding identical cells in module `\are_ubnn_kws_top'.
Computing hashes of 280 cells of `\are_ubnn_kws_top'.
Finding duplicate cells in `\are_ubnn_kws_top'.
Removed a total of 0 cells.

13.19.3. Executing OPT_DFF pass (perform DFF optimizations).

13.19.4. Executing OPT_CLEAN pass (remove unused cells and wires).
Finding unused cells or wires in module \are_ubnn_kws_top..
Removed 0 unused cells and 6 unused wires.
<suppressed ~1 debug messages>

13.19.5. Finished fast OPT passes.

13.20. Executing MEMORY_MAP pass (converting memories to logic and flip-flops).
Mapping memory \gen_enhanced_weight.u_weight_mem.mem in module \are_ubnn_kws_top:
  created 16 $dff cells and 0 static cells of width 22.
  read interface: 0 $dff and 15 $mux cells.
  write interface: 48 write mux blocks.

13.21. Executing OPT pass (performing simple optimizations).

13.21.1. Executing OPT_EXPR pass (perform const folding).
Optimizing module are_ubnn_kws_top.
<suppressed ~75 debug messages>

13.21.2. Executing OPT_MERGE pass (detect identical cells).
Finding identical cells in module `\are_ubnn_kws_top'.
Computing hashes of 386 cells of `\are_ubnn_kws_top'.
Finding duplicate cells in `\are_ubnn_kws_top'.
Removed a total of 0 cells.

13.21.3. Executing OPT_MUXTREE pass (detect dead branches in mux trees).
Running muxtree optimizer on module \are_ubnn_kws_top..
  Creating internal representation of mux trees.
  Evaluating internal representation of mux trees.
  Analyzing evaluation results.
Removed 0 multiplexer ports.
<suppressed ~92 debug messages>

13.21.4. Executing OPT_REDUCE pass (consolidate $*mux and $reduce_* inputs).
  Optimizing cells in module \are_ubnn_kws_top.
Performed a total of 0 changes.

13.21.5. Executing OPT_MERGE pass (detect identical cells).
Finding identical cells in module `\are_ubnn_kws_top'.
Computing hashes of 386 cells of `\are_ubnn_kws_top'.
Finding duplicate cells in `\are_ubnn_kws_top'.
Removed a total of 0 cells.

13.21.6. Executing OPT_SHARE pass.

13.21.7. Executing OPT_DFF pass (perform DFF optimizations).

13.21.8. Executing OPT_CLEAN pass (remove unused cells and wires).
Finding unused cells or wires in module \are_ubnn_kws_top..
Removed 1 unused cells and 88 unused wires.
<suppressed ~2 debug messages>

13.21.9. Executing OPT_EXPR pass (perform const folding).
Optimizing module are_ubnn_kws_top.

13.21.10. Rerunning OPT passes. (Maybe there is more to do..)

13.21.11. Executing OPT_MUXTREE pass (detect dead branches in mux trees).
Running muxtree optimizer on module \are_ubnn_kws_top..
  Creating internal representation of mux trees.
  Evaluating internal representation of mux trees.
  Analyzing evaluation results.
Removed 0 multiplexer ports.
<suppressed ~92 debug messages>

13.21.12. Executing OPT_REDUCE pass (consolidate $*mux and $reduce_* inputs).
  Optimizing cells in module \are_ubnn_kws_top.
Performed a total of 0 changes.

13.21.13. Executing OPT_MERGE pass (detect identical cells).
Finding identical cells in module `\are_ubnn_kws_top'.
Computing hashes of 385 cells of `\are_ubnn_kws_top'.
Finding duplicate cells in `\are_ubnn_kws_top'.
Removed a total of 0 cells.

13.21.14. Executing OPT_SHARE pass.

13.21.15. Executing OPT_DFF pass (perform DFF optimizations).
Adding EN signal on $memory\gen_enhanced_weight.u_weight_mem.mem[0]$1435 ($dff) from module are_ubnn_kws_top (D = $memory\gen_enhanced_weight.u_weight_mem.mem$wrmux[0][2][0]$y$1541, Q = \gen_enhanced_weight.u_weight_mem.mem[0]).
Adding EN signal on $memory\gen_enhanced_weight.u_weight_mem.mem[1]$1437 ($dff) from module are_ubnn_kws_top (D = $memory\gen_enhanced_weight.u_weight_mem.mem$wrmux[1][2][0]$y$1559, Q = \gen_enhanced_weight.u_weight_mem.mem[1]).
Adding EN signal on $memory\gen_enhanced_weight.u_weight_mem.mem[2]$1439 ($dff) from module are_ubnn_kws_top (D = $memory\gen_enhanced_weight.u_weight_mem.mem$wrmux[2][2][0]$y$1577, Q = \gen_enhanced_weight.u_weight_mem.mem[2]).
Adding EN signal on $memory\gen_enhanced_weight.u_weight_mem.mem[3]$1441 ($dff) from module are_ubnn_kws_top (D = $memory\gen_enhanced_weight.u_weight_mem.mem$wrmux[3][2][0]$y$1593, Q = \gen_enhanced_weight.u_weight_mem.mem[3]).
Adding EN signal on $memory\gen_enhanced_weight.u_weight_mem.mem[4]$1443 ($dff) from module are_ubnn_kws_top (D = $memory\gen_enhanced_weight.u_weight_mem.mem$wrmux[4][2][0]$y$1611, Q = \gen_enhanced_weight.u_weight_mem.mem[4]).
Adding EN signal on $memory\gen_enhanced_weight.u_weight_mem.mem[5]$1445 ($dff) from module are_ubnn_kws_top (D = $memory\gen_enhanced_weight.u_weight_mem.mem$wrmux[5][2][0]$y$1625, Q = \gen_enhanced_weight.u_weight_mem.mem[5]).
Adding EN signal on $memory\gen_enhanced_weight.u_weight_mem.mem[6]$1447 ($dff) from module are_ubnn_kws_top (D = $memory\gen_enhanced_weight.u_weight_mem.mem$wrmux[6][2][0]$y$1639, Q = \gen_enhanced_weight.u_weight_mem.mem[6]).
Adding EN signal on $memory\gen_enhanced_weight.u_weight_mem.mem[7]$1449 ($dff) from module are_ubnn_kws_top (D = $memory\gen_enhanced_weight.u_weight_mem.mem$wrmux[7][2][0]$y$1653, Q = \gen_enhanced_weight.u_weight_mem.mem[7]).
Adding EN signal on $memory\gen_enhanced_weight.u_weight_mem.mem[8]$1451 ($dff) from module are_ubnn_kws_top (D = $memory\gen_enhanced_weight.u_weight_mem.mem$wrmux[8][2][0]$y$1673, Q = \gen_enhanced_weight.u_weight_mem.mem[8]).
Adding EN signal on $memory\gen_enhanced_weight.u_weight_mem.mem[9]$1453 ($dff) from module are_ubnn_kws_top (D = $memory\gen_enhanced_weight.u_weight_mem.mem$wrmux[9][2][0]$y$1687, Q = \gen_enhanced_weight.u_weight_mem.mem[9]).
Adding EN signal on $memory\gen_enhanced_weight.u_weight_mem.mem[10]$1455 ($dff) from module are_ubnn_kws_top (D = $memory\gen_enhanced_weight.u_weight_mem.mem$wrmux[10][2][0]$y$1701, Q = \gen_enhanced_weight.u_weight_mem.mem[10]).
Adding EN signal on $memory\gen_enhanced_weight.u_weight_mem.mem[11]$1457 ($dff) from module are_ubnn_kws_top (D = $memory\gen_enhanced_weight.u_weight_mem.mem$wrmux[11][2][0]$y$1715, Q = \gen_enhanced_weight.u_weight_mem.mem[11]).
Adding EN signal on $memory\gen_enhanced_weight.u_weight_mem.mem[12]$1459 ($dff) from module are_ubnn_kws_top (D = $memory\gen_enhanced_weight.u_weight_mem.mem$wrmux[12][2][0]$y$1731, Q = \gen_enhanced_weight.u_weight_mem.mem[12]).
Adding EN signal on $memory\gen_enhanced_weight.u_weight_mem.mem[13]$1461 ($dff) from module are_ubnn_kws_top (D = $memory\gen_enhanced_weight.u_weight_mem.mem$wrmux[13][2][0]$y$1745, Q = \gen_enhanced_weight.u_weight_mem.mem[13]).
Adding EN signal on $memory\gen_enhanced_weight.u_weight_mem.mem[14]$1463 ($dff) from module are_ubnn_kws_top (D = $memory\gen_enhanced_weight.u_weight_mem.mem$wrmux[14][2][0]$y$1759, Q = \gen_enhanced_weight.u_weight_mem.mem[14]).
Adding EN signal on $memory\gen_enhanced_weight.u_weight_mem.mem[15]$1465 ($dff) from module are_ubnn_kws_top (D = $memory\gen_enhanced_weight.u_weight_mem.mem$wrmux[15][2][0]$y$1773, Q = \gen_enhanced_weight.u_weight_mem.mem[15]).

13.21.16. Executing OPT_CLEAN pass (remove unused cells and wires).
Finding unused cells or wires in module \are_ubnn_kws_top..

13.21.17. Executing OPT_EXPR pass (perform const folding).
Optimizing module are_ubnn_kws_top.
<suppressed ~16 debug messages>

13.21.18. Rerunning OPT passes. (Maybe there is more to do..)

13.21.19. Executing OPT_MUXTREE pass (detect dead branches in mux trees).
Running muxtree optimizer on module \are_ubnn_kws_top..
  Creating internal representation of mux trees.
  Evaluating internal representation of mux trees.
  Analyzing evaluation results.
Removed 0 multiplexer ports.
<suppressed ~76 debug messages>

13.21.20. Executing OPT_REDUCE pass (consolidate $*mux and $reduce_* inputs).
  Optimizing cells in module \are_ubnn_kws_top.
Performed a total of 0 changes.

13.21.21. Executing OPT_MERGE pass (detect identical cells).
Finding identical cells in module `\are_ubnn_kws_top'.
Computing hashes of 385 cells of `\are_ubnn_kws_top'.
Finding duplicate cells in `\are_ubnn_kws_top'.
Removed a total of 0 cells.

13.21.22. Executing OPT_SHARE pass.

13.21.23. Executing OPT_DFF pass (perform DFF optimizations).
Adding SRST signal on $auto$ff.cc:337:slice$1774 ($dffe) from module are_ubnn_kws_top (D = { \gen_enhanced_weight.u_weight_mem.u_encoder.p_overall \wr_data [15:11] \gen_enhanced_weight.u_weight_mem.u_encoder.p16 \wr_data [10:4] \gen_enhanced_weight.u_weight_mem.u_encoder.p8 \wr_data [3:1] \gen_enhanced_weight.u_weight_mem.u_encoder.p4 \wr_data [0] \gen_enhanced_weight.u_weight_mem.u_encoder.p2 \gen_enhanced_weight.u_weight_mem.u_encoder.p1 }, Q = \gen_enhanced_weight.u_weight_mem.mem[0], rval = 22'0000000000000000000000).
Adding SRST signal on $auto$ff.cc:337:slice$1777 ($dffe) from module are_ubnn_kws_top (D = { \gen_enhanced_weight.u_weight_mem.u_encoder.p_overall \wr_data [15:11] \gen_enhanced_weight.u_weight_mem.u_encoder.p16 \wr_data [10:4] \gen_enhanced_weight.u_weight_mem.u_encoder.p8 \wr_data [3:1] \gen_enhanced_weight.u_weight_mem.u_encoder.p4 \wr_data [0] \gen_enhanced_weight.u_weight_mem.u_encoder.p2 \gen_enhanced_weight.u_weight_mem.u_encoder.p1 }, Q = \gen_enhanced_weight.u_weight_mem.mem[1], rval = 22'0000000000000000000000).
Adding SRST signal on $auto$ff.cc:337:slice$1780 ($dffe) from module are_ubnn_kws_top (D = { \gen_enhanced_weight.u_weight_mem.u_encoder.p_overall \wr_data [15:11] \gen_enhanced_weight.u_weight_mem.u_encoder.p16 \wr_data [10:4] \gen_enhanced_weight.u_weight_mem.u_encoder.p8 \wr_data [3:1] \gen_enhanced_weight.u_weight_mem.u_encoder.p4 \wr_data [0] \gen_enhanced_weight.u_weight_mem.u_encoder.p2 \gen_enhanced_weight.u_weight_mem.u_encoder.p1 }, Q = \gen_enhanced_weight.u_weight_mem.mem[2], rval = 22'0000000000000000000000).
Adding SRST signal on $auto$ff.cc:337:slice$1783 ($dffe) from module are_ubnn_kws_top (D = { \gen_enhanced_weight.u_weight_mem.u_encoder.p_overall \wr_data [15:11] \gen_enhanced_weight.u_weight_mem.u_encoder.p16 \wr_data [10:4] \gen_enhanced_weight.u_weight_mem.u_encoder.p8 \wr_data [3:1] \gen_enhanced_weight.u_weight_mem.u_encoder.p4 \wr_data [0] \gen_enhanced_weight.u_weight_mem.u_encoder.p2 \gen_enhanced_weight.u_weight_mem.u_encoder.p1 }, Q = \gen_enhanced_weight.u_weight_mem.mem[3], rval = 22'0000000000000000000000).
Adding SRST signal on $auto$ff.cc:337:slice$1786 ($dffe) from module are_ubnn_kws_top (D = { \gen_enhanced_weight.u_weight_mem.u_encoder.p_overall \wr_data [15:11] \gen_enhanced_weight.u_weight_mem.u_encoder.p16 \wr_data [10:4] \gen_enhanced_weight.u_weight_mem.u_encoder.p8 \wr_data [3:1] \gen_enhanced_weight.u_weight_mem.u_encoder.p4 \wr_data [0] \gen_enhanced_weight.u_weight_mem.u_encoder.p2 \gen_enhanced_weight.u_weight_mem.u_encoder.p1 }, Q = \gen_enhanced_weight.u_weight_mem.mem[4], rval = 22'0000000000000000000000).
Adding SRST signal on $auto$ff.cc:337:slice$1789 ($dffe) from module are_ubnn_kws_top (D = { \gen_enhanced_weight.u_weight_mem.u_encoder.p_overall \wr_data [15:11] \gen_enhanced_weight.u_weight_mem.u_encoder.p16 \wr_data [10:4] \gen_enhanced_weight.u_weight_mem.u_encoder.p8 \wr_data [3:1] \gen_enhanced_weight.u_weight_mem.u_encoder.p4 \wr_data [0] \gen_enhanced_weight.u_weight_mem.u_encoder.p2 \gen_enhanced_weight.u_weight_mem.u_encoder.p1 }, Q = \gen_enhanced_weight.u_weight_mem.mem[5], rval = 22'0000000000000000000000).
Adding SRST signal on $auto$ff.cc:337:slice$1792 ($dffe) from module are_ubnn_kws_top (D = { \gen_enhanced_weight.u_weight_mem.u_encoder.p_overall \wr_data [15:11] \gen_enhanced_weight.u_weight_mem.u_encoder.p16 \wr_data [10:4] \gen_enhanced_weight.u_weight_mem.u_encoder.p8 \wr_data [3:1] \gen_enhanced_weight.u_weight_mem.u_encoder.p4 \wr_data [0] \gen_enhanced_weight.u_weight_mem.u_encoder.p2 \gen_enhanced_weight.u_weight_mem.u_encoder.p1 }, Q = \gen_enhanced_weight.u_weight_mem.mem[6], rval = 22'0000000000000000000000).
Adding SRST signal on $auto$ff.cc:337:slice$1795 ($dffe) from module are_ubnn_kws_top (D = { \gen_enhanced_weight.u_weight_mem.u_encoder.p_overall \wr_data [15:11] \gen_enhanced_weight.u_weight_mem.u_encoder.p16 \wr_data [10:4] \gen_enhanced_weight.u_weight_mem.u_encoder.p8 \wr_data [3:1] \gen_enhanced_weight.u_weight_mem.u_encoder.p4 \wr_data [0] \gen_enhanced_weight.u_weight_mem.u_encoder.p2 \gen_enhanced_weight.u_weight_mem.u_encoder.p1 }, Q = \gen_enhanced_weight.u_weight_mem.mem[7], rval = 22'0000000000000000000000).
Adding SRST signal on $auto$ff.cc:337:slice$1798 ($dffe) from module are_ubnn_kws_top (D = { \gen_enhanced_weight.u_weight_mem.u_encoder.p_overall \wr_data [15:11] \gen_enhanced_weight.u_weight_mem.u_encoder.p16 \wr_data [10:4] \gen_enhanced_weight.u_weight_mem.u_encoder.p8 \wr_data [3:1] \gen_enhanced_weight.u_weight_mem.u_encoder.p4 \wr_data [0] \gen_enhanced_weight.u_weight_mem.u_encoder.p2 \gen_enhanced_weight.u_weight_mem.u_encoder.p1 }, Q = \gen_enhanced_weight.u_weight_mem.mem[8], rval = 22'0000000000000000000000).
Adding SRST signal on $auto$ff.cc:337:slice$1801 ($dffe) from module are_ubnn_kws_top (D = { \gen_enhanced_weight.u_weight_mem.u_encoder.p_overall \wr_data [15:11] \gen_enhanced_weight.u_weight_mem.u_encoder.p16 \wr_data [10:4] \gen_enhanced_weight.u_weight_mem.u_encoder.p8 \wr_data [3:1] \gen_enhanced_weight.u_weight_mem.u_encoder.p4 \wr_data [0] \gen_enhanced_weight.u_weight_mem.u_encoder.p2 \gen_enhanced_weight.u_weight_mem.u_encoder.p1 }, Q = \gen_enhanced_weight.u_weight_mem.mem[9], rval = 22'0000000000000000000000).
Adding SRST signal on $auto$ff.cc:337:slice$1804 ($dffe) from module are_ubnn_kws_top (D = { \gen_enhanced_weight.u_weight_mem.u_encoder.p_overall \wr_data [15:11] \gen_enhanced_weight.u_weight_mem.u_encoder.p16 \wr_data [10:4] \gen_enhanced_weight.u_weight_mem.u_encoder.p8 \wr_data [3:1] \gen_enhanced_weight.u_weight_mem.u_encoder.p4 \wr_data [0] \gen_enhanced_weight.u_weight_mem.u_encoder.p2 \gen_enhanced_weight.u_weight_mem.u_encoder.p1 }, Q = \gen_enhanced_weight.u_weight_mem.mem[10], rval = 22'0000000000000000000000).
Adding SRST signal on $auto$ff.cc:337:slice$1807 ($dffe) from module are_ubnn_kws_top (D = { \gen_enhanced_weight.u_weight_mem.u_encoder.p_overall \wr_data [15:11] \gen_enhanced_weight.u_weight_mem.u_encoder.p16 \wr_data [10:4] \gen_enhanced_weight.u_weight_mem.u_encoder.p8 \wr_data [3:1] \gen_enhanced_weight.u_weight_mem.u_encoder.p4 \wr_data [0] \gen_enhanced_weight.u_weight_mem.u_encoder.p2 \gen_enhanced_weight.u_weight_mem.u_encoder.p1 }, Q = \gen_enhanced_weight.u_weight_mem.mem[11], rval = 22'0000000000000000000000).
Adding SRST signal on $auto$ff.cc:337:slice$1810 ($dffe) from module are_ubnn_kws_top (D = { \gen_enhanced_weight.u_weight_mem.u_encoder.p_overall \wr_data [15:11] \gen_enhanced_weight.u_weight_mem.u_encoder.p16 \wr_data [10:4] \gen_enhanced_weight.u_weight_mem.u_encoder.p8 \wr_data [3:1] \gen_enhanced_weight.u_weight_mem.u_encoder.p4 \wr_data [0] \gen_enhanced_weight.u_weight_mem.u_encoder.p2 \gen_enhanced_weight.u_weight_mem.u_encoder.p1 }, Q = \gen_enhanced_weight.u_weight_mem.mem[12], rval = 22'0000000000000000000000).
Adding SRST signal on $auto$ff.cc:337:slice$1813 ($dffe) from module are_ubnn_kws_top (D = { \gen_enhanced_weight.u_weight_mem.u_encoder.p_overall \wr_data [15:11] \gen_enhanced_weight.u_weight_mem.u_encoder.p16 \wr_data [10:4] \gen_enhanced_weight.u_weight_mem.u_encoder.p8 \wr_data [3:1] \gen_enhanced_weight.u_weight_mem.u_encoder.p4 \wr_data [0] \gen_enhanced_weight.u_weight_mem.u_encoder.p2 \gen_enhanced_weight.u_weight_mem.u_encoder.p1 }, Q = \gen_enhanced_weight.u_weight_mem.mem[13], rval = 22'0000000000000000000000).
Adding SRST signal on $auto$ff.cc:337:slice$1816 ($dffe) from module are_ubnn_kws_top (D = { \gen_enhanced_weight.u_weight_mem.u_encoder.p_overall \wr_data [15:11] \gen_enhanced_weight.u_weight_mem.u_encoder.p16 \wr_data [10:4] \gen_enhanced_weight.u_weight_mem.u_encoder.p8 \wr_data [3:1] \gen_enhanced_weight.u_weight_mem.u_encoder.p4 \wr_data [0] \gen_enhanced_weight.u_weight_mem.u_encoder.p2 \gen_enhanced_weight.u_weight_mem.u_encoder.p1 }, Q = \gen_enhanced_weight.u_weight_mem.mem[14], rval = 22'0000000000000000000000).
Adding SRST signal on $auto$ff.cc:337:slice$1819 ($dffe) from module are_ubnn_kws_top (D = { \gen_enhanced_weight.u_weight_mem.u_encoder.p_overall \wr_data [15:11] \gen_enhanced_weight.u_weight_mem.u_encoder.p16 \wr_data [10:4] \gen_enhanced_weight.u_weight_mem.u_encoder.p8 \wr_data [3:1] \gen_enhanced_weight.u_weight_mem.u_encoder.p4 \wr_data [0] \gen_enhanced_weight.u_weight_mem.u_encoder.p2 \gen_enhanced_weight.u_weight_mem.u_encoder.p1 }, Q = \gen_enhanced_weight.u_weight_mem.mem[15], rval = 22'0000000000000000000000).

13.21.24. Executing OPT_CLEAN pass (remove unused cells and wires).
Finding unused cells or wires in module \are_ubnn_kws_top..
Removed 16 unused cells and 32 unused wires.
<suppressed ~17 debug messages>

13.21.25. Executing OPT_EXPR pass (perform const folding).
Optimizing module are_ubnn_kws_top.

13.21.26. Rerunning OPT passes. (Maybe there is more to do..)

13.21.27. Executing OPT_MUXTREE pass (detect dead branches in mux trees).
Running muxtree optimizer on module \are_ubnn_kws_top..
  Creating internal representation of mux trees.
  Evaluating internal representation of mux trees.
  Analyzing evaluation results.
Removed 0 multiplexer ports.
<suppressed ~44 debug messages>

13.21.28. Executing OPT_REDUCE pass (consolidate $*mux and $reduce_* inputs).
  Optimizing cells in module \are_ubnn_kws_top.
Performed a total of 0 changes.

13.21.29. Executing OPT_MERGE pass (detect identical cells).
Finding identical cells in module `\are_ubnn_kws_top'.
Computing hashes of 369 cells of `\are_ubnn_kws_top'.
Finding duplicate cells in `\are_ubnn_kws_top'.
Removed a total of 0 cells.

13.21.30. Executing OPT_SHARE pass.

13.21.31. Executing OPT_DFF pass (perform DFF optimizations).

13.21.32. Executing OPT_CLEAN pass (remove unused cells and wires).
Finding unused cells or wires in module \are_ubnn_kws_top..

13.21.33. Executing OPT_EXPR pass (perform const folding).
Optimizing module are_ubnn_kws_top.

13.21.34. Finished fast OPT passes. (There is nothing left to do.)

13.22. Executing TECHMAP pass (map to technology primitives).

13.22.1. Executing Verilog-2005 frontend: E:\oss-cad-suite-windows-x64-20260827\oss-cad-suite\bin\../share/yosys/techmap.v
Parsing Verilog input from `E:\oss-cad-suite-windows-x64-20260827\oss-cad-suite\bin\../share/yosys/techmap.v' to AST representation.
Generating RTLIL representation for module `\_90_simplemap_bool_ops'.
Generating RTLIL representation for module `\_90_simplemap_reduce_ops'.
Generating RTLIL representation for module `\_90_simplemap_logic_ops'.
Generating RTLIL representation for module `\_90_simplemap_compare_ops'.
Generating RTLIL representation for module `\_90_simplemap_various'.
Generating RTLIL representation for module `\_90_simplemap_registers'.
Generating RTLIL representation for module `\_90_shift_ops_shr_shl_sshl_sshr'.
Generating RTLIL representation for module `\_90_shift_shiftx'.
Generating RTLIL representation for module `\_90_fa'.
Generating RTLIL representation for module `\_90_lcu_brent_kung'.
Generating RTLIL representation for module `\_90_alu'.
Generating RTLIL representation for module `\_90_macc'.
Generating RTLIL representation for module `\_90_alumacc'.
Generating RTLIL representation for module `$__div_mod_u'.
Generating RTLIL representation for module `$__div_mod_trunc'.
Generating RTLIL representation for module `\_90_div'.
Generating RTLIL representation for module `\_90_mod'.
Generating RTLIL representation for module `$__div_mod_floor'.
Generating RTLIL representation for module `\_90_divfloor'.
Generating RTLIL representation for module `\_90_modfloor'.
Generating RTLIL representation for module `\_90_pow'.
Generating RTLIL representation for module `\_90_demux'.
Generating RTLIL representation for module `\_90_lut'.
Generating RTLIL representation for module `$connect'.
Generating RTLIL representation for module `$input_port'.
Successfully finished Verilog frontend.

13.22.2. Continuing TECHMAP pass.
Using extmapper simplemap for cells of type $sdffce.
Using extmapper simplemap for cells of type $ne.
Using extmapper simplemap for cells of type $and.
Using extmapper simplemap for cells of type $not.
Using template $paramod$1d1e68f77481583066c6d429218f48ea9d5739b3\_90_alu for cells of type $alu.
Using template $paramod$719aadea7a94d31a13cd25a777432aacb0e462b5\_90_alu for cells of type $alu.
Using extmapper simplemap for cells of type $reduce_or.
Using extmapper simplemap for cells of type $or.
Using extmapper simplemap for cells of type $reduce_and.
Using template $paramod$d2fa05d38998afabc6d4f34471305d0af4b8b2df\_90_alu for cells of type $alu.
Using extmapper maccmap for cells of type $macc_v2.
  add $auto$wreduce.cc:513:run$1336 [1:0] (2 bits, unsigned)
  add \u_pe_array.gen_pe[1].u_pe.u_popcount.data_in [15] (1 bits, unsigned)
  add \u_pe_array.gen_pe[1].u_pe.u_popcount.data_in [14] (1 bits, unsigned)
  add \u_pe_array.gen_pe[1].u_pe.u_popcount.data_in [13] (1 bits, unsigned)
  add \u_pe_array.gen_pe[1].u_pe.u_popcount.data_in [12] (1 bits, unsigned)
  add \u_pe_array.gen_pe[1].u_pe.u_popcount.data_in [11] (1 bits, unsigned)
  add \u_pe_array.gen_pe[1].u_pe.u_popcount.data_in [10] (1 bits, unsigned)
  add \u_pe_array.gen_pe[1].u_pe.u_popcount.data_in [9] (1 bits, unsigned)
  add \u_pe_array.gen_pe[1].u_pe.u_popcount.data_in [8] (1 bits, unsigned)
  add \u_pe_array.gen_pe[1].u_pe.u_popcount.data_in [7] (1 bits, unsigned)
  add \u_pe_array.gen_pe[1].u_pe.u_popcount.data_in [6] (1 bits, unsigned)
  add \u_pe_array.gen_pe[1].u_pe.u_popcount.data_in [5] (1 bits, unsigned)
  add \u_pe_array.gen_pe[1].u_pe.u_popcount.data_in [4] (1 bits, unsigned)
  add \u_pe_array.gen_pe[1].u_pe.u_popcount.data_in [3] (1 bits, unsigned)
  add \u_pe_array.gen_pe[1].u_pe.u_popcount.data_in [2] (1 bits, unsigned)
  packed 7 (7) bits / 7 words into adder tree
  add $auto$wreduce.cc:513:run$1339 [1:0] (2 bits, unsigned)
  add \u_pe_array.gen_pe[12].u_pe.u_popcount.data_in [15] (1 bits, unsigned)
  add \u_pe_array.gen_pe[12].u_pe.u_popcount.data_in [14] (1 bits, unsigned)
  add \u_pe_array.gen_pe[12].u_pe.u_popcount.data_in [13] (1 bits, unsigned)
  add \u_pe_array.gen_pe[12].u_pe.u_popcount.data_in [12] (1 bits, unsigned)
  add \u_pe_array.gen_pe[12].u_pe.u_popcount.data_in [11] (1 bits, unsigned)
  add \u_pe_array.gen_pe[12].u_pe.u_popcount.data_in [10] (1 bits, unsigned)
  add \u_pe_array.gen_pe[12].u_pe.u_popcount.data_in [9] (1 bits, unsigned)
  add \u_pe_array.gen_pe[12].u_pe.u_popcount.data_in [8] (1 bits, unsigned)
  add \u_pe_array.gen_pe[12].u_pe.u_popcount.data_in [7] (1 bits, unsigned)
  add \u_pe_array.gen_pe[12].u_pe.u_popcount.data_in [6] (1 bits, unsigned)
  add \u_pe_array.gen_pe[12].u_pe.u_popcount.data_in [5] (1 bits, unsigned)
  add \u_pe_array.gen_pe[12].u_pe.u_popcount.data_in [4] (1 bits, unsigned)
  add \u_pe_array.gen_pe[12].u_pe.u_popcount.data_in [3] (1 bits, unsigned)
  add \u_pe_array.gen_pe[12].u_pe.u_popcount.data_in [2] (1 bits, unsigned)
  packed 7 (7) bits / 7 words into adder tree
  add $auto$wreduce.cc:513:run$1343 [1:0] (2 bits, unsigned)
  add \u_pe_array.gen_pe[6].u_pe.u_popcount.data_in [15] (1 bits, unsigned)
  add \u_pe_array.gen_pe[6].u_pe.u_popcount.data_in [14] (1 bits, unsigned)
  add \u_pe_array.gen_pe[6].u_pe.u_popcount.data_in [13] (1 bits, unsigned)
  add \u_pe_array.gen_pe[6].u_pe.u_popcount.data_in [12] (1 bits, unsigned)
  add \u_pe_array.gen_pe[6].u_pe.u_popcount.data_in [11] (1 bits, unsigned)
  add \u_pe_array.gen_pe[6].u_pe.u_popcount.data_in [10] (1 bits, unsigned)
  add \u_pe_array.gen_pe[6].u_pe.u_popcount.data_in [9] (1 bits, unsigned)
  add \u_pe_array.gen_pe[6].u_pe.u_popcount.data_in [8] (1 bits, unsigned)
  add \u_pe_array.gen_pe[6].u_pe.u_popcount.data_in [7] (1 bits, unsigned)
  add \u_pe_array.gen_pe[6].u_pe.u_popcount.data_in [6] (1 bits, unsigned)
  add \u_pe_array.gen_pe[6].u_pe.u_popcount.data_in [5] (1 bits, unsigned)
  add \u_pe_array.gen_pe[6].u_pe.u_popcount.data_in [4] (1 bits, unsigned)
  add \u_pe_array.gen_pe[6].u_pe.u_popcount.data_in [3] (1 bits, unsigned)
  add \u_pe_array.gen_pe[6].u_pe.u_popcount.data_in [2] (1 bits, unsigned)
  packed 7 (7) bits / 7 words into adder tree
  add $auto$wreduce.cc:513:run$1342 [1:0] (2 bits, unsigned)
  add \u_pe_array.gen_pe[13].u_pe.u_popcount.data_in [15] (1 bits, unsigned)
  add \u_pe_array.gen_pe[13].u_pe.u_popcount.data_in [14] (1 bits, unsigned)
  add \u_pe_array.gen_pe[13].u_pe.u_popcount.data_in [13] (1 bits, unsigned)
  add \u_pe_array.gen_pe[13].u_pe.u_popcount.data_in [12] (1 bits, unsigned)
  add \u_pe_array.gen_pe[13].u_pe.u_popcount.data_in [11] (1 bits, unsigned)
  add \u_pe_array.gen_pe[13].u_pe.u_popcount.data_in [10] (1 bits, unsigned)
  add \u_pe_array.gen_pe[13].u_pe.u_popcount.data_in [9] (1 bits, unsigned)
  add \u_pe_array.gen_pe[13].u_pe.u_popcount.data_in [8] (1 bits, unsigned)
  add \u_pe_array.gen_pe[13].u_pe.u_popcount.data_in [7] (1 bits, unsigned)
  add \u_pe_array.gen_pe[13].u_pe.u_popcount.data_in [6] (1 bits, unsigned)
  add \u_pe_array.gen_pe[13].u_pe.u_popcount.data_in [5] (1 bits, unsigned)
  add \u_pe_array.gen_pe[13].u_pe.u_popcount.data_in [4] (1 bits, unsigned)
  add \u_pe_array.gen_pe[13].u_pe.u_popcount.data_in [3] (1 bits, unsigned)
  add \u_pe_array.gen_pe[13].u_pe.u_popcount.data_in [2] (1 bits, unsigned)
  packed 7 (7) bits / 7 words into adder tree
  add $auto$wreduce.cc:513:run$1348 [1:0] (2 bits, unsigned)
  add \u_pe_array.gen_pe[8].u_pe.u_popcount.data_in [15] (1 bits, unsigned)
  add \u_pe_array.gen_pe[8].u_pe.u_popcount.data_in [14] (1 bits, unsigned)
  add \u_pe_array.gen_pe[8].u_pe.u_popcount.data_in [13] (1 bits, unsigned)
  add \u_pe_array.gen_pe[8].u_pe.u_popcount.data_in [12] (1 bits, unsigned)
  add \u_pe_array.gen_pe[8].u_pe.u_popcount.data_in [11] (1 bits, unsigned)
  add \u_pe_array.gen_pe[8].u_pe.u_popcount.data_in [10] (1 bits, unsigned)
  add \u_pe_array.gen_pe[8].u_pe.u_popcount.data_in [9] (1 bits, unsigned)
  add \u_pe_array.gen_pe[8].u_pe.u_popcount.data_in [8] (1 bits, unsigned)
  add \u_pe_array.gen_pe[8].u_pe.u_popcount.data_in [7] (1 bits, unsigned)
  add \u_pe_array.gen_pe[8].u_pe.u_popcount.data_in [6] (1 bits, unsigned)
  add \u_pe_array.gen_pe[8].u_pe.u_popcount.data_in [5] (1 bits, unsigned)
  add \u_pe_array.gen_pe[8].u_pe.u_popcount.data_in [4] (1 bits, unsigned)
  add \u_pe_array.gen_pe[8].u_pe.u_popcount.data_in [3] (1 bits, unsigned)
  add \u_pe_array.gen_pe[8].u_pe.u_popcount.data_in [2] (1 bits, unsigned)
  packed 7 (7) bits / 7 words into adder tree
  add $auto$wreduce.cc:513:run$1350 [1:0] (2 bits, unsigned)
  add \u_pe_array.gen_pe[9].u_pe.u_popcount.data_in [15] (1 bits, unsigned)
  add \u_pe_array.gen_pe[9].u_pe.u_popcount.data_in [14] (1 bits, unsigned)
  add \u_pe_array.gen_pe[9].u_pe.u_popcount.data_in [13] (1 bits, unsigned)
  add \u_pe_array.gen_pe[9].u_pe.u_popcount.data_in [12] (1 bits, unsigned)
  add \u_pe_array.gen_pe[9].u_pe.u_popcount.data_in [11] (1 bits, unsigned)
  add \u_pe_array.gen_pe[9].u_pe.u_popcount.data_in [10] (1 bits, unsigned)
  add \u_pe_array.gen_pe[9].u_pe.u_popcount.data_in [9] (1 bits, unsigned)
  add \u_pe_array.gen_pe[9].u_pe.u_popcount.data_in [8] (1 bits, unsigned)
  add \u_pe_array.gen_pe[9].u_pe.u_popcount.data_in [7] (1 bits, unsigned)
  add \u_pe_array.gen_pe[9].u_pe.u_popcount.data_in [6] (1 bits, unsigned)
  add \u_pe_array.gen_pe[9].u_pe.u_popcount.data_in [5] (1 bits, unsigned)
  add \u_pe_array.gen_pe[9].u_pe.u_popcount.data_in [4] (1 bits, unsigned)
  add \u_pe_array.gen_pe[9].u_pe.u_popcount.data_in [3] (1 bits, unsigned)
  add \u_pe_array.gen_pe[9].u_pe.u_popcount.data_in [2] (1 bits, unsigned)
  packed 7 (7) bits / 7 words into adder tree
  add $auto$wreduce.cc:513:run$1347 [1:0] (2 bits, unsigned)
  add \u_pe_array.gen_pe[4].u_pe.u_popcount.data_in [15] (1 bits, unsigned)
  add \u_pe_array.gen_pe[4].u_pe.u_popcount.data_in [14] (1 bits, unsigned)
  add \u_pe_array.gen_pe[4].u_pe.u_popcount.data_in [13] (1 bits, unsigned)
  add \u_pe_array.gen_pe[4].u_pe.u_popcount.data_in [12] (1 bits, unsigned)
  add \u_pe_array.gen_pe[4].u_pe.u_popcount.data_in [11] (1 bits, unsigned)
  add \u_pe_array.gen_pe[4].u_pe.u_popcount.data_in [10] (1 bits, unsigned)
  add \u_pe_array.gen_pe[4].u_pe.u_popcount.data_in [9] (1 bits, unsigned)
  add \u_pe_array.gen_pe[4].u_pe.u_popcount.data_in [8] (1 bits, unsigned)
  add \u_pe_array.gen_pe[4].u_pe.u_popcount.data_in [7] (1 bits, unsigned)
  add \u_pe_array.gen_pe[4].u_pe.u_popcount.data_in [6] (1 bits, unsigned)
  add \u_pe_array.gen_pe[4].u_pe.u_popcount.data_in [5] (1 bits, unsigned)
  add \u_pe_array.gen_pe[4].u_pe.u_popcount.data_in [4] (1 bits, unsigned)
  add \u_pe_array.gen_pe[4].u_pe.u_popcount.data_in [3] (1 bits, unsigned)
  add \u_pe_array.gen_pe[4].u_pe.u_popcount.data_in [2] (1 bits, unsigned)
  packed 7 (7) bits / 7 words into adder tree
  add $auto$wreduce.cc:513:run$1345 [1:0] (2 bits, unsigned)
  add \u_pe_array.gen_pe[7].u_pe.u_popcount.data_in [15] (1 bits, unsigned)
  add \u_pe_array.gen_pe[7].u_pe.u_popcount.data_in [14] (1 bits, unsigned)
  add \u_pe_array.gen_pe[7].u_pe.u_popcount.data_in [13] (1 bits, unsigned)
  add \u_pe_array.gen_pe[7].u_pe.u_popcount.data_in [12] (1 bits, unsigned)
  add \u_pe_array.gen_pe[7].u_pe.u_popcount.data_in [11] (1 bits, unsigned)
  add \u_pe_array.gen_pe[7].u_pe.u_popcount.data_in [10] (1 bits, unsigned)
  add \u_pe_array.gen_pe[7].u_pe.u_popcount.data_in [9] (1 bits, unsigned)
  add \u_pe_array.gen_pe[7].u_pe.u_popcount.data_in [8] (1 bits, unsigned)
  add \u_pe_array.gen_pe[7].u_pe.u_popcount.data_in [7] (1 bits, unsigned)
  add \u_pe_array.gen_pe[7].u_pe.u_popcount.data_in [6] (1 bits, unsigned)
  add \u_pe_array.gen_pe[7].u_pe.u_popcount.data_in [5] (1 bits, unsigned)
  add \u_pe_array.gen_pe[7].u_pe.u_popcount.data_in [4] (1 bits, unsigned)
  add \u_pe_array.gen_pe[7].u_pe.u_popcount.data_in [3] (1 bits, unsigned)
  add \u_pe_array.gen_pe[7].u_pe.u_popcount.data_in [2] (1 bits, unsigned)
  packed 7 (7) bits / 7 words into adder tree
  add $auto$wreduce.cc:513:run$1341 [1:0] (2 bits, unsigned)
  add \u_pe_array.gen_pe[2].u_pe.u_popcount.data_in [15] (1 bits, unsigned)
  add \u_pe_array.gen_pe[2].u_pe.u_popcount.data_in [14] (1 bits, unsigned)
  add \u_pe_array.gen_pe[2].u_pe.u_popcount.data_in [13] (1 bits, unsigned)
  add \u_pe_array.gen_pe[2].u_pe.u_popcount.data_in [12] (1 bits, unsigned)
  add \u_pe_array.gen_pe[2].u_pe.u_popcount.data_in [11] (1 bits, unsigned)
  add \u_pe_array.gen_pe[2].u_pe.u_popcount.data_in [10] (1 bits, unsigned)
  add \u_pe_array.gen_pe[2].u_pe.u_popcount.data_in [9] (1 bits, unsigned)
  add \u_pe_array.gen_pe[2].u_pe.u_popcount.data_in [8] (1 bits, unsigned)
  add \u_pe_array.gen_pe[2].u_pe.u_popcount.data_in [7] (1 bits, unsigned)
  add \u_pe_array.gen_pe[2].u_pe.u_popcount.data_in [6] (1 bits, unsigned)
  add \u_pe_array.gen_pe[2].u_pe.u_popcount.data_in [5] (1 bits, unsigned)
  add \u_pe_array.gen_pe[2].u_pe.u_popcount.data_in [4] (1 bits, unsigned)
  add \u_pe_array.gen_pe[2].u_pe.u_popcount.data_in [3] (1 bits, unsigned)
  add \u_pe_array.gen_pe[2].u_pe.u_popcount.data_in [2] (1 bits, unsigned)
  packed 7 (7) bits / 7 words into adder tree
  add $auto$wreduce.cc:513:run$1349 [1:0] (2 bits, unsigned)
  add \u_pe_array.gen_pe[10].u_pe.u_popcount.data_in [15] (1 bits, unsigned)
  add \u_pe_array.gen_pe[10].u_pe.u_popcount.data_in [14] (1 bits, unsigned)
  add \u_pe_array.gen_pe[10].u_pe.u_popcount.data_in [13] (1 bits, unsigned)
  add \u_pe_array.gen_pe[10].u_pe.u_popcount.data_in [12] (1 bits, unsigned)
  add \u_pe_array.gen_pe[10].u_pe.u_popcount.data_in [11] (1 bits, unsigned)
  add \u_pe_array.gen_pe[10].u_pe.u_popcount.data_in [10] (1 bits, unsigned)
  add \u_pe_array.gen_pe[10].u_pe.u_popcount.data_in [9] (1 bits, unsigned)
  add \u_pe_array.gen_pe[10].u_pe.u_popcount.data_in [8] (1 bits, unsigned)
  add \u_pe_array.gen_pe[10].u_pe.u_popcount.data_in [7] (1 bits, unsigned)
  add \u_pe_array.gen_pe[10].u_pe.u_popcount.data_in [6] (1 bits, unsigned)
  add \u_pe_array.gen_pe[10].u_pe.u_popcount.data_in [5] (1 bits, unsigned)
  add \u_pe_array.gen_pe[10].u_pe.u_popcount.data_in [4] (1 bits, unsigned)
  add \u_pe_array.gen_pe[10].u_pe.u_popcount.data_in [3] (1 bits, unsigned)
  add \u_pe_array.gen_pe[10].u_pe.u_popcount.data_in [2] (1 bits, unsigned)
  packed 7 (7) bits / 7 words into adder tree
  add $auto$wreduce.cc:513:run$1335 [1:0] (2 bits, unsigned)
  add \u_pe_array.gen_pe[15].u_pe.u_popcount.data_in [15] (1 bits, unsigned)
  add \u_pe_array.gen_pe[15].u_pe.u_popcount.data_in [14] (1 bits, unsigned)
  add \u_pe_array.gen_pe[15].u_pe.u_popcount.data_in [13] (1 bits, unsigned)
  add \u_pe_array.gen_pe[15].u_pe.u_popcount.data_in [12] (1 bits, unsigned)
  add \u_pe_array.gen_pe[15].u_pe.u_popcount.data_in [11] (1 bits, unsigned)
  add \u_pe_array.gen_pe[15].u_pe.u_popcount.data_in [10] (1 bits, unsigned)
  add \u_pe_array.gen_pe[15].u_pe.u_popcount.data_in [9] (1 bits, unsigned)
  add \u_pe_array.gen_pe[15].u_pe.u_popcount.data_in [8] (1 bits, unsigned)
  add \u_pe_array.gen_pe[15].u_pe.u_popcount.data_in [7] (1 bits, unsigned)
  add \u_pe_array.gen_pe[15].u_pe.u_popcount.data_in [6] (1 bits, unsigned)
  add \u_pe_array.gen_pe[15].u_pe.u_popcount.data_in [5] (1 bits, unsigned)
  add \u_pe_array.gen_pe[15].u_pe.u_popcount.data_in [4] (1 bits, unsigned)
  add \u_pe_array.gen_pe[15].u_pe.u_popcount.data_in [3] (1 bits, unsigned)
  add \u_pe_array.gen_pe[15].u_pe.u_popcount.data_in [2] (1 bits, unsigned)
  packed 7 (7) bits / 7 words into adder tree
  add $auto$wreduce.cc:513:run$1338 [1:0] (2 bits, unsigned)
  add \u_pe_array.gen_pe[0].u_pe.u_popcount.data_in [15] (1 bits, unsigned)
  add \u_pe_array.gen_pe[0].u_pe.u_popcount.data_in [14] (1 bits, unsigned)
  add \u_pe_array.gen_pe[0].u_pe.u_popcount.data_in [13] (1 bits, unsigned)
  add \u_pe_array.gen_pe[0].u_pe.u_popcount.data_in [12] (1 bits, unsigned)
  add \u_pe_array.gen_pe[0].u_pe.u_popcount.data_in [11] (1 bits, unsigned)
  add \u_pe_array.gen_pe[0].u_pe.u_popcount.data_in [10] (1 bits, unsigned)
  add \u_pe_array.gen_pe[0].u_pe.u_popcount.data_in [9] (1 bits, unsigned)
  add \u_pe_array.gen_pe[0].u_pe.u_popcount.data_in [8] (1 bits, unsigned)
  add \u_pe_array.gen_pe[0].u_pe.u_popcount.data_in [7] (1 bits, unsigned)
  add \u_pe_array.gen_pe[0].u_pe.u_popcount.data_in [6] (1 bits, unsigned)
  add \u_pe_array.gen_pe[0].u_pe.u_popcount.data_in [5] (1 bits, unsigned)
  add \u_pe_array.gen_pe[0].u_pe.u_popcount.data_in [4] (1 bits, unsigned)
  add \u_pe_array.gen_pe[0].u_pe.u_popcount.data_in [3] (1 bits, unsigned)
  add \u_pe_array.gen_pe[0].u_pe.u_popcount.data_in [2] (1 bits, unsigned)
  packed 7 (7) bits / 7 words into adder tree
  add $auto$wreduce.cc:513:run$1340 [1:0] (2 bits, unsigned)
  add \u_pe_array.gen_pe[5].u_pe.u_popcount.data_in [15] (1 bits, unsigned)
  add \u_pe_array.gen_pe[5].u_pe.u_popcount.data_in [14] (1 bits, unsigned)
  add \u_pe_array.gen_pe[5].u_pe.u_popcount.data_in [13] (1 bits, unsigned)
  add \u_pe_array.gen_pe[5].u_pe.u_popcount.data_in [12] (1 bits, unsigned)
  add \u_pe_array.gen_pe[5].u_pe.u_popcount.data_in [11] (1 bits, unsigned)
  add \u_pe_array.gen_pe[5].u_pe.u_popcount.data_in [10] (1 bits, unsigned)
  add \u_pe_array.gen_pe[5].u_pe.u_popcount.data_in [9] (1 bits, unsigned)
  add \u_pe_array.gen_pe[5].u_pe.u_popcount.data_in [8] (1 bits, unsigned)
  add \u_pe_array.gen_pe[5].u_pe.u_popcount.data_in [7] (1 bits, unsigned)
  add \u_pe_array.gen_pe[5].u_pe.u_popcount.data_in [6] (1 bits, unsigned)
  add \u_pe_array.gen_pe[5].u_pe.u_popcount.data_in [5] (1 bits, unsigned)
  add \u_pe_array.gen_pe[5].u_pe.u_popcount.data_in [4] (1 bits, unsigned)
  add \u_pe_array.gen_pe[5].u_pe.u_popcount.data_in [3] (1 bits, unsigned)
  add \u_pe_array.gen_pe[5].u_pe.u_popcount.data_in [2] (1 bits, unsigned)
  packed 7 (7) bits / 7 words into adder tree
  add $auto$wreduce.cc:513:run$1334 [1:0] (2 bits, unsigned)
  add \u_pe_array.gen_pe[14].u_pe.u_popcount.data_in [15] (1 bits, unsigned)
  add \u_pe_array.gen_pe[14].u_pe.u_popcount.data_in [14] (1 bits, unsigned)
  add \u_pe_array.gen_pe[14].u_pe.u_popcount.data_in [13] (1 bits, unsigned)
  add \u_pe_array.gen_pe[14].u_pe.u_popcount.data_in [12] (1 bits, unsigned)
  add \u_pe_array.gen_pe[14].u_pe.u_popcount.data_in [11] (1 bits, unsigned)
  add \u_pe_array.gen_pe[14].u_pe.u_popcount.data_in [10] (1 bits, unsigned)
  add \u_pe_array.gen_pe[14].u_pe.u_popcount.data_in [9] (1 bits, unsigned)
  add \u_pe_array.gen_pe[14].u_pe.u_popcount.data_in [8] (1 bits, unsigned)
  add \u_pe_array.gen_pe[14].u_pe.u_popcount.data_in [7] (1 bits, unsigned)
  add \u_pe_array.gen_pe[14].u_pe.u_popcount.data_in [6] (1 bits, unsigned)
  add \u_pe_array.gen_pe[14].u_pe.u_popcount.data_in [5] (1 bits, unsigned)
  add \u_pe_array.gen_pe[14].u_pe.u_popcount.data_in [4] (1 bits, unsigned)
  add \u_pe_array.gen_pe[14].u_pe.u_popcount.data_in [3] (1 bits, unsigned)
  add \u_pe_array.gen_pe[14].u_pe.u_popcount.data_in [2] (1 bits, unsigned)
  packed 7 (7) bits / 7 words into adder tree
  add $auto$wreduce.cc:513:run$1344 [1:0] (2 bits, unsigned)
  add \u_pe_array.gen_pe[3].u_pe.u_popcount.data_in [15] (1 bits, unsigned)
  add \u_pe_array.gen_pe[3].u_pe.u_popcount.data_in [14] (1 bits, unsigned)
  add \u_pe_array.gen_pe[3].u_pe.u_popcount.data_in [13] (1 bits, unsigned)
  add \u_pe_array.gen_pe[3].u_pe.u_popcount.data_in [12] (1 bits, unsigned)
  add \u_pe_array.gen_pe[3].u_pe.u_popcount.data_in [11] (1 bits, unsigned)
  add \u_pe_array.gen_pe[3].u_pe.u_popcount.data_in [10] (1 bits, unsigned)
  add \u_pe_array.gen_pe[3].u_pe.u_popcount.data_in [9] (1 bits, unsigned)
  add \u_pe_array.gen_pe[3].u_pe.u_popcount.data_in [8] (1 bits, unsigned)
  add \u_pe_array.gen_pe[3].u_pe.u_popcount.data_in [7] (1 bits, unsigned)
  add \u_pe_array.gen_pe[3].u_pe.u_popcount.data_in [6] (1 bits, unsigned)
  add \u_pe_array.gen_pe[3].u_pe.u_popcount.data_in [5] (1 bits, unsigned)
  add \u_pe_array.gen_pe[3].u_pe.u_popcount.data_in [4] (1 bits, unsigned)
  add \u_pe_array.gen_pe[3].u_pe.u_popcount.data_in [3] (1 bits, unsigned)
  add \u_pe_array.gen_pe[3].u_pe.u_popcount.data_in [2] (1 bits, unsigned)
  packed 7 (7) bits / 7 words into adder tree
  add $auto$wreduce.cc:513:run$1337 [5:0] (6 bits, unsigned)
  add \u_pe_array.pe_result_reg[15] (5 bits, unsigned)
  add \u_pe_array.pe_result_reg[14] (5 bits, unsigned)
  add \u_pe_array.pe_result_reg[13] (5 bits, unsigned)
  add \u_pe_array.pe_result_reg[12] (5 bits, unsigned)
  add \u_pe_array.pe_result_reg[11] (5 bits, unsigned)
  add \u_pe_array.pe_result_reg[10] (5 bits, unsigned)
  add \u_pe_array.pe_result_reg[9] (5 bits, unsigned)
  add \u_pe_array.pe_result_reg[8] (5 bits, unsigned)
  add \u_pe_array.pe_result_reg[7] (5 bits, unsigned)
  add \u_pe_array.pe_result_reg[6] (5 bits, unsigned)
  add \u_pe_array.pe_result_reg[5] (5 bits, unsigned)
  add \u_pe_array.pe_result_reg[4] (5 bits, unsigned)
  add \u_pe_array.pe_result_reg[3] (5 bits, unsigned)
  add \u_pe_array.pe_result_reg[2] (5 bits, unsigned)
  add $auto$wreduce.cc:513:run$1346 [1:0] (2 bits, unsigned)
  add \u_pe_array.gen_pe[11].u_pe.u_popcount.data_in [15] (1 bits, unsigned)
  add \u_pe_array.gen_pe[11].u_pe.u_popcount.data_in [14] (1 bits, unsigned)
  add \u_pe_array.gen_pe[11].u_pe.u_popcount.data_in [13] (1 bits, unsigned)
  add \u_pe_array.gen_pe[11].u_pe.u_popcount.data_in [12] (1 bits, unsigned)
  add \u_pe_array.gen_pe[11].u_pe.u_popcount.data_in [11] (1 bits, unsigned)
  add \u_pe_array.gen_pe[11].u_pe.u_popcount.data_in [10] (1 bits, unsigned)
  add \u_pe_array.gen_pe[11].u_pe.u_popcount.data_in [9] (1 bits, unsigned)
  add \u_pe_array.gen_pe[11].u_pe.u_popcount.data_in [8] (1 bits, unsigned)
  add \u_pe_array.gen_pe[11].u_pe.u_popcount.data_in [7] (1 bits, unsigned)
  add \u_pe_array.gen_pe[11].u_pe.u_popcount.data_in [6] (1 bits, unsigned)
  add \u_pe_array.gen_pe[11].u_pe.u_popcount.data_in [5] (1 bits, unsigned)
  add \u_pe_array.gen_pe[11].u_pe.u_popcount.data_in [4] (1 bits, unsigned)
  add \u_pe_array.gen_pe[11].u_pe.u_popcount.data_in [3] (1 bits, unsigned)
  add \u_pe_array.gen_pe[11].u_pe.u_popcount.data_in [2] (1 bits, unsigned)
  packed 7 (7) bits / 7 words into adder tree
Using extmapper simplemap for cells of type $sdffe.
Using extmapper simplemap for cells of type $sdff.
Using extmapper simplemap for cells of type $xor.
Using extmapper simplemap for cells of type $reduce_xor.
Using extmapper simplemap for cells of type $logic_not.
Using extmapper simplemap for cells of type $mux.
Using extmapper simplemap for cells of type $eq.
Using template $paramod\_90_fa\WIDTH=32'00000000000000000000000000000001 for cells of type $fa.
Using template $paramod\_90_fa\WIDTH=32'00000000000000000000000000000010 for cells of type $fa.
Using template $paramod\_90_fa\WIDTH=32'00000000000000000000000000000011 for cells of type $fa.
Using template $paramod\_90_fa\WIDTH=32'00000000000000000000000000000100 for cells of type $fa.
Using template $paramod\_90_fa\WIDTH=32'00000000000000000000000000000101 for cells of type $fa.
Using template $paramod$b18e16801adf491a64caa0542270798e5d4ac6b6\_90_alu for cells of type $alu.
Using template $paramod\_90_fa\WIDTH=32'00000000000000000000000000000110 for cells of type $fa.
Using template $paramod\_90_fa\WIDTH=32'00000000000000000000000000000111 for cells of type $fa.
Using template $paramod\_90_fa\WIDTH=32'00000000000000000000000000001000 for cells of type $fa.
Using template $paramod\_90_fa\WIDTH=32'00000000000000000000000000001001 for cells of type $fa.
Using extmapper simplemap for cells of type $pos.
Using template $paramod\_90_lcu_brent_kung\WIDTH=32'00000000000000000000000000000010 for cells of type $lcu.
Using template $paramod\_90_lcu_brent_kung\WIDTH=32'00000000000000000000000000000110 for cells of type $lcu.
Using template $paramod\_90_lcu_brent_kung\WIDTH=32'00000000000000000000000000001001 for cells of type $lcu.
Using template $paramod\_90_lcu_brent_kung\WIDTH=32'00000000000000000000000000000101 for cells of type $lcu.
No more expansions possible.
<suppressed ~2473 debug messages>

13.23. Executing OPT pass (performing simple optimizations).

13.23.1. Executing OPT_EXPR pass (perform const folding).
Optimizing module are_ubnn_kws_top.
<suppressed ~1845 debug messages>

13.23.2. Executing OPT_MERGE pass (detect identical cells).
Finding identical cells in module `\are_ubnn_kws_top'.
Computing hashes of 3402 cells of `\are_ubnn_kws_top'.
Finding duplicate cells in `\are_ubnn_kws_top'.
Computing hashes of 3329 cells of `\are_ubnn_kws_top'.
Finding duplicate cells in `\are_ubnn_kws_top'.
Computing hashes of 3303 cells of `\are_ubnn_kws_top'.
Finding duplicate cells in `\are_ubnn_kws_top'.
Computing hashes of 3298 cells of `\are_ubnn_kws_top'.
Finding duplicate cells in `\are_ubnn_kws_top'.
<suppressed ~312 debug messages>
Removed a total of 104 cells.

13.23.3. Executing OPT_DFF pass (perform DFF optimizations).

13.23.4. Executing OPT_CLEAN pass (remove unused cells and wires).
Finding unused cells or wires in module \are_ubnn_kws_top..
Removed 159 unused cells and 2762 unused wires.
<suppressed ~160 debug messages>

13.23.5. Finished fast OPT passes.

13.24. Executing ABC pass (technology mapping using ABC).

13.24.1. Extracting gate netlist of module `\are_ubnn_kws_top' to `<abc-temp-dir>/input.blif'..

13.24.1.1. Executed ABC.
Extracted 2658 gates and 3415 wires to a netlist network with 756 inputs and 146 outputs.
Running ABC script: <abc-temp-dir>/abc.script
ABC: ======== ABC command line "source <abc-temp-dir>/abc.script"
ABC: + read_blif <abc-temp-dir>/input.blif 
ABC: + read_library <abc-temp-dir>/stdcells.genlib 
ABC: + strash 
ABC: + &get -n 
ABC: + &fraig -x 
ABC: + &put 
ABC: + scorr 
ABC: Warning: The network is combinational (run "fraig" or "fraig_sweep").
ABC: + dc2 
ABC: + dretime 
ABC: + strash 
ABC: + &get -n 
ABC: + &dch -f 
ABC: + &nf 
ABC: + &put 
ABC: + write_blif <abc-temp-dir>/output.blif 

13.24.1.2. Re-integrating ABC results.
ABC RESULTS:               AND cells:      534
ABC RESULTS:            ANDNOT cells:       11
ABC RESULTS:               MUX cells:      294
ABC RESULTS:              NAND cells:      819
ABC RESULTS:               NOR cells:      154
ABC RESULTS:               NOT cells:        2
ABC RESULTS:                OR cells:       40
ABC RESULTS:             ORNOT cells:       76
ABC RESULTS:              XNOR cells:      145
ABC RESULTS:               XOR cells:      522
ABC RESULTS:        internal signals:     2513
ABC RESULTS:           input signals:      756
ABC RESULTS:          output signals:      146
Removing temp directory.
Removing global temp directory.

13.25. Executing OPT pass (performing simple optimizations).

13.25.1. Executing OPT_EXPR pass (perform const folding).
Optimizing module are_ubnn_kws_top.
<suppressed ~26 debug messages>

13.25.2. Executing OPT_MERGE pass (detect identical cells).
Finding identical cells in module `\are_ubnn_kws_top'.
Computing hashes of 3078 cells of `\are_ubnn_kws_top'.
Finding duplicate cells in `\are_ubnn_kws_top'.
Removed a total of 0 cells.

13.25.3. Executing OPT_DFF pass (perform DFF optimizations).

13.25.4. Executing OPT_CLEAN pass (remove unused cells and wires).
Finding unused cells or wires in module \are_ubnn_kws_top..
Removed 0 unused cells and 1962 unused wires.
<suppressed ~63 debug messages>

13.25.5. Finished fast OPT passes.

13.26. Executing HIERARCHY pass (managing design hierarchy).
Attribute `top' found on module `are_ubnn_kws_top'. Setting top module to are_ubnn_kws_top.

13.26.1. Analyzing design hierarchy..
Top module:  \are_ubnn_kws_top

13.26.2. Analyzing design hierarchy..
Top module:  \are_ubnn_kws_top
Removed 0 unused modules.

13.27. Printing statistics.

=== are_ubnn_kws_top ===

        +----------Local Count, excluding submodules.
        | 
     2657 wires
     5036 wire bits
      174 public wires
     2553 public wire bits
       18 ports
      601 port bits
     3078 cells
       11   $_ANDNOT_
      534   $_AND_
      294   $_MUX_
      819   $_NAND_
      154   $_NOR_
        2   $_NOT_
       76   $_ORNOT_
       40   $_OR_
      352   $_SDFFCE_PN0P_
       89   $_SDFFE_PN0P_
        1   $_SDFF_PN0_
      145   $_XNOR_
      522   $_XOR_
       39   $scopeinfo

13.28. Executing CHECK pass (checking for obvious problems).
Checking module are_ubnn_kws_top...
Found and reported 0 problems.

14. Executing OPT pass (performing simple optimizations).

14.1. Executing OPT_EXPR pass (perform const folding).
Optimizing module are_ubnn_kws_top.
<suppressed ~21 debug messages>

14.2. Executing OPT_MERGE pass (detect identical cells).
Finding identical cells in module `\are_ubnn_kws_top'.
Computing hashes of 3078 cells of `\are_ubnn_kws_top'.
Finding duplicate cells in `\are_ubnn_kws_top'.
Removed a total of 0 cells.

14.3. Executing OPT_MUXTREE pass (detect dead branches in mux trees).
Running muxtree optimizer on module \are_ubnn_kws_top..
  Creating internal representation of mux trees.
  No muxes found in this module.
Removed 0 multiplexer ports.

14.4. Executing OPT_REDUCE pass (consolidate $*mux and $reduce_* inputs).
  Optimizing cells in module \are_ubnn_kws_top.
Performed a total of 0 changes.

14.5. Executing OPT_MERGE pass (detect identical cells).
Finding identical cells in module `\are_ubnn_kws_top'.
Computing hashes of 3078 cells of `\are_ubnn_kws_top'.
Finding duplicate cells in `\are_ubnn_kws_top'.
Removed a total of 0 cells.

14.6. Executing OPT_SHARE pass.

14.7. Executing OPT_DFF pass (perform DFF optimizations).

14.8. Executing OPT_CLEAN pass (remove unused cells and wires).
Finding unused cells or wires in module \are_ubnn_kws_top..

14.9. Executing OPT_EXPR pass (perform const folding).
Optimizing module are_ubnn_kws_top.

14.10. Finished fast OPT passes. (There is nothing left to do.)

15. Printing statistics.

=== are_ubnn_kws_top ===

        +----------Local Count, excluding submodules.
        | 
     2657 wires
     5036 wire bits
      174 public wires
     2553 public wire bits
       18 ports
      601 port bits
     3078 cells
       11   $_ANDNOT_
      534   $_AND_
      294   $_MUX_
      819   $_NAND_
      154   $_NOR_
        2   $_NOT_
       76   $_ORNOT_
       40   $_OR_
      352   $_SDFFCE_PN0P_
       89   $_SDFFE_PN0P_
        1   $_SDFF_PN0_
      145   $_XNOR_
      522   $_XOR_
       39   $scopeinfo

Warnings: 2 unique messages, 5 total
End of script. Logfile hash: 2e0f746918
Yosys 0.68+132 (git sha1 13b43f8c8-dirty, Release, GNU /usr/bin/x86_64-w64-mingw32-g++ 15.2.1)
Time spent: 2% 30x opt_expr (0 sec), 2% 25x opt_clean (0 sec), ...
