
 /----------------------------------------------------------------------------\
 |  yosys -- Yosys Open SYnthesis Suite                                       |
 |  Copyright (C) 2012 - 2026  Claire Xenia Wolf <claire@yosyshq.com>         |
 |  Distributed under an ISC-like license, type "license" to see terms        |
 \----------------------------------------------------------------------------/
 Yosys 0.68+132 (git sha1 13b43f8c8-dirty, Release, GNU /usr/bin/x86_64-w64-mingw32-g++ 15.2.1)

-- Executing script file `E:\Are_UBNN_KWS\self\scripts\..\scripts\synth_baseline.ys' --

1. Executing Verilog-2005 frontend: E:/Are_UBNN_KWS/self/scripts/../src/compute/popcount.sv
Parsing SystemVerilog input from `E:/Are_UBNN_KWS/self/scripts/../src/compute/popcount.sv' to AST representation.
Generating RTLIL representation for module `\popcount'.
Successfully finished Verilog frontend.

2. Executing Verilog-2005 frontend: E:/Are_UBNN_KWS/self/scripts/../src/compute/unipolar_pe.sv
Parsing SystemVerilog input from `E:/Are_UBNN_KWS/self/scripts/../src/compute/unipolar_pe.sv' to AST representation.
Generating RTLIL representation for module `\unipolar_pe'.
Successfully finished Verilog frontend.

3. Executing Verilog-2005 frontend: E:/Are_UBNN_KWS/self/scripts/../src/compute/pe_array.sv
Parsing SystemVerilog input from `E:/Are_UBNN_KWS/self/scripts/../src/compute/pe_array.sv' to AST representation.
Generating RTLIL representation for module `\pe_array'.
Warning: Replacing memory \pe_result_reg with list of registers. See E:/Are_UBNN_KWS/self/scripts/../src/compute/pe_array.sv:108
Successfully finished Verilog frontend.

4. Executing Verilog-2005 frontend: E:/Are_UBNN_KWS/self/scripts/../src/baseline/accumulator.sv
Parsing SystemVerilog input from `E:/Are_UBNN_KWS/self/scripts/../src/baseline/accumulator.sv' to AST representation.
Generating RTLIL representation for module `\accumulator'.
Successfully finished Verilog frontend.

5. Executing Verilog-2005 frontend: E:/Are_UBNN_KWS/self/scripts/../src/baseline/threshold_unit.sv
Parsing SystemVerilog input from `E:/Are_UBNN_KWS/self/scripts/../src/baseline/threshold_unit.sv' to AST representation.
Generating RTLIL representation for module `\threshold_unit'.
Successfully finished Verilog frontend.

6. Executing Verilog-2005 frontend: E:/Are_UBNN_KWS/self/scripts/../src/ecc/secded_encoder.sv
Parsing SystemVerilog input from `E:/Are_UBNN_KWS/self/scripts/../src/ecc/secded_encoder.sv' to AST representation.
Generating RTLIL representation for module `\secded_encoder'.
Successfully finished Verilog frontend.

7. Executing Verilog-2005 frontend: E:/Are_UBNN_KWS/self/scripts/../src/ecc/secded_decoder.sv
Parsing SystemVerilog input from `E:/Are_UBNN_KWS/self/scripts/../src/ecc/secded_decoder.sv' to AST representation.
Generating RTLIL representation for module `\secded_decoder'.
Successfully finished Verilog frontend.

8. Executing Verilog-2005 frontend: E:/Are_UBNN_KWS/self/scripts/../src/memory/protected_weight_memory.sv
Parsing SystemVerilog input from `E:/Are_UBNN_KWS/self/scripts/../src/memory/protected_weight_memory.sv' to AST representation.
Generating RTLIL representation for module `\protected_weight_memory'.
Successfully finished Verilog frontend.

9. Executing Verilog-2005 frontend: E:/Are_UBNN_KWS/self/scripts/../src/power/activation_detector.sv
Parsing SystemVerilog input from `E:/Are_UBNN_KWS/self/scripts/../src/power/activation_detector.sv' to AST representation.
Generating RTLIL representation for module `\activation_detector'.
Successfully finished Verilog frontend.

10. Executing Verilog-2005 frontend: E:/Are_UBNN_KWS/self/scripts/../src/power/icg.sv
Parsing SystemVerilog input from `E:/Are_UBNN_KWS/self/scripts/../src/power/icg.sv' to AST representation.
Generating RTLIL representation for module `\icg'.
Successfully finished Verilog frontend.

11. Executing Verilog-2005 frontend: E:/Are_UBNN_KWS/self/scripts/../src/top/are_ubnn_kws_top.sv
Parsing SystemVerilog input from `E:/Are_UBNN_KWS/self/scripts/../src/top/are_ubnn_kws_top.sv' to AST representation.
Generating RTLIL representation for module `\are_ubnn_kws_top'.
Successfully finished Verilog frontend.
Parameter \ENABLE_ENHANCED = 0

12. Executing AST frontend in derive mode using pre-parsed AST for module `\are_ubnn_kws_top'.
Parameter \ENABLE_ENHANCED = 0
Generating RTLIL representation for module `$paramod\are_ubnn_kws_top\ENABLE_ENHANCED=s32'00000000000000000000000000000000'.

13. Executing SYNTH pass.

13.1. Executing HIERARCHY pass (managing design hierarchy).

13.1.1. Analyzing design hierarchy..
Top module:  \are_ubnn_kws_top
Used module:     \pe_array
Used module:         \unipolar_pe
Used module:             \popcount
Used module:     \accumulator
Used module:     \threshold_unit
Parameter \WIDTH = 16
Parameter \OUT_W = 5

13.1.2. Executing AST frontend in derive mode using pre-parsed AST for module `\popcount'.
Parameter \WIDTH = 16
Parameter \OUT_W = 5
Generating RTLIL representation for module `$paramod$8321bd599312407f398c37fcdd0fbb22b411403b\popcount'.
Parameter \VEC_WIDTH = 16
Parameter \RESULT_W = 5

13.1.3. Executing AST frontend in derive mode using pre-parsed AST for module `\unipolar_pe'.
Parameter \VEC_WIDTH = 16
Parameter \RESULT_W = 5
Generating RTLIL representation for module `$paramod$b5af746cb3efc62f621f3c71a45a9741b23c0d5c\unipolar_pe'.
Parameter \VEC_WIDTH = 16
Parameter \RESULT_W = 5
Found cached RTLIL representation for module `$paramod$b5af746cb3efc62f621f3c71a45a9741b23c0d5c\unipolar_pe'.
Parameter \VEC_WIDTH = 16
Parameter \RESULT_W = 5
Found cached RTLIL representation for module `$paramod$b5af746cb3efc62f621f3c71a45a9741b23c0d5c\unipolar_pe'.
Parameter \VEC_WIDTH = 16
Parameter \RESULT_W = 5
Found cached RTLIL representation for module `$paramod$b5af746cb3efc62f621f3c71a45a9741b23c0d5c\unipolar_pe'.
Parameter \VEC_WIDTH = 16
Parameter \RESULT_W = 5
Found cached RTLIL representation for module `$paramod$b5af746cb3efc62f621f3c71a45a9741b23c0d5c\unipolar_pe'.
Parameter \VEC_WIDTH = 16
Parameter \RESULT_W = 5
Found cached RTLIL representation for module `$paramod$b5af746cb3efc62f621f3c71a45a9741b23c0d5c\unipolar_pe'.
Parameter \VEC_WIDTH = 16
Parameter \RESULT_W = 5
Found cached RTLIL representation for module `$paramod$b5af746cb3efc62f621f3c71a45a9741b23c0d5c\unipolar_pe'.
Parameter \VEC_WIDTH = 16
Parameter \RESULT_W = 5
Found cached RTLIL representation for module `$paramod$b5af746cb3efc62f621f3c71a45a9741b23c0d5c\unipolar_pe'.
Parameter \VEC_WIDTH = 16
Parameter \RESULT_W = 5
Found cached RTLIL representation for module `$paramod$b5af746cb3efc62f621f3c71a45a9741b23c0d5c\unipolar_pe'.
Parameter \VEC_WIDTH = 16
Parameter \RESULT_W = 5
Found cached RTLIL representation for module `$paramod$b5af746cb3efc62f621f3c71a45a9741b23c0d5c\unipolar_pe'.
Parameter \VEC_WIDTH = 16
Parameter \RESULT_W = 5
Found cached RTLIL representation for module `$paramod$b5af746cb3efc62f621f3c71a45a9741b23c0d5c\unipolar_pe'.
Parameter \VEC_WIDTH = 16
Parameter \RESULT_W = 5
Found cached RTLIL representation for module `$paramod$b5af746cb3efc62f621f3c71a45a9741b23c0d5c\unipolar_pe'.
Parameter \VEC_WIDTH = 16
Parameter \RESULT_W = 5
Found cached RTLIL representation for module `$paramod$b5af746cb3efc62f621f3c71a45a9741b23c0d5c\unipolar_pe'.
Parameter \VEC_WIDTH = 16
Parameter \RESULT_W = 5
Found cached RTLIL representation for module `$paramod$b5af746cb3efc62f621f3c71a45a9741b23c0d5c\unipolar_pe'.
Parameter \VEC_WIDTH = 16
Parameter \RESULT_W = 5
Found cached RTLIL representation for module `$paramod$b5af746cb3efc62f621f3c71a45a9741b23c0d5c\unipolar_pe'.
Parameter \VEC_WIDTH = 16
Parameter \RESULT_W = 5
Found cached RTLIL representation for module `$paramod$b5af746cb3efc62f621f3c71a45a9741b23c0d5c\unipolar_pe'.
Reprocessing module pe_array because instantiated module $paramod$b5af746cb3efc62f621f3c71a45a9741b23c0d5c\unipolar_pe has become available.
Generating RTLIL representation for module `\pe_array'.
Warning: Replacing memory \pe_result_reg with list of registers. See E:/Are_UBNN_KWS/self/scripts/../src/compute/pe_array.sv:108
Warning: Replacing memory \pe_comb with list of registers. See E:/Are_UBNN_KWS/self/scripts/../src/compute/pe_array.sv:79
Parameter \NUM_PES = 16
Parameter \VEC_WIDTH = 16
Parameter \PE_RESULT_W = 5

13.1.4. Executing AST frontend in derive mode using pre-parsed AST for module `\pe_array'.
Parameter \NUM_PES = 16
Parameter \VEC_WIDTH = 16
Parameter \PE_RESULT_W = 5
Generating RTLIL representation for module `$paramod$7cc4f66e3e1ce63c51e045ede443ab9bbb545642\pe_array'.
Warning: Replacing memory \pe_result_reg with list of registers. See E:/Are_UBNN_KWS/self/scripts/../src/compute/pe_array.sv:108
Warning: Replacing memory \pe_comb with list of registers. See E:/Are_UBNN_KWS/self/scripts/../src/compute/pe_array.sv:79
Parameter \NUM_PES = 16
Parameter \PE_RESULT_W = 5
Parameter \ACCUM_W = 9

13.1.5. Executing AST frontend in derive mode using pre-parsed AST for module `\accumulator'.
Parameter \NUM_PES = 16
Parameter \PE_RESULT_W = 5
Parameter \ACCUM_W = 9
Generating RTLIL representation for module `$paramod$8db64f2a3fbc5f0e0cf12884906202176d54b9b8\accumulator'.
Parameter \ACCUM_W = 9

13.1.6. Executing AST frontend in derive mode using pre-parsed AST for module `\threshold_unit'.
Parameter \ACCUM_W = 9
Generating RTLIL representation for module `$paramod\threshold_unit\ACCUM_W=s32'00000000000000000000000000001001'.

13.1.7. Analyzing design hierarchy..
Top module:  \are_ubnn_kws_top
Used module:     $paramod$7cc4f66e3e1ce63c51e045ede443ab9bbb545642\pe_array
Used module:         \unipolar_pe
Used module:             $paramod$8321bd599312407f398c37fcdd0fbb22b411403b\popcount
Used module:     $paramod$8db64f2a3fbc5f0e0cf12884906202176d54b9b8\accumulator
Used module:     $paramod\threshold_unit\ACCUM_W=s32'00000000000000000000000000001001
Parameter \VEC_WIDTH = 16
Parameter \RESULT_W = 5
Found cached RTLIL representation for module `$paramod$b5af746cb3efc62f621f3c71a45a9741b23c0d5c\unipolar_pe'.
Parameter \VEC_WIDTH = 16
Parameter \RESULT_W = 5
Found cached RTLIL representation for module `$paramod$b5af746cb3efc62f621f3c71a45a9741b23c0d5c\unipolar_pe'.
Parameter \VEC_WIDTH = 16
Parameter \RESULT_W = 5
Found cached RTLIL representation for module `$paramod$b5af746cb3efc62f621f3c71a45a9741b23c0d5c\unipolar_pe'.
Parameter \VEC_WIDTH = 16
Parameter \RESULT_W = 5
Found cached RTLIL representation for module `$paramod$b5af746cb3efc62f621f3c71a45a9741b23c0d5c\unipolar_pe'.
Parameter \VEC_WIDTH = 16
Parameter \RESULT_W = 5
Found cached RTLIL representation for module `$paramod$b5af746cb3efc62f621f3c71a45a9741b23c0d5c\unipolar_pe'.
Parameter \VEC_WIDTH = 16
Parameter \RESULT_W = 5
Found cached RTLIL representation for module `$paramod$b5af746cb3efc62f621f3c71a45a9741b23c0d5c\unipolar_pe'.
Parameter \VEC_WIDTH = 16
Parameter \RESULT_W = 5
Found cached RTLIL representation for module `$paramod$b5af746cb3efc62f621f3c71a45a9741b23c0d5c\unipolar_pe'.
Parameter \VEC_WIDTH = 16
Parameter \RESULT_W = 5
Found cached RTLIL representation for module `$paramod$b5af746cb3efc62f621f3c71a45a9741b23c0d5c\unipolar_pe'.
Parameter \VEC_WIDTH = 16
Parameter \RESULT_W = 5
Found cached RTLIL representation for module `$paramod$b5af746cb3efc62f621f3c71a45a9741b23c0d5c\unipolar_pe'.
Parameter \VEC_WIDTH = 16
Parameter \RESULT_W = 5
Found cached RTLIL representation for module `$paramod$b5af746cb3efc62f621f3c71a45a9741b23c0d5c\unipolar_pe'.
Parameter \VEC_WIDTH = 16
Parameter \RESULT_W = 5
Found cached RTLIL representation for module `$paramod$b5af746cb3efc62f621f3c71a45a9741b23c0d5c\unipolar_pe'.
Parameter \VEC_WIDTH = 16
Parameter \RESULT_W = 5
Found cached RTLIL representation for module `$paramod$b5af746cb3efc62f621f3c71a45a9741b23c0d5c\unipolar_pe'.
Parameter \VEC_WIDTH = 16
Parameter \RESULT_W = 5
Found cached RTLIL representation for module `$paramod$b5af746cb3efc62f621f3c71a45a9741b23c0d5c\unipolar_pe'.
Parameter \VEC_WIDTH = 16
Parameter \RESULT_W = 5
Found cached RTLIL representation for module `$paramod$b5af746cb3efc62f621f3c71a45a9741b23c0d5c\unipolar_pe'.
Parameter \VEC_WIDTH = 16
Parameter \RESULT_W = 5
Found cached RTLIL representation for module `$paramod$b5af746cb3efc62f621f3c71a45a9741b23c0d5c\unipolar_pe'.
Parameter \VEC_WIDTH = 16
Parameter \RESULT_W = 5
Found cached RTLIL representation for module `$paramod$b5af746cb3efc62f621f3c71a45a9741b23c0d5c\unipolar_pe'.

13.1.8. Analyzing design hierarchy..
Top module:  \are_ubnn_kws_top
Used module:     $paramod$7cc4f66e3e1ce63c51e045ede443ab9bbb545642\pe_array
Used module:         $paramod$b5af746cb3efc62f621f3c71a45a9741b23c0d5c\unipolar_pe
Used module:             \popcount
Used module:     $paramod$8db64f2a3fbc5f0e0cf12884906202176d54b9b8\accumulator
Used module:     $paramod\threshold_unit\ACCUM_W=s32'00000000000000000000000000001001
Parameter \WIDTH = 16
Parameter \OUT_W = 5
Found cached RTLIL representation for module `$paramod$8321bd599312407f398c37fcdd0fbb22b411403b\popcount'.

13.1.9. Analyzing design hierarchy..
Top module:  \are_ubnn_kws_top
Used module:     $paramod$7cc4f66e3e1ce63c51e045ede443ab9bbb545642\pe_array
Used module:         $paramod$b5af746cb3efc62f621f3c71a45a9741b23c0d5c\unipolar_pe
Used module:             $paramod$8321bd599312407f398c37fcdd0fbb22b411403b\popcount
Used module:     $paramod$8db64f2a3fbc5f0e0cf12884906202176d54b9b8\accumulator
Used module:     $paramod\threshold_unit\ACCUM_W=s32'00000000000000000000000000001001

13.1.10. Analyzing design hierarchy..
Top module:  \are_ubnn_kws_top
Used module:     $paramod$7cc4f66e3e1ce63c51e045ede443ab9bbb545642\pe_array
Used module:         $paramod$b5af746cb3efc62f621f3c71a45a9741b23c0d5c\unipolar_pe
Used module:             $paramod$8321bd599312407f398c37fcdd0fbb22b411403b\popcount
Used module:     $paramod$8db64f2a3fbc5f0e0cf12884906202176d54b9b8\accumulator
Used module:     $paramod\threshold_unit\ACCUM_W=s32'00000000000000000000000000001001
Removing unused module `\pe_array'.
Removing unused module `\icg'.
Removing unused module `\activation_detector'.
Removing unused module `\protected_weight_memory'.
Removing unused module `\secded_decoder'.
Removing unused module `\secded_encoder'.
Removing unused module `\threshold_unit'.
Removing unused module `\accumulator'.
Removing unused module `\unipolar_pe'.
Removing unused module `\popcount'.
Removed 10 unused modules.

13.2. Executing PROC pass (convert processes to netlists).

13.2.1. Executing PROC_CLEAN pass (remove empty switches from decision trees).
Cleaned up 0 empty switches.

13.2.2. Executing PROC_RMDEAD pass (remove dead branches from decision trees).
Marked 1 switch rules as full_case in process $proc$E:/Are_UBNN_KWS/self/scripts/../src/compute/pe_array.sv:106$490 in module $paramod$7cc4f66e3e1ce63c51e045ede443ab9bbb545642\pe_array.
Marked 1 switch rules as full_case in process $proc$E:/Are_UBNN_KWS/self/scripts/../src/compute/pe_array.sv:106$488 in module $paramod$7cc4f66e3e1ce63c51e045ede443ab9bbb545642\pe_array.
Marked 1 switch rules as full_case in process $proc$E:/Are_UBNN_KWS/self/scripts/../src/compute/pe_array.sv:106$486 in module $paramod$7cc4f66e3e1ce63c51e045ede443ab9bbb545642\pe_array.
Marked 1 switch rules as full_case in process $proc$E:/Are_UBNN_KWS/self/scripts/../src/compute/pe_array.sv:106$484 in module $paramod$7cc4f66e3e1ce63c51e045ede443ab9bbb545642\pe_array.
Marked 1 switch rules as full_case in process $proc$E:/Are_UBNN_KWS/self/scripts/../src/compute/pe_array.sv:106$482 in module $paramod$7cc4f66e3e1ce63c51e045ede443ab9bbb545642\pe_array.
Marked 1 switch rules as full_case in process $proc$E:/Are_UBNN_KWS/self/scripts/../src/compute/pe_array.sv:106$480 in module $paramod$7cc4f66e3e1ce63c51e045ede443ab9bbb545642\pe_array.
Marked 1 switch rules as full_case in process $proc$E:/Are_UBNN_KWS/self/scripts/../src/compute/pe_array.sv:106$478 in module $paramod$7cc4f66e3e1ce63c51e045ede443ab9bbb545642\pe_array.
Marked 1 switch rules as full_case in process $proc$E:/Are_UBNN_KWS/self/scripts/../src/compute/pe_array.sv:106$476 in module $paramod$7cc4f66e3e1ce63c51e045ede443ab9bbb545642\pe_array.
Marked 1 switch rules as full_case in process $proc$E:/Are_UBNN_KWS/self/scripts/../src/compute/pe_array.sv:106$474 in module $paramod$7cc4f66e3e1ce63c51e045ede443ab9bbb545642\pe_array.
Marked 1 switch rules as full_case in process $proc$E:/Are_UBNN_KWS/self/scripts/../src/compute/pe_array.sv:106$472 in module $paramod$7cc4f66e3e1ce63c51e045ede443ab9bbb545642\pe_array.
Marked 1 switch rules as full_case in process $proc$E:/Are_UBNN_KWS/self/scripts/../src/compute/pe_array.sv:106$470 in module $paramod$7cc4f66e3e1ce63c51e045ede443ab9bbb545642\pe_array.
Marked 1 switch rules as full_case in process $proc$E:/Are_UBNN_KWS/self/scripts/../src/compute/pe_array.sv:106$468 in module $paramod$7cc4f66e3e1ce63c51e045ede443ab9bbb545642\pe_array.
Marked 1 switch rules as full_case in process $proc$E:/Are_UBNN_KWS/self/scripts/../src/compute/pe_array.sv:106$466 in module $paramod$7cc4f66e3e1ce63c51e045ede443ab9bbb545642\pe_array.
Marked 1 switch rules as full_case in process $proc$E:/Are_UBNN_KWS/self/scripts/../src/compute/pe_array.sv:106$464 in module $paramod$7cc4f66e3e1ce63c51e045ede443ab9bbb545642\pe_array.
Marked 1 switch rules as full_case in process $proc$E:/Are_UBNN_KWS/self/scripts/../src/compute/pe_array.sv:106$462 in module $paramod$7cc4f66e3e1ce63c51e045ede443ab9bbb545642\pe_array.
Marked 1 switch rules as full_case in process $proc$E:/Are_UBNN_KWS/self/scripts/../src/compute/pe_array.sv:106$460 in module $paramod$7cc4f66e3e1ce63c51e045ede443ab9bbb545642\pe_array.
Marked 2 switch rules as full_case in process $proc$E:/Are_UBNN_KWS/self/scripts/../src/baseline/accumulator.sv:72$526 in module $paramod$8db64f2a3fbc5f0e0cf12884906202176d54b9b8\accumulator.
Removed a total of 0 dead cases.

13.2.3. Executing PROC_PRUNE pass (remove redundant assignments in processes).
Removed 1 redundant assignment.
Promoted 20 assignments to connections.

13.2.4. Executing PROC_INIT pass (extract init attributes).

13.2.5. Executing PROC_ARST pass (detect async resets in processes).

13.2.6. Executing PROC_ROM pass (convert switches to ROMs).
Converted 0 switches.
<suppressed ~34 debug messages>

13.2.7. Executing PROC_MUX pass (convert decision trees to multiplexers).
Creating decoders for process `$paramod$7cc4f66e3e1ce63c51e045ede443ab9bbb545642\pe_array.$proc$E:/Are_UBNN_KWS/self/scripts/../src/compute/pe_array.sv:79$507'.
Creating decoders for process `$paramod$7cc4f66e3e1ce63c51e045ede443ab9bbb545642\pe_array.$proc$E:/Are_UBNN_KWS/self/scripts/../src/compute/pe_array.sv:79$506'.
Creating decoders for process `$paramod$7cc4f66e3e1ce63c51e045ede443ab9bbb545642\pe_array.$proc$E:/Are_UBNN_KWS/self/scripts/../src/compute/pe_array.sv:79$505'.
Creating decoders for process `$paramod$7cc4f66e3e1ce63c51e045ede443ab9bbb545642\pe_array.$proc$E:/Are_UBNN_KWS/self/scripts/../src/compute/pe_array.sv:79$504'.
Creating decoders for process `$paramod$7cc4f66e3e1ce63c51e045ede443ab9bbb545642\pe_array.$proc$E:/Are_UBNN_KWS/self/scripts/../src/compute/pe_array.sv:79$503'.
Creating decoders for process `$paramod$7cc4f66e3e1ce63c51e045ede443ab9bbb545642\pe_array.$proc$E:/Are_UBNN_KWS/self/scripts/../src/compute/pe_array.sv:79$502'.
Creating decoders for process `$paramod$7cc4f66e3e1ce63c51e045ede443ab9bbb545642\pe_array.$proc$E:/Are_UBNN_KWS/self/scripts/../src/compute/pe_array.sv:79$501'.
Creating decoders for process `$paramod$7cc4f66e3e1ce63c51e045ede443ab9bbb545642\pe_array.$proc$E:/Are_UBNN_KWS/self/scripts/../src/compute/pe_array.sv:79$500'.
Creating decoders for process `$paramod$7cc4f66e3e1ce63c51e045ede443ab9bbb545642\pe_array.$proc$E:/Are_UBNN_KWS/self/scripts/../src/compute/pe_array.sv:79$499'.
Creating decoders for process `$paramod$7cc4f66e3e1ce63c51e045ede443ab9bbb545642\pe_array.$proc$E:/Are_UBNN_KWS/self/scripts/../src/compute/pe_array.sv:79$498'.
Creating decoders for process `$paramod$7cc4f66e3e1ce63c51e045ede443ab9bbb545642\pe_array.$proc$E:/Are_UBNN_KWS/self/scripts/../src/compute/pe_array.sv:79$497'.
Creating decoders for process `$paramod$7cc4f66e3e1ce63c51e045ede443ab9bbb545642\pe_array.$proc$E:/Are_UBNN_KWS/self/scripts/../src/compute/pe_array.sv:79$496'.
Creating decoders for process `$paramod$7cc4f66e3e1ce63c51e045ede443ab9bbb545642\pe_array.$proc$E:/Are_UBNN_KWS/self/scripts/../src/compute/pe_array.sv:79$495'.
Creating decoders for process `$paramod$7cc4f66e3e1ce63c51e045ede443ab9bbb545642\pe_array.$proc$E:/Are_UBNN_KWS/self/scripts/../src/compute/pe_array.sv:79$494'.
Creating decoders for process `$paramod$7cc4f66e3e1ce63c51e045ede443ab9bbb545642\pe_array.$proc$E:/Are_UBNN_KWS/self/scripts/../src/compute/pe_array.sv:79$493'.
Creating decoders for process `$paramod$7cc4f66e3e1ce63c51e045ede443ab9bbb545642\pe_array.$proc$E:/Are_UBNN_KWS/self/scripts/../src/compute/pe_array.sv:79$492'.
Creating decoders for process `$paramod$7cc4f66e3e1ce63c51e045ede443ab9bbb545642\pe_array.$proc$E:/Are_UBNN_KWS/self/scripts/../src/compute/pe_array.sv:106$490'.
     1/1: $0\pe_result_reg[15][4:0]
Creating decoders for process `$paramod$7cc4f66e3e1ce63c51e045ede443ab9bbb545642\pe_array.$proc$E:/Are_UBNN_KWS/self/scripts/../src/compute/pe_array.sv:106$488'.
     1/1: $0\pe_result_reg[14][4:0]
Creating decoders for process `$paramod$7cc4f66e3e1ce63c51e045ede443ab9bbb545642\pe_array.$proc$E:/Are_UBNN_KWS/self/scripts/../src/compute/pe_array.sv:106$486'.
     1/1: $0\pe_result_reg[13][4:0]
Creating decoders for process `$paramod$7cc4f66e3e1ce63c51e045ede443ab9bbb545642\pe_array.$proc$E:/Are_UBNN_KWS/self/scripts/../src/compute/pe_array.sv:106$484'.
     1/1: $0\pe_result_reg[12][4:0]
Creating decoders for process `$paramod$7cc4f66e3e1ce63c51e045ede443ab9bbb545642\pe_array.$proc$E:/Are_UBNN_KWS/self/scripts/../src/compute/pe_array.sv:106$482'.
     1/1: $0\pe_result_reg[11][4:0]
Creating decoders for process `$paramod$7cc4f66e3e1ce63c51e045ede443ab9bbb545642\pe_array.$proc$E:/Are_UBNN_KWS/self/scripts/../src/compute/pe_array.sv:106$480'.
     1/1: $0\pe_result_reg[10][4:0]
Creating decoders for process `$paramod$7cc4f66e3e1ce63c51e045ede443ab9bbb545642\pe_array.$proc$E:/Are_UBNN_KWS/self/scripts/../src/compute/pe_array.sv:106$478'.
     1/1: $0\pe_result_reg[9][4:0]
Creating decoders for process `$paramod$7cc4f66e3e1ce63c51e045ede443ab9bbb545642\pe_array.$proc$E:/Are_UBNN_KWS/self/scripts/../src/compute/pe_array.sv:106$476'.
     1/1: $0\pe_result_reg[8][4:0]
Creating decoders for process `$paramod$7cc4f66e3e1ce63c51e045ede443ab9bbb545642\pe_array.$proc$E:/Are_UBNN_KWS/self/scripts/../src/compute/pe_array.sv:106$474'.
     1/1: $0\pe_result_reg[7][4:0]
Creating decoders for process `$paramod$7cc4f66e3e1ce63c51e045ede443ab9bbb545642\pe_array.$proc$E:/Are_UBNN_KWS/self/scripts/../src/compute/pe_array.sv:106$472'.
     1/1: $0\pe_result_reg[6][4:0]
Creating decoders for process `$paramod$7cc4f66e3e1ce63c51e045ede443ab9bbb545642\pe_array.$proc$E:/Are_UBNN_KWS/self/scripts/../src/compute/pe_array.sv:106$470'.
     1/1: $0\pe_result_reg[5][4:0]
Creating decoders for process `$paramod$7cc4f66e3e1ce63c51e045ede443ab9bbb545642\pe_array.$proc$E:/Are_UBNN_KWS/self/scripts/../src/compute/pe_array.sv:106$468'.
     1/1: $0\pe_result_reg[4][4:0]
Creating decoders for process `$paramod$7cc4f66e3e1ce63c51e045ede443ab9bbb545642\pe_array.$proc$E:/Are_UBNN_KWS/self/scripts/../src/compute/pe_array.sv:106$466'.
     1/1: $0\pe_result_reg[3][4:0]
Creating decoders for process `$paramod$7cc4f66e3e1ce63c51e045ede443ab9bbb545642\pe_array.$proc$E:/Are_UBNN_KWS/self/scripts/../src/compute/pe_array.sv:106$464'.
     1/1: $0\pe_result_reg[2][4:0]
Creating decoders for process `$paramod$7cc4f66e3e1ce63c51e045ede443ab9bbb545642\pe_array.$proc$E:/Are_UBNN_KWS/self/scripts/../src/compute/pe_array.sv:106$462'.
     1/1: $0\pe_result_reg[1][4:0]
Creating decoders for process `$paramod$7cc4f66e3e1ce63c51e045ede443ab9bbb545642\pe_array.$proc$E:/Are_UBNN_KWS/self/scripts/../src/compute/pe_array.sv:106$460'.
     1/1: $0\pe_result_reg[0][4:0]
Creating decoders for process `$paramod$8db64f2a3fbc5f0e0cf12884906202176d54b9b8\accumulator.$proc$E:/Are_UBNN_KWS/self/scripts/../src/baseline/accumulator.sv:72$526'.
     1/2: $0\valid_out[0:0]
     2/2: $0\accum_out[8:0]
Creating decoders for process `$paramod$8db64f2a3fbc5f0e0cf12884906202176d54b9b8\accumulator.$proc$E:/Are_UBNN_KWS/self/scripts/../src/baseline/accumulator.sv:58$508'.
Creating decoders for process `$paramod$8321bd599312407f398c37fcdd0fbb22b411403b\popcount.$proc$E:/Are_UBNN_KWS/self/scripts/../src/compute/popcount.sv:59$297'.

13.2.8. Executing PROC_DLATCH pass (convert process syncs to latches).
No latch inferred for signal `$paramod$7cc4f66e3e1ce63c51e045ede443ab9bbb545642\pe_array.\pe_comb[15]' from process `$paramod$7cc4f66e3e1ce63c51e045ede443ab9bbb545642\pe_array.$proc$E:/Are_UBNN_KWS/self/scripts/../src/compute/pe_array.sv:79$507'.
No latch inferred for signal `$paramod$7cc4f66e3e1ce63c51e045ede443ab9bbb545642\pe_array.\pe_comb[14]' from process `$paramod$7cc4f66e3e1ce63c51e045ede443ab9bbb545642\pe_array.$proc$E:/Are_UBNN_KWS/self/scripts/../src/compute/pe_array.sv:79$506'.
No latch inferred for signal `$paramod$7cc4f66e3e1ce63c51e045ede443ab9bbb545642\pe_array.\pe_comb[13]' from process `$paramod$7cc4f66e3e1ce63c51e045ede443ab9bbb545642\pe_array.$proc$E:/Are_UBNN_KWS/self/scripts/../src/compute/pe_array.sv:79$505'.
No latch inferred for signal `$paramod$7cc4f66e3e1ce63c51e045ede443ab9bbb545642\pe_array.\pe_comb[12]' from process `$paramod$7cc4f66e3e1ce63c51e045ede443ab9bbb545642\pe_array.$proc$E:/Are_UBNN_KWS/self/scripts/../src/compute/pe_array.sv:79$504'.
No latch inferred for signal `$paramod$7cc4f66e3e1ce63c51e045ede443ab9bbb545642\pe_array.\pe_comb[11]' from process `$paramod$7cc4f66e3e1ce63c51e045ede443ab9bbb545642\pe_array.$proc$E:/Are_UBNN_KWS/self/scripts/../src/compute/pe_array.sv:79$503'.
No latch inferred for signal `$paramod$7cc4f66e3e1ce63c51e045ede443ab9bbb545642\pe_array.\pe_comb[10]' from process `$paramod$7cc4f66e3e1ce63c51e045ede443ab9bbb545642\pe_array.$proc$E:/Are_UBNN_KWS/self/scripts/../src/compute/pe_array.sv:79$502'.
No latch inferred for signal `$paramod$7cc4f66e3e1ce63c51e045ede443ab9bbb545642\pe_array.\pe_comb[9]' from process `$paramod$7cc4f66e3e1ce63c51e045ede443ab9bbb545642\pe_array.$proc$E:/Are_UBNN_KWS/self/scripts/../src/compute/pe_array.sv:79$501'.
No latch inferred for signal `$paramod$7cc4f66e3e1ce63c51e045ede443ab9bbb545642\pe_array.\pe_comb[8]' from process `$paramod$7cc4f66e3e1ce63c51e045ede443ab9bbb545642\pe_array.$proc$E:/Are_UBNN_KWS/self/scripts/../src/compute/pe_array.sv:79$500'.
No latch inferred for signal `$paramod$7cc4f66e3e1ce63c51e045ede443ab9bbb545642\pe_array.\pe_comb[7]' from process `$paramod$7cc4f66e3e1ce63c51e045ede443ab9bbb545642\pe_array.$proc$E:/Are_UBNN_KWS/self/scripts/../src/compute/pe_array.sv:79$499'.
No latch inferred for signal `$paramod$7cc4f66e3e1ce63c51e045ede443ab9bbb545642\pe_array.\pe_comb[6]' from process `$paramod$7cc4f66e3e1ce63c51e045ede443ab9bbb545642\pe_array.$proc$E:/Are_UBNN_KWS/self/scripts/../src/compute/pe_array.sv:79$498'.
No latch inferred for signal `$paramod$7cc4f66e3e1ce63c51e045ede443ab9bbb545642\pe_array.\pe_comb[5]' from process `$paramod$7cc4f66e3e1ce63c51e045ede443ab9bbb545642\pe_array.$proc$E:/Are_UBNN_KWS/self/scripts/../src/compute/pe_array.sv:79$497'.
No latch inferred for signal `$paramod$7cc4f66e3e1ce63c51e045ede443ab9bbb545642\pe_array.\pe_comb[4]' from process `$paramod$7cc4f66e3e1ce63c51e045ede443ab9bbb545642\pe_array.$proc$E:/Are_UBNN_KWS/self/scripts/../src/compute/pe_array.sv:79$496'.
No latch inferred for signal `$paramod$7cc4f66e3e1ce63c51e045ede443ab9bbb545642\pe_array.\pe_comb[3]' from process `$paramod$7cc4f66e3e1ce63c51e045ede443ab9bbb545642\pe_array.$proc$E:/Are_UBNN_KWS/self/scripts/../src/compute/pe_array.sv:79$495'.
No latch inferred for signal `$paramod$7cc4f66e3e1ce63c51e045ede443ab9bbb545642\pe_array.\pe_comb[2]' from process `$paramod$7cc4f66e3e1ce63c51e045ede443ab9bbb545642\pe_array.$proc$E:/Are_UBNN_KWS/self/scripts/../src/compute/pe_array.sv:79$494'.
No latch inferred for signal `$paramod$7cc4f66e3e1ce63c51e045ede443ab9bbb545642\pe_array.\pe_comb[1]' from process `$paramod$7cc4f66e3e1ce63c51e045ede443ab9bbb545642\pe_array.$proc$E:/Are_UBNN_KWS/self/scripts/../src/compute/pe_array.sv:79$493'.
No latch inferred for signal `$paramod$7cc4f66e3e1ce63c51e045ede443ab9bbb545642\pe_array.\pe_comb[0]' from process `$paramod$7cc4f66e3e1ce63c51e045ede443ab9bbb545642\pe_array.$proc$E:/Are_UBNN_KWS/self/scripts/../src/compute/pe_array.sv:79$492'.
No latch inferred for signal `$paramod$8db64f2a3fbc5f0e0cf12884906202176d54b9b8\accumulator.\sum_comb' from process `$paramod$8db64f2a3fbc5f0e0cf12884906202176d54b9b8\accumulator.$proc$E:/Are_UBNN_KWS/self/scripts/../src/baseline/accumulator.sv:58$508'.
No latch inferred for signal `$paramod$8321bd599312407f398c37fcdd0fbb22b411403b\popcount.\count' from process `$paramod$8321bd599312407f398c37fcdd0fbb22b411403b\popcount.$proc$E:/Are_UBNN_KWS/self/scripts/../src/compute/popcount.sv:59$297'.

13.2.9. Executing PROC_DFF pass (convert process syncs to FFs).
Creating register for signal `$paramod$7cc4f66e3e1ce63c51e045ede443ab9bbb545642\pe_array.\pe_result_reg[15]' using process `$paramod$7cc4f66e3e1ce63c51e045ede443ab9bbb545642\pe_array.$proc$E:/Are_UBNN_KWS/self/scripts/../src/compute/pe_array.sv:106$490'.
  created $dff cell `$procdff$622' with positive edge clock.
Creating register for signal `$paramod$7cc4f66e3e1ce63c51e045ede443ab9bbb545642\pe_array.\pe_result_reg[14]' using process `$paramod$7cc4f66e3e1ce63c51e045ede443ab9bbb545642\pe_array.$proc$E:/Are_UBNN_KWS/self/scripts/../src/compute/pe_array.sv:106$488'.
  created $dff cell `$procdff$623' with positive edge clock.
Creating register for signal `$paramod$7cc4f66e3e1ce63c51e045ede443ab9bbb545642\pe_array.\pe_result_reg[13]' using process `$paramod$7cc4f66e3e1ce63c51e045ede443ab9bbb545642\pe_array.$proc$E:/Are_UBNN_KWS/self/scripts/../src/compute/pe_array.sv:106$486'.
  created $dff cell `$procdff$624' with positive edge clock.
Creating register for signal `$paramod$7cc4f66e3e1ce63c51e045ede443ab9bbb545642\pe_array.\pe_result_reg[12]' using process `$paramod$7cc4f66e3e1ce63c51e045ede443ab9bbb545642\pe_array.$proc$E:/Are_UBNN_KWS/self/scripts/../src/compute/pe_array.sv:106$484'.
  created $dff cell `$procdff$625' with positive edge clock.
Creating register for signal `$paramod$7cc4f66e3e1ce63c51e045ede443ab9bbb545642\pe_array.\pe_result_reg[11]' using process `$paramod$7cc4f66e3e1ce63c51e045ede443ab9bbb545642\pe_array.$proc$E:/Are_UBNN_KWS/self/scripts/../src/compute/pe_array.sv:106$482'.
  created $dff cell `$procdff$626' with positive edge clock.
Creating register for signal `$paramod$7cc4f66e3e1ce63c51e045ede443ab9bbb545642\pe_array.\pe_result_reg[10]' using process `$paramod$7cc4f66e3e1ce63c51e045ede443ab9bbb545642\pe_array.$proc$E:/Are_UBNN_KWS/self/scripts/../src/compute/pe_array.sv:106$480'.
  created $dff cell `$procdff$627' with positive edge clock.
Creating register for signal `$paramod$7cc4f66e3e1ce63c51e045ede443ab9bbb545642\pe_array.\pe_result_reg[9]' using process `$paramod$7cc4f66e3e1ce63c51e045ede443ab9bbb545642\pe_array.$proc$E:/Are_UBNN_KWS/self/scripts/../src/compute/pe_array.sv:106$478'.
  created $dff cell `$procdff$628' with positive edge clock.
Creating register for signal `$paramod$7cc4f66e3e1ce63c51e045ede443ab9bbb545642\pe_array.\pe_result_reg[8]' using process `$paramod$7cc4f66e3e1ce63c51e045ede443ab9bbb545642\pe_array.$proc$E:/Are_UBNN_KWS/self/scripts/../src/compute/pe_array.sv:106$476'.
  created $dff cell `$procdff$629' with positive edge clock.
Creating register for signal `$paramod$7cc4f66e3e1ce63c51e045ede443ab9bbb545642\pe_array.\pe_result_reg[7]' using process `$paramod$7cc4f66e3e1ce63c51e045ede443ab9bbb545642\pe_array.$proc$E:/Are_UBNN_KWS/self/scripts/../src/compute/pe_array.sv:106$474'.
  created $dff cell `$procdff$630' with positive edge clock.
Creating register for signal `$paramod$7cc4f66e3e1ce63c51e045ede443ab9bbb545642\pe_array.\pe_result_reg[6]' using process `$paramod$7cc4f66e3e1ce63c51e045ede443ab9bbb545642\pe_array.$proc$E:/Are_UBNN_KWS/self/scripts/../src/compute/pe_array.sv:106$472'.
  created $dff cell `$procdff$631' with positive edge clock.
Creating register for signal `$paramod$7cc4f66e3e1ce63c51e045ede443ab9bbb545642\pe_array.\pe_result_reg[5]' using process `$paramod$7cc4f66e3e1ce63c51e045ede443ab9bbb545642\pe_array.$proc$E:/Are_UBNN_KWS/self/scripts/../src/compute/pe_array.sv:106$470'.
  created $dff cell `$procdff$632' with positive edge clock.
Creating register for signal `$paramod$7cc4f66e3e1ce63c51e045ede443ab9bbb545642\pe_array.\pe_result_reg[4]' using process `$paramod$7cc4f66e3e1ce63c51e045ede443ab9bbb545642\pe_array.$proc$E:/Are_UBNN_KWS/self/scripts/../src/compute/pe_array.sv:106$468'.
  created $dff cell `$procdff$633' with positive edge clock.
Creating register for signal `$paramod$7cc4f66e3e1ce63c51e045ede443ab9bbb545642\pe_array.\pe_result_reg[3]' using process `$paramod$7cc4f66e3e1ce63c51e045ede443ab9bbb545642\pe_array.$proc$E:/Are_UBNN_KWS/self/scripts/../src/compute/pe_array.sv:106$466'.
  created $dff cell `$procdff$634' with positive edge clock.
Creating register for signal `$paramod$7cc4f66e3e1ce63c51e045ede443ab9bbb545642\pe_array.\pe_result_reg[2]' using process `$paramod$7cc4f66e3e1ce63c51e045ede443ab9bbb545642\pe_array.$proc$E:/Are_UBNN_KWS/self/scripts/../src/compute/pe_array.sv:106$464'.
  created $dff cell `$procdff$635' with positive edge clock.
Creating register for signal `$paramod$7cc4f66e3e1ce63c51e045ede443ab9bbb545642\pe_array.\pe_result_reg[1]' using process `$paramod$7cc4f66e3e1ce63c51e045ede443ab9bbb545642\pe_array.$proc$E:/Are_UBNN_KWS/self/scripts/../src/compute/pe_array.sv:106$462'.
  created $dff cell `$procdff$636' with positive edge clock.
Creating register for signal `$paramod$7cc4f66e3e1ce63c51e045ede443ab9bbb545642\pe_array.\pe_result_reg[0]' using process `$paramod$7cc4f66e3e1ce63c51e045ede443ab9bbb545642\pe_array.$proc$E:/Are_UBNN_KWS/self/scripts/../src/compute/pe_array.sv:106$460'.
  created $dff cell `$procdff$637' with positive edge clock.
Creating register for signal `$paramod$8db64f2a3fbc5f0e0cf12884906202176d54b9b8\accumulator.\accum_out' using process `$paramod$8db64f2a3fbc5f0e0cf12884906202176d54b9b8\accumulator.$proc$E:/Are_UBNN_KWS/self/scripts/../src/baseline/accumulator.sv:72$526'.
  created $dff cell `$procdff$638' with positive edge clock.
Creating register for signal `$paramod$8db64f2a3fbc5f0e0cf12884906202176d54b9b8\accumulator.\valid_out' using process `$paramod$8db64f2a3fbc5f0e0cf12884906202176d54b9b8\accumulator.$proc$E:/Are_UBNN_KWS/self/scripts/../src/baseline/accumulator.sv:72$526'.
  created $dff cell `$procdff$639' with positive edge clock.

13.2.10. Executing PROC_MEMWR pass (convert process memory writes to cells).

13.2.11. Executing PROC_CLEAN pass (remove empty switches from decision trees).
Removing empty process `$paramod$7cc4f66e3e1ce63c51e045ede443ab9bbb545642\pe_array.$proc$E:/Are_UBNN_KWS/self/scripts/../src/compute/pe_array.sv:79$507'.
Removing empty process `$paramod$7cc4f66e3e1ce63c51e045ede443ab9bbb545642\pe_array.$proc$E:/Are_UBNN_KWS/self/scripts/../src/compute/pe_array.sv:79$506'.
Removing empty process `$paramod$7cc4f66e3e1ce63c51e045ede443ab9bbb545642\pe_array.$proc$E:/Are_UBNN_KWS/self/scripts/../src/compute/pe_array.sv:79$505'.
Removing empty process `$paramod$7cc4f66e3e1ce63c51e045ede443ab9bbb545642\pe_array.$proc$E:/Are_UBNN_KWS/self/scripts/../src/compute/pe_array.sv:79$504'.
Removing empty process `$paramod$7cc4f66e3e1ce63c51e045ede443ab9bbb545642\pe_array.$proc$E:/Are_UBNN_KWS/self/scripts/../src/compute/pe_array.sv:79$503'.
Removing empty process `$paramod$7cc4f66e3e1ce63c51e045ede443ab9bbb545642\pe_array.$proc$E:/Are_UBNN_KWS/self/scripts/../src/compute/pe_array.sv:79$502'.
Removing empty process `$paramod$7cc4f66e3e1ce63c51e045ede443ab9bbb545642\pe_array.$proc$E:/Are_UBNN_KWS/self/scripts/../src/compute/pe_array.sv:79$501'.
Removing empty process `$paramod$7cc4f66e3e1ce63c51e045ede443ab9bbb545642\pe_array.$proc$E:/Are_UBNN_KWS/self/scripts/../src/compute/pe_array.sv:79$500'.
Removing empty process `$paramod$7cc4f66e3e1ce63c51e045ede443ab9bbb545642\pe_array.$proc$E:/Are_UBNN_KWS/self/scripts/../src/compute/pe_array.sv:79$499'.
Removing empty process `$paramod$7cc4f66e3e1ce63c51e045ede443ab9bbb545642\pe_array.$proc$E:/Are_UBNN_KWS/self/scripts/../src/compute/pe_array.sv:79$498'.
Removing empty process `$paramod$7cc4f66e3e1ce63c51e045ede443ab9bbb545642\pe_array.$proc$E:/Are_UBNN_KWS/self/scripts/../src/compute/pe_array.sv:79$497'.
Removing empty process `$paramod$7cc4f66e3e1ce63c51e045ede443ab9bbb545642\pe_array.$proc$E:/Are_UBNN_KWS/self/scripts/../src/compute/pe_array.sv:79$496'.
Removing empty process `$paramod$7cc4f66e3e1ce63c51e045ede443ab9bbb545642\pe_array.$proc$E:/Are_UBNN_KWS/self/scripts/../src/compute/pe_array.sv:79$495'.
Removing empty process `$paramod$7cc4f66e3e1ce63c51e045ede443ab9bbb545642\pe_array.$proc$E:/Are_UBNN_KWS/self/scripts/../src/compute/pe_array.sv:79$494'.
Removing empty process `$paramod$7cc4f66e3e1ce63c51e045ede443ab9bbb545642\pe_array.$proc$E:/Are_UBNN_KWS/self/scripts/../src/compute/pe_array.sv:79$493'.
Removing empty process `$paramod$7cc4f66e3e1ce63c51e045ede443ab9bbb545642\pe_array.$proc$E:/Are_UBNN_KWS/self/scripts/../src/compute/pe_array.sv:79$492'.
Found and cleaned up 2 empty switches in `$paramod$7cc4f66e3e1ce63c51e045ede443ab9bbb545642\pe_array.$proc$E:/Are_UBNN_KWS/self/scripts/../src/compute/pe_array.sv:106$490'.
Removing empty process `$paramod$7cc4f66e3e1ce63c51e045ede443ab9bbb545642\pe_array.$proc$E:/Are_UBNN_KWS/self/scripts/../src/compute/pe_array.sv:106$490'.
Found and cleaned up 2 empty switches in `$paramod$7cc4f66e3e1ce63c51e045ede443ab9bbb545642\pe_array.$proc$E:/Are_UBNN_KWS/self/scripts/../src/compute/pe_array.sv:106$488'.
Removing empty process `$paramod$7cc4f66e3e1ce63c51e045ede443ab9bbb545642\pe_array.$proc$E:/Are_UBNN_KWS/self/scripts/../src/compute/pe_array.sv:106$488'.
Found and cleaned up 2 empty switches in `$paramod$7cc4f66e3e1ce63c51e045ede443ab9bbb545642\pe_array.$proc$E:/Are_UBNN_KWS/self/scripts/../src/compute/pe_array.sv:106$486'.
Removing empty process `$paramod$7cc4f66e3e1ce63c51e045ede443ab9bbb545642\pe_array.$proc$E:/Are_UBNN_KWS/self/scripts/../src/compute/pe_array.sv:106$486'.
Found and cleaned up 2 empty switches in `$paramod$7cc4f66e3e1ce63c51e045ede443ab9bbb545642\pe_array.$proc$E:/Are_UBNN_KWS/self/scripts/../src/compute/pe_array.sv:106$484'.
Removing empty process `$paramod$7cc4f66e3e1ce63c51e045ede443ab9bbb545642\pe_array.$proc$E:/Are_UBNN_KWS/self/scripts/../src/compute/pe_array.sv:106$484'.
Found and cleaned up 2 empty switches in `$paramod$7cc4f66e3e1ce63c51e045ede443ab9bbb545642\pe_array.$proc$E:/Are_UBNN_KWS/self/scripts/../src/compute/pe_array.sv:106$482'.
Removing empty process `$paramod$7cc4f66e3e1ce63c51e045ede443ab9bbb545642\pe_array.$proc$E:/Are_UBNN_KWS/self/scripts/../src/compute/pe_array.sv:106$482'.
Found and cleaned up 2 empty switches in `$paramod$7cc4f66e3e1ce63c51e045ede443ab9bbb545642\pe_array.$proc$E:/Are_UBNN_KWS/self/scripts/../src/compute/pe_array.sv:106$480'.
Removing empty process `$paramod$7cc4f66e3e1ce63c51e045ede443ab9bbb545642\pe_array.$proc$E:/Are_UBNN_KWS/self/scripts/../src/compute/pe_array.sv:106$480'.
Found and cleaned up 2 empty switches in `$paramod$7cc4f66e3e1ce63c51e045ede443ab9bbb545642\pe_array.$proc$E:/Are_UBNN_KWS/self/scripts/../src/compute/pe_array.sv:106$478'.
Removing empty process `$paramod$7cc4f66e3e1ce63c51e045ede443ab9bbb545642\pe_array.$proc$E:/Are_UBNN_KWS/self/scripts/../src/compute/pe_array.sv:106$478'.
Found and cleaned up 2 empty switches in `$paramod$7cc4f66e3e1ce63c51e045ede443ab9bbb545642\pe_array.$proc$E:/Are_UBNN_KWS/self/scripts/../src/compute/pe_array.sv:106$476'.
Removing empty process `$paramod$7cc4f66e3e1ce63c51e045ede443ab9bbb545642\pe_array.$proc$E:/Are_UBNN_KWS/self/scripts/../src/compute/pe_array.sv:106$476'.
Found and cleaned up 2 empty switches in `$paramod$7cc4f66e3e1ce63c51e045ede443ab9bbb545642\pe_array.$proc$E:/Are_UBNN_KWS/self/scripts/../src/compute/pe_array.sv:106$474'.
Removing empty process `$paramod$7cc4f66e3e1ce63c51e045ede443ab9bbb545642\pe_array.$proc$E:/Are_UBNN_KWS/self/scripts/../src/compute/pe_array.sv:106$474'.
Found and cleaned up 2 empty switches in `$paramod$7cc4f66e3e1ce63c51e045ede443ab9bbb545642\pe_array.$proc$E:/Are_UBNN_KWS/self/scripts/../src/compute/pe_array.sv:106$472'.
Removing empty process `$paramod$7cc4f66e3e1ce63c51e045ede443ab9bbb545642\pe_array.$proc$E:/Are_UBNN_KWS/self/scripts/../src/compute/pe_array.sv:106$472'.
Found and cleaned up 2 empty switches in `$paramod$7cc4f66e3e1ce63c51e045ede443ab9bbb545642\pe_array.$proc$E:/Are_UBNN_KWS/self/scripts/../src/compute/pe_array.sv:106$470'.
Removing empty process `$paramod$7cc4f66e3e1ce63c51e045ede443ab9bbb545642\pe_array.$proc$E:/Are_UBNN_KWS/self/scripts/../src/compute/pe_array.sv:106$470'.
Found and cleaned up 2 empty switches in `$paramod$7cc4f66e3e1ce63c51e045ede443ab9bbb545642\pe_array.$proc$E:/Are_UBNN_KWS/self/scripts/../src/compute/pe_array.sv:106$468'.
Removing empty process `$paramod$7cc4f66e3e1ce63c51e045ede443ab9bbb545642\pe_array.$proc$E:/Are_UBNN_KWS/self/scripts/../src/compute/pe_array.sv:106$468'.
Found and cleaned up 2 empty switches in `$paramod$7cc4f66e3e1ce63c51e045ede443ab9bbb545642\pe_array.$proc$E:/Are_UBNN_KWS/self/scripts/../src/compute/pe_array.sv:106$466'.
Removing empty process `$paramod$7cc4f66e3e1ce63c51e045ede443ab9bbb545642\pe_array.$proc$E:/Are_UBNN_KWS/self/scripts/../src/compute/pe_array.sv:106$466'.
Found and cleaned up 2 empty switches in `$paramod$7cc4f66e3e1ce63c51e045ede443ab9bbb545642\pe_array.$proc$E:/Are_UBNN_KWS/self/scripts/../src/compute/pe_array.sv:106$464'.
Removing empty process `$paramod$7cc4f66e3e1ce63c51e045ede443ab9bbb545642\pe_array.$proc$E:/Are_UBNN_KWS/self/scripts/../src/compute/pe_array.sv:106$464'.
Found and cleaned up 2 empty switches in `$paramod$7cc4f66e3e1ce63c51e045ede443ab9bbb545642\pe_array.$proc$E:/Are_UBNN_KWS/self/scripts/../src/compute/pe_array.sv:106$462'.
Removing empty process `$paramod$7cc4f66e3e1ce63c51e045ede443ab9bbb545642\pe_array.$proc$E:/Are_UBNN_KWS/self/scripts/../src/compute/pe_array.sv:106$462'.
Found and cleaned up 2 empty switches in `$paramod$7cc4f66e3e1ce63c51e045ede443ab9bbb545642\pe_array.$proc$E:/Are_UBNN_KWS/self/scripts/../src/compute/pe_array.sv:106$460'.
Removing empty process `$paramod$7cc4f66e3e1ce63c51e045ede443ab9bbb545642\pe_array.$proc$E:/Are_UBNN_KWS/self/scripts/../src/compute/pe_array.sv:106$460'.
Found and cleaned up 2 empty switches in `$paramod$8db64f2a3fbc5f0e0cf12884906202176d54b9b8\accumulator.$proc$E:/Are_UBNN_KWS/self/scripts/../src/baseline/accumulator.sv:72$526'.
Removing empty process `$paramod$8db64f2a3fbc5f0e0cf12884906202176d54b9b8\accumulator.$proc$E:/Are_UBNN_KWS/self/scripts/../src/baseline/accumulator.sv:72$526'.
Removing empty process `$paramod$8db64f2a3fbc5f0e0cf12884906202176d54b9b8\accumulator.$proc$E:/Are_UBNN_KWS/self/scripts/../src/baseline/accumulator.sv:58$508'.
Removing empty process `$paramod$8321bd599312407f398c37fcdd0fbb22b411403b\popcount.$proc$E:/Are_UBNN_KWS/self/scripts/../src/compute/popcount.sv:59$297'.
Cleaned up 34 empty switches.

13.2.12. Executing OPT_EXPR pass (perform const folding).
Optimizing module are_ubnn_kws_top.
Optimizing module $paramod$7cc4f66e3e1ce63c51e045ede443ab9bbb545642\pe_array.
<suppressed ~16 debug messages>
Optimizing module $paramod$8db64f2a3fbc5f0e0cf12884906202176d54b9b8\accumulator.
<suppressed ~2 debug messages>
Optimizing module $paramod$b5af746cb3efc62f621f3c71a45a9741b23c0d5c\unipolar_pe.
Optimizing module $paramod\threshold_unit\ACCUM_W=s32'00000000000000000000000000001001.
Optimizing module $paramod$8321bd599312407f398c37fcdd0fbb22b411403b\popcount.

13.3. Executing CHECK pass (checking for obvious problems).
Checking module are_ubnn_kws_top...
Checking module $paramod$7cc4f66e3e1ce63c51e045ede443ab9bbb545642\pe_array...
Checking module $paramod$8db64f2a3fbc5f0e0cf12884906202176d54b9b8\accumulator...
Checking module $paramod$b5af746cb3efc62f621f3c71a45a9741b23c0d5c\unipolar_pe...
Checking module $paramod\threshold_unit\ACCUM_W=s32'00000000000000000000000000001001...
Checking module $paramod$8321bd599312407f398c37fcdd0fbb22b411403b\popcount...
Found and reported 0 problems.

13.4. Executing FLATTEN pass (flatten design).
Deleting now unused module $paramod$7cc4f66e3e1ce63c51e045ede443ab9bbb545642\pe_array.
Deleting now unused module $paramod$8db64f2a3fbc5f0e0cf12884906202176d54b9b8\accumulator.
Deleting now unused module $paramod$b5af746cb3efc62f621f3c71a45a9741b23c0d5c\unipolar_pe.
Deleting now unused module $paramod\threshold_unit\ACCUM_W=s32'00000000000000000000000000001001.
Deleting now unused module $paramod$8321bd599312407f398c37fcdd0fbb22b411403b\popcount.
<suppressed ~20 debug messages>

13.5. Executing OPT_EXPR pass (perform const folding).
Optimizing module are_ubnn_kws_top.
<suppressed ~33 debug messages>

13.6. Executing OPT_CLEAN pass (remove unused cells and wires).
Finding unused cells or wires in module \are_ubnn_kws_top..
Removed 17 unused cells and 253 unused wires.
<suppressed ~35 debug messages>

13.7. Executing CHECK pass (checking for obvious problems).
Checking module are_ubnn_kws_top...
Found and reported 0 problems.

13.8. Executing OPT pass (performing simple optimizations).

13.8.1. Executing OPT_EXPR pass (perform const folding).
Optimizing module are_ubnn_kws_top.

13.8.2. Executing OPT_MERGE pass (detect identical cells).
Finding identical cells in module `\are_ubnn_kws_top'.
Computing hashes of 346 cells of `\are_ubnn_kws_top'.
Finding duplicate cells in `\are_ubnn_kws_top'.
Removed a total of 0 cells.

13.8.3. Executing OPT_MUXTREE pass (detect dead branches in mux trees).
Running muxtree optimizer on module \are_ubnn_kws_top..
  Creating internal representation of mux trees.
  Evaluating internal representation of mux trees.
  Analyzing evaluation results.
Removed 0 multiplexer ports.
<suppressed ~38 debug messages>

13.8.4. Executing OPT_REDUCE pass (consolidate $*mux and $reduce_* inputs).
  Optimizing cells in module \are_ubnn_kws_top.
Performed a total of 0 changes.

13.8.5. Executing OPT_MERGE pass (detect identical cells).
Finding identical cells in module `\are_ubnn_kws_top'.
Computing hashes of 346 cells of `\are_ubnn_kws_top'.
Finding duplicate cells in `\are_ubnn_kws_top'.
Removed a total of 0 cells.

13.8.6. Executing OPT_DFF pass (perform DFF optimizations).

13.8.7. Executing OPT_CLEAN pass (remove unused cells and wires).
Finding unused cells or wires in module \are_ubnn_kws_top..

13.8.8. Executing OPT_EXPR pass (perform const folding).
Optimizing module are_ubnn_kws_top.

13.8.9. Finished fast OPT passes. (There is nothing left to do.)

13.9. Executing FSM pass (extract and optimize FSM).

13.9.1. Executing FSM_DETECT pass (finding FSMs in design).

13.9.2. Executing FSM_EXTRACT pass (extracting FSM from design).

13.9.3. Executing FSM_OPT pass (simple optimizations of FSMs).

13.9.4. Executing OPT_CLEAN pass (remove unused cells and wires).
Finding unused cells or wires in module \are_ubnn_kws_top..

13.9.5. Executing FSM_OPT pass (simple optimizations of FSMs).

13.9.6. Executing FSM_RECODE pass (re-assigning FSM state encoding).

13.9.7. Executing FSM_INFO pass (dumping all available information on FSM cells).

13.9.8. Executing FSM_MAP pass (mapping FSMs to basic logic).

13.10. Executing OPT pass (performing simple optimizations).

13.10.1. Executing OPT_EXPR pass (perform const folding).
Optimizing module are_ubnn_kws_top.

13.10.2. Executing OPT_MERGE pass (detect identical cells).
Finding identical cells in module `\are_ubnn_kws_top'.
Computing hashes of 346 cells of `\are_ubnn_kws_top'.
Finding duplicate cells in `\are_ubnn_kws_top'.
Removed a total of 0 cells.

13.10.3. Executing OPT_MUXTREE pass (detect dead branches in mux trees).
Running muxtree optimizer on module \are_ubnn_kws_top..
  Creating internal representation of mux trees.
  Evaluating internal representation of mux trees.
  Analyzing evaluation results.
Removed 0 multiplexer ports.
<suppressed ~38 debug messages>

13.10.4. Executing OPT_REDUCE pass (consolidate $*mux and $reduce_* inputs).
  Optimizing cells in module \are_ubnn_kws_top.
Performed a total of 0 changes.

13.10.5. Executing OPT_MERGE pass (detect identical cells).
Finding identical cells in module `\are_ubnn_kws_top'.
Computing hashes of 346 cells of `\are_ubnn_kws_top'.
Finding duplicate cells in `\are_ubnn_kws_top'.
Removed a total of 0 cells.

13.10.6. Executing OPT_DFF pass (perform DFF optimizations).
Adding SRST signal on $flatten\u_accum.$procdff$639 ($dff) from module are_ubnn_kws_top (D = $flatten\u_accum.$procmux$611_Y, Q = \u_accum.valid_out, rval = 1'0).
Adding SRST signal on $flatten\u_accum.$procdff$638 ($dff) from module are_ubnn_kws_top (D = $flatten\u_accum.$procmux$617_Y, Q = \u_accum.accum_out, rval = 9'000000000).
Adding EN signal on $auto$ff.cc:337:slice$661 ($sdff) from module are_ubnn_kws_top (D = \u_accum.sum_comb, Q = \u_accum.accum_out).
Adding SRST signal on $flatten\u_pe_array.$procdff$637 ($dff) from module are_ubnn_kws_top (D = \u_pe_array.gen_pe[0].u_pe.result, Q = \u_pe_array.pe_result_reg[0], rval = 5'00000).
Adding SRST signal on $flatten\u_pe_array.$procdff$636 ($dff) from module are_ubnn_kws_top (D = \u_pe_array.gen_pe[1].u_pe.result, Q = \u_pe_array.pe_result_reg[1], rval = 5'00000).
Adding SRST signal on $flatten\u_pe_array.$procdff$635 ($dff) from module are_ubnn_kws_top (D = \u_pe_array.gen_pe[2].u_pe.result, Q = \u_pe_array.pe_result_reg[2], rval = 5'00000).
Adding SRST signal on $flatten\u_pe_array.$procdff$634 ($dff) from module are_ubnn_kws_top (D = \u_pe_array.gen_pe[3].u_pe.result, Q = \u_pe_array.pe_result_reg[3], rval = 5'00000).
Adding SRST signal on $flatten\u_pe_array.$procdff$633 ($dff) from module are_ubnn_kws_top (D = \u_pe_array.gen_pe[4].u_pe.result, Q = \u_pe_array.pe_result_reg[4], rval = 5'00000).
Adding SRST signal on $flatten\u_pe_array.$procdff$632 ($dff) from module are_ubnn_kws_top (D = \u_pe_array.gen_pe[5].u_pe.result, Q = \u_pe_array.pe_result_reg[5], rval = 5'00000).
Adding SRST signal on $flatten\u_pe_array.$procdff$631 ($dff) from module are_ubnn_kws_top (D = \u_pe_array.gen_pe[6].u_pe.result, Q = \u_pe_array.pe_result_reg[6], rval = 5'00000).
Adding SRST signal on $flatten\u_pe_array.$procdff$630 ($dff) from module are_ubnn_kws_top (D = \u_pe_array.gen_pe[7].u_pe.result, Q = \u_pe_array.pe_result_reg[7], rval = 5'00000).
Adding SRST signal on $flatten\u_pe_array.$procdff$629 ($dff) from module are_ubnn_kws_top (D = \u_pe_array.gen_pe[8].u_pe.result, Q = \u_pe_array.pe_result_reg[8], rval = 5'00000).
Adding SRST signal on $flatten\u_pe_array.$procdff$628 ($dff) from module are_ubnn_kws_top (D = \u_pe_array.gen_pe[9].u_pe.result, Q = \u_pe_array.pe_result_reg[9], rval = 5'00000).
Adding SRST signal on $flatten\u_pe_array.$procdff$627 ($dff) from module are_ubnn_kws_top (D = \u_pe_array.gen_pe[10].u_pe.result, Q = \u_pe_array.pe_result_reg[10], rval = 5'00000).
Adding SRST signal on $flatten\u_pe_array.$procdff$626 ($dff) from module are_ubnn_kws_top (D = \u_pe_array.gen_pe[11].u_pe.result, Q = \u_pe_array.pe_result_reg[11], rval = 5'00000).
Adding SRST signal on $flatten\u_pe_array.$procdff$625 ($dff) from module are_ubnn_kws_top (D = \u_pe_array.gen_pe[12].u_pe.result, Q = \u_pe_array.pe_result_reg[12], rval = 5'00000).
Adding SRST signal on $flatten\u_pe_array.$procdff$624 ($dff) from module are_ubnn_kws_top (D = \u_pe_array.gen_pe[13].u_pe.result, Q = \u_pe_array.pe_result_reg[13], rval = 5'00000).
Adding SRST signal on $flatten\u_pe_array.$procdff$623 ($dff) from module are_ubnn_kws_top (D = \u_pe_array.gen_pe[14].u_pe.result, Q = \u_pe_array.pe_result_reg[14], rval = 5'00000).
Adding SRST signal on $flatten\u_pe_array.$procdff$622 ($dff) from module are_ubnn_kws_top (D = \u_pe_array.gen_pe[15].u_pe.result, Q = \u_pe_array.pe_result_reg[15], rval = 5'00000).

13.10.7. Executing OPT_CLEAN pass (remove unused cells and wires).
Finding unused cells or wires in module \are_ubnn_kws_top..
Removed 19 unused cells and 19 unused wires.
<suppressed ~20 debug messages>

13.10.8. Executing OPT_EXPR pass (perform const folding).
Optimizing module are_ubnn_kws_top.

13.10.9. Rerunning OPT passes. (Maybe there is more to do..)

13.10.10. Executing OPT_MUXTREE pass (detect dead branches in mux trees).
Running muxtree optimizer on module \are_ubnn_kws_top..
  Creating internal representation of mux trees.
  Evaluating internal representation of mux trees.
  Analyzing evaluation results.
Removed 0 multiplexer ports.
<suppressed ~2 debug messages>

13.10.11. Executing OPT_REDUCE pass (consolidate $*mux and $reduce_* inputs).
  Optimizing cells in module \are_ubnn_kws_top.
Performed a total of 0 changes.

13.10.12. Executing OPT_MERGE pass (detect identical cells).
Finding identical cells in module `\are_ubnn_kws_top'.
Computing hashes of 327 cells of `\are_ubnn_kws_top'.
Finding duplicate cells in `\are_ubnn_kws_top'.
Removed a total of 0 cells.

13.10.13. Executing OPT_DFF pass (perform DFF optimizations).

13.10.14. Executing OPT_CLEAN pass (remove unused cells and wires).
Finding unused cells or wires in module \are_ubnn_kws_top..

13.10.15. Executing OPT_EXPR pass (perform const folding).
Optimizing module are_ubnn_kws_top.

13.10.16. Finished fast OPT passes. (There is nothing left to do.)

13.11. Executing WREDUCE pass (reducing word size of cells).
Removed top 4 bits (of 9) from port B of cell are_ubnn_kws_top.$flatten\u_accum.$add$E:/Are_UBNN_KWS/self/scripts/../src/baseline/accumulator.sv:62$525 ($add).
Removed top 4 bits (of 9) from port B of cell are_ubnn_kws_top.$flatten\u_accum.$add$E:/Are_UBNN_KWS/self/scripts/../src/baseline/accumulator.sv:62$524 ($add).
Removed top 4 bits (of 9) from port B of cell are_ubnn_kws_top.$flatten\u_accum.$add$E:/Are_UBNN_KWS/self/scripts/../src/baseline/accumulator.sv:62$523 ($add).
Removed top 4 bits (of 9) from port B of cell are_ubnn_kws_top.$flatten\u_accum.$add$E:/Are_UBNN_KWS/self/scripts/../src/baseline/accumulator.sv:62$522 ($add).
Removed top 4 bits (of 9) from port B of cell are_ubnn_kws_top.$flatten\u_accum.$add$E:/Are_UBNN_KWS/self/scripts/../src/baseline/accumulator.sv:62$521 ($add).
Removed top 4 bits (of 9) from port B of cell are_ubnn_kws_top.$flatten\u_accum.$add$E:/Are_UBNN_KWS/self/scripts/../src/baseline/accumulator.sv:62$520 ($add).
Removed top 4 bits (of 9) from port B of cell are_ubnn_kws_top.$flatten\u_accum.$add$E:/Are_UBNN_KWS/self/scripts/../src/baseline/accumulator.sv:62$519 ($add).
Removed top 4 bits (of 9) from port B of cell are_ubnn_kws_top.$flatten\u_accum.$add$E:/Are_UBNN_KWS/self/scripts/../src/baseline/accumulator.sv:62$518 ($add).
Removed top 4 bits (of 9) from port B of cell are_ubnn_kws_top.$flatten\u_accum.$add$E:/Are_UBNN_KWS/self/scripts/../src/baseline/accumulator.sv:62$517 ($add).
Removed top 4 bits (of 9) from port B of cell are_ubnn_kws_top.$flatten\u_accum.$add$E:/Are_UBNN_KWS/self/scripts/../src/baseline/accumulator.sv:62$516 ($add).
Removed top 4 bits (of 9) from port B of cell are_ubnn_kws_top.$flatten\u_accum.$add$E:/Are_UBNN_KWS/self/scripts/../src/baseline/accumulator.sv:62$515 ($add).
Removed top 4 bits (of 9) from port B of cell are_ubnn_kws_top.$flatten\u_accum.$add$E:/Are_UBNN_KWS/self/scripts/../src/baseline/accumulator.sv:62$514 ($add).
Removed top 4 bits (of 9) from port B of cell are_ubnn_kws_top.$flatten\u_accum.$add$E:/Are_UBNN_KWS/self/scripts/../src/baseline/accumulator.sv:62$513 ($add).
Removed top 4 bits (of 9) from port B of cell are_ubnn_kws_top.$flatten\u_accum.$add$E:/Are_UBNN_KWS/self/scripts/../src/baseline/accumulator.sv:62$512 ($add).
Removed top 4 bits (of 9) from port A of cell are_ubnn_kws_top.$flatten\u_accum.$add$E:/Are_UBNN_KWS/self/scripts/../src/baseline/accumulator.sv:62$511 ($add).
Removed top 4 bits (of 9) from port B of cell are_ubnn_kws_top.$flatten\u_accum.$add$E:/Are_UBNN_KWS/self/scripts/../src/baseline/accumulator.sv:62$511 ($add).
Removed top 3 bits (of 9) from port Y of cell are_ubnn_kws_top.$flatten\u_accum.$add$E:/Are_UBNN_KWS/self/scripts/../src/baseline/accumulator.sv:62$511 ($add).
Removed top 4 bits (of 5) from port B of cell are_ubnn_kws_top.$flatten\u_pe_array.\gen_pe[15].u_pe.\u_popcount.$add$E:/Are_UBNN_KWS/self/scripts/../src/compute/popcount.sv:62$314 ($add).
Removed top 4 bits (of 5) from port B of cell are_ubnn_kws_top.$flatten\u_pe_array.\gen_pe[15].u_pe.\u_popcount.$add$E:/Are_UBNN_KWS/self/scripts/../src/compute/popcount.sv:62$313 ($add).
Removed top 4 bits (of 5) from port B of cell are_ubnn_kws_top.$flatten\u_pe_array.\gen_pe[15].u_pe.\u_popcount.$add$E:/Are_UBNN_KWS/self/scripts/../src/compute/popcount.sv:62$312 ($add).
Removed top 4 bits (of 5) from port B of cell are_ubnn_kws_top.$flatten\u_pe_array.\gen_pe[15].u_pe.\u_popcount.$add$E:/Are_UBNN_KWS/self/scripts/../src/compute/popcount.sv:62$311 ($add).
Removed top 4 bits (of 5) from port B of cell are_ubnn_kws_top.$flatten\u_pe_array.\gen_pe[15].u_pe.\u_popcount.$add$E:/Are_UBNN_KWS/self/scripts/../src/compute/popcount.sv:62$310 ($add).
Removed top 4 bits (of 5) from port B of cell are_ubnn_kws_top.$flatten\u_pe_array.\gen_pe[15].u_pe.\u_popcount.$add$E:/Are_UBNN_KWS/self/scripts/../src/compute/popcount.sv:62$309 ($add).
Removed top 4 bits (of 5) from port B of cell are_ubnn_kws_top.$flatten\u_pe_array.\gen_pe[15].u_pe.\u_popcount.$add$E:/Are_UBNN_KWS/self/scripts/../src/compute/popcount.sv:62$308 ($add).
Removed top 4 bits (of 5) from port B of cell are_ubnn_kws_top.$flatten\u_pe_array.\gen_pe[15].u_pe.\u_popcount.$add$E:/Are_UBNN_KWS/self/scripts/../src/compute/popcount.sv:62$307 ($add).
Removed top 4 bits (of 5) from port B of cell are_ubnn_kws_top.$flatten\u_pe_array.\gen_pe[15].u_pe.\u_popcount.$add$E:/Are_UBNN_KWS/self/scripts/../src/compute/popcount.sv:62$306 ($add).
Removed top 4 bits (of 5) from port B of cell are_ubnn_kws_top.$flatten\u_pe_array.\gen_pe[15].u_pe.\u_popcount.$add$E:/Are_UBNN_KWS/self/scripts/../src/compute/popcount.sv:62$305 ($add).
Removed top 4 bits (of 5) from port B of cell are_ubnn_kws_top.$flatten\u_pe_array.\gen_pe[15].u_pe.\u_popcount.$add$E:/Are_UBNN_KWS/self/scripts/../src/compute/popcount.sv:62$304 ($add).
Removed top 4 bits (of 5) from port B of cell are_ubnn_kws_top.$flatten\u_pe_array.\gen_pe[15].u_pe.\u_popcount.$add$E:/Are_UBNN_KWS/self/scripts/../src/compute/popcount.sv:62$303 ($add).
Removed top 4 bits (of 5) from port B of cell are_ubnn_kws_top.$flatten\u_pe_array.\gen_pe[15].u_pe.\u_popcount.$add$E:/Are_UBNN_KWS/self/scripts/../src/compute/popcount.sv:62$302 ($add).
Removed top 4 bits (of 5) from port B of cell are_ubnn_kws_top.$flatten\u_pe_array.\gen_pe[15].u_pe.\u_popcount.$add$E:/Are_UBNN_KWS/self/scripts/../src/compute/popcount.sv:62$301 ($add).
Removed top 4 bits (of 5) from port A of cell are_ubnn_kws_top.$flatten\u_pe_array.\gen_pe[15].u_pe.\u_popcount.$add$E:/Are_UBNN_KWS/self/scripts/../src/compute/popcount.sv:62$300 ($add).
Removed top 4 bits (of 5) from port B of cell are_ubnn_kws_top.$flatten\u_pe_array.\gen_pe[15].u_pe.\u_popcount.$add$E:/Are_UBNN_KWS/self/scripts/../src/compute/popcount.sv:62$300 ($add).
Removed top 3 bits (of 5) from port Y of cell are_ubnn_kws_top.$flatten\u_pe_array.\gen_pe[15].u_pe.\u_popcount.$add$E:/Are_UBNN_KWS/self/scripts/../src/compute/popcount.sv:62$300 ($add).
Removed top 4 bits (of 5) from port B of cell are_ubnn_kws_top.$flatten\u_pe_array.\gen_pe[14].u_pe.\u_popcount.$add$E:/Are_UBNN_KWS/self/scripts/../src/compute/popcount.sv:62$314 ($add).
Removed top 4 bits (of 5) from port B of cell are_ubnn_kws_top.$flatten\u_pe_array.\gen_pe[14].u_pe.\u_popcount.$add$E:/Are_UBNN_KWS/self/scripts/../src/compute/popcount.sv:62$313 ($add).
Removed top 4 bits (of 5) from port B of cell are_ubnn_kws_top.$flatten\u_pe_array.\gen_pe[14].u_pe.\u_popcount.$add$E:/Are_UBNN_KWS/self/scripts/../src/compute/popcount.sv:62$312 ($add).
Removed top 4 bits (of 5) from port B of cell are_ubnn_kws_top.$flatten\u_pe_array.\gen_pe[14].u_pe.\u_popcount.$add$E:/Are_UBNN_KWS/self/scripts/../src/compute/popcount.sv:62$311 ($add).
Removed top 4 bits (of 5) from port B of cell are_ubnn_kws_top.$flatten\u_pe_array.\gen_pe[14].u_pe.\u_popcount.$add$E:/Are_UBNN_KWS/self/scripts/../src/compute/popcount.sv:62$310 ($add).
Removed top 4 bits (of 5) from port B of cell are_ubnn_kws_top.$flatten\u_pe_array.\gen_pe[14].u_pe.\u_popcount.$add$E:/Are_UBNN_KWS/self/scripts/../src/compute/popcount.sv:62$309 ($add).
Removed top 4 bits (of 5) from port B of cell are_ubnn_kws_top.$flatten\u_pe_array.\gen_pe[14].u_pe.\u_popcount.$add$E:/Are_UBNN_KWS/self/scripts/../src/compute/popcount.sv:62$308 ($add).
Removed top 4 bits (of 5) from port B of cell are_ubnn_kws_top.$flatten\u_pe_array.\gen_pe[14].u_pe.\u_popcount.$add$E:/Are_UBNN_KWS/self/scripts/../src/compute/popcount.sv:62$307 ($add).
Removed top 4 bits (of 5) from port B of cell are_ubnn_kws_top.$flatten\u_pe_array.\gen_pe[14].u_pe.\u_popcount.$add$E:/Are_UBNN_KWS/self/scripts/../src/compute/popcount.sv:62$306 ($add).
Removed top 4 bits (of 5) from port B of cell are_ubnn_kws_top.$flatten\u_pe_array.\gen_pe[14].u_pe.\u_popcount.$add$E:/Are_UBNN_KWS/self/scripts/../src/compute/popcount.sv:62$305 ($add).
Removed top 4 bits (of 5) from port B of cell are_ubnn_kws_top.$flatten\u_pe_array.\gen_pe[14].u_pe.\u_popcount.$add$E:/Are_UBNN_KWS/self/scripts/../src/compute/popcount.sv:62$304 ($add).
Removed top 4 bits (of 5) from port B of cell are_ubnn_kws_top.$flatten\u_pe_array.\gen_pe[14].u_pe.\u_popcount.$add$E:/Are_UBNN_KWS/self/scripts/../src/compute/popcount.sv:62$303 ($add).
Removed top 4 bits (of 5) from port B of cell are_ubnn_kws_top.$flatten\u_pe_array.\gen_pe[14].u_pe.\u_popcount.$add$E:/Are_UBNN_KWS/self/scripts/../src/compute/popcount.sv:62$302 ($add).
Removed top 4 bits (of 5) from port B of cell are_ubnn_kws_top.$flatten\u_pe_array.\gen_pe[14].u_pe.\u_popcount.$add$E:/Are_UBNN_KWS/self/scripts/../src/compute/popcount.sv:62$301 ($add).
Removed top 4 bits (of 5) from port A of cell are_ubnn_kws_top.$flatten\u_pe_array.\gen_pe[14].u_pe.\u_popcount.$add$E:/Are_UBNN_KWS/self/scripts/../src/compute/popcount.sv:62$300 ($add).
Removed top 4 bits (of 5) from port B of cell are_ubnn_kws_top.$flatten\u_pe_array.\gen_pe[14].u_pe.\u_popcount.$add$E:/Are_UBNN_KWS/self/scripts/../src/compute/popcount.sv:62$300 ($add).
Removed top 3 bits (of 5) from port Y of cell are_ubnn_kws_top.$flatten\u_pe_array.\gen_pe[14].u_pe.\u_popcount.$add$E:/Are_UBNN_KWS/self/scripts/../src/compute/popcount.sv:62$300 ($add).
Removed top 4 bits (of 5) from port B of cell are_ubnn_kws_top.$flatten\u_pe_array.\gen_pe[13].u_pe.\u_popcount.$add$E:/Are_UBNN_KWS/self/scripts/../src/compute/popcount.sv:62$314 ($add).
Removed top 4 bits (of 5) from port B of cell are_ubnn_kws_top.$flatten\u_pe_array.\gen_pe[13].u_pe.\u_popcount.$add$E:/Are_UBNN_KWS/self/scripts/../src/compute/popcount.sv:62$313 ($add).
Removed top 4 bits (of 5) from port B of cell are_ubnn_kws_top.$flatten\u_pe_array.\gen_pe[13].u_pe.\u_popcount.$add$E:/Are_UBNN_KWS/self/scripts/../src/compute/popcount.sv:62$312 ($add).
Removed top 4 bits (of 5) from port B of cell are_ubnn_kws_top.$flatten\u_pe_array.\gen_pe[13].u_pe.\u_popcount.$add$E:/Are_UBNN_KWS/self/scripts/../src/compute/popcount.sv:62$311 ($add).
Removed top 4 bits (of 5) from port B of cell are_ubnn_kws_top.$flatten\u_pe_array.\gen_pe[13].u_pe.\u_popcount.$add$E:/Are_UBNN_KWS/self/scripts/../src/compute/popcount.sv:62$310 ($add).
Removed top 4 bits (of 5) from port B of cell are_ubnn_kws_top.$flatten\u_pe_array.\gen_pe[13].u_pe.\u_popcount.$add$E:/Are_UBNN_KWS/self/scripts/../src/compute/popcount.sv:62$309 ($add).
Removed top 4 bits (of 5) from port B of cell are_ubnn_kws_top.$flatten\u_pe_array.\gen_pe[13].u_pe.\u_popcount.$add$E:/Are_UBNN_KWS/self/scripts/../src/compute/popcount.sv:62$308 ($add).
Removed top 4 bits (of 5) from port B of cell are_ubnn_kws_top.$flatten\u_pe_array.\gen_pe[13].u_pe.\u_popcount.$add$E:/Are_UBNN_KWS/self/scripts/../src/compute/popcount.sv:62$307 ($add).
Removed top 4 bits (of 5) from port B of cell are_ubnn_kws_top.$flatten\u_pe_array.\gen_pe[13].u_pe.\u_popcount.$add$E:/Are_UBNN_KWS/self/scripts/../src/compute/popcount.sv:62$306 ($add).
Removed top 4 bits (of 5) from port B of cell are_ubnn_kws_top.$flatten\u_pe_array.\gen_pe[13].u_pe.\u_popcount.$add$E:/Are_UBNN_KWS/self/scripts/../src/compute/popcount.sv:62$305 ($add).
Removed top 4 bits (of 5) from port B of cell are_ubnn_kws_top.$flatten\u_pe_array.\gen_pe[13].u_pe.\u_popcount.$add$E:/Are_UBNN_KWS/self/scripts/../src/compute/popcount.sv:62$304 ($add).
Removed top 4 bits (of 5) from port B of cell are_ubnn_kws_top.$flatten\u_pe_array.\gen_pe[13].u_pe.\u_popcount.$add$E:/Are_UBNN_KWS/self/scripts/../src/compute/popcount.sv:62$303 ($add).
Removed top 4 bits (of 5) from port B of cell are_ubnn_kws_top.$flatten\u_pe_array.\gen_pe[13].u_pe.\u_popcount.$add$E:/Are_UBNN_KWS/self/scripts/../src/compute/popcount.sv:62$302 ($add).
Removed top 4 bits (of 5) from port B of cell are_ubnn_kws_top.$flatten\u_pe_array.\gen_pe[13].u_pe.\u_popcount.$add$E:/Are_UBNN_KWS/self/scripts/../src/compute/popcount.sv:62$301 ($add).
Removed top 4 bits (of 5) from port A of cell are_ubnn_kws_top.$flatten\u_pe_array.\gen_pe[13].u_pe.\u_popcount.$add$E:/Are_UBNN_KWS/self/scripts/../src/compute/popcount.sv:62$300 ($add).
Removed top 4 bits (of 5) from port B of cell are_ubnn_kws_top.$flatten\u_pe_array.\gen_pe[13].u_pe.\u_popcount.$add$E:/Are_UBNN_KWS/self/scripts/../src/compute/popcount.sv:62$300 ($add).
Removed top 3 bits (of 5) from port Y of cell are_ubnn_kws_top.$flatten\u_pe_array.\gen_pe[13].u_pe.\u_popcount.$add$E:/Are_UBNN_KWS/self/scripts/../src/compute/popcount.sv:62$300 ($add).
Removed top 4 bits (of 5) from port B of cell are_ubnn_kws_top.$flatten\u_pe_array.\gen_pe[12].u_pe.\u_popcount.$add$E:/Are_UBNN_KWS/self/scripts/../src/compute/popcount.sv:62$314 ($add).
Removed top 4 bits (of 5) from port B of cell are_ubnn_kws_top.$flatten\u_pe_array.\gen_pe[12].u_pe.\u_popcount.$add$E:/Are_UBNN_KWS/self/scripts/../src/compute/popcount.sv:62$313 ($add).
Removed top 4 bits (of 5) from port B of cell are_ubnn_kws_top.$flatten\u_pe_array.\gen_pe[12].u_pe.\u_popcount.$add$E:/Are_UBNN_KWS/self/scripts/../src/compute/popcount.sv:62$312 ($add).
Removed top 4 bits (of 5) from port B of cell are_ubnn_kws_top.$flatten\u_pe_array.\gen_pe[12].u_pe.\u_popcount.$add$E:/Are_UBNN_KWS/self/scripts/../src/compute/popcount.sv:62$311 ($add).
Removed top 4 bits (of 5) from port B of cell are_ubnn_kws_top.$flatten\u_pe_array.\gen_pe[12].u_pe.\u_popcount.$add$E:/Are_UBNN_KWS/self/scripts/../src/compute/popcount.sv:62$310 ($add).
Removed top 4 bits (of 5) from port B of cell are_ubnn_kws_top.$flatten\u_pe_array.\gen_pe[12].u_pe.\u_popcount.$add$E:/Are_UBNN_KWS/self/scripts/../src/compute/popcount.sv:62$309 ($add).
Removed top 4 bits (of 5) from port B of cell are_ubnn_kws_top.$flatten\u_pe_array.\gen_pe[12].u_pe.\u_popcount.$add$E:/Are_UBNN_KWS/self/scripts/../src/compute/popcount.sv:62$308 ($add).
Removed top 4 bits (of 5) from port B of cell are_ubnn_kws_top.$flatten\u_pe_array.\gen_pe[12].u_pe.\u_popcount.$add$E:/Are_UBNN_KWS/self/scripts/../src/compute/popcount.sv:62$307 ($add).
Removed top 4 bits (of 5) from port B of cell are_ubnn_kws_top.$flatten\u_pe_array.\gen_pe[12].u_pe.\u_popcount.$add$E:/Are_UBNN_KWS/self/scripts/../src/compute/popcount.sv:62$306 ($add).
Removed top 4 bits (of 5) from port B of cell are_ubnn_kws_top.$flatten\u_pe_array.\gen_pe[12].u_pe.\u_popcount.$add$E:/Are_UBNN_KWS/self/scripts/../src/compute/popcount.sv:62$305 ($add).
Removed top 4 bits (of 5) from port B of cell are_ubnn_kws_top.$flatten\u_pe_array.\gen_pe[12].u_pe.\u_popcount.$add$E:/Are_UBNN_KWS/self/scripts/../src/compute/popcount.sv:62$304 ($add).
Removed top 4 bits (of 5) from port B of cell are_ubnn_kws_top.$flatten\u_pe_array.\gen_pe[12].u_pe.\u_popcount.$add$E:/Are_UBNN_KWS/self/scripts/../src/compute/popcount.sv:62$303 ($add).
Removed top 4 bits (of 5) from port B of cell are_ubnn_kws_top.$flatten\u_pe_array.\gen_pe[12].u_pe.\u_popcount.$add$E:/Are_UBNN_KWS/self/scripts/../src/compute/popcount.sv:62$302 ($add).
Removed top 4 bits (of 5) from port B of cell are_ubnn_kws_top.$flatten\u_pe_array.\gen_pe[12].u_pe.\u_popcount.$add$E:/Are_UBNN_KWS/self/scripts/../src/compute/popcount.sv:62$301 ($add).
Removed top 4 bits (of 5) from port A of cell are_ubnn_kws_top.$flatten\u_pe_array.\gen_pe[12].u_pe.\u_popcount.$add$E:/Are_UBNN_KWS/self/scripts/../src/compute/popcount.sv:62$300 ($add).
Removed top 4 bits (of 5) from port B of cell are_ubnn_kws_top.$flatten\u_pe_array.\gen_pe[12].u_pe.\u_popcount.$add$E:/Are_UBNN_KWS/self/scripts/../src/compute/popcount.sv:62$300 ($add).
Removed top 3 bits (of 5) from port Y of cell are_ubnn_kws_top.$flatten\u_pe_array.\gen_pe[12].u_pe.\u_popcount.$add$E:/Are_UBNN_KWS/self/scripts/../src/compute/popcount.sv:62$300 ($add).
Removed top 4 bits (of 5) from port B of cell are_ubnn_kws_top.$flatten\u_pe_array.\gen_pe[11].u_pe.\u_popcount.$add$E:/Are_UBNN_KWS/self/scripts/../src/compute/popcount.sv:62$314 ($add).
Removed top 4 bits (of 5) from port B of cell are_ubnn_kws_top.$flatten\u_pe_array.\gen_pe[11].u_pe.\u_popcount.$add$E:/Are_UBNN_KWS/self/scripts/../src/compute/popcount.sv:62$313 ($add).
Removed top 4 bits (of 5) from port B of cell are_ubnn_kws_top.$flatten\u_pe_array.\gen_pe[11].u_pe.\u_popcount.$add$E:/Are_UBNN_KWS/self/scripts/../src/compute/popcount.sv:62$312 ($add).
Removed top 4 bits (of 5) from port B of cell are_ubnn_kws_top.$flatten\u_pe_array.\gen_pe[11].u_pe.\u_popcount.$add$E:/Are_UBNN_KWS/self/scripts/../src/compute/popcount.sv:62$311 ($add).
Removed top 4 bits (of 5) from port B of cell are_ubnn_kws_top.$flatten\u_pe_array.\gen_pe[11].u_pe.\u_popcount.$add$E:/Are_UBNN_KWS/self/scripts/../src/compute/popcount.sv:62$310 ($add).
Removed top 4 bits (of 5) from port B of cell are_ubnn_kws_top.$flatten\u_pe_array.\gen_pe[11].u_pe.\u_popcount.$add$E:/Are_UBNN_KWS/self/scripts/../src/compute/popcount.sv:62$309 ($add).
Removed top 4 bits (of 5) from port B of cell are_ubnn_kws_top.$flatten\u_pe_array.\gen_pe[11].u_pe.\u_popcount.$add$E:/Are_UBNN_KWS/self/scripts/../src/compute/popcount.sv:62$308 ($add).
Removed top 4 bits (of 5) from port B of cell are_ubnn_kws_top.$flatten\u_pe_array.\gen_pe[11].u_pe.\u_popcount.$add$E:/Are_UBNN_KWS/self/scripts/../src/compute/popcount.sv:62$307 ($add).
Removed top 4 bits (of 5) from port B of cell are_ubnn_kws_top.$flatten\u_pe_array.\gen_pe[11].u_pe.\u_popcount.$add$E:/Are_UBNN_KWS/self/scripts/../src/compute/popcount.sv:62$306 ($add).
Removed top 4 bits (of 5) from port B of cell are_ubnn_kws_top.$flatten\u_pe_array.\gen_pe[11].u_pe.\u_popcount.$add$E:/Are_UBNN_KWS/self/scripts/../src/compute/popcount.sv:62$305 ($add).
Removed top 4 bits (of 5) from port B of cell are_ubnn_kws_top.$flatten\u_pe_array.\gen_pe[11].u_pe.\u_popcount.$add$E:/Are_UBNN_KWS/self/scripts/../src/compute/popcount.sv:62$304 ($add).
Removed top 4 bits (of 5) from port B of cell are_ubnn_kws_top.$flatten\u_pe_array.\gen_pe[11].u_pe.\u_popcount.$add$E:/Are_UBNN_KWS/self/scripts/../src/compute/popcount.sv:62$303 ($add).
Removed top 4 bits (of 5) from port B of cell are_ubnn_kws_top.$flatten\u_pe_array.\gen_pe[11].u_pe.\u_popcount.$add$E:/Are_UBNN_KWS/self/scripts/../src/compute/popcount.sv:62$302 ($add).
Removed top 4 bits (of 5) from port B of cell are_ubnn_kws_top.$flatten\u_pe_array.\gen_pe[11].u_pe.\u_popcount.$add$E:/Are_UBNN_KWS/self/scripts/../src/compute/popcount.sv:62$301 ($add).
Removed top 4 bits (of 5) from port A of cell are_ubnn_kws_top.$flatten\u_pe_array.\gen_pe[11].u_pe.\u_popcount.$add$E:/Are_UBNN_KWS/self/scripts/../src/compute/popcount.sv:62$300 ($add).
Removed top 4 bits (of 5) from port B of cell are_ubnn_kws_top.$flatten\u_pe_array.\gen_pe[11].u_pe.\u_popcount.$add$E:/Are_UBNN_KWS/self/scripts/../src/compute/popcount.sv:62$300 ($add).
Removed top 3 bits (of 5) from port Y of cell are_ubnn_kws_top.$flatten\u_pe_array.\gen_pe[11].u_pe.\u_popcount.$add$E:/Are_UBNN_KWS/self/scripts/../src/compute/popcount.sv:62$300 ($add).
Removed top 4 bits (of 5) from port B of cell are_ubnn_kws_top.$flatten\u_pe_array.\gen_pe[10].u_pe.\u_popcount.$add$E:/Are_UBNN_KWS/self/scripts/../src/compute/popcount.sv:62$314 ($add).
Removed top 4 bits (of 5) from port B of cell are_ubnn_kws_top.$flatten\u_pe_array.\gen_pe[10].u_pe.\u_popcount.$add$E:/Are_UBNN_KWS/self/scripts/../src/compute/popcount.sv:62$313 ($add).
Removed top 4 bits (of 5) from port B of cell are_ubnn_kws_top.$flatten\u_pe_array.\gen_pe[10].u_pe.\u_popcount.$add$E:/Are_UBNN_KWS/self/scripts/../src/compute/popcount.sv:62$312 ($add).
Removed top 4 bits (of 5) from port B of cell are_ubnn_kws_top.$flatten\u_pe_array.\gen_pe[10].u_pe.\u_popcount.$add$E:/Are_UBNN_KWS/self/scripts/../src/compute/popcount.sv:62$311 ($add).
Removed top 4 bits (of 5) from port B of cell are_ubnn_kws_top.$flatten\u_pe_array.\gen_pe[10].u_pe.\u_popcount.$add$E:/Are_UBNN_KWS/self/scripts/../src/compute/popcount.sv:62$310 ($add).
Removed top 4 bits (of 5) from port B of cell are_ubnn_kws_top.$flatten\u_pe_array.\gen_pe[10].u_pe.\u_popcount.$add$E:/Are_UBNN_KWS/self/scripts/../src/compute/popcount.sv:62$309 ($add).
Removed top 4 bits (of 5) from port B of cell are_ubnn_kws_top.$flatten\u_pe_array.\gen_pe[10].u_pe.\u_popcount.$add$E:/Are_UBNN_KWS/self/scripts/../src/compute/popcount.sv:62$308 ($add).
Removed top 4 bits (of 5) from port B of cell are_ubnn_kws_top.$flatten\u_pe_array.\gen_pe[10].u_pe.\u_popcount.$add$E:/Are_UBNN_KWS/self/scripts/../src/compute/popcount.sv:62$307 ($add).
Removed top 4 bits (of 5) from port B of cell are_ubnn_kws_top.$flatten\u_pe_array.\gen_pe[10].u_pe.\u_popcount.$add$E:/Are_UBNN_KWS/self/scripts/../src/compute/popcount.sv:62$306 ($add).
Removed top 4 bits (of 5) from port B of cell are_ubnn_kws_top.$flatten\u_pe_array.\gen_pe[10].u_pe.\u_popcount.$add$E:/Are_UBNN_KWS/self/scripts/../src/compute/popcount.sv:62$305 ($add).
Removed top 4 bits (of 5) from port B of cell are_ubnn_kws_top.$flatten\u_pe_array.\gen_pe[10].u_pe.\u_popcount.$add$E:/Are_UBNN_KWS/self/scripts/../src/compute/popcount.sv:62$304 ($add).
Removed top 4 bits (of 5) from port B of cell are_ubnn_kws_top.$flatten\u_pe_array.\gen_pe[10].u_pe.\u_popcount.$add$E:/Are_UBNN_KWS/self/scripts/../src/compute/popcount.sv:62$303 ($add).
Removed top 4 bits (of 5) from port B of cell are_ubnn_kws_top.$flatten\u_pe_array.\gen_pe[10].u_pe.\u_popcount.$add$E:/Are_UBNN_KWS/self/scripts/../src/compute/popcount.sv:62$302 ($add).
Removed top 4 bits (of 5) from port B of cell are_ubnn_kws_top.$flatten\u_pe_array.\gen_pe[10].u_pe.\u_popcount.$add$E:/Are_UBNN_KWS/self/scripts/../src/compute/popcount.sv:62$301 ($add).
Removed top 4 bits (of 5) from port A of cell are_ubnn_kws_top.$flatten\u_pe_array.\gen_pe[10].u_pe.\u_popcount.$add$E:/Are_UBNN_KWS/self/scripts/../src/compute/popcount.sv:62$300 ($add).
Removed top 4 bits (of 5) from port B of cell are_ubnn_kws_top.$flatten\u_pe_array.\gen_pe[10].u_pe.\u_popcount.$add$E:/Are_UBNN_KWS/self/scripts/../src/compute/popcount.sv:62$300 ($add).
Removed top 3 bits (of 5) from port Y of cell are_ubnn_kws_top.$flatten\u_pe_array.\gen_pe[10].u_pe.\u_popcount.$add$E:/Are_UBNN_KWS/self/scripts/../src/compute/popcount.sv:62$300 ($add).
Removed top 4 bits (of 5) from port B of cell are_ubnn_kws_top.$flatten\u_pe_array.\gen_pe[9].u_pe.\u_popcount.$add$E:/Are_UBNN_KWS/self/scripts/../src/compute/popcount.sv:62$314 ($add).
Removed top 4 bits (of 5) from port B of cell are_ubnn_kws_top.$flatten\u_pe_array.\gen_pe[9].u_pe.\u_popcount.$add$E:/Are_UBNN_KWS/self/scripts/../src/compute/popcount.sv:62$313 ($add).
Removed top 4 bits (of 5) from port B of cell are_ubnn_kws_top.$flatten\u_pe_array.\gen_pe[9].u_pe.\u_popcount.$add$E:/Are_UBNN_KWS/self/scripts/../src/compute/popcount.sv:62$312 ($add).
Removed top 4 bits (of 5) from port B of cell are_ubnn_kws_top.$flatten\u_pe_array.\gen_pe[9].u_pe.\u_popcount.$add$E:/Are_UBNN_KWS/self/scripts/../src/compute/popcount.sv:62$311 ($add).
Removed top 4 bits (of 5) from port B of cell are_ubnn_kws_top.$flatten\u_pe_array.\gen_pe[9].u_pe.\u_popcount.$add$E:/Are_UBNN_KWS/self/scripts/../src/compute/popcount.sv:62$310 ($add).
Removed top 4 bits (of 5) from port B of cell are_ubnn_kws_top.$flatten\u_pe_array.\gen_pe[9].u_pe.\u_popcount.$add$E:/Are_UBNN_KWS/self/scripts/../src/compute/popcount.sv:62$309 ($add).
Removed top 4 bits (of 5) from port B of cell are_ubnn_kws_top.$flatten\u_pe_array.\gen_pe[9].u_pe.\u_popcount.$add$E:/Are_UBNN_KWS/self/scripts/../src/compute/popcount.sv:62$308 ($add).
Removed top 4 bits (of 5) from port B of cell are_ubnn_kws_top.$flatten\u_pe_array.\gen_pe[9].u_pe.\u_popcount.$add$E:/Are_UBNN_KWS/self/scripts/../src/compute/popcount.sv:62$307 ($add).
Removed top 4 bits (of 5) from port B of cell are_ubnn_kws_top.$flatten\u_pe_array.\gen_pe[9].u_pe.\u_popcount.$add$E:/Are_UBNN_KWS/self/scripts/../src/compute/popcount.sv:62$306 ($add).
Removed top 4 bits (of 5) from port B of cell are_ubnn_kws_top.$flatten\u_pe_array.\gen_pe[9].u_pe.\u_popcount.$add$E:/Are_UBNN_KWS/self/scripts/../src/compute/popcount.sv:62$305 ($add).
Removed top 4 bits (of 5) from port B of cell are_ubnn_kws_top.$flatten\u_pe_array.\gen_pe[9].u_pe.\u_popcount.$add$E:/Are_UBNN_KWS/self/scripts/../src/compute/popcount.sv:62$304 ($add).
Removed top 4 bits (of 5) from port B of cell are_ubnn_kws_top.$flatten\u_pe_array.\gen_pe[9].u_pe.\u_popcount.$add$E:/Are_UBNN_KWS/self/scripts/../src/compute/popcount.sv:62$303 ($add).
Removed top 4 bits (of 5) from port B of cell are_ubnn_kws_top.$flatten\u_pe_array.\gen_pe[9].u_pe.\u_popcount.$add$E:/Are_UBNN_KWS/self/scripts/../src/compute/popcount.sv:62$302 ($add).
Removed top 4 bits (of 5) from port B of cell are_ubnn_kws_top.$flatten\u_pe_array.\gen_pe[9].u_pe.\u_popcount.$add$E:/Are_UBNN_KWS/self/scripts/../src/compute/popcount.sv:62$301 ($add).
Removed top 4 bits (of 5) from port A of cell are_ubnn_kws_top.$flatten\u_pe_array.\gen_pe[9].u_pe.\u_popcount.$add$E:/Are_UBNN_KWS/self/scripts/../src/compute/popcount.sv:62$300 ($add).
Removed top 4 bits (of 5) from port B of cell are_ubnn_kws_top.$flatten\u_pe_array.\gen_pe[9].u_pe.\u_popcount.$add$E:/Are_UBNN_KWS/self/scripts/../src/compute/popcount.sv:62$300 ($add).
Removed top 3 bits (of 5) from port Y of cell are_ubnn_kws_top.$flatten\u_pe_array.\gen_pe[9].u_pe.\u_popcount.$add$E:/Are_UBNN_KWS/self/scripts/../src/compute/popcount.sv:62$300 ($add).
Removed top 4 bits (of 5) from port B of cell are_ubnn_kws_top.$flatten\u_pe_array.\gen_pe[8].u_pe.\u_popcount.$add$E:/Are_UBNN_KWS/self/scripts/../src/compute/popcount.sv:62$314 ($add).
Removed top 4 bits (of 5) from port B of cell are_ubnn_kws_top.$flatten\u_pe_array.\gen_pe[8].u_pe.\u_popcount.$add$E:/Are_UBNN_KWS/self/scripts/../src/compute/popcount.sv:62$313 ($add).
Removed top 4 bits (of 5) from port B of cell are_ubnn_kws_top.$flatten\u_pe_array.\gen_pe[8].u_pe.\u_popcount.$add$E:/Are_UBNN_KWS/self/scripts/../src/compute/popcount.sv:62$312 ($add).
Removed top 4 bits (of 5) from port B of cell are_ubnn_kws_top.$flatten\u_pe_array.\gen_pe[8].u_pe.\u_popcount.$add$E:/Are_UBNN_KWS/self/scripts/../src/compute/popcount.sv:62$311 ($add).
Removed top 4 bits (of 5) from port B of cell are_ubnn_kws_top.$flatten\u_pe_array.\gen_pe[8].u_pe.\u_popcount.$add$E:/Are_UBNN_KWS/self/scripts/../src/compute/popcount.sv:62$310 ($add).
Removed top 4 bits (of 5) from port B of cell are_ubnn_kws_top.$flatten\u_pe_array.\gen_pe[8].u_pe.\u_popcount.$add$E:/Are_UBNN_KWS/self/scripts/../src/compute/popcount.sv:62$309 ($add).
Removed top 4 bits (of 5) from port B of cell are_ubnn_kws_top.$flatten\u_pe_array.\gen_pe[8].u_pe.\u_popcount.$add$E:/Are_UBNN_KWS/self/scripts/../src/compute/popcount.sv:62$308 ($add).
Removed top 4 bits (of 5) from port B of cell are_ubnn_kws_top.$flatten\u_pe_array.\gen_pe[8].u_pe.\u_popcount.$add$E:/Are_UBNN_KWS/self/scripts/../src/compute/popcount.sv:62$307 ($add).
Removed top 4 bits (of 5) from port B of cell are_ubnn_kws_top.$flatten\u_pe_array.\gen_pe[8].u_pe.\u_popcount.$add$E:/Are_UBNN_KWS/self/scripts/../src/compute/popcount.sv:62$306 ($add).
Removed top 4 bits (of 5) from port B of cell are_ubnn_kws_top.$flatten\u_pe_array.\gen_pe[8].u_pe.\u_popcount.$add$E:/Are_UBNN_KWS/self/scripts/../src/compute/popcount.sv:62$305 ($add).
Removed top 4 bits (of 5) from port B of cell are_ubnn_kws_top.$flatten\u_pe_array.\gen_pe[8].u_pe.\u_popcount.$add$E:/Are_UBNN_KWS/self/scripts/../src/compute/popcount.sv:62$304 ($add).
Removed top 4 bits (of 5) from port B of cell are_ubnn_kws_top.$flatten\u_pe_array.\gen_pe[8].u_pe.\u_popcount.$add$E:/Are_UBNN_KWS/self/scripts/../src/compute/popcount.sv:62$303 ($add).
Removed top 4 bits (of 5) from port B of cell are_ubnn_kws_top.$flatten\u_pe_array.\gen_pe[8].u_pe.\u_popcount.$add$E:/Are_UBNN_KWS/self/scripts/../src/compute/popcount.sv:62$302 ($add).
Removed top 4 bits (of 5) from port B of cell are_ubnn_kws_top.$flatten\u_pe_array.\gen_pe[8].u_pe.\u_popcount.$add$E:/Are_UBNN_KWS/self/scripts/../src/compute/popcount.sv:62$301 ($add).
Removed top 4 bits (of 5) from port A of cell are_ubnn_kws_top.$flatten\u_pe_array.\gen_pe[8].u_pe.\u_popcount.$add$E:/Are_UBNN_KWS/self/scripts/../src/compute/popcount.sv:62$300 ($add).
Removed top 4 bits (of 5) from port B of cell are_ubnn_kws_top.$flatten\u_pe_array.\gen_pe[8].u_pe.\u_popcount.$add$E:/Are_UBNN_KWS/self/scripts/../src/compute/popcount.sv:62$300 ($add).
Removed top 3 bits (of 5) from port Y of cell are_ubnn_kws_top.$flatten\u_pe_array.\gen_pe[8].u_pe.\u_popcount.$add$E:/Are_UBNN_KWS/self/scripts/../src/compute/popcount.sv:62$300 ($add).
Removed top 4 bits (of 5) from port B of cell are_ubnn_kws_top.$flatten\u_pe_array.\gen_pe[7].u_pe.\u_popcount.$add$E:/Are_UBNN_KWS/self/scripts/../src/compute/popcount.sv:62$314 ($add).
Removed top 4 bits (of 5) from port B of cell are_ubnn_kws_top.$flatten\u_pe_array.\gen_pe[7].u_pe.\u_popcount.$add$E:/Are_UBNN_KWS/self/scripts/../src/compute/popcount.sv:62$313 ($add).
Removed top 4 bits (of 5) from port B of cell are_ubnn_kws_top.$flatten\u_pe_array.\gen_pe[7].u_pe.\u_popcount.$add$E:/Are_UBNN_KWS/self/scripts/../src/compute/popcount.sv:62$312 ($add).
Removed top 4 bits (of 5) from port B of cell are_ubnn_kws_top.$flatten\u_pe_array.\gen_pe[7].u_pe.\u_popcount.$add$E:/Are_UBNN_KWS/self/scripts/../src/compute/popcount.sv:62$311 ($add).
Removed top 4 bits (of 5) from port B of cell are_ubnn_kws_top.$flatten\u_pe_array.\gen_pe[7].u_pe.\u_popcount.$add$E:/Are_UBNN_KWS/self/scripts/../src/compute/popcount.sv:62$310 ($add).
Removed top 4 bits (of 5) from port B of cell are_ubnn_kws_top.$flatten\u_pe_array.\gen_pe[7].u_pe.\u_popcount.$add$E:/Are_UBNN_KWS/self/scripts/../src/compute/popcount.sv:62$309 ($add).
Removed top 4 bits (of 5) from port B of cell are_ubnn_kws_top.$flatten\u_pe_array.\gen_pe[7].u_pe.\u_popcount.$add$E:/Are_UBNN_KWS/self/scripts/../src/compute/popcount.sv:62$308 ($add).
Removed top 4 bits (of 5) from port B of cell are_ubnn_kws_top.$flatten\u_pe_array.\gen_pe[7].u_pe.\u_popcount.$add$E:/Are_UBNN_KWS/self/scripts/../src/compute/popcount.sv:62$307 ($add).
Removed top 4 bits (of 5) from port B of cell are_ubnn_kws_top.$flatten\u_pe_array.\gen_pe[7].u_pe.\u_popcount.$add$E:/Are_UBNN_KWS/self/scripts/../src/compute/popcount.sv:62$306 ($add).
Removed top 4 bits (of 5) from port B of cell are_ubnn_kws_top.$flatten\u_pe_array.\gen_pe[7].u_pe.\u_popcount.$add$E:/Are_UBNN_KWS/self/scripts/../src/compute/popcount.sv:62$305 ($add).
Removed top 4 bits (of 5) from port B of cell are_ubnn_kws_top.$flatten\u_pe_array.\gen_pe[7].u_pe.\u_popcount.$add$E:/Are_UBNN_KWS/self/scripts/../src/compute/popcount.sv:62$304 ($add).
Removed top 4 bits (of 5) from port B of cell are_ubnn_kws_top.$flatten\u_pe_array.\gen_pe[7].u_pe.\u_popcount.$add$E:/Are_UBNN_KWS/self/scripts/../src/compute/popcount.sv:62$303 ($add).
Removed top 4 bits (of 5) from port B of cell are_ubnn_kws_top.$flatten\u_pe_array.\gen_pe[7].u_pe.\u_popcount.$add$E:/Are_UBNN_KWS/self/scripts/../src/compute/popcount.sv:62$302 ($add).
Removed top 4 bits (of 5) from port B of cell are_ubnn_kws_top.$flatten\u_pe_array.\gen_pe[7].u_pe.\u_popcount.$add$E:/Are_UBNN_KWS/self/scripts/../src/compute/popcount.sv:62$301 ($add).
Removed top 4 bits (of 5) from port A of cell are_ubnn_kws_top.$flatten\u_pe_array.\gen_pe[7].u_pe.\u_popcount.$add$E:/Are_UBNN_KWS/self/scripts/../src/compute/popcount.sv:62$300 ($add).
Removed top 4 bits (of 5) from port B of cell are_ubnn_kws_top.$flatten\u_pe_array.\gen_pe[7].u_pe.\u_popcount.$add$E:/Are_UBNN_KWS/self/scripts/../src/compute/popcount.sv:62$300 ($add).
Removed top 3 bits (of 5) from port Y of cell are_ubnn_kws_top.$flatten\u_pe_array.\gen_pe[7].u_pe.\u_popcount.$add$E:/Are_UBNN_KWS/self/scripts/../src/compute/popcount.sv:62$300 ($add).
Removed top 4 bits (of 5) from port B of cell are_ubnn_kws_top.$flatten\u_pe_array.\gen_pe[6].u_pe.\u_popcount.$add$E:/Are_UBNN_KWS/self/scripts/../src/compute/popcount.sv:62$314 ($add).
Removed top 4 bits (of 5) from port B of cell are_ubnn_kws_top.$flatten\u_pe_array.\gen_pe[6].u_pe.\u_popcount.$add$E:/Are_UBNN_KWS/self/scripts/../src/compute/popcount.sv:62$313 ($add).
Removed top 4 bits (of 5) from port B of cell are_ubnn_kws_top.$flatten\u_pe_array.\gen_pe[6].u_pe.\u_popcount.$add$E:/Are_UBNN_KWS/self/scripts/../src/compute/popcount.sv:62$312 ($add).
Removed top 4 bits (of 5) from port B of cell are_ubnn_kws_top.$flatten\u_pe_array.\gen_pe[6].u_pe.\u_popcount.$add$E:/Are_UBNN_KWS/self/scripts/../src/compute/popcount.sv:62$311 ($add).
Removed top 4 bits (of 5) from port B of cell are_ubnn_kws_top.$flatten\u_pe_array.\gen_pe[6].u_pe.\u_popcount.$add$E:/Are_UBNN_KWS/self/scripts/../src/compute/popcount.sv:62$310 ($add).
Removed top 4 bits (of 5) from port B of cell are_ubnn_kws_top.$flatten\u_pe_array.\gen_pe[6].u_pe.\u_popcount.$add$E:/Are_UBNN_KWS/self/scripts/../src/compute/popcount.sv:62$309 ($add).
Removed top 4 bits (of 5) from port B of cell are_ubnn_kws_top.$flatten\u_pe_array.\gen_pe[6].u_pe.\u_popcount.$add$E:/Are_UBNN_KWS/self/scripts/../src/compute/popcount.sv:62$308 ($add).
Removed top 4 bits (of 5) from port B of cell are_ubnn_kws_top.$flatten\u_pe_array.\gen_pe[6].u_pe.\u_popcount.$add$E:/Are_UBNN_KWS/self/scripts/../src/compute/popcount.sv:62$307 ($add).
Removed top 4 bits (of 5) from port B of cell are_ubnn_kws_top.$flatten\u_pe_array.\gen_pe[6].u_pe.\u_popcount.$add$E:/Are_UBNN_KWS/self/scripts/../src/compute/popcount.sv:62$306 ($add).
Removed top 4 bits (of 5) from port B of cell are_ubnn_kws_top.$flatten\u_pe_array.\gen_pe[6].u_pe.\u_popcount.$add$E:/Are_UBNN_KWS/self/scripts/../src/compute/popcount.sv:62$305 ($add).
Removed top 4 bits (of 5) from port B of cell are_ubnn_kws_top.$flatten\u_pe_array.\gen_pe[6].u_pe.\u_popcount.$add$E:/Are_UBNN_KWS/self/scripts/../src/compute/popcount.sv:62$304 ($add).
Removed top 4 bits (of 5) from port B of cell are_ubnn_kws_top.$flatten\u_pe_array.\gen_pe[6].u_pe.\u_popcount.$add$E:/Are_UBNN_KWS/self/scripts/../src/compute/popcount.sv:62$303 ($add).
Removed top 4 bits (of 5) from port B of cell are_ubnn_kws_top.$flatten\u_pe_array.\gen_pe[6].u_pe.\u_popcount.$add$E:/Are_UBNN_KWS/self/scripts/../src/compute/popcount.sv:62$302 ($add).
Removed top 4 bits (of 5) from port B of cell are_ubnn_kws_top.$flatten\u_pe_array.\gen_pe[6].u_pe.\u_popcount.$add$E:/Are_UBNN_KWS/self/scripts/../src/compute/popcount.sv:62$301 ($add).
Removed top 4 bits (of 5) from port A of cell are_ubnn_kws_top.$flatten\u_pe_array.\gen_pe[6].u_pe.\u_popcount.$add$E:/Are_UBNN_KWS/self/scripts/../src/compute/popcount.sv:62$300 ($add).
Removed top 4 bits (of 5) from port B of cell are_ubnn_kws_top.$flatten\u_pe_array.\gen_pe[6].u_pe.\u_popcount.$add$E:/Are_UBNN_KWS/self/scripts/../src/compute/popcount.sv:62$300 ($add).
Removed top 3 bits (of 5) from port Y of cell are_ubnn_kws_top.$flatten\u_pe_array.\gen_pe[6].u_pe.\u_popcount.$add$E:/Are_UBNN_KWS/self/scripts/../src/compute/popcount.sv:62$300 ($add).
Removed top 4 bits (of 5) from port B of cell are_ubnn_kws_top.$flatten\u_pe_array.\gen_pe[5].u_pe.\u_popcount.$add$E:/Are_UBNN_KWS/self/scripts/../src/compute/popcount.sv:62$314 ($add).
Removed top 4 bits (of 5) from port B of cell are_ubnn_kws_top.$flatten\u_pe_array.\gen_pe[5].u_pe.\u_popcount.$add$E:/Are_UBNN_KWS/self/scripts/../src/compute/popcount.sv:62$313 ($add).
Removed top 4 bits (of 5) from port B of cell are_ubnn_kws_top.$flatten\u_pe_array.\gen_pe[5].u_pe.\u_popcount.$add$E:/Are_UBNN_KWS/self/scripts/../src/compute/popcount.sv:62$312 ($add).
Removed top 4 bits (of 5) from port B of cell are_ubnn_kws_top.$flatten\u_pe_array.\gen_pe[5].u_pe.\u_popcount.$add$E:/Are_UBNN_KWS/self/scripts/../src/compute/popcount.sv:62$311 ($add).
Removed top 4 bits (of 5) from port B of cell are_ubnn_kws_top.$flatten\u_pe_array.\gen_pe[5].u_pe.\u_popcount.$add$E:/Are_UBNN_KWS/self/scripts/../src/compute/popcount.sv:62$310 ($add).
Removed top 4 bits (of 5) from port B of cell are_ubnn_kws_top.$flatten\u_pe_array.\gen_pe[5].u_pe.\u_popcount.$add$E:/Are_UBNN_KWS/self/scripts/../src/compute/popcount.sv:62$309 ($add).
Removed top 4 bits (of 5) from port B of cell are_ubnn_kws_top.$flatten\u_pe_array.\gen_pe[5].u_pe.\u_popcount.$add$E:/Are_UBNN_KWS/self/scripts/../src/compute/popcount.sv:62$308 ($add).
Removed top 4 bits (of 5) from port B of cell are_ubnn_kws_top.$flatten\u_pe_array.\gen_pe[5].u_pe.\u_popcount.$add$E:/Are_UBNN_KWS/self/scripts/../src/compute/popcount.sv:62$307 ($add).
Removed top 4 bits (of 5) from port B of cell are_ubnn_kws_top.$flatten\u_pe_array.\gen_pe[5].u_pe.\u_popcount.$add$E:/Are_UBNN_KWS/self/scripts/../src/compute/popcount.sv:62$306 ($add).
Removed top 4 bits (of 5) from port B of cell are_ubnn_kws_top.$flatten\u_pe_array.\gen_pe[5].u_pe.\u_popcount.$add$E:/Are_UBNN_KWS/self/scripts/../src/compute/popcount.sv:62$305 ($add).
Removed top 4 bits (of 5) from port B of cell are_ubnn_kws_top.$flatten\u_pe_array.\gen_pe[5].u_pe.\u_popcount.$add$E:/Are_UBNN_KWS/self/scripts/../src/compute/popcount.sv:62$304 ($add).
Removed top 4 bits (of 5) from port B of cell are_ubnn_kws_top.$flatten\u_pe_array.\gen_pe[5].u_pe.\u_popcount.$add$E:/Are_UBNN_KWS/self/scripts/../src/compute/popcount.sv:62$303 ($add).
Removed top 4 bits (of 5) from port B of cell are_ubnn_kws_top.$flatten\u_pe_array.\gen_pe[5].u_pe.\u_popcount.$add$E:/Are_UBNN_KWS/self/scripts/../src/compute/popcount.sv:62$302 ($add).
Removed top 4 bits (of 5) from port B of cell are_ubnn_kws_top.$flatten\u_pe_array.\gen_pe[5].u_pe.\u_popcount.$add$E:/Are_UBNN_KWS/self/scripts/../src/compute/popcount.sv:62$301 ($add).
Removed top 4 bits (of 5) from port A of cell are_ubnn_kws_top.$flatten\u_pe_array.\gen_pe[5].u_pe.\u_popcount.$add$E:/Are_UBNN_KWS/self/scripts/../src/compute/popcount.sv:62$300 ($add).
Removed top 4 bits (of 5) from port B of cell are_ubnn_kws_top.$flatten\u_pe_array.\gen_pe[5].u_pe.\u_popcount.$add$E:/Are_UBNN_KWS/self/scripts/../src/compute/popcount.sv:62$300 ($add).
Removed top 3 bits (of 5) from port Y of cell are_ubnn_kws_top.$flatten\u_pe_array.\gen_pe[5].u_pe.\u_popcount.$add$E:/Are_UBNN_KWS/self/scripts/../src/compute/popcount.sv:62$300 ($add).
Removed top 4 bits (of 5) from port B of cell are_ubnn_kws_top.$flatten\u_pe_array.\gen_pe[4].u_pe.\u_popcount.$add$E:/Are_UBNN_KWS/self/scripts/../src/compute/popcount.sv:62$314 ($add).
Removed top 4 bits (of 5) from port B of cell are_ubnn_kws_top.$flatten\u_pe_array.\gen_pe[4].u_pe.\u_popcount.$add$E:/Are_UBNN_KWS/self/scripts/../src/compute/popcount.sv:62$313 ($add).
Removed top 4 bits (of 5) from port B of cell are_ubnn_kws_top.$flatten\u_pe_array.\gen_pe[4].u_pe.\u_popcount.$add$E:/Are_UBNN_KWS/self/scripts/../src/compute/popcount.sv:62$312 ($add).
Removed top 4 bits (of 5) from port B of cell are_ubnn_kws_top.$flatten\u_pe_array.\gen_pe[4].u_pe.\u_popcount.$add$E:/Are_UBNN_KWS/self/scripts/../src/compute/popcount.sv:62$311 ($add).
Removed top 4 bits (of 5) from port B of cell are_ubnn_kws_top.$flatten\u_pe_array.\gen_pe[4].u_pe.\u_popcount.$add$E:/Are_UBNN_KWS/self/scripts/../src/compute/popcount.sv:62$310 ($add).
Removed top 4 bits (of 5) from port B of cell are_ubnn_kws_top.$flatten\u_pe_array.\gen_pe[4].u_pe.\u_popcount.$add$E:/Are_UBNN_KWS/self/scripts/../src/compute/popcount.sv:62$309 ($add).
Removed top 4 bits (of 5) from port B of cell are_ubnn_kws_top.$flatten\u_pe_array.\gen_pe[4].u_pe.\u_popcount.$add$E:/Are_UBNN_KWS/self/scripts/../src/compute/popcount.sv:62$308 ($add).
Removed top 4 bits (of 5) from port B of cell are_ubnn_kws_top.$flatten\u_pe_array.\gen_pe[4].u_pe.\u_popcount.$add$E:/Are_UBNN_KWS/self/scripts/../src/compute/popcount.sv:62$307 ($add).
Removed top 4 bits (of 5) from port B of cell are_ubnn_kws_top.$flatten\u_pe_array.\gen_pe[4].u_pe.\u_popcount.$add$E:/Are_UBNN_KWS/self/scripts/../src/compute/popcount.sv:62$306 ($add).
Removed top 4 bits (of 5) from port B of cell are_ubnn_kws_top.$flatten\u_pe_array.\gen_pe[4].u_pe.\u_popcount.$add$E:/Are_UBNN_KWS/self/scripts/../src/compute/popcount.sv:62$305 ($add).
Removed top 4 bits (of 5) from port B of cell are_ubnn_kws_top.$flatten\u_pe_array.\gen_pe[4].u_pe.\u_popcount.$add$E:/Are_UBNN_KWS/self/scripts/../src/compute/popcount.sv:62$304 ($add).
Removed top 4 bits (of 5) from port B of cell are_ubnn_kws_top.$flatten\u_pe_array.\gen_pe[4].u_pe.\u_popcount.$add$E:/Are_UBNN_KWS/self/scripts/../src/compute/popcount.sv:62$303 ($add).
Removed top 4 bits (of 5) from port B of cell are_ubnn_kws_top.$flatten\u_pe_array.\gen_pe[4].u_pe.\u_popcount.$add$E:/Are_UBNN_KWS/self/scripts/../src/compute/popcount.sv:62$302 ($add).
Removed top 4 bits (of 5) from port B of cell are_ubnn_kws_top.$flatten\u_pe_array.\gen_pe[4].u_pe.\u_popcount.$add$E:/Are_UBNN_KWS/self/scripts/../src/compute/popcount.sv:62$301 ($add).
Removed top 4 bits (of 5) from port A of cell are_ubnn_kws_top.$flatten\u_pe_array.\gen_pe[4].u_pe.\u_popcount.$add$E:/Are_UBNN_KWS/self/scripts/../src/compute/popcount.sv:62$300 ($add).
Removed top 4 bits (of 5) from port B of cell are_ubnn_kws_top.$flatten\u_pe_array.\gen_pe[4].u_pe.\u_popcount.$add$E:/Are_UBNN_KWS/self/scripts/../src/compute/popcount.sv:62$300 ($add).
Removed top 3 bits (of 5) from port Y of cell are_ubnn_kws_top.$flatten\u_pe_array.\gen_pe[4].u_pe.\u_popcount.$add$E:/Are_UBNN_KWS/self/scripts/../src/compute/popcount.sv:62$300 ($add).
Removed top 4 bits (of 5) from port B of cell are_ubnn_kws_top.$flatten\u_pe_array.\gen_pe[3].u_pe.\u_popcount.$add$E:/Are_UBNN_KWS/self/scripts/../src/compute/popcount.sv:62$314 ($add).
Removed top 4 bits (of 5) from port B of cell are_ubnn_kws_top.$flatten\u_pe_array.\gen_pe[3].u_pe.\u_popcount.$add$E:/Are_UBNN_KWS/self/scripts/../src/compute/popcount.sv:62$313 ($add).
Removed top 4 bits (of 5) from port B of cell are_ubnn_kws_top.$flatten\u_pe_array.\gen_pe[3].u_pe.\u_popcount.$add$E:/Are_UBNN_KWS/self/scripts/../src/compute/popcount.sv:62$312 ($add).
Removed top 4 bits (of 5) from port B of cell are_ubnn_kws_top.$flatten\u_pe_array.\gen_pe[3].u_pe.\u_popcount.$add$E:/Are_UBNN_KWS/self/scripts/../src/compute/popcount.sv:62$311 ($add).
Removed top 4 bits (of 5) from port B of cell are_ubnn_kws_top.$flatten\u_pe_array.\gen_pe[3].u_pe.\u_popcount.$add$E:/Are_UBNN_KWS/self/scripts/../src/compute/popcount.sv:62$310 ($add).
Removed top 4 bits (of 5) from port B of cell are_ubnn_kws_top.$flatten\u_pe_array.\gen_pe[3].u_pe.\u_popcount.$add$E:/Are_UBNN_KWS/self/scripts/../src/compute/popcount.sv:62$309 ($add).
Removed top 4 bits (of 5) from port B of cell are_ubnn_kws_top.$flatten\u_pe_array.\gen_pe[3].u_pe.\u_popcount.$add$E:/Are_UBNN_KWS/self/scripts/../src/compute/popcount.sv:62$308 ($add).
Removed top 4 bits (of 5) from port B of cell are_ubnn_kws_top.$flatten\u_pe_array.\gen_pe[3].u_pe.\u_popcount.$add$E:/Are_UBNN_KWS/self/scripts/../src/compute/popcount.sv:62$307 ($add).
Removed top 4 bits (of 5) from port B of cell are_ubnn_kws_top.$flatten\u_pe_array.\gen_pe[3].u_pe.\u_popcount.$add$E:/Are_UBNN_KWS/self/scripts/../src/compute/popcount.sv:62$306 ($add).
Removed top 4 bits (of 5) from port B of cell are_ubnn_kws_top.$flatten\u_pe_array.\gen_pe[3].u_pe.\u_popcount.$add$E:/Are_UBNN_KWS/self/scripts/../src/compute/popcount.sv:62$305 ($add).
Removed top 4 bits (of 5) from port B of cell are_ubnn_kws_top.$flatten\u_pe_array.\gen_pe[3].u_pe.\u_popcount.$add$E:/Are_UBNN_KWS/self/scripts/../src/compute/popcount.sv:62$304 ($add).
Removed top 4 bits (of 5) from port B of cell are_ubnn_kws_top.$flatten\u_pe_array.\gen_pe[3].u_pe.\u_popcount.$add$E:/Are_UBNN_KWS/self/scripts/../src/compute/popcount.sv:62$303 ($add).
Removed top 4 bits (of 5) from port B of cell are_ubnn_kws_top.$flatten\u_pe_array.\gen_pe[3].u_pe.\u_popcount.$add$E:/Are_UBNN_KWS/self/scripts/../src/compute/popcount.sv:62$302 ($add).
Removed top 4 bits (of 5) from port B of cell are_ubnn_kws_top.$flatten\u_pe_array.\gen_pe[3].u_pe.\u_popcount.$add$E:/Are_UBNN_KWS/self/scripts/../src/compute/popcount.sv:62$301 ($add).
Removed top 4 bits (of 5) from port A of cell are_ubnn_kws_top.$flatten\u_pe_array.\gen_pe[3].u_pe.\u_popcount.$add$E:/Are_UBNN_KWS/self/scripts/../src/compute/popcount.sv:62$300 ($add).
Removed top 4 bits (of 5) from port B of cell are_ubnn_kws_top.$flatten\u_pe_array.\gen_pe[3].u_pe.\u_popcount.$add$E:/Are_UBNN_KWS/self/scripts/../src/compute/popcount.sv:62$300 ($add).
Removed top 3 bits (of 5) from port Y of cell are_ubnn_kws_top.$flatten\u_pe_array.\gen_pe[3].u_pe.\u_popcount.$add$E:/Are_UBNN_KWS/self/scripts/../src/compute/popcount.sv:62$300 ($add).
Removed top 4 bits (of 5) from port B of cell are_ubnn_kws_top.$flatten\u_pe_array.\gen_pe[2].u_pe.\u_popcount.$add$E:/Are_UBNN_KWS/self/scripts/../src/compute/popcount.sv:62$314 ($add).
Removed top 4 bits (of 5) from port B of cell are_ubnn_kws_top.$flatten\u_pe_array.\gen_pe[2].u_pe.\u_popcount.$add$E:/Are_UBNN_KWS/self/scripts/../src/compute/popcount.sv:62$313 ($add).
Removed top 4 bits (of 5) from port B of cell are_ubnn_kws_top.$flatten\u_pe_array.\gen_pe[2].u_pe.\u_popcount.$add$E:/Are_UBNN_KWS/self/scripts/../src/compute/popcount.sv:62$312 ($add).
Removed top 4 bits (of 5) from port B of cell are_ubnn_kws_top.$flatten\u_pe_array.\gen_pe[2].u_pe.\u_popcount.$add$E:/Are_UBNN_KWS/self/scripts/../src/compute/popcount.sv:62$311 ($add).
Removed top 4 bits (of 5) from port B of cell are_ubnn_kws_top.$flatten\u_pe_array.\gen_pe[2].u_pe.\u_popcount.$add$E:/Are_UBNN_KWS/self/scripts/../src/compute/popcount.sv:62$310 ($add).
Removed top 4 bits (of 5) from port B of cell are_ubnn_kws_top.$flatten\u_pe_array.\gen_pe[2].u_pe.\u_popcount.$add$E:/Are_UBNN_KWS/self/scripts/../src/compute/popcount.sv:62$309 ($add).
Removed top 4 bits (of 5) from port B of cell are_ubnn_kws_top.$flatten\u_pe_array.\gen_pe[2].u_pe.\u_popcount.$add$E:/Are_UBNN_KWS/self/scripts/../src/compute/popcount.sv:62$308 ($add).
Removed top 4 bits (of 5) from port B of cell are_ubnn_kws_top.$flatten\u_pe_array.\gen_pe[2].u_pe.\u_popcount.$add$E:/Are_UBNN_KWS/self/scripts/../src/compute/popcount.sv:62$307 ($add).
Removed top 4 bits (of 5) from port B of cell are_ubnn_kws_top.$flatten\u_pe_array.\gen_pe[2].u_pe.\u_popcount.$add$E:/Are_UBNN_KWS/self/scripts/../src/compute/popcount.sv:62$306 ($add).
Removed top 4 bits (of 5) from port B of cell are_ubnn_kws_top.$flatten\u_pe_array.\gen_pe[2].u_pe.\u_popcount.$add$E:/Are_UBNN_KWS/self/scripts/../src/compute/popcount.sv:62$305 ($add).
Removed top 4 bits (of 5) from port B of cell are_ubnn_kws_top.$flatten\u_pe_array.\gen_pe[2].u_pe.\u_popcount.$add$E:/Are_UBNN_KWS/self/scripts/../src/compute/popcount.sv:62$304 ($add).
Removed top 4 bits (of 5) from port B of cell are_ubnn_kws_top.$flatten\u_pe_array.\gen_pe[2].u_pe.\u_popcount.$add$E:/Are_UBNN_KWS/self/scripts/../src/compute/popcount.sv:62$303 ($add).
Removed top 4 bits (of 5) from port B of cell are_ubnn_kws_top.$flatten\u_pe_array.\gen_pe[2].u_pe.\u_popcount.$add$E:/Are_UBNN_KWS/self/scripts/../src/compute/popcount.sv:62$302 ($add).
Removed top 4 bits (of 5) from port B of cell are_ubnn_kws_top.$flatten\u_pe_array.\gen_pe[2].u_pe.\u_popcount.$add$E:/Are_UBNN_KWS/self/scripts/../src/compute/popcount.sv:62$301 ($add).
Removed top 4 bits (of 5) from port A of cell are_ubnn_kws_top.$flatten\u_pe_array.\gen_pe[2].u_pe.\u_popcount.$add$E:/Are_UBNN_KWS/self/scripts/../src/compute/popcount.sv:62$300 ($add).
Removed top 4 bits (of 5) from port B of cell are_ubnn_kws_top.$flatten\u_pe_array.\gen_pe[2].u_pe.\u_popcount.$add$E:/Are_UBNN_KWS/self/scripts/../src/compute/popcount.sv:62$300 ($add).
Removed top 3 bits (of 5) from port Y of cell are_ubnn_kws_top.$flatten\u_pe_array.\gen_pe[2].u_pe.\u_popcount.$add$E:/Are_UBNN_KWS/self/scripts/../src/compute/popcount.sv:62$300 ($add).
Removed top 4 bits (of 5) from port B of cell are_ubnn_kws_top.$flatten\u_pe_array.\gen_pe[1].u_pe.\u_popcount.$add$E:/Are_UBNN_KWS/self/scripts/../src/compute/popcount.sv:62$314 ($add).
Removed top 4 bits (of 5) from port B of cell are_ubnn_kws_top.$flatten\u_pe_array.\gen_pe[1].u_pe.\u_popcount.$add$E:/Are_UBNN_KWS/self/scripts/../src/compute/popcount.sv:62$313 ($add).
Removed top 4 bits (of 5) from port B of cell are_ubnn_kws_top.$flatten\u_pe_array.\gen_pe[1].u_pe.\u_popcount.$add$E:/Are_UBNN_KWS/self/scripts/../src/compute/popcount.sv:62$312 ($add).
Removed top 4 bits (of 5) from port B of cell are_ubnn_kws_top.$flatten\u_pe_array.\gen_pe[1].u_pe.\u_popcount.$add$E:/Are_UBNN_KWS/self/scripts/../src/compute/popcount.sv:62$311 ($add).
Removed top 4 bits (of 5) from port B of cell are_ubnn_kws_top.$flatten\u_pe_array.\gen_pe[1].u_pe.\u_popcount.$add$E:/Are_UBNN_KWS/self/scripts/../src/compute/popcount.sv:62$310 ($add).
Removed top 4 bits (of 5) from port B of cell are_ubnn_kws_top.$flatten\u_pe_array.\gen_pe[1].u_pe.\u_popcount.$add$E:/Are_UBNN_KWS/self/scripts/../src/compute/popcount.sv:62$309 ($add).
Removed top 4 bits (of 5) from port B of cell are_ubnn_kws_top.$flatten\u_pe_array.\gen_pe[1].u_pe.\u_popcount.$add$E:/Are_UBNN_KWS/self/scripts/../src/compute/popcount.sv:62$308 ($add).
Removed top 4 bits (of 5) from port B of cell are_ubnn_kws_top.$flatten\u_pe_array.\gen_pe[1].u_pe.\u_popcount.$add$E:/Are_UBNN_KWS/self/scripts/../src/compute/popcount.sv:62$307 ($add).
Removed top 4 bits (of 5) from port B of cell are_ubnn_kws_top.$flatten\u_pe_array.\gen_pe[1].u_pe.\u_popcount.$add$E:/Are_UBNN_KWS/self/scripts/../src/compute/popcount.sv:62$306 ($add).
Removed top 4 bits (of 5) from port B of cell are_ubnn_kws_top.$flatten\u_pe_array.\gen_pe[1].u_pe.\u_popcount.$add$E:/Are_UBNN_KWS/self/scripts/../src/compute/popcount.sv:62$305 ($add).
Removed top 4 bits (of 5) from port B of cell are_ubnn_kws_top.$flatten\u_pe_array.\gen_pe[1].u_pe.\u_popcount.$add$E:/Are_UBNN_KWS/self/scripts/../src/compute/popcount.sv:62$304 ($add).
Removed top 4 bits (of 5) from port B of cell are_ubnn_kws_top.$flatten\u_pe_array.\gen_pe[1].u_pe.\u_popcount.$add$E:/Are_UBNN_KWS/self/scripts/../src/compute/popcount.sv:62$303 ($add).
Removed top 4 bits (of 5) from port B of cell are_ubnn_kws_top.$flatten\u_pe_array.\gen_pe[1].u_pe.\u_popcount.$add$E:/Are_UBNN_KWS/self/scripts/../src/compute/popcount.sv:62$302 ($add).
Removed top 4 bits (of 5) from port B of cell are_ubnn_kws_top.$flatten\u_pe_array.\gen_pe[1].u_pe.\u_popcount.$add$E:/Are_UBNN_KWS/self/scripts/../src/compute/popcount.sv:62$301 ($add).
Removed top 4 bits (of 5) from port A of cell are_ubnn_kws_top.$flatten\u_pe_array.\gen_pe[1].u_pe.\u_popcount.$add$E:/Are_UBNN_KWS/self/scripts/../src/compute/popcount.sv:62$300 ($add).
Removed top 4 bits (of 5) from port B of cell are_ubnn_kws_top.$flatten\u_pe_array.\gen_pe[1].u_pe.\u_popcount.$add$E:/Are_UBNN_KWS/self/scripts/../src/compute/popcount.sv:62$300 ($add).
Removed top 3 bits (of 5) from port Y of cell are_ubnn_kws_top.$flatten\u_pe_array.\gen_pe[1].u_pe.\u_popcount.$add$E:/Are_UBNN_KWS/self/scripts/../src/compute/popcount.sv:62$300 ($add).
Removed top 4 bits (of 5) from port B of cell are_ubnn_kws_top.$flatten\u_pe_array.\gen_pe[0].u_pe.\u_popcount.$add$E:/Are_UBNN_KWS/self/scripts/../src/compute/popcount.sv:62$314 ($add).
Removed top 4 bits (of 5) from port B of cell are_ubnn_kws_top.$flatten\u_pe_array.\gen_pe[0].u_pe.\u_popcount.$add$E:/Are_UBNN_KWS/self/scripts/../src/compute/popcount.sv:62$313 ($add).
Removed top 4 bits (of 5) from port B of cell are_ubnn_kws_top.$flatten\u_pe_array.\gen_pe[0].u_pe.\u_popcount.$add$E:/Are_UBNN_KWS/self/scripts/../src/compute/popcount.sv:62$312 ($add).
Removed top 4 bits (of 5) from port B of cell are_ubnn_kws_top.$flatten\u_pe_array.\gen_pe[0].u_pe.\u_popcount.$add$E:/Are_UBNN_KWS/self/scripts/../src/compute/popcount.sv:62$311 ($add).
Removed top 4 bits (of 5) from port B of cell are_ubnn_kws_top.$flatten\u_pe_array.\gen_pe[0].u_pe.\u_popcount.$add$E:/Are_UBNN_KWS/self/scripts/../src/compute/popcount.sv:62$310 ($add).
Removed top 4 bits (of 5) from port B of cell are_ubnn_kws_top.$flatten\u_pe_array.\gen_pe[0].u_pe.\u_popcount.$add$E:/Are_UBNN_KWS/self/scripts/../src/compute/popcount.sv:62$309 ($add).
Removed top 4 bits (of 5) from port B of cell are_ubnn_kws_top.$flatten\u_pe_array.\gen_pe[0].u_pe.\u_popcount.$add$E:/Are_UBNN_KWS/self/scripts/../src/compute/popcount.sv:62$308 ($add).
Removed top 4 bits (of 5) from port B of cell are_ubnn_kws_top.$flatten\u_pe_array.\gen_pe[0].u_pe.\u_popcount.$add$E:/Are_UBNN_KWS/self/scripts/../src/compute/popcount.sv:62$307 ($add).
Removed top 4 bits (of 5) from port B of cell are_ubnn_kws_top.$flatten\u_pe_array.\gen_pe[0].u_pe.\u_popcount.$add$E:/Are_UBNN_KWS/self/scripts/../src/compute/popcount.sv:62$306 ($add).
Removed top 4 bits (of 5) from port B of cell are_ubnn_kws_top.$flatten\u_pe_array.\gen_pe[0].u_pe.\u_popcount.$add$E:/Are_UBNN_KWS/self/scripts/../src/compute/popcount.sv:62$305 ($add).
Removed top 4 bits (of 5) from port B of cell are_ubnn_kws_top.$flatten\u_pe_array.\gen_pe[0].u_pe.\u_popcount.$add$E:/Are_UBNN_KWS/self/scripts/../src/compute/popcount.sv:62$304 ($add).
Removed top 4 bits (of 5) from port B of cell are_ubnn_kws_top.$flatten\u_pe_array.\gen_pe[0].u_pe.\u_popcount.$add$E:/Are_UBNN_KWS/self/scripts/../src/compute/popcount.sv:62$303 ($add).
Removed top 4 bits (of 5) from port B of cell are_ubnn_kws_top.$flatten\u_pe_array.\gen_pe[0].u_pe.\u_popcount.$add$E:/Are_UBNN_KWS/self/scripts/../src/compute/popcount.sv:62$302 ($add).
Removed top 4 bits (of 5) from port B of cell are_ubnn_kws_top.$flatten\u_pe_array.\gen_pe[0].u_pe.\u_popcount.$add$E:/Are_UBNN_KWS/self/scripts/../src/compute/popcount.sv:62$301 ($add).
Removed top 4 bits (of 5) from port A of cell are_ubnn_kws_top.$flatten\u_pe_array.\gen_pe[0].u_pe.\u_popcount.$add$E:/Are_UBNN_KWS/self/scripts/../src/compute/popcount.sv:62$300 ($add).
Removed top 4 bits (of 5) from port B of cell are_ubnn_kws_top.$flatten\u_pe_array.\gen_pe[0].u_pe.\u_popcount.$add$E:/Are_UBNN_KWS/self/scripts/../src/compute/popcount.sv:62$300 ($add).
Removed top 3 bits (of 5) from port Y of cell are_ubnn_kws_top.$flatten\u_pe_array.\gen_pe[0].u_pe.\u_popcount.$add$E:/Are_UBNN_KWS/self/scripts/../src/compute/popcount.sv:62$300 ($add).
Removed top 3 bits (of 5) from wire are_ubnn_kws_top.$flatten\u_pe_array.\gen_pe[0].u_pe.\u_popcount.$add$E:/Are_UBNN_KWS/self/scripts/../src/compute/popcount.sv:62$300_Y.
Removed top 3 bits (of 5) from wire are_ubnn_kws_top.$flatten\u_pe_array.\gen_pe[3].u_pe.\u_popcount.$add$E:/Are_UBNN_KWS/self/scripts/../src/compute/popcount.sv:62$300_Y.
Removed top 3 bits (of 5) from wire are_ubnn_kws_top.$flatten\u_pe_array.\gen_pe[4].u_pe.\u_popcount.$add$E:/Are_UBNN_KWS/self/scripts/../src/compute/popcount.sv:62$300_Y.
Removed top 3 bits (of 5) from wire are_ubnn_kws_top.$flatten\u_pe_array.\gen_pe[5].u_pe.\u_popcount.$add$E:/Are_UBNN_KWS/self/scripts/../src/compute/popcount.sv:62$300_Y.
Removed top 3 bits (of 5) from wire are_ubnn_kws_top.$flatten\u_pe_array.\gen_pe[6].u_pe.\u_popcount.$add$E:/Are_UBNN_KWS/self/scripts/../src/compute/popcount.sv:62$300_Y.
Removed top 3 bits (of 5) from wire are_ubnn_kws_top.$flatten\u_pe_array.\gen_pe[7].u_pe.\u_popcount.$add$E:/Are_UBNN_KWS/self/scripts/../src/compute/popcount.sv:62$300_Y.
Removed top 3 bits (of 5) from wire are_ubnn_kws_top.$flatten\u_pe_array.\gen_pe[8].u_pe.\u_popcount.$add$E:/Are_UBNN_KWS/self/scripts/../src/compute/popcount.sv:62$300_Y.
Removed top 3 bits (of 5) from wire are_ubnn_kws_top.$flatten\u_pe_array.\gen_pe[9].u_pe.\u_popcount.$add$E:/Are_UBNN_KWS/self/scripts/../src/compute/popcount.sv:62$300_Y.
Removed top 3 bits (of 5) from wire are_ubnn_kws_top.$flatten\u_pe_array.\gen_pe[10].u_pe.\u_popcount.$add$E:/Are_UBNN_KWS/self/scripts/../src/compute/popcount.sv:62$300_Y.
Removed top 3 bits (of 5) from wire are_ubnn_kws_top.$flatten\u_pe_array.\gen_pe[11].u_pe.\u_popcount.$add$E:/Are_UBNN_KWS/self/scripts/../src/compute/popcount.sv:62$300_Y.
Removed top 3 bits (of 5) from wire are_ubnn_kws_top.$flatten\u_pe_array.\gen_pe[12].u_pe.\u_popcount.$add$E:/Are_UBNN_KWS/self/scripts/../src/compute/popcount.sv:62$300_Y.
Removed top 3 bits (of 5) from wire are_ubnn_kws_top.$flatten\u_pe_array.\gen_pe[1].u_pe.\u_popcount.$add$E:/Are_UBNN_KWS/self/scripts/../src/compute/popcount.sv:62$300_Y.
Removed top 3 bits (of 5) from wire are_ubnn_kws_top.$flatten\u_pe_array.\gen_pe[13].u_pe.\u_popcount.$add$E:/Are_UBNN_KWS/self/scripts/../src/compute/popcount.sv:62$300_Y.
Removed top 3 bits (of 5) from wire are_ubnn_kws_top.$flatten\u_pe_array.\gen_pe[14].u_pe.\u_popcount.$add$E:/Are_UBNN_KWS/self/scripts/../src/compute/popcount.sv:62$300_Y.
Removed top 3 bits (of 5) from wire are_ubnn_kws_top.$flatten\u_pe_array.\gen_pe[15].u_pe.\u_popcount.$add$E:/Are_UBNN_KWS/self/scripts/../src/compute/popcount.sv:62$300_Y.
Removed top 3 bits (of 9) from wire are_ubnn_kws_top.$flatten\u_accum.$add$E:/Are_UBNN_KWS/self/scripts/../src/baseline/accumulator.sv:62$511_Y.
Removed top 3 bits (of 5) from wire are_ubnn_kws_top.$flatten\u_pe_array.\gen_pe[2].u_pe.\u_popcount.$add$E:/Are_UBNN_KWS/self/scripts/../src/compute/popcount.sv:62$300_Y.

13.12. Executing PEEPOPT pass (run peephole optimizers).

13.13. Executing OPT_CLEAN pass (remove unused cells and wires).
Finding unused cells or wires in module \are_ubnn_kws_top..
Removed 0 unused cells and 17 unused wires.
<suppressed ~1 debug messages>

13.14. Executing ALUMACC pass (create $alu and $macc cells).
Extracting $alu and $macc cells in module are_ubnn_kws_top:
  creating $macc model for $flatten\u_pe_array.\gen_pe[0].u_pe.\u_popcount.$add$E:/Are_UBNN_KWS/self/scripts/../src/compute/popcount.sv:62$300 ($add).
  creating $macc model for $flatten\u_pe_array.\gen_pe[0].u_pe.\u_popcount.$add$E:/Are_UBNN_KWS/self/scripts/../src/compute/popcount.sv:62$301 ($add).
  creating $macc model for $flatten\u_pe_array.\gen_pe[0].u_pe.\u_popcount.$add$E:/Are_UBNN_KWS/self/scripts/../src/compute/popcount.sv:62$302 ($add).
  creating $macc model for $flatten\u_pe_array.\gen_pe[0].u_pe.\u_popcount.$add$E:/Are_UBNN_KWS/self/scripts/../src/compute/popcount.sv:62$303 ($add).
  creating $macc model for $flatten\u_pe_array.\gen_pe[0].u_pe.\u_popcount.$add$E:/Are_UBNN_KWS/self/scripts/../src/compute/popcount.sv:62$304 ($add).
  creating $macc model for $flatten\u_pe_array.\gen_pe[0].u_pe.\u_popcount.$add$E:/Are_UBNN_KWS/self/scripts/../src/compute/popcount.sv:62$305 ($add).
  creating $macc model for $flatten\u_pe_array.\gen_pe[0].u_pe.\u_popcount.$add$E:/Are_UBNN_KWS/self/scripts/../src/compute/popcount.sv:62$306 ($add).
  creating $macc model for $flatten\u_pe_array.\gen_pe[0].u_pe.\u_popcount.$add$E:/Are_UBNN_KWS/self/scripts/../src/compute/popcount.sv:62$307 ($add).
  creating $macc model for $flatten\u_pe_array.\gen_pe[0].u_pe.\u_popcount.$add$E:/Are_UBNN_KWS/self/scripts/../src/compute/popcount.sv:62$308 ($add).
  creating $macc model for $flatten\u_pe_array.\gen_pe[0].u_pe.\u_popcount.$add$E:/Are_UBNN_KWS/self/scripts/../src/compute/popcount.sv:62$309 ($add).
  creating $macc model for $flatten\u_pe_array.\gen_pe[0].u_pe.\u_popcount.$add$E:/Are_UBNN_KWS/self/scripts/../src/compute/popcount.sv:62$310 ($add).
  creating $macc model for $flatten\u_pe_array.\gen_pe[0].u_pe.\u_popcount.$add$E:/Are_UBNN_KWS/self/scripts/../src/compute/popcount.sv:62$311 ($add).
  creating $macc model for $flatten\u_pe_array.\gen_pe[0].u_pe.\u_popcount.$add$E:/Are_UBNN_KWS/self/scripts/../src/compute/popcount.sv:62$312 ($add).
  creating $macc model for $flatten\u_pe_array.\gen_pe[0].u_pe.\u_popcount.$add$E:/Are_UBNN_KWS/self/scripts/../src/compute/popcount.sv:62$313 ($add).
  creating $macc model for $flatten\u_pe_array.\gen_pe[0].u_pe.\u_popcount.$add$E:/Are_UBNN_KWS/self/scripts/../src/compute/popcount.sv:62$314 ($add).
  creating $macc model for $flatten\u_pe_array.\gen_pe[1].u_pe.\u_popcount.$add$E:/Are_UBNN_KWS/self/scripts/../src/compute/popcount.sv:62$300 ($add).
  creating $macc model for $flatten\u_pe_array.\gen_pe[1].u_pe.\u_popcount.$add$E:/Are_UBNN_KWS/self/scripts/../src/compute/popcount.sv:62$301 ($add).
  creating $macc model for $flatten\u_pe_array.\gen_pe[1].u_pe.\u_popcount.$add$E:/Are_UBNN_KWS/self/scripts/../src/compute/popcount.sv:62$302 ($add).
  creating $macc model for $flatten\u_pe_array.\gen_pe[1].u_pe.\u_popcount.$add$E:/Are_UBNN_KWS/self/scripts/../src/compute/popcount.sv:62$303 ($add).
  creating $macc model for $flatten\u_pe_array.\gen_pe[1].u_pe.\u_popcount.$add$E:/Are_UBNN_KWS/self/scripts/../src/compute/popcount.sv:62$304 ($add).
  creating $macc model for $flatten\u_pe_array.\gen_pe[1].u_pe.\u_popcount.$add$E:/Are_UBNN_KWS/self/scripts/../src/compute/popcount.sv:62$305 ($add).
  creating $macc model for $flatten\u_pe_array.\gen_pe[1].u_pe.\u_popcount.$add$E:/Are_UBNN_KWS/self/scripts/../src/compute/popcount.sv:62$306 ($add).
  creating $macc model for $flatten\u_pe_array.\gen_pe[1].u_pe.\u_popcount.$add$E:/Are_UBNN_KWS/self/scripts/../src/compute/popcount.sv:62$307 ($add).
  creating $macc model for $flatten\u_pe_array.\gen_pe[1].u_pe.\u_popcount.$add$E:/Are_UBNN_KWS/self/scripts/../src/compute/popcount.sv:62$308 ($add).
  creating $macc model for $flatten\u_pe_array.\gen_pe[1].u_pe.\u_popcount.$add$E:/Are_UBNN_KWS/self/scripts/../src/compute/popcount.sv:62$309 ($add).
  creating $macc model for $flatten\u_pe_array.\gen_pe[1].u_pe.\u_popcount.$add$E:/Are_UBNN_KWS/self/scripts/../src/compute/popcount.sv:62$310 ($add).
  creating $macc model for $flatten\u_pe_array.\gen_pe[1].u_pe.\u_popcount.$add$E:/Are_UBNN_KWS/self/scripts/../src/compute/popcount.sv:62$311 ($add).
  creating $macc model for $flatten\u_pe_array.\gen_pe[1].u_pe.\u_popcount.$add$E:/Are_UBNN_KWS/self/scripts/../src/compute/popcount.sv:62$312 ($add).
  creating $macc model for $flatten\u_pe_array.\gen_pe[1].u_pe.\u_popcount.$add$E:/Are_UBNN_KWS/self/scripts/../src/compute/popcount.sv:62$313 ($add).
  creating $macc model for $flatten\u_pe_array.\gen_pe[1].u_pe.\u_popcount.$add$E:/Are_UBNN_KWS/self/scripts/../src/compute/popcount.sv:62$314 ($add).
  creating $macc model for $flatten\u_pe_array.\gen_pe[2].u_pe.\u_popcount.$add$E:/Are_UBNN_KWS/self/scripts/../src/compute/popcount.sv:62$300 ($add).
  creating $macc model for $flatten\u_pe_array.\gen_pe[2].u_pe.\u_popcount.$add$E:/Are_UBNN_KWS/self/scripts/../src/compute/popcount.sv:62$301 ($add).
  creating $macc model for $flatten\u_pe_array.\gen_pe[2].u_pe.\u_popcount.$add$E:/Are_UBNN_KWS/self/scripts/../src/compute/popcount.sv:62$302 ($add).
  creating $macc model for $flatten\u_pe_array.\gen_pe[2].u_pe.\u_popcount.$add$E:/Are_UBNN_KWS/self/scripts/../src/compute/popcount.sv:62$303 ($add).
  creating $macc model for $flatten\u_pe_array.\gen_pe[2].u_pe.\u_popcount.$add$E:/Are_UBNN_KWS/self/scripts/../src/compute/popcount.sv:62$304 ($add).
  creating $macc model for $flatten\u_pe_array.\gen_pe[2].u_pe.\u_popcount.$add$E:/Are_UBNN_KWS/self/scripts/../src/compute/popcount.sv:62$305 ($add).
  creating $macc model for $flatten\u_pe_array.\gen_pe[2].u_pe.\u_popcount.$add$E:/Are_UBNN_KWS/self/scripts/../src/compute/popcount.sv:62$306 ($add).
  creating $macc model for $flatten\u_pe_array.\gen_pe[2].u_pe.\u_popcount.$add$E:/Are_UBNN_KWS/self/scripts/../src/compute/popcount.sv:62$307 ($add).
  creating $macc model for $flatten\u_pe_array.\gen_pe[2].u_pe.\u_popcount.$add$E:/Are_UBNN_KWS/self/scripts/../src/compute/popcount.sv:62$308 ($add).
  creating $macc model for $flatten\u_pe_array.\gen_pe[2].u_pe.\u_popcount.$add$E:/Are_UBNN_KWS/self/scripts/../src/compute/popcount.sv:62$309 ($add).
  creating $macc model for $flatten\u_pe_array.\gen_pe[2].u_pe.\u_popcount.$add$E:/Are_UBNN_KWS/self/scripts/../src/compute/popcount.sv:62$310 ($add).
  creating $macc model for $flatten\u_pe_array.\gen_pe[2].u_pe.\u_popcount.$add$E:/Are_UBNN_KWS/self/scripts/../src/compute/popcount.sv:62$311 ($add).
  creating $macc model for $flatten\u_pe_array.\gen_pe[2].u_pe.\u_popcount.$add$E:/Are_UBNN_KWS/self/scripts/../src/compute/popcount.sv:62$312 ($add).
  creating $macc model for $flatten\u_pe_array.\gen_pe[2].u_pe.\u_popcount.$add$E:/Are_UBNN_KWS/self/scripts/../src/compute/popcount.sv:62$313 ($add).
  creating $macc model for $flatten\u_pe_array.\gen_pe[2].u_pe.\u_popcount.$add$E:/Are_UBNN_KWS/self/scripts/../src/compute/popcount.sv:62$314 ($add).
  creating $macc model for $flatten\u_pe_array.\gen_pe[3].u_pe.\u_popcount.$add$E:/Are_UBNN_KWS/self/scripts/../src/compute/popcount.sv:62$300 ($add).
  creating $macc model for $flatten\u_pe_array.\gen_pe[3].u_pe.\u_popcount.$add$E:/Are_UBNN_KWS/self/scripts/../src/compute/popcount.sv:62$301 ($add).
  creating $macc model for $flatten\u_pe_array.\gen_pe[3].u_pe.\u_popcount.$add$E:/Are_UBNN_KWS/self/scripts/../src/compute/popcount.sv:62$302 ($add).
  creating $macc model for $flatten\u_pe_array.\gen_pe[3].u_pe.\u_popcount.$add$E:/Are_UBNN_KWS/self/scripts/../src/compute/popcount.sv:62$303 ($add).
  creating $macc model for $flatten\u_pe_array.\gen_pe[3].u_pe.\u_popcount.$add$E:/Are_UBNN_KWS/self/scripts/../src/compute/popcount.sv:62$304 ($add).
  creating $macc model for $flatten\u_pe_array.\gen_pe[3].u_pe.\u_popcount.$add$E:/Are_UBNN_KWS/self/scripts/../src/compute/popcount.sv:62$305 ($add).
  creating $macc model for $flatten\u_pe_array.\gen_pe[3].u_pe.\u_popcount.$add$E:/Are_UBNN_KWS/self/scripts/../src/compute/popcount.sv:62$306 ($add).
  creating $macc model for $flatten\u_pe_array.\gen_pe[3].u_pe.\u_popcount.$add$E:/Are_UBNN_KWS/self/scripts/../src/compute/popcount.sv:62$307 ($add).
  creating $macc model for $flatten\u_pe_array.\gen_pe[3].u_pe.\u_popcount.$add$E:/Are_UBNN_KWS/self/scripts/../src/compute/popcount.sv:62$308 ($add).
  creating $macc model for $flatten\u_pe_array.\gen_pe[3].u_pe.\u_popcount.$add$E:/Are_UBNN_KWS/self/scripts/../src/compute/popcount.sv:62$309 ($add).
  creating $macc model for $flatten\u_pe_array.\gen_pe[3].u_pe.\u_popcount.$add$E:/Are_UBNN_KWS/self/scripts/../src/compute/popcount.sv:62$310 ($add).
  creating $macc model for $flatten\u_pe_array.\gen_pe[3].u_pe.\u_popcount.$add$E:/Are_UBNN_KWS/self/scripts/../src/compute/popcount.sv:62$311 ($add).
  creating $macc model for $flatten\u_pe_array.\gen_pe[3].u_pe.\u_popcount.$add$E:/Are_UBNN_KWS/self/scripts/../src/compute/popcount.sv:62$312 ($add).
  creating $macc model for $flatten\u_pe_array.\gen_pe[3].u_pe.\u_popcount.$add$E:/Are_UBNN_KWS/self/scripts/../src/compute/popcount.sv:62$313 ($add).
  creating $macc model for $flatten\u_pe_array.\gen_pe[3].u_pe.\u_popcount.$add$E:/Are_UBNN_KWS/self/scripts/../src/compute/popcount.sv:62$314 ($add).
  creating $macc model for $flatten\u_pe_array.\gen_pe[4].u_pe.\u_popcount.$add$E:/Are_UBNN_KWS/self/scripts/../src/compute/popcount.sv:62$300 ($add).
  creating $macc model for $flatten\u_pe_array.\gen_pe[4].u_pe.\u_popcount.$add$E:/Are_UBNN_KWS/self/scripts/../src/compute/popcount.sv:62$301 ($add).
  creating $macc model for $flatten\u_pe_array.\gen_pe[4].u_pe.\u_popcount.$add$E:/Are_UBNN_KWS/self/scripts/../src/compute/popcount.sv:62$302 ($add).
  creating $macc model for $flatten\u_pe_array.\gen_pe[4].u_pe.\u_popcount.$add$E:/Are_UBNN_KWS/self/scripts/../src/compute/popcount.sv:62$303 ($add).
  creating $macc model for $flatten\u_pe_array.\gen_pe[4].u_pe.\u_popcount.$add$E:/Are_UBNN_KWS/self/scripts/../src/compute/popcount.sv:62$304 ($add).
  creating $macc model for $flatten\u_pe_array.\gen_pe[4].u_pe.\u_popcount.$add$E:/Are_UBNN_KWS/self/scripts/../src/compute/popcount.sv:62$305 ($add).
  creating $macc model for $flatten\u_pe_array.\gen_pe[4].u_pe.\u_popcount.$add$E:/Are_UBNN_KWS/self/scripts/../src/compute/popcount.sv:62$306 ($add).
  creating $macc model for $flatten\u_pe_array.\gen_pe[4].u_pe.\u_popcount.$add$E:/Are_UBNN_KWS/self/scripts/../src/compute/popcount.sv:62$307 ($add).
  creating $macc model for $flatten\u_pe_array.\gen_pe[4].u_pe.\u_popcount.$add$E:/Are_UBNN_KWS/self/scripts/../src/compute/popcount.sv:62$308 ($add).
  creating $macc model for $flatten\u_pe_array.\gen_pe[4].u_pe.\u_popcount.$add$E:/Are_UBNN_KWS/self/scripts/../src/compute/popcount.sv:62$309 ($add).
  creating $macc model for $flatten\u_pe_array.\gen_pe[4].u_pe.\u_popcount.$add$E:/Are_UBNN_KWS/self/scripts/../src/compute/popcount.sv:62$310 ($add).
  creating $macc model for $flatten\u_pe_array.\gen_pe[4].u_pe.\u_popcount.$add$E:/Are_UBNN_KWS/self/scripts/../src/compute/popcount.sv:62$311 ($add).
  creating $macc model for $flatten\u_pe_array.\gen_pe[4].u_pe.\u_popcount.$add$E:/Are_UBNN_KWS/self/scripts/../src/compute/popcount.sv:62$312 ($add).
  creating $macc model for $flatten\u_pe_array.\gen_pe[4].u_pe.\u_popcount.$add$E:/Are_UBNN_KWS/self/scripts/../src/compute/popcount.sv:62$313 ($add).
  creating $macc model for $flatten\u_pe_array.\gen_pe[4].u_pe.\u_popcount.$add$E:/Are_UBNN_KWS/self/scripts/../src/compute/popcount.sv:62$314 ($add).
  creating $macc model for $flatten\u_pe_array.\gen_pe[5].u_pe.\u_popcount.$add$E:/Are_UBNN_KWS/self/scripts/../src/compute/popcount.sv:62$300 ($add).
  creating $macc model for $flatten\u_pe_array.\gen_pe[5].u_pe.\u_popcount.$add$E:/Are_UBNN_KWS/self/scripts/../src/compute/popcount.sv:62$301 ($add).
  creating $macc model for $flatten\u_pe_array.\gen_pe[5].u_pe.\u_popcount.$add$E:/Are_UBNN_KWS/self/scripts/../src/compute/popcount.sv:62$302 ($add).
  creating $macc model for $flatten\u_pe_array.\gen_pe[5].u_pe.\u_popcount.$add$E:/Are_UBNN_KWS/self/scripts/../src/compute/popcount.sv:62$303 ($add).
  creating $macc model for $flatten\u_pe_array.\gen_pe[5].u_pe.\u_popcount.$add$E:/Are_UBNN_KWS/self/scripts/../src/compute/popcount.sv:62$304 ($add).
  creating $macc model for $flatten\u_pe_array.\gen_pe[5].u_pe.\u_popcount.$add$E:/Are_UBNN_KWS/self/scripts/../src/compute/popcount.sv:62$305 ($add).
  creating $macc model for $flatten\u_pe_array.\gen_pe[5].u_pe.\u_popcount.$add$E:/Are_UBNN_KWS/self/scripts/../src/compute/popcount.sv:62$306 ($add).
  creating $macc model for $flatten\u_pe_array.\gen_pe[5].u_pe.\u_popcount.$add$E:/Are_UBNN_KWS/self/scripts/../src/compute/popcount.sv:62$307 ($add).
  creating $macc model for $flatten\u_pe_array.\gen_pe[5].u_pe.\u_popcount.$add$E:/Are_UBNN_KWS/self/scripts/../src/compute/popcount.sv:62$308 ($add).
  creating $macc model for $flatten\u_pe_array.\gen_pe[5].u_pe.\u_popcount.$add$E:/Are_UBNN_KWS/self/scripts/../src/compute/popcount.sv:62$309 ($add).
  creating $macc model for $flatten\u_pe_array.\gen_pe[5].u_pe.\u_popcount.$add$E:/Are_UBNN_KWS/self/scripts/../src/compute/popcount.sv:62$310 ($add).
  creating $macc model for $flatten\u_pe_array.\gen_pe[5].u_pe.\u_popcount.$add$E:/Are_UBNN_KWS/self/scripts/../src/compute/popcount.sv:62$311 ($add).
  creating $macc model for $flatten\u_pe_array.\gen_pe[5].u_pe.\u_popcount.$add$E:/Are_UBNN_KWS/self/scripts/../src/compute/popcount.sv:62$312 ($add).
  creating $macc model for $flatten\u_pe_array.\gen_pe[5].u_pe.\u_popcount.$add$E:/Are_UBNN_KWS/self/scripts/../src/compute/popcount.sv:62$313 ($add).
  creating $macc model for $flatten\u_pe_array.\gen_pe[5].u_pe.\u_popcount.$add$E:/Are_UBNN_KWS/self/scripts/../src/compute/popcount.sv:62$314 ($add).
  creating $macc model for $flatten\u_pe_array.\gen_pe[6].u_pe.\u_popcount.$add$E:/Are_UBNN_KWS/self/scripts/../src/compute/popcount.sv:62$300 ($add).
  creating $macc model for $flatten\u_pe_array.\gen_pe[6].u_pe.\u_popcount.$add$E:/Are_UBNN_KWS/self/scripts/../src/compute/popcount.sv:62$301 ($add).
  creating $macc model for $flatten\u_pe_array.\gen_pe[6].u_pe.\u_popcount.$add$E:/Are_UBNN_KWS/self/scripts/../src/compute/popcount.sv:62$302 ($add).
  creating $macc model for $flatten\u_pe_array.\gen_pe[6].u_pe.\u_popcount.$add$E:/Are_UBNN_KWS/self/scripts/../src/compute/popcount.sv:62$303 ($add).
  creating $macc model for $flatten\u_pe_array.\gen_pe[6].u_pe.\u_popcount.$add$E:/Are_UBNN_KWS/self/scripts/../src/compute/popcount.sv:62$304 ($add).
  creating $macc model for $flatten\u_pe_array.\gen_pe[6].u_pe.\u_popcount.$add$E:/Are_UBNN_KWS/self/scripts/../src/compute/popcount.sv:62$305 ($add).
  creating $macc model for $flatten\u_pe_array.\gen_pe[6].u_pe.\u_popcount.$add$E:/Are_UBNN_KWS/self/scripts/../src/compute/popcount.sv:62$306 ($add).
  creating $macc model for $flatten\u_pe_array.\gen_pe[6].u_pe.\u_popcount.$add$E:/Are_UBNN_KWS/self/scripts/../src/compute/popcount.sv:62$307 ($add).
  creating $macc model for $flatten\u_pe_array.\gen_pe[6].u_pe.\u_popcount.$add$E:/Are_UBNN_KWS/self/scripts/../src/compute/popcount.sv:62$308 ($add).
  creating $macc model for $flatten\u_pe_array.\gen_pe[6].u_pe.\u_popcount.$add$E:/Are_UBNN_KWS/self/scripts/../src/compute/popcount.sv:62$309 ($add).
  creating $macc model for $flatten\u_pe_array.\gen_pe[6].u_pe.\u_popcount.$add$E:/Are_UBNN_KWS/self/scripts/../src/compute/popcount.sv:62$310 ($add).
  creating $macc model for $flatten\u_pe_array.\gen_pe[6].u_pe.\u_popcount.$add$E:/Are_UBNN_KWS/self/scripts/../src/compute/popcount.sv:62$311 ($add).
  creating $macc model for $flatten\u_pe_array.\gen_pe[6].u_pe.\u_popcount.$add$E:/Are_UBNN_KWS/self/scripts/../src/compute/popcount.sv:62$312 ($add).
  creating $macc model for $flatten\u_pe_array.\gen_pe[6].u_pe.\u_popcount.$add$E:/Are_UBNN_KWS/self/scripts/../src/compute/popcount.sv:62$313 ($add).
  creating $macc model for $flatten\u_pe_array.\gen_pe[6].u_pe.\u_popcount.$add$E:/Are_UBNN_KWS/self/scripts/../src/compute/popcount.sv:62$314 ($add).
  creating $macc model for $flatten\u_pe_array.\gen_pe[7].u_pe.\u_popcount.$add$E:/Are_UBNN_KWS/self/scripts/../src/compute/popcount.sv:62$300 ($add).
  creating $macc model for $flatten\u_pe_array.\gen_pe[7].u_pe.\u_popcount.$add$E:/Are_UBNN_KWS/self/scripts/../src/compute/popcount.sv:62$301 ($add).
  creating $macc model for $flatten\u_pe_array.\gen_pe[7].u_pe.\u_popcount.$add$E:/Are_UBNN_KWS/self/scripts/../src/compute/popcount.sv:62$302 ($add).
  creating $macc model for $flatten\u_pe_array.\gen_pe[7].u_pe.\u_popcount.$add$E:/Are_UBNN_KWS/self/scripts/../src/compute/popcount.sv:62$303 ($add).
  creating $macc model for $flatten\u_pe_array.\gen_pe[7].u_pe.\u_popcount.$add$E:/Are_UBNN_KWS/self/scripts/../src/compute/popcount.sv:62$304 ($add).
  creating $macc model for $flatten\u_pe_array.\gen_pe[7].u_pe.\u_popcount.$add$E:/Are_UBNN_KWS/self/scripts/../src/compute/popcount.sv:62$305 ($add).
  creating $macc model for $flatten\u_pe_array.\gen_pe[7].u_pe.\u_popcount.$add$E:/Are_UBNN_KWS/self/scripts/../src/compute/popcount.sv:62$306 ($add).
  creating $macc model for $flatten\u_pe_array.\gen_pe[7].u_pe.\u_popcount.$add$E:/Are_UBNN_KWS/self/scripts/../src/compute/popcount.sv:62$307 ($add).
  creating $macc model for $flatten\u_pe_array.\gen_pe[7].u_pe.\u_popcount.$add$E:/Are_UBNN_KWS/self/scripts/../src/compute/popcount.sv:62$308 ($add).
  creating $macc model for $flatten\u_pe_array.\gen_pe[7].u_pe.\u_popcount.$add$E:/Are_UBNN_KWS/self/scripts/../src/compute/popcount.sv:62$309 ($add).
  creating $macc model for $flatten\u_pe_array.\gen_pe[7].u_pe.\u_popcount.$add$E:/Are_UBNN_KWS/self/scripts/../src/compute/popcount.sv:62$310 ($add).
  creating $macc model for $flatten\u_pe_array.\gen_pe[7].u_pe.\u_popcount.$add$E:/Are_UBNN_KWS/self/scripts/../src/compute/popcount.sv:62$311 ($add).
  creating $macc model for $flatten\u_pe_array.\gen_pe[7].u_pe.\u_popcount.$add$E:/Are_UBNN_KWS/self/scripts/../src/compute/popcount.sv:62$312 ($add).
  creating $macc model for $flatten\u_pe_array.\gen_pe[7].u_pe.\u_popcount.$add$E:/Are_UBNN_KWS/self/scripts/../src/compute/popcount.sv:62$313 ($add).
  creating $macc model for $flatten\u_pe_array.\gen_pe[7].u_pe.\u_popcount.$add$E:/Are_UBNN_KWS/self/scripts/../src/compute/popcount.sv:62$314 ($add).
  creating $macc model for $flatten\u_pe_array.\gen_pe[8].u_pe.\u_popcount.$add$E:/Are_UBNN_KWS/self/scripts/../src/compute/popcount.sv:62$300 ($add).
  creating $macc model for $flatten\u_pe_array.\gen_pe[8].u_pe.\u_popcount.$add$E:/Are_UBNN_KWS/self/scripts/../src/compute/popcount.sv:62$301 ($add).
  creating $macc model for $flatten\u_pe_array.\gen_pe[8].u_pe.\u_popcount.$add$E:/Are_UBNN_KWS/self/scripts/../src/compute/popcount.sv:62$302 ($add).
  creating $macc model for $flatten\u_pe_array.\gen_pe[8].u_pe.\u_popcount.$add$E:/Are_UBNN_KWS/self/scripts/../src/compute/popcount.sv:62$303 ($add).
  creating $macc model for $flatten\u_pe_array.\gen_pe[8].u_pe.\u_popcount.$add$E:/Are_UBNN_KWS/self/scripts/../src/compute/popcount.sv:62$304 ($add).
  creating $macc model for $flatten\u_pe_array.\gen_pe[8].u_pe.\u_popcount.$add$E:/Are_UBNN_KWS/self/scripts/../src/compute/popcount.sv:62$305 ($add).
  creating $macc model for $flatten\u_pe_array.\gen_pe[8].u_pe.\u_popcount.$add$E:/Are_UBNN_KWS/self/scripts/../src/compute/popcount.sv:62$306 ($add).
  creating $macc model for $flatten\u_pe_array.\gen_pe[8].u_pe.\u_popcount.$add$E:/Are_UBNN_KWS/self/scripts/../src/compute/popcount.sv:62$307 ($add).
  creating $macc model for $flatten\u_pe_array.\gen_pe[8].u_pe.\u_popcount.$add$E:/Are_UBNN_KWS/self/scripts/../src/compute/popcount.sv:62$308 ($add).
  creating $macc model for $flatten\u_pe_array.\gen_pe[8].u_pe.\u_popcount.$add$E:/Are_UBNN_KWS/self/scripts/../src/compute/popcount.sv:62$309 ($add).
  creating $macc model for $flatten\u_pe_array.\gen_pe[8].u_pe.\u_popcount.$add$E:/Are_UBNN_KWS/self/scripts/../src/compute/popcount.sv:62$310 ($add).
  creating $macc model for $flatten\u_pe_array.\gen_pe[8].u_pe.\u_popcount.$add$E:/Are_UBNN_KWS/self/scripts/../src/compute/popcount.sv:62$311 ($add).
  creating $macc model for $flatten\u_pe_array.\gen_pe[8].u_pe.\u_popcount.$add$E:/Are_UBNN_KWS/self/scripts/../src/compute/popcount.sv:62$312 ($add).
  creating $macc model for $flatten\u_pe_array.\gen_pe[8].u_pe.\u_popcount.$add$E:/Are_UBNN_KWS/self/scripts/../src/compute/popcount.sv:62$313 ($add).
  creating $macc model for $flatten\u_pe_array.\gen_pe[8].u_pe.\u_popcount.$add$E:/Are_UBNN_KWS/self/scripts/../src/compute/popcount.sv:62$314 ($add).
  creating $macc model for $flatten\u_pe_array.\gen_pe[9].u_pe.\u_popcount.$add$E:/Are_UBNN_KWS/self/scripts/../src/compute/popcount.sv:62$300 ($add).
  creating $macc model for $flatten\u_pe_array.\gen_pe[9].u_pe.\u_popcount.$add$E:/Are_UBNN_KWS/self/scripts/../src/compute/popcount.sv:62$301 ($add).
  creating $macc model for $flatten\u_pe_array.\gen_pe[9].u_pe.\u_popcount.$add$E:/Are_UBNN_KWS/self/scripts/../src/compute/popcount.sv:62$302 ($add).
  creating $macc model for $flatten\u_pe_array.\gen_pe[9].u_pe.\u_popcount.$add$E:/Are_UBNN_KWS/self/scripts/../src/compute/popcount.sv:62$303 ($add).
  creating $macc model for $flatten\u_pe_array.\gen_pe[9].u_pe.\u_popcount.$add$E:/Are_UBNN_KWS/self/scripts/../src/compute/popcount.sv:62$304 ($add).
  creating $macc model for $flatten\u_pe_array.\gen_pe[9].u_pe.\u_popcount.$add$E:/Are_UBNN_KWS/self/scripts/../src/compute/popcount.sv:62$305 ($add).
  creating $macc model for $flatten\u_pe_array.\gen_pe[9].u_pe.\u_popcount.$add$E:/Are_UBNN_KWS/self/scripts/../src/compute/popcount.sv:62$306 ($add).
  creating $macc model for $flatten\u_pe_array.\gen_pe[9].u_pe.\u_popcount.$add$E:/Are_UBNN_KWS/self/scripts/../src/compute/popcount.sv:62$307 ($add).
  creating $macc model for $flatten\u_pe_array.\gen_pe[9].u_pe.\u_popcount.$add$E:/Are_UBNN_KWS/self/scripts/../src/compute/popcount.sv:62$308 ($add).
  creating $macc model for $flatten\u_pe_array.\gen_pe[9].u_pe.\u_popcount.$add$E:/Are_UBNN_KWS/self/scripts/../src/compute/popcount.sv:62$309 ($add).
  creating $macc model for $flatten\u_pe_array.\gen_pe[9].u_pe.\u_popcount.$add$E:/Are_UBNN_KWS/self/scripts/../src/compute/popcount.sv:62$310 ($add).
  creating $macc model for $flatten\u_pe_array.\gen_pe[9].u_pe.\u_popcount.$add$E:/Are_UBNN_KWS/self/scripts/../src/compute/popcount.sv:62$311 ($add).
  creating $macc model for $flatten\u_pe_array.\gen_pe[9].u_pe.\u_popcount.$add$E:/Are_UBNN_KWS/self/scripts/../src/compute/popcount.sv:62$312 ($add).
  creating $macc model for $flatten\u_pe_array.\gen_pe[9].u_pe.\u_popcount.$add$E:/Are_UBNN_KWS/self/scripts/../src/compute/popcount.sv:62$313 ($add).
  creating $macc model for $flatten\u_pe_array.\gen_pe[9].u_pe.\u_popcount.$add$E:/Are_UBNN_KWS/self/scripts/../src/compute/popcount.sv:62$314 ($add).
  creating $macc model for $flatten\u_pe_array.\gen_pe[10].u_pe.\u_popcount.$add$E:/Are_UBNN_KWS/self/scripts/../src/compute/popcount.sv:62$300 ($add).
  creating $macc model for $flatten\u_pe_array.\gen_pe[10].u_pe.\u_popcount.$add$E:/Are_UBNN_KWS/self/scripts/../src/compute/popcount.sv:62$301 ($add).
  creating $macc model for $flatten\u_pe_array.\gen_pe[10].u_pe.\u_popcount.$add$E:/Are_UBNN_KWS/self/scripts/../src/compute/popcount.sv:62$302 ($add).
  creating $macc model for $flatten\u_pe_array.\gen_pe[10].u_pe.\u_popcount.$add$E:/Are_UBNN_KWS/self/scripts/../src/compute/popcount.sv:62$303 ($add).
  creating $macc model for $flatten\u_pe_array.\gen_pe[10].u_pe.\u_popcount.$add$E:/Are_UBNN_KWS/self/scripts/../src/compute/popcount.sv:62$304 ($add).
  creating $macc model for $flatten\u_pe_array.\gen_pe[10].u_pe.\u_popcount.$add$E:/Are_UBNN_KWS/self/scripts/../src/compute/popcount.sv:62$305 ($add).
  creating $macc model for $flatten\u_pe_array.\gen_pe[10].u_pe.\u_popcount.$add$E:/Are_UBNN_KWS/self/scripts/../src/compute/popcount.sv:62$306 ($add).
  creating $macc model for $flatten\u_pe_array.\gen_pe[10].u_pe.\u_popcount.$add$E:/Are_UBNN_KWS/self/scripts/../src/compute/popcount.sv:62$307 ($add).
  creating $macc model for $flatten\u_pe_array.\gen_pe[10].u_pe.\u_popcount.$add$E:/Are_UBNN_KWS/self/scripts/../src/compute/popcount.sv:62$308 ($add).
  creating $macc model for $flatten\u_pe_array.\gen_pe[10].u_pe.\u_popcount.$add$E:/Are_UBNN_KWS/self/scripts/../src/compute/popcount.sv:62$309 ($add).
  creating $macc model for $flatten\u_pe_array.\gen_pe[10].u_pe.\u_popcount.$add$E:/Are_UBNN_KWS/self/scripts/../src/compute/popcount.sv:62$310 ($add).
  creating $macc model for $flatten\u_pe_array.\gen_pe[10].u_pe.\u_popcount.$add$E:/Are_UBNN_KWS/self/scripts/../src/compute/popcount.sv:62$311 ($add).
  creating $macc model for $flatten\u_pe_array.\gen_pe[10].u_pe.\u_popcount.$add$E:/Are_UBNN_KWS/self/scripts/../src/compute/popcount.sv:62$312 ($add).
  creating $macc model for $flatten\u_pe_array.\gen_pe[10].u_pe.\u_popcount.$add$E:/Are_UBNN_KWS/self/scripts/../src/compute/popcount.sv:62$313 ($add).
  creating $macc model for $flatten\u_pe_array.\gen_pe[10].u_pe.\u_popcount.$add$E:/Are_UBNN_KWS/self/scripts/../src/compute/popcount.sv:62$314 ($add).
  creating $macc model for $flatten\u_pe_array.\gen_pe[11].u_pe.\u_popcount.$add$E:/Are_UBNN_KWS/self/scripts/../src/compute/popcount.sv:62$300 ($add).
  creating $macc model for $flatten\u_pe_array.\gen_pe[11].u_pe.\u_popcount.$add$E:/Are_UBNN_KWS/self/scripts/../src/compute/popcount.sv:62$301 ($add).
  creating $macc model for $flatten\u_pe_array.\gen_pe[11].u_pe.\u_popcount.$add$E:/Are_UBNN_KWS/self/scripts/../src/compute/popcount.sv:62$302 ($add).
  creating $macc model for $flatten\u_pe_array.\gen_pe[11].u_pe.\u_popcount.$add$E:/Are_UBNN_KWS/self/scripts/../src/compute/popcount.sv:62$303 ($add).
  creating $macc model for $flatten\u_pe_array.\gen_pe[11].u_pe.\u_popcount.$add$E:/Are_UBNN_KWS/self/scripts/../src/compute/popcount.sv:62$304 ($add).
  creating $macc model for $flatten\u_pe_array.\gen_pe[11].u_pe.\u_popcount.$add$E:/Are_UBNN_KWS/self/scripts/../src/compute/popcount.sv:62$305 ($add).
  creating $macc model for $flatten\u_pe_array.\gen_pe[11].u_pe.\u_popcount.$add$E:/Are_UBNN_KWS/self/scripts/../src/compute/popcount.sv:62$306 ($add).
  creating $macc model for $flatten\u_pe_array.\gen_pe[11].u_pe.\u_popcount.$add$E:/Are_UBNN_KWS/self/scripts/../src/compute/popcount.sv:62$307 ($add).
  creating $macc model for $flatten\u_pe_array.\gen_pe[11].u_pe.\u_popcount.$add$E:/Are_UBNN_KWS/self/scripts/../src/compute/popcount.sv:62$308 ($add).
  creating $macc model for $flatten\u_pe_array.\gen_pe[11].u_pe.\u_popcount.$add$E:/Are_UBNN_KWS/self/scripts/../src/compute/popcount.sv:62$309 ($add).
  creating $macc model for $flatten\u_pe_array.\gen_pe[11].u_pe.\u_popcount.$add$E:/Are_UBNN_KWS/self/scripts/../src/compute/popcount.sv:62$310 ($add).
  creating $macc model for $flatten\u_pe_array.\gen_pe[11].u_pe.\u_popcount.$add$E:/Are_UBNN_KWS/self/scripts/../src/compute/popcount.sv:62$311 ($add).
  creating $macc model for $flatten\u_pe_array.\gen_pe[11].u_pe.\u_popcount.$add$E:/Are_UBNN_KWS/self/scripts/../src/compute/popcount.sv:62$312 ($add).
  creating $macc model for $flatten\u_pe_array.\gen_pe[11].u_pe.\u_popcount.$add$E:/Are_UBNN_KWS/self/scripts/../src/compute/popcount.sv:62$313 ($add).
  creating $macc model for $flatten\u_pe_array.\gen_pe[11].u_pe.\u_popcount.$add$E:/Are_UBNN_KWS/self/scripts/../src/compute/popcount.sv:62$314 ($add).
  creating $macc model for $flatten\u_pe_array.\gen_pe[12].u_pe.\u_popcount.$add$E:/Are_UBNN_KWS/self/scripts/../src/compute/popcount.sv:62$300 ($add).
  creating $macc model for $flatten\u_pe_array.\gen_pe[12].u_pe.\u_popcount.$add$E:/Are_UBNN_KWS/self/scripts/../src/compute/popcount.sv:62$301 ($add).
  creating $macc model for $flatten\u_pe_array.\gen_pe[12].u_pe.\u_popcount.$add$E:/Are_UBNN_KWS/self/scripts/../src/compute/popcount.sv:62$302 ($add).
  creating $macc model for $flatten\u_pe_array.\gen_pe[12].u_pe.\u_popcount.$add$E:/Are_UBNN_KWS/self/scripts/../src/compute/popcount.sv:62$303 ($add).
  creating $macc model for $flatten\u_pe_array.\gen_pe[12].u_pe.\u_popcount.$add$E:/Are_UBNN_KWS/self/scripts/../src/compute/popcount.sv:62$304 ($add).
  creating $macc model for $flatten\u_pe_array.\gen_pe[12].u_pe.\u_popcount.$add$E:/Are_UBNN_KWS/self/scripts/../src/compute/popcount.sv:62$305 ($add).
  creating $macc model for $flatten\u_pe_array.\gen_pe[12].u_pe.\u_popcount.$add$E:/Are_UBNN_KWS/self/scripts/../src/compute/popcount.sv:62$306 ($add).
  creating $macc model for $flatten\u_pe_array.\gen_pe[12].u_pe.\u_popcount.$add$E:/Are_UBNN_KWS/self/scripts/../src/compute/popcount.sv:62$307 ($add).
  creating $macc model for $flatten\u_pe_array.\gen_pe[12].u_pe.\u_popcount.$add$E:/Are_UBNN_KWS/self/scripts/../src/compute/popcount.sv:62$308 ($add).
  creating $macc model for $flatten\u_pe_array.\gen_pe[12].u_pe.\u_popcount.$add$E:/Are_UBNN_KWS/self/scripts/../src/compute/popcount.sv:62$309 ($add).
  creating $macc model for $flatten\u_pe_array.\gen_pe[12].u_pe.\u_popcount.$add$E:/Are_UBNN_KWS/self/scripts/../src/compute/popcount.sv:62$310 ($add).
  creating $macc model for $flatten\u_pe_array.\gen_pe[12].u_pe.\u_popcount.$add$E:/Are_UBNN_KWS/self/scripts/../src/compute/popcount.sv:62$311 ($add).
  creating $macc model for $flatten\u_pe_array.\gen_pe[12].u_pe.\u_popcount.$add$E:/Are_UBNN_KWS/self/scripts/../src/compute/popcount.sv:62$312 ($add).
  creating $macc model for $flatten\u_pe_array.\gen_pe[12].u_pe.\u_popcount.$add$E:/Are_UBNN_KWS/self/scripts/../src/compute/popcount.sv:62$313 ($add).
  creating $macc model for $flatten\u_pe_array.\gen_pe[12].u_pe.\u_popcount.$add$E:/Are_UBNN_KWS/self/scripts/../src/compute/popcount.sv:62$314 ($add).
  creating $macc model for $flatten\u_pe_array.\gen_pe[13].u_pe.\u_popcount.$add$E:/Are_UBNN_KWS/self/scripts/../src/compute/popcount.sv:62$300 ($add).
  creating $macc model for $flatten\u_pe_array.\gen_pe[13].u_pe.\u_popcount.$add$E:/Are_UBNN_KWS/self/scripts/../src/compute/popcount.sv:62$301 ($add).
  creating $macc model for $flatten\u_pe_array.\gen_pe[13].u_pe.\u_popcount.$add$E:/Are_UBNN_KWS/self/scripts/../src/compute/popcount.sv:62$302 ($add).
  creating $macc model for $flatten\u_pe_array.\gen_pe[13].u_pe.\u_popcount.$add$E:/Are_UBNN_KWS/self/scripts/../src/compute/popcount.sv:62$303 ($add).
  creating $macc model for $flatten\u_pe_array.\gen_pe[13].u_pe.\u_popcount.$add$E:/Are_UBNN_KWS/self/scripts/../src/compute/popcount.sv:62$304 ($add).
  creating $macc model for $flatten\u_pe_array.\gen_pe[13].u_pe.\u_popcount.$add$E:/Are_UBNN_KWS/self/scripts/../src/compute/popcount.sv:62$305 ($add).
  creating $macc model for $flatten\u_pe_array.\gen_pe[13].u_pe.\u_popcount.$add$E:/Are_UBNN_KWS/self/scripts/../src/compute/popcount.sv:62$306 ($add).
  creating $macc model for $flatten\u_pe_array.\gen_pe[13].u_pe.\u_popcount.$add$E:/Are_UBNN_KWS/self/scripts/../src/compute/popcount.sv:62$307 ($add).
  creating $macc model for $flatten\u_pe_array.\gen_pe[13].u_pe.\u_popcount.$add$E:/Are_UBNN_KWS/self/scripts/../src/compute/popcount.sv:62$308 ($add).
  creating $macc model for $flatten\u_pe_array.\gen_pe[13].u_pe.\u_popcount.$add$E:/Are_UBNN_KWS/self/scripts/../src/compute/popcount.sv:62$309 ($add).
  creating $macc model for $flatten\u_pe_array.\gen_pe[13].u_pe.\u_popcount.$add$E:/Are_UBNN_KWS/self/scripts/../src/compute/popcount.sv:62$310 ($add).
  creating $macc model for $flatten\u_pe_array.\gen_pe[13].u_pe.\u_popcount.$add$E:/Are_UBNN_KWS/self/scripts/../src/compute/popcount.sv:62$311 ($add).
  creating $macc model for $flatten\u_pe_array.\gen_pe[13].u_pe.\u_popcount.$add$E:/Are_UBNN_KWS/self/scripts/../src/compute/popcount.sv:62$312 ($add).
  creating $macc model for $flatten\u_pe_array.\gen_pe[13].u_pe.\u_popcount.$add$E:/Are_UBNN_KWS/self/scripts/../src/compute/popcount.sv:62$313 ($add).
  creating $macc model for $flatten\u_pe_array.\gen_pe[13].u_pe.\u_popcount.$add$E:/Are_UBNN_KWS/self/scripts/../src/compute/popcount.sv:62$314 ($add).
  creating $macc model for $flatten\u_pe_array.\gen_pe[14].u_pe.\u_popcount.$add$E:/Are_UBNN_KWS/self/scripts/../src/compute/popcount.sv:62$300 ($add).
  creating $macc model for $flatten\u_pe_array.\gen_pe[14].u_pe.\u_popcount.$add$E:/Are_UBNN_KWS/self/scripts/../src/compute/popcount.sv:62$301 ($add).
  creating $macc model for $flatten\u_pe_array.\gen_pe[14].u_pe.\u_popcount.$add$E:/Are_UBNN_KWS/self/scripts/../src/compute/popcount.sv:62$302 ($add).
  creating $macc model for $flatten\u_pe_array.\gen_pe[14].u_pe.\u_popcount.$add$E:/Are_UBNN_KWS/self/scripts/../src/compute/popcount.sv:62$303 ($add).
  creating $macc model for $flatten\u_pe_array.\gen_pe[14].u_pe.\u_popcount.$add$E:/Are_UBNN_KWS/self/scripts/../src/compute/popcount.sv:62$304 ($add).
  creating $macc model for $flatten\u_pe_array.\gen_pe[14].u_pe.\u_popcount.$add$E:/Are_UBNN_KWS/self/scripts/../src/compute/popcount.sv:62$305 ($add).
  creating $macc model for $flatten\u_pe_array.\gen_pe[14].u_pe.\u_popcount.$add$E:/Are_UBNN_KWS/self/scripts/../src/compute/popcount.sv:62$306 ($add).
  creating $macc model for $flatten\u_pe_array.\gen_pe[14].u_pe.\u_popcount.$add$E:/Are_UBNN_KWS/self/scripts/../src/compute/popcount.sv:62$307 ($add).
  creating $macc model for $flatten\u_pe_array.\gen_pe[14].u_pe.\u_popcount.$add$E:/Are_UBNN_KWS/self/scripts/../src/compute/popcount.sv:62$308 ($add).
  creating $macc model for $flatten\u_pe_array.\gen_pe[14].u_pe.\u_popcount.$add$E:/Are_UBNN_KWS/self/scripts/../src/compute/popcount.sv:62$309 ($add).
  creating $macc model for $flatten\u_pe_array.\gen_pe[14].u_pe.\u_popcount.$add$E:/Are_UBNN_KWS/self/scripts/../src/compute/popcount.sv:62$310 ($add).
  creating $macc model for $flatten\u_pe_array.\gen_pe[14].u_pe.\u_popcount.$add$E:/Are_UBNN_KWS/self/scripts/../src/compute/popcount.sv:62$311 ($add).
  creating $macc model for $flatten\u_pe_array.\gen_pe[14].u_pe.\u_popcount.$add$E:/Are_UBNN_KWS/self/scripts/../src/compute/popcount.sv:62$312 ($add).
  creating $macc model for $flatten\u_pe_array.\gen_pe[14].u_pe.\u_popcount.$add$E:/Are_UBNN_KWS/self/scripts/../src/compute/popcount.sv:62$313 ($add).
  creating $macc model for $flatten\u_pe_array.\gen_pe[14].u_pe.\u_popcount.$add$E:/Are_UBNN_KWS/self/scripts/../src/compute/popcount.sv:62$314 ($add).
  creating $macc model for $flatten\u_pe_array.\gen_pe[15].u_pe.\u_popcount.$add$E:/Are_UBNN_KWS/self/scripts/../src/compute/popcount.sv:62$300 ($add).
  creating $macc model for $flatten\u_pe_array.\gen_pe[15].u_pe.\u_popcount.$add$E:/Are_UBNN_KWS/self/scripts/../src/compute/popcount.sv:62$301 ($add).
  creating $macc model for $flatten\u_pe_array.\gen_pe[15].u_pe.\u_popcount.$add$E:/Are_UBNN_KWS/self/scripts/../src/compute/popcount.sv:62$302 ($add).
  creating $macc model for $flatten\u_pe_array.\gen_pe[15].u_pe.\u_popcount.$add$E:/Are_UBNN_KWS/self/scripts/../src/compute/popcount.sv:62$303 ($add).
  creating $macc model for $flatten\u_pe_array.\gen_pe[15].u_pe.\u_popcount.$add$E:/Are_UBNN_KWS/self/scripts/../src/compute/popcount.sv:62$304 ($add).
  creating $macc model for $flatten\u_pe_array.\gen_pe[15].u_pe.\u_popcount.$add$E:/Are_UBNN_KWS/self/scripts/../src/compute/popcount.sv:62$305 ($add).
  creating $macc model for $flatten\u_pe_array.\gen_pe[15].u_pe.\u_popcount.$add$E:/Are_UBNN_KWS/self/scripts/../src/compute/popcount.sv:62$306 ($add).
  creating $macc model for $flatten\u_pe_array.\gen_pe[15].u_pe.\u_popcount.$add$E:/Are_UBNN_KWS/self/scripts/../src/compute/popcount.sv:62$307 ($add).
  creating $macc model for $flatten\u_pe_array.\gen_pe[15].u_pe.\u_popcount.$add$E:/Are_UBNN_KWS/self/scripts/../src/compute/popcount.sv:62$308 ($add).
  creating $macc model for $flatten\u_pe_array.\gen_pe[15].u_pe.\u_popcount.$add$E:/Are_UBNN_KWS/self/scripts/../src/compute/popcount.sv:62$309 ($add).
  creating $macc model for $flatten\u_pe_array.\gen_pe[15].u_pe.\u_popcount.$add$E:/Are_UBNN_KWS/self/scripts/../src/compute/popcount.sv:62$310 ($add).
  creating $macc model for $flatten\u_pe_array.\gen_pe[15].u_pe.\u_popcount.$add$E:/Are_UBNN_KWS/self/scripts/../src/compute/popcount.sv:62$311 ($add).
  creating $macc model for $flatten\u_pe_array.\gen_pe[15].u_pe.\u_popcount.$add$E:/Are_UBNN_KWS/self/scripts/../src/compute/popcount.sv:62$312 ($add).
  creating $macc model for $flatten\u_pe_array.\gen_pe[15].u_pe.\u_popcount.$add$E:/Are_UBNN_KWS/self/scripts/../src/compute/popcount.sv:62$313 ($add).
  creating $macc model for $flatten\u_pe_array.\gen_pe[15].u_pe.\u_popcount.$add$E:/Are_UBNN_KWS/self/scripts/../src/compute/popcount.sv:62$314 ($add).
  creating $macc model for $flatten\u_accum.$add$E:/Are_UBNN_KWS/self/scripts/../src/baseline/accumulator.sv:62$511 ($add).
  creating $macc model for $flatten\u_accum.$add$E:/Are_UBNN_KWS/self/scripts/../src/baseline/accumulator.sv:62$512 ($add).
  creating $macc model for $flatten\u_accum.$add$E:/Are_UBNN_KWS/self/scripts/../src/baseline/accumulator.sv:62$513 ($add).
  creating $macc model for $flatten\u_accum.$add$E:/Are_UBNN_KWS/self/scripts/../src/baseline/accumulator.sv:62$514 ($add).
  creating $macc model for $flatten\u_accum.$add$E:/Are_UBNN_KWS/self/scripts/../src/baseline/accumulator.sv:62$515 ($add).
  creating $macc model for $flatten\u_accum.$add$E:/Are_UBNN_KWS/self/scripts/../src/baseline/accumulator.sv:62$516 ($add).
  creating $macc model for $flatten\u_accum.$add$E:/Are_UBNN_KWS/self/scripts/../src/baseline/accumulator.sv:62$517 ($add).
  creating $macc model for $flatten\u_accum.$add$E:/Are_UBNN_KWS/self/scripts/../src/baseline/accumulator.sv:62$518 ($add).
  creating $macc model for $flatten\u_accum.$add$E:/Are_UBNN_KWS/self/scripts/../src/baseline/accumulator.sv:62$519 ($add).
  creating $macc model for $flatten\u_accum.$add$E:/Are_UBNN_KWS/self/scripts/../src/baseline/accumulator.sv:62$520 ($add).
  creating $macc model for $flatten\u_accum.$add$E:/Are_UBNN_KWS/self/scripts/../src/baseline/accumulator.sv:62$521 ($add).
  creating $macc model for $flatten\u_accum.$add$E:/Are_UBNN_KWS/self/scripts/../src/baseline/accumulator.sv:62$522 ($add).
  creating $macc model for $flatten\u_accum.$add$E:/Are_UBNN_KWS/self/scripts/../src/baseline/accumulator.sv:62$523 ($add).
  creating $macc model for $flatten\u_accum.$add$E:/Are_UBNN_KWS/self/scripts/../src/baseline/accumulator.sv:62$524 ($add).
  creating $macc model for $flatten\u_accum.$add$E:/Are_UBNN_KWS/self/scripts/../src/baseline/accumulator.sv:62$525 ($add).
  merging $macc model for $flatten\u_accum.$add$E:/Are_UBNN_KWS/self/scripts/../src/baseline/accumulator.sv:62$524 into $flatten\u_accum.$add$E:/Are_UBNN_KWS/self/scripts/../src/baseline/accumulator.sv:62$525.
  merging $macc model for $flatten\u_accum.$add$E:/Are_UBNN_KWS/self/scripts/../src/baseline/accumulator.sv:62$523 into $flatten\u_accum.$add$E:/Are_UBNN_KWS/self/scripts/../src/baseline/accumulator.sv:62$525.
  merging $macc model for $flatten\u_accum.$add$E:/Are_UBNN_KWS/self/scripts/../src/baseline/accumulator.sv:62$522 into $flatten\u_accum.$add$E:/Are_UBNN_KWS/self/scripts/../src/baseline/accumulator.sv:62$525.
  merging $macc model for $flatten\u_accum.$add$E:/Are_UBNN_KWS/self/scripts/../src/baseline/accumulator.sv:62$521 into $flatten\u_accum.$add$E:/Are_UBNN_KWS/self/scripts/../src/baseline/accumulator.sv:62$525.
  merging $macc model for $flatten\u_accum.$add$E:/Are_UBNN_KWS/self/scripts/../src/baseline/accumulator.sv:62$520 into $flatten\u_accum.$add$E:/Are_UBNN_KWS/self/scripts/../src/baseline/accumulator.sv:62$525.
  merging $macc model for $flatten\u_accum.$add$E:/Are_UBNN_KWS/self/scripts/../src/baseline/accumulator.sv:62$519 into $flatten\u_accum.$add$E:/Are_UBNN_KWS/self/scripts/../src/baseline/accumulator.sv:62$525.
  merging $macc model for $flatten\u_accum.$add$E:/Are_UBNN_KWS/self/scripts/../src/baseline/accumulator.sv:62$518 into $flatten\u_accum.$add$E:/Are_UBNN_KWS/self/scripts/../src/baseline/accumulator.sv:62$525.
  merging $macc model for $flatten\u_accum.$add$E:/Are_UBNN_KWS/self/scripts/../src/baseline/accumulator.sv:62$517 into $flatten\u_accum.$add$E:/Are_UBNN_KWS/self/scripts/../src/baseline/accumulator.sv:62$525.
  merging $macc model for $flatten\u_accum.$add$E:/Are_UBNN_KWS/self/scripts/../src/baseline/accumulator.sv:62$516 into $flatten\u_accum.$add$E:/Are_UBNN_KWS/self/scripts/../src/baseline/accumulator.sv:62$525.
  merging $macc model for $flatten\u_accum.$add$E:/Are_UBNN_KWS/self/scripts/../src/baseline/accumulator.sv:62$515 into $flatten\u_accum.$add$E:/Are_UBNN_KWS/self/scripts/../src/baseline/accumulator.sv:62$525.
  merging $macc model for $flatten\u_accum.$add$E:/Are_UBNN_KWS/self/scripts/../src/baseline/accumulator.sv:62$514 into $flatten\u_accum.$add$E:/Are_UBNN_KWS/self/scripts/../src/baseline/accumulator.sv:62$525.
  merging $macc model for $flatten\u_accum.$add$E:/Are_UBNN_KWS/self/scripts/../src/baseline/accumulator.sv:62$513 into $flatten\u_accum.$add$E:/Are_UBNN_KWS/self/scripts/../src/baseline/accumulator.sv:62$525.
  merging $macc model for $flatten\u_accum.$add$E:/Are_UBNN_KWS/self/scripts/../src/baseline/accumulator.sv:62$512 into $flatten\u_accum.$add$E:/Are_UBNN_KWS/self/scripts/../src/baseline/accumulator.sv:62$525.
  merging $macc model for $flatten\u_pe_array.\gen_pe[15].u_pe.\u_popcount.$add$E:/Are_UBNN_KWS/self/scripts/../src/compute/popcount.sv:62$313 into $flatten\u_pe_array.\gen_pe[15].u_pe.\u_popcount.$add$E:/Are_UBNN_KWS/self/scripts/../src/compute/popcount.sv:62$314.
  merging $macc model for $flatten\u_pe_array.\gen_pe[15].u_pe.\u_popcount.$add$E:/Are_UBNN_KWS/self/scripts/../src/compute/popcount.sv:62$312 into $flatten\u_pe_array.\gen_pe[15].u_pe.\u_popcount.$add$E:/Are_UBNN_KWS/self/scripts/../src/compute/popcount.sv:62$314.
  merging $macc model for $flatten\u_pe_array.\gen_pe[15].u_pe.\u_popcount.$add$E:/Are_UBNN_KWS/self/scripts/../src/compute/popcount.sv:62$311 into $flatten\u_pe_array.\gen_pe[15].u_pe.\u_popcount.$add$E:/Are_UBNN_KWS/self/scripts/../src/compute/popcount.sv:62$314.
  merging $macc model for $flatten\u_pe_array.\gen_pe[15].u_pe.\u_popcount.$add$E:/Are_UBNN_KWS/self/scripts/../src/compute/popcount.sv:62$310 into $flatten\u_pe_array.\gen_pe[15].u_pe.\u_popcount.$add$E:/Are_UBNN_KWS/self/scripts/../src/compute/popcount.sv:62$314.
  merging $macc model for $flatten\u_pe_array.\gen_pe[15].u_pe.\u_popcount.$add$E:/Are_UBNN_KWS/self/scripts/../src/compute/popcount.sv:62$309 into $flatten\u_pe_array.\gen_pe[15].u_pe.\u_popcount.$add$E:/Are_UBNN_KWS/self/scripts/../src/compute/popcount.sv:62$314.
  merging $macc model for $flatten\u_pe_array.\gen_pe[15].u_pe.\u_popcount.$add$E:/Are_UBNN_KWS/self/scripts/../src/compute/popcount.sv:62$308 into $flatten\u_pe_array.\gen_pe[15].u_pe.\u_popcount.$add$E:/Are_UBNN_KWS/self/scripts/../src/compute/popcount.sv:62$314.
  merging $macc model for $flatten\u_pe_array.\gen_pe[15].u_pe.\u_popcount.$add$E:/Are_UBNN_KWS/self/scripts/../src/compute/popcount.sv:62$307 into $flatten\u_pe_array.\gen_pe[15].u_pe.\u_popcount.$add$E:/Are_UBNN_KWS/self/scripts/../src/compute/popcount.sv:62$314.
  merging $macc model for $flatten\u_pe_array.\gen_pe[15].u_pe.\u_popcount.$add$E:/Are_UBNN_KWS/self/scripts/../src/compute/popcount.sv:62$306 into $flatten\u_pe_array.\gen_pe[15].u_pe.\u_popcount.$add$E:/Are_UBNN_KWS/self/scripts/../src/compute/popcount.sv:62$314.
  merging $macc model for $flatten\u_pe_array.\gen_pe[15].u_pe.\u_popcount.$add$E:/Are_UBNN_KWS/self/scripts/../src/compute/popcount.sv:62$305 into $flatten\u_pe_array.\gen_pe[15].u_pe.\u_popcount.$add$E:/Are_UBNN_KWS/self/scripts/../src/compute/popcount.sv:62$314.
  merging $macc model for $flatten\u_pe_array.\gen_pe[15].u_pe.\u_popcount.$add$E:/Are_UBNN_KWS/self/scripts/../src/compute/popcount.sv:62$304 into $flatten\u_pe_array.\gen_pe[15].u_pe.\u_popcount.$add$E:/Are_UBNN_KWS/self/scripts/../src/compute/popcount.sv:62$314.
  merging $macc model for $flatten\u_pe_array.\gen_pe[15].u_pe.\u_popcount.$add$E:/Are_UBNN_KWS/self/scripts/../src/compute/popcount.sv:62$303 into $flatten\u_pe_array.\gen_pe[15].u_pe.\u_popcount.$add$E:/Are_UBNN_KWS/self/scripts/../src/compute/popcount.sv:62$314.
  merging $macc model for $flatten\u_pe_array.\gen_pe[15].u_pe.\u_popcount.$add$E:/Are_UBNN_KWS/self/scripts/../src/compute/popcount.sv:62$302 into $flatten\u_pe_array.\gen_pe[15].u_pe.\u_popcount.$add$E:/Are_UBNN_KWS/self/scripts/../src/compute/popcount.sv:62$314.
  merging $macc model for $flatten\u_pe_array.\gen_pe[15].u_pe.\u_popcount.$add$E:/Are_UBNN_KWS/self/scripts/../src/compute/popcount.sv:62$301 into $flatten\u_pe_array.\gen_pe[15].u_pe.\u_popcount.$add$E:/Are_UBNN_KWS/self/scripts/../src/compute/popcount.sv:62$314.
  merging $macc model for $flatten\u_pe_array.\gen_pe[14].u_pe.\u_popcount.$add$E:/Are_UBNN_KWS/self/scripts/../src/compute/popcount.sv:62$313 into $flatten\u_pe_array.\gen_pe[14].u_pe.\u_popcount.$add$E:/Are_UBNN_KWS/self/scripts/../src/compute/popcount.sv:62$314.
  merging $macc model for $flatten\u_pe_array.\gen_pe[14].u_pe.\u_popcount.$add$E:/Are_UBNN_KWS/self/scripts/../src/compute/popcount.sv:62$312 into $flatten\u_pe_array.\gen_pe[14].u_pe.\u_popcount.$add$E:/Are_UBNN_KWS/self/scripts/../src/compute/popcount.sv:62$314.
  merging $macc model for $flatten\u_pe_array.\gen_pe[14].u_pe.\u_popcount.$add$E:/Are_UBNN_KWS/self/scripts/../src/compute/popcount.sv:62$311 into $flatten\u_pe_array.\gen_pe[14].u_pe.\u_popcount.$add$E:/Are_UBNN_KWS/self/scripts/../src/compute/popcount.sv:62$314.
  merging $macc model for $flatten\u_pe_array.\gen_pe[14].u_pe.\u_popcount.$add$E:/Are_UBNN_KWS/self/scripts/../src/compute/popcount.sv:62$310 into $flatten\u_pe_array.\gen_pe[14].u_pe.\u_popcount.$add$E:/Are_UBNN_KWS/self/scripts/../src/compute/popcount.sv:62$314.
  merging $macc model for $flatten\u_pe_array.\gen_pe[14].u_pe.\u_popcount.$add$E:/Are_UBNN_KWS/self/scripts/../src/compute/popcount.sv:62$309 into $flatten\u_pe_array.\gen_pe[14].u_pe.\u_popcount.$add$E:/Are_UBNN_KWS/self/scripts/../src/compute/popcount.sv:62$314.
  merging $macc model for $flatten\u_pe_array.\gen_pe[14].u_pe.\u_popcount.$add$E:/Are_UBNN_KWS/self/scripts/../src/compute/popcount.sv:62$308 into $flatten\u_pe_array.\gen_pe[14].u_pe.\u_popcount.$add$E:/Are_UBNN_KWS/self/scripts/../src/compute/popcount.sv:62$314.
  merging $macc model for $flatten\u_pe_array.\gen_pe[14].u_pe.\u_popcount.$add$E:/Are_UBNN_KWS/self/scripts/../src/compute/popcount.sv:62$307 into $flatten\u_pe_array.\gen_pe[14].u_pe.\u_popcount.$add$E:/Are_UBNN_KWS/self/scripts/../src/compute/popcount.sv:62$314.
  merging $macc model for $flatten\u_pe_array.\gen_pe[14].u_pe.\u_popcount.$add$E:/Are_UBNN_KWS/self/scripts/../src/compute/popcount.sv:62$306 into $flatten\u_pe_array.\gen_pe[14].u_pe.\u_popcount.$add$E:/Are_UBNN_KWS/self/scripts/../src/compute/popcount.sv:62$314.
  merging $macc model for $flatten\u_pe_array.\gen_pe[14].u_pe.\u_popcount.$add$E:/Are_UBNN_KWS/self/scripts/../src/compute/popcount.sv:62$305 into $flatten\u_pe_array.\gen_pe[14].u_pe.\u_popcount.$add$E:/Are_UBNN_KWS/self/scripts/../src/compute/popcount.sv:62$314.
  merging $macc model for $flatten\u_pe_array.\gen_pe[14].u_pe.\u_popcount.$add$E:/Are_UBNN_KWS/self/scripts/../src/compute/popcount.sv:62$304 into $flatten\u_pe_array.\gen_pe[14].u_pe.\u_popcount.$add$E:/Are_UBNN_KWS/self/scripts/../src/compute/popcount.sv:62$314.
  merging $macc model for $flatten\u_pe_array.\gen_pe[14].u_pe.\u_popcount.$add$E:/Are_UBNN_KWS/self/scripts/../src/compute/popcount.sv:62$303 into $flatten\u_pe_array.\gen_pe[14].u_pe.\u_popcount.$add$E:/Are_UBNN_KWS/self/scripts/../src/compute/popcount.sv:62$314.
  merging $macc model for $flatten\u_pe_array.\gen_pe[14].u_pe.\u_popcount.$add$E:/Are_UBNN_KWS/self/scripts/../src/compute/popcount.sv:62$302 into $flatten\u_pe_array.\gen_pe[14].u_pe.\u_popcount.$add$E:/Are_UBNN_KWS/self/scripts/../src/compute/popcount.sv:62$314.
  merging $macc model for $flatten\u_pe_array.\gen_pe[14].u_pe.\u_popcount.$add$E:/Are_UBNN_KWS/self/scripts/../src/compute/popcount.sv:62$301 into $flatten\u_pe_array.\gen_pe[14].u_pe.\u_popcount.$add$E:/Are_UBNN_KWS/self/scripts/../src/compute/popcount.sv:62$314.
  merging $macc model for $flatten\u_pe_array.\gen_pe[13].u_pe.\u_popcount.$add$E:/Are_UBNN_KWS/self/scripts/../src/compute/popcount.sv:62$313 into $flatten\u_pe_array.\gen_pe[13].u_pe.\u_popcount.$add$E:/Are_UBNN_KWS/self/scripts/../src/compute/popcount.sv:62$314.
  merging $macc model for $flatten\u_pe_array.\gen_pe[13].u_pe.\u_popcount.$add$E:/Are_UBNN_KWS/self/scripts/../src/compute/popcount.sv:62$312 into $flatten\u_pe_array.\gen_pe[13].u_pe.\u_popcount.$add$E:/Are_UBNN_KWS/self/scripts/../src/compute/popcount.sv:62$314.
  merging $macc model for $flatten\u_pe_array.\gen_pe[13].u_pe.\u_popcount.$add$E:/Are_UBNN_KWS/self/scripts/../src/compute/popcount.sv:62$311 into $flatten\u_pe_array.\gen_pe[13].u_pe.\u_popcount.$add$E:/Are_UBNN_KWS/self/scripts/../src/compute/popcount.sv:62$314.
  merging $macc model for $flatten\u_pe_array.\gen_pe[13].u_pe.\u_popcount.$add$E:/Are_UBNN_KWS/self/scripts/../src/compute/popcount.sv:62$310 into $flatten\u_pe_array.\gen_pe[13].u_pe.\u_popcount.$add$E:/Are_UBNN_KWS/self/scripts/../src/compute/popcount.sv:62$314.
  merging $macc model for $flatten\u_pe_array.\gen_pe[13].u_pe.\u_popcount.$add$E:/Are_UBNN_KWS/self/scripts/../src/compute/popcount.sv:62$309 into $flatten\u_pe_array.\gen_pe[13].u_pe.\u_popcount.$add$E:/Are_UBNN_KWS/self/scripts/../src/compute/popcount.sv:62$314.
  merging $macc model for $flatten\u_pe_array.\gen_pe[13].u_pe.\u_popcount.$add$E:/Are_UBNN_KWS/self/scripts/../src/compute/popcount.sv:62$308 into $flatten\u_pe_array.\gen_pe[13].u_pe.\u_popcount.$add$E:/Are_UBNN_KWS/self/scripts/../src/compute/popcount.sv:62$314.
  merging $macc model for $flatten\u_pe_array.\gen_pe[13].u_pe.\u_popcount.$add$E:/Are_UBNN_KWS/self/scripts/../src/compute/popcount.sv:62$307 into $flatten\u_pe_array.\gen_pe[13].u_pe.\u_popcount.$add$E:/Are_UBNN_KWS/self/scripts/../src/compute/popcount.sv:62$314.
  merging $macc model for $flatten\u_pe_array.\gen_pe[13].u_pe.\u_popcount.$add$E:/Are_UBNN_KWS/self/scripts/../src/compute/popcount.sv:62$306 into $flatten\u_pe_array.\gen_pe[13].u_pe.\u_popcount.$add$E:/Are_UBNN_KWS/self/scripts/../src/compute/popcount.sv:62$314.
  merging $macc model for $flatten\u_pe_array.\gen_pe[13].u_pe.\u_popcount.$add$E:/Are_UBNN_KWS/self/scripts/../src/compute/popcount.sv:62$305 into $flatten\u_pe_array.\gen_pe[13].u_pe.\u_popcount.$add$E:/Are_UBNN_KWS/self/scripts/../src/compute/popcount.sv:62$314.
  merging $macc model for $flatten\u_pe_array.\gen_pe[13].u_pe.\u_popcount.$add$E:/Are_UBNN_KWS/self/scripts/../src/compute/popcount.sv:62$304 into $flatten\u_pe_array.\gen_pe[13].u_pe.\u_popcount.$add$E:/Are_UBNN_KWS/self/scripts/../src/compute/popcount.sv:62$314.
  merging $macc model for $flatten\u_pe_array.\gen_pe[13].u_pe.\u_popcount.$add$E:/Are_UBNN_KWS/self/scripts/../src/compute/popcount.sv:62$303 into $flatten\u_pe_array.\gen_pe[13].u_pe.\u_popcount.$add$E:/Are_UBNN_KWS/self/scripts/../src/compute/popcount.sv:62$314.
  merging $macc model for $flatten\u_pe_array.\gen_pe[13].u_pe.\u_popcount.$add$E:/Are_UBNN_KWS/self/scripts/../src/compute/popcount.sv:62$302 into $flatten\u_pe_array.\gen_pe[13].u_pe.\u_popcount.$add$E:/Are_UBNN_KWS/self/scripts/../src/compute/popcount.sv:62$314.
  merging $macc model for $flatten\u_pe_array.\gen_pe[13].u_pe.\u_popcount.$add$E:/Are_UBNN_KWS/self/scripts/../src/compute/popcount.sv:62$301 into $flatten\u_pe_array.\gen_pe[13].u_pe.\u_popcount.$add$E:/Are_UBNN_KWS/self/scripts/../src/compute/popcount.sv:62$314.
  merging $macc model for $flatten\u_pe_array.\gen_pe[12].u_pe.\u_popcount.$add$E:/Are_UBNN_KWS/self/scripts/../src/compute/popcount.sv:62$313 into $flatten\u_pe_array.\gen_pe[12].u_pe.\u_popcount.$add$E:/Are_UBNN_KWS/self/scripts/../src/compute/popcount.sv:62$314.
  merging $macc model for $flatten\u_pe_array.\gen_pe[12].u_pe.\u_popcount.$add$E:/Are_UBNN_KWS/self/scripts/../src/compute/popcount.sv:62$312 into $flatten\u_pe_array.\gen_pe[12].u_pe.\u_popcount.$add$E:/Are_UBNN_KWS/self/scripts/../src/compute/popcount.sv:62$314.
  merging $macc model for $flatten\u_pe_array.\gen_pe[12].u_pe.\u_popcount.$add$E:/Are_UBNN_KWS/self/scripts/../src/compute/popcount.sv:62$311 into $flatten\u_pe_array.\gen_pe[12].u_pe.\u_popcount.$add$E:/Are_UBNN_KWS/self/scripts/../src/compute/popcount.sv:62$314.
  merging $macc model for $flatten\u_pe_array.\gen_pe[12].u_pe.\u_popcount.$add$E:/Are_UBNN_KWS/self/scripts/../src/compute/popcount.sv:62$310 into $flatten\u_pe_array.\gen_pe[12].u_pe.\u_popcount.$add$E:/Are_UBNN_KWS/self/scripts/../src/compute/popcount.sv:62$314.
  merging $macc model for $flatten\u_pe_array.\gen_pe[12].u_pe.\u_popcount.$add$E:/Are_UBNN_KWS/self/scripts/../src/compute/popcount.sv:62$309 into $flatten\u_pe_array.\gen_pe[12].u_pe.\u_popcount.$add$E:/Are_UBNN_KWS/self/scripts/../src/compute/popcount.sv:62$314.
  merging $macc model for $flatten\u_pe_array.\gen_pe[12].u_pe.\u_popcount.$add$E:/Are_UBNN_KWS/self/scripts/../src/compute/popcount.sv:62$308 into $flatten\u_pe_array.\gen_pe[12].u_pe.\u_popcount.$add$E:/Are_UBNN_KWS/self/scripts/../src/compute/popcount.sv:62$314.
  merging $macc model for $flatten\u_pe_array.\gen_pe[12].u_pe.\u_popcount.$add$E:/Are_UBNN_KWS/self/scripts/../src/compute/popcount.sv:62$307 into $flatten\u_pe_array.\gen_pe[12].u_pe.\u_popcount.$add$E:/Are_UBNN_KWS/self/scripts/../src/compute/popcount.sv:62$314.
  merging $macc model for $flatten\u_pe_array.\gen_pe[12].u_pe.\u_popcount.$add$E:/Are_UBNN_KWS/self/scripts/../src/compute/popcount.sv:62$306 into $flatten\u_pe_array.\gen_pe[12].u_pe.\u_popcount.$add$E:/Are_UBNN_KWS/self/scripts/../src/compute/popcount.sv:62$314.
  merging $macc model for $flatten\u_pe_array.\gen_pe[12].u_pe.\u_popcount.$add$E:/Are_UBNN_KWS/self/scripts/../src/compute/popcount.sv:62$305 into $flatten\u_pe_array.\gen_pe[12].u_pe.\u_popcount.$add$E:/Are_UBNN_KWS/self/scripts/../src/compute/popcount.sv:62$314.
  merging $macc model for $flatten\u_pe_array.\gen_pe[12].u_pe.\u_popcount.$add$E:/Are_UBNN_KWS/self/scripts/../src/compute/popcount.sv:62$304 into $flatten\u_pe_array.\gen_pe[12].u_pe.\u_popcount.$add$E:/Are_UBNN_KWS/self/scripts/../src/compute/popcount.sv:62$314.
  merging $macc model for $flatten\u_pe_array.\gen_pe[12].u_pe.\u_popcount.$add$E:/Are_UBNN_KWS/self/scripts/../src/compute/popcount.sv:62$303 into $flatten\u_pe_array.\gen_pe[12].u_pe.\u_popcount.$add$E:/Are_UBNN_KWS/self/scripts/../src/compute/popcount.sv:62$314.
  merging $macc model for $flatten\u_pe_array.\gen_pe[12].u_pe.\u_popcount.$add$E:/Are_UBNN_KWS/self/scripts/../src/compute/popcount.sv:62$302 into $flatten\u_pe_array.\gen_pe[12].u_pe.\u_popcount.$add$E:/Are_UBNN_KWS/self/scripts/../src/compute/popcount.sv:62$314.
  merging $macc model for $flatten\u_pe_array.\gen_pe[12].u_pe.\u_popcount.$add$E:/Are_UBNN_KWS/self/scripts/../src/compute/popcount.sv:62$301 into $flatten\u_pe_array.\gen_pe[12].u_pe.\u_popcount.$add$E:/Are_UBNN_KWS/self/scripts/../src/compute/popcount.sv:62$314.
  merging $macc model for $flatten\u_pe_array.\gen_pe[11].u_pe.\u_popcount.$add$E:/Are_UBNN_KWS/self/scripts/../src/compute/popcount.sv:62$313 into $flatten\u_pe_array.\gen_pe[11].u_pe.\u_popcount.$add$E:/Are_UBNN_KWS/self/scripts/../src/compute/popcount.sv:62$314.
  merging $macc model for $flatten\u_pe_array.\gen_pe[11].u_pe.\u_popcount.$add$E:/Are_UBNN_KWS/self/scripts/../src/compute/popcount.sv:62$312 into $flatten\u_pe_array.\gen_pe[11].u_pe.\u_popcount.$add$E:/Are_UBNN_KWS/self/scripts/../src/compute/popcount.sv:62$314.
  merging $macc model for $flatten\u_pe_array.\gen_pe[11].u_pe.\u_popcount.$add$E:/Are_UBNN_KWS/self/scripts/../src/compute/popcount.sv:62$311 into $flatten\u_pe_array.\gen_pe[11].u_pe.\u_popcount.$add$E:/Are_UBNN_KWS/self/scripts/../src/compute/popcount.sv:62$314.
  merging $macc model for $flatten\u_pe_array.\gen_pe[11].u_pe.\u_popcount.$add$E:/Are_UBNN_KWS/self/scripts/../src/compute/popcount.sv:62$310 into $flatten\u_pe_array.\gen_pe[11].u_pe.\u_popcount.$add$E:/Are_UBNN_KWS/self/scripts/../src/compute/popcount.sv:62$314.
  merging $macc model for $flatten\u_pe_array.\gen_pe[11].u_pe.\u_popcount.$add$E:/Are_UBNN_KWS/self/scripts/../src/compute/popcount.sv:62$309 into $flatten\u_pe_array.\gen_pe[11].u_pe.\u_popcount.$add$E:/Are_UBNN_KWS/self/scripts/../src/compute/popcount.sv:62$314.
  merging $macc model for $flatten\u_pe_array.\gen_pe[11].u_pe.\u_popcount.$add$E:/Are_UBNN_KWS/self/scripts/../src/compute/popcount.sv:62$308 into $flatten\u_pe_array.\gen_pe[11].u_pe.\u_popcount.$add$E:/Are_UBNN_KWS/self/scripts/../src/compute/popcount.sv:62$314.
  merging $macc model for $flatten\u_pe_array.\gen_pe[11].u_pe.\u_popcount.$add$E:/Are_UBNN_KWS/self/scripts/../src/compute/popcount.sv:62$307 into $flatten\u_pe_array.\gen_pe[11].u_pe.\u_popcount.$add$E:/Are_UBNN_KWS/self/scripts/../src/compute/popcount.sv:62$314.
  merging $macc model for $flatten\u_pe_array.\gen_pe[11].u_pe.\u_popcount.$add$E:/Are_UBNN_KWS/self/scripts/../src/compute/popcount.sv:62$306 into $flatten\u_pe_array.\gen_pe[11].u_pe.\u_popcount.$add$E:/Are_UBNN_KWS/self/scripts/../src/compute/popcount.sv:62$314.
  merging $macc model for $flatten\u_pe_array.\gen_pe[11].u_pe.\u_popcount.$add$E:/Are_UBNN_KWS/self/scripts/../src/compute/popcount.sv:62$305 into $flatten\u_pe_array.\gen_pe[11].u_pe.\u_popcount.$add$E:/Are_UBNN_KWS/self/scripts/../src/compute/popcount.sv:62$314.
  merging $macc model for $flatten\u_pe_array.\gen_pe[11].u_pe.\u_popcount.$add$E:/Are_UBNN_KWS/self/scripts/../src/compute/popcount.sv:62$304 into $flatten\u_pe_array.\gen_pe[11].u_pe.\u_popcount.$add$E:/Are_UBNN_KWS/self/scripts/../src/compute/popcount.sv:62$314.
  merging $macc model for $flatten\u_pe_array.\gen_pe[11].u_pe.\u_popcount.$add$E:/Are_UBNN_KWS/self/scripts/../src/compute/popcount.sv:62$303 into $flatten\u_pe_array.\gen_pe[11].u_pe.\u_popcount.$add$E:/Are_UBNN_KWS/self/scripts/../src/compute/popcount.sv:62$314.
  merging $macc model for $flatten\u_pe_array.\gen_pe[11].u_pe.\u_popcount.$add$E:/Are_UBNN_KWS/self/scripts/../src/compute/popcount.sv:62$302 into $flatten\u_pe_array.\gen_pe[11].u_pe.\u_popcount.$add$E:/Are_UBNN_KWS/self/scripts/../src/compute/popcount.sv:62$314.
  merging $macc model for $flatten\u_pe_array.\gen_pe[11].u_pe.\u_popcount.$add$E:/Are_UBNN_KWS/self/scripts/../src/compute/popcount.sv:62$301 into $flatten\u_pe_array.\gen_pe[11].u_pe.\u_popcount.$add$E:/Are_UBNN_KWS/self/scripts/../src/compute/popcount.sv:62$314.
  merging $macc model for $flatten\u_pe_array.\gen_pe[10].u_pe.\u_popcount.$add$E:/Are_UBNN_KWS/self/scripts/../src/compute/popcount.sv:62$313 into $flatten\u_pe_array.\gen_pe[10].u_pe.\u_popcount.$add$E:/Are_UBNN_KWS/self/scripts/../src/compute/popcount.sv:62$314.
  merging $macc model for $flatten\u_pe_array.\gen_pe[10].u_pe.\u_popcount.$add$E:/Are_UBNN_KWS/self/scripts/../src/compute/popcount.sv:62$312 into $flatten\u_pe_array.\gen_pe[10].u_pe.\u_popcount.$add$E:/Are_UBNN_KWS/self/scripts/../src/compute/popcount.sv:62$314.
  merging $macc model for $flatten\u_pe_array.\gen_pe[10].u_pe.\u_popcount.$add$E:/Are_UBNN_KWS/self/scripts/../src/compute/popcount.sv:62$311 into $flatten\u_pe_array.\gen_pe[10].u_pe.\u_popcount.$add$E:/Are_UBNN_KWS/self/scripts/../src/compute/popcount.sv:62$314.
  merging $macc model for $flatten\u_pe_array.\gen_pe[10].u_pe.\u_popcount.$add$E:/Are_UBNN_KWS/self/scripts/../src/compute/popcount.sv:62$310 into $flatten\u_pe_array.\gen_pe[10].u_pe.\u_popcount.$add$E:/Are_UBNN_KWS/self/scripts/../src/compute/popcount.sv:62$314.
  merging $macc model for $flatten\u_pe_array.\gen_pe[10].u_pe.\u_popcount.$add$E:/Are_UBNN_KWS/self/scripts/../src/compute/popcount.sv:62$309 into $flatten\u_pe_array.\gen_pe[10].u_pe.\u_popcount.$add$E:/Are_UBNN_KWS/self/scripts/../src/compute/popcount.sv:62$314.
  merging $macc model for $flatten\u_pe_array.\gen_pe[10].u_pe.\u_popcount.$add$E:/Are_UBNN_KWS/self/scripts/../src/compute/popcount.sv:62$308 into $flatten\u_pe_array.\gen_pe[10].u_pe.\u_popcount.$add$E:/Are_UBNN_KWS/self/scripts/../src/compute/popcount.sv:62$314.
  merging $macc model for $flatten\u_pe_array.\gen_pe[10].u_pe.\u_popcount.$add$E:/Are_UBNN_KWS/self/scripts/../src/compute/popcount.sv:62$307 into $flatten\u_pe_array.\gen_pe[10].u_pe.\u_popcount.$add$E:/Are_UBNN_KWS/self/scripts/../src/compute/popcount.sv:62$314.
  merging $macc model for $flatten\u_pe_array.\gen_pe[10].u_pe.\u_popcount.$add$E:/Are_UBNN_KWS/self/scripts/../src/compute/popcount.sv:62$306 into $flatten\u_pe_array.\gen_pe[10].u_pe.\u_popcount.$add$E:/Are_UBNN_KWS/self/scripts/../src/compute/popcount.sv:62$314.
  merging $macc model for $flatten\u_pe_array.\gen_pe[10].u_pe.\u_popcount.$add$E:/Are_UBNN_KWS/self/scripts/../src/compute/popcount.sv:62$305 into $flatten\u_pe_array.\gen_pe[10].u_pe.\u_popcount.$add$E:/Are_UBNN_KWS/self/scripts/../src/compute/popcount.sv:62$314.
  merging $macc model for $flatten\u_pe_array.\gen_pe[10].u_pe.\u_popcount.$add$E:/Are_UBNN_KWS/self/scripts/../src/compute/popcount.sv:62$304 into $flatten\u_pe_array.\gen_pe[10].u_pe.\u_popcount.$add$E:/Are_UBNN_KWS/self/scripts/../src/compute/popcount.sv:62$314.
  merging $macc model for $flatten\u_pe_array.\gen_pe[10].u_pe.\u_popcount.$add$E:/Are_UBNN_KWS/self/scripts/../src/compute/popcount.sv:62$303 into $flatten\u_pe_array.\gen_pe[10].u_pe.\u_popcount.$add$E:/Are_UBNN_KWS/self/scripts/../src/compute/popcount.sv:62$314.
  merging $macc model for $flatten\u_pe_array.\gen_pe[10].u_pe.\u_popcount.$add$E:/Are_UBNN_KWS/self/scripts/../src/compute/popcount.sv:62$302 into $flatten\u_pe_array.\gen_pe[10].u_pe.\u_popcount.$add$E:/Are_UBNN_KWS/self/scripts/../src/compute/popcount.sv:62$314.
  merging $macc model for $flatten\u_pe_array.\gen_pe[10].u_pe.\u_popcount.$add$E:/Are_UBNN_KWS/self/scripts/../src/compute/popcount.sv:62$301 into $flatten\u_pe_array.\gen_pe[10].u_pe.\u_popcount.$add$E:/Are_UBNN_KWS/self/scripts/../src/compute/popcount.sv:62$314.
  merging $macc model for $flatten\u_pe_array.\gen_pe[9].u_pe.\u_popcount.$add$E:/Are_UBNN_KWS/self/scripts/../src/compute/popcount.sv:62$313 into $flatten\u_pe_array.\gen_pe[9].u_pe.\u_popcount.$add$E:/Are_UBNN_KWS/self/scripts/../src/compute/popcount.sv:62$314.
  merging $macc model for $flatten\u_pe_array.\gen_pe[9].u_pe.\u_popcount.$add$E:/Are_UBNN_KWS/self/scripts/../src/compute/popcount.sv:62$312 into $flatten\u_pe_array.\gen_pe[9].u_pe.\u_popcount.$add$E:/Are_UBNN_KWS/self/scripts/../src/compute/popcount.sv:62$314.
  merging $macc model for $flatten\u_pe_array.\gen_pe[9].u_pe.\u_popcount.$add$E:/Are_UBNN_KWS/self/scripts/../src/compute/popcount.sv:62$311 into $flatten\u_pe_array.\gen_pe[9].u_pe.\u_popcount.$add$E:/Are_UBNN_KWS/self/scripts/../src/compute/popcount.sv:62$314.
  merging $macc model for $flatten\u_pe_array.\gen_pe[9].u_pe.\u_popcount.$add$E:/Are_UBNN_KWS/self/scripts/../src/compute/popcount.sv:62$310 into $flatten\u_pe_array.\gen_pe[9].u_pe.\u_popcount.$add$E:/Are_UBNN_KWS/self/scripts/../src/compute/popcount.sv:62$314.
  merging $macc model for $flatten\u_pe_array.\gen_pe[9].u_pe.\u_popcount.$add$E:/Are_UBNN_KWS/self/scripts/../src/compute/popcount.sv:62$309 into $flatten\u_pe_array.\gen_pe[9].u_pe.\u_popcount.$add$E:/Are_UBNN_KWS/self/scripts/../src/compute/popcount.sv:62$314.
  merging $macc model for $flatten\u_pe_array.\gen_pe[9].u_pe.\u_popcount.$add$E:/Are_UBNN_KWS/self/scripts/../src/compute/popcount.sv:62$308 into $flatten\u_pe_array.\gen_pe[9].u_pe.\u_popcount.$add$E:/Are_UBNN_KWS/self/scripts/../src/compute/popcount.sv:62$314.
  merging $macc model for $flatten\u_pe_array.\gen_pe[9].u_pe.\u_popcount.$add$E:/Are_UBNN_KWS/self/scripts/../src/compute/popcount.sv:62$307 into $flatten\u_pe_array.\gen_pe[9].u_pe.\u_popcount.$add$E:/Are_UBNN_KWS/self/scripts/../src/compute/popcount.sv:62$314.
  merging $macc model for $flatten\u_pe_array.\gen_pe[9].u_pe.\u_popcount.$add$E:/Are_UBNN_KWS/self/scripts/../src/compute/popcount.sv:62$306 into $flatten\u_pe_array.\gen_pe[9].u_pe.\u_popcount.$add$E:/Are_UBNN_KWS/self/scripts/../src/compute/popcount.sv:62$314.
  merging $macc model for $flatten\u_pe_array.\gen_pe[9].u_pe.\u_popcount.$add$E:/Are_UBNN_KWS/self/scripts/../src/compute/popcount.sv:62$305 into $flatten\u_pe_array.\gen_pe[9].u_pe.\u_popcount.$add$E:/Are_UBNN_KWS/self/scripts/../src/compute/popcount.sv:62$314.
  merging $macc model for $flatten\u_pe_array.\gen_pe[9].u_pe.\u_popcount.$add$E:/Are_UBNN_KWS/self/scripts/../src/compute/popcount.sv:62$304 into $flatten\u_pe_array.\gen_pe[9].u_pe.\u_popcount.$add$E:/Are_UBNN_KWS/self/scripts/../src/compute/popcount.sv:62$314.
  merging $macc model for $flatten\u_pe_array.\gen_pe[9].u_pe.\u_popcount.$add$E:/Are_UBNN_KWS/self/scripts/../src/compute/popcount.sv:62$303 into $flatten\u_pe_array.\gen_pe[9].u_pe.\u_popcount.$add$E:/Are_UBNN_KWS/self/scripts/../src/compute/popcount.sv:62$314.
  merging $macc model for $flatten\u_pe_array.\gen_pe[9].u_pe.\u_popcount.$add$E:/Are_UBNN_KWS/self/scripts/../src/compute/popcount.sv:62$302 into $flatten\u_pe_array.\gen_pe[9].u_pe.\u_popcount.$add$E:/Are_UBNN_KWS/self/scripts/../src/compute/popcount.sv:62$314.
  merging $macc model for $flatten\u_pe_array.\gen_pe[9].u_pe.\u_popcount.$add$E:/Are_UBNN_KWS/self/scripts/../src/compute/popcount.sv:62$301 into $flatten\u_pe_array.\gen_pe[9].u_pe.\u_popcount.$add$E:/Are_UBNN_KWS/self/scripts/../src/compute/popcount.sv:62$314.
  merging $macc model for $flatten\u_pe_array.\gen_pe[8].u_pe.\u_popcount.$add$E:/Are_UBNN_KWS/self/scripts/../src/compute/popcount.sv:62$313 into $flatten\u_pe_array.\gen_pe[8].u_pe.\u_popcount.$add$E:/Are_UBNN_KWS/self/scripts/../src/compute/popcount.sv:62$314.
  merging $macc model for $flatten\u_pe_array.\gen_pe[8].u_pe.\u_popcount.$add$E:/Are_UBNN_KWS/self/scripts/../src/compute/popcount.sv:62$312 into $flatten\u_pe_array.\gen_pe[8].u_pe.\u_popcount.$add$E:/Are_UBNN_KWS/self/scripts/../src/compute/popcount.sv:62$314.
  merging $macc model for $flatten\u_pe_array.\gen_pe[8].u_pe.\u_popcount.$add$E:/Are_UBNN_KWS/self/scripts/../src/compute/popcount.sv:62$311 into $flatten\u_pe_array.\gen_pe[8].u_pe.\u_popcount.$add$E:/Are_UBNN_KWS/self/scripts/../src/compute/popcount.sv:62$314.
  merging $macc model for $flatten\u_pe_array.\gen_pe[8].u_pe.\u_popcount.$add$E:/Are_UBNN_KWS/self/scripts/../src/compute/popcount.sv:62$310 into $flatten\u_pe_array.\gen_pe[8].u_pe.\u_popcount.$add$E:/Are_UBNN_KWS/self/scripts/../src/compute/popcount.sv:62$314.
  merging $macc model for $flatten\u_pe_array.\gen_pe[8].u_pe.\u_popcount.$add$E:/Are_UBNN_KWS/self/scripts/../src/compute/popcount.sv:62$309 into $flatten\u_pe_array.\gen_pe[8].u_pe.\u_popcount.$add$E:/Are_UBNN_KWS/self/scripts/../src/compute/popcount.sv:62$314.
  merging $macc model for $flatten\u_pe_array.\gen_pe[8].u_pe.\u_popcount.$add$E:/Are_UBNN_KWS/self/scripts/../src/compute/popcount.sv:62$308 into $flatten\u_pe_array.\gen_pe[8].u_pe.\u_popcount.$add$E:/Are_UBNN_KWS/self/scripts/../src/compute/popcount.sv:62$314.
  merging $macc model for $flatten\u_pe_array.\gen_pe[8].u_pe.\u_popcount.$add$E:/Are_UBNN_KWS/self/scripts/../src/compute/popcount.sv:62$307 into $flatten\u_pe_array.\gen_pe[8].u_pe.\u_popcount.$add$E:/Are_UBNN_KWS/self/scripts/../src/compute/popcount.sv:62$314.
  merging $macc model for $flatten\u_pe_array.\gen_pe[8].u_pe.\u_popcount.$add$E:/Are_UBNN_KWS/self/scripts/../src/compute/popcount.sv:62$306 into $flatten\u_pe_array.\gen_pe[8].u_pe.\u_popcount.$add$E:/Are_UBNN_KWS/self/scripts/../src/compute/popcount.sv:62$314.
  merging $macc model for $flatten\u_pe_array.\gen_pe[8].u_pe.\u_popcount.$add$E:/Are_UBNN_KWS/self/scripts/../src/compute/popcount.sv:62$305 into $flatten\u_pe_array.\gen_pe[8].u_pe.\u_popcount.$add$E:/Are_UBNN_KWS/self/scripts/../src/compute/popcount.sv:62$314.
  merging $macc model for $flatten\u_pe_array.\gen_pe[8].u_pe.\u_popcount.$add$E:/Are_UBNN_KWS/self/scripts/../src/compute/popcount.sv:62$304 into $flatten\u_pe_array.\gen_pe[8].u_pe.\u_popcount.$add$E:/Are_UBNN_KWS/self/scripts/../src/compute/popcount.sv:62$314.
  merging $macc model for $flatten\u_pe_array.\gen_pe[8].u_pe.\u_popcount.$add$E:/Are_UBNN_KWS/self/scripts/../src/compute/popcount.sv:62$303 into $flatten\u_pe_array.\gen_pe[8].u_pe.\u_popcount.$add$E:/Are_UBNN_KWS/self/scripts/../src/compute/popcount.sv:62$314.
  merging $macc model for $flatten\u_pe_array.\gen_pe[8].u_pe.\u_popcount.$add$E:/Are_UBNN_KWS/self/scripts/../src/compute/popcount.sv:62$302 into $flatten\u_pe_array.\gen_pe[8].u_pe.\u_popcount.$add$E:/Are_UBNN_KWS/self/scripts/../src/compute/popcount.sv:62$314.
  merging $macc model for $flatten\u_pe_array.\gen_pe[8].u_pe.\u_popcount.$add$E:/Are_UBNN_KWS/self/scripts/../src/compute/popcount.sv:62$301 into $flatten\u_pe_array.\gen_pe[8].u_pe.\u_popcount.$add$E:/Are_UBNN_KWS/self/scripts/../src/compute/popcount.sv:62$314.
  merging $macc model for $flatten\u_pe_array.\gen_pe[7].u_pe.\u_popcount.$add$E:/Are_UBNN_KWS/self/scripts/../src/compute/popcount.sv:62$313 into $flatten\u_pe_array.\gen_pe[7].u_pe.\u_popcount.$add$E:/Are_UBNN_KWS/self/scripts/../src/compute/popcount.sv:62$314.
  merging $macc model for $flatten\u_pe_array.\gen_pe[7].u_pe.\u_popcount.$add$E:/Are_UBNN_KWS/self/scripts/../src/compute/popcount.sv:62$312 into $flatten\u_pe_array.\gen_pe[7].u_pe.\u_popcount.$add$E:/Are_UBNN_KWS/self/scripts/../src/compute/popcount.sv:62$314.
  merging $macc model for $flatten\u_pe_array.\gen_pe[7].u_pe.\u_popcount.$add$E:/Are_UBNN_KWS/self/scripts/../src/compute/popcount.sv:62$311 into $flatten\u_pe_array.\gen_pe[7].u_pe.\u_popcount.$add$E:/Are_UBNN_KWS/self/scripts/../src/compute/popcount.sv:62$314.
  merging $macc model for $flatten\u_pe_array.\gen_pe[7].u_pe.\u_popcount.$add$E:/Are_UBNN_KWS/self/scripts/../src/compute/popcount.sv:62$310 into $flatten\u_pe_array.\gen_pe[7].u_pe.\u_popcount.$add$E:/Are_UBNN_KWS/self/scripts/../src/compute/popcount.sv:62$314.
  merging $macc model for $flatten\u_pe_array.\gen_pe[7].u_pe.\u_popcount.$add$E:/Are_UBNN_KWS/self/scripts/../src/compute/popcount.sv:62$309 into $flatten\u_pe_array.\gen_pe[7].u_pe.\u_popcount.$add$E:/Are_UBNN_KWS/self/scripts/../src/compute/popcount.sv:62$314.
  merging $macc model for $flatten\u_pe_array.\gen_pe[7].u_pe.\u_popcount.$add$E:/Are_UBNN_KWS/self/scripts/../src/compute/popcount.sv:62$308 into $flatten\u_pe_array.\gen_pe[7].u_pe.\u_popcount.$add$E:/Are_UBNN_KWS/self/scripts/../src/compute/popcount.sv:62$314.
  merging $macc model for $flatten\u_pe_array.\gen_pe[7].u_pe.\u_popcount.$add$E:/Are_UBNN_KWS/self/scripts/../src/compute/popcount.sv:62$307 into $flatten\u_pe_array.\gen_pe[7].u_pe.\u_popcount.$add$E:/Are_UBNN_KWS/self/scripts/../src/compute/popcount.sv:62$314.
  merging $macc model for $flatten\u_pe_array.\gen_pe[7].u_pe.\u_popcount.$add$E:/Are_UBNN_KWS/self/scripts/../src/compute/popcount.sv:62$306 into $flatten\u_pe_array.\gen_pe[7].u_pe.\u_popcount.$add$E:/Are_UBNN_KWS/self/scripts/../src/compute/popcount.sv:62$314.
  merging $macc model for $flatten\u_pe_array.\gen_pe[7].u_pe.\u_popcount.$add$E:/Are_UBNN_KWS/self/scripts/../src/compute/popcount.sv:62$305 into $flatten\u_pe_array.\gen_pe[7].u_pe.\u_popcount.$add$E:/Are_UBNN_KWS/self/scripts/../src/compute/popcount.sv:62$314.
  merging $macc model for $flatten\u_pe_array.\gen_pe[7].u_pe.\u_popcount.$add$E:/Are_UBNN_KWS/self/scripts/../src/compute/popcount.sv:62$304 into $flatten\u_pe_array.\gen_pe[7].u_pe.\u_popcount.$add$E:/Are_UBNN_KWS/self/scripts/../src/compute/popcount.sv:62$314.
  merging $macc model for $flatten\u_pe_array.\gen_pe[7].u_pe.\u_popcount.$add$E:/Are_UBNN_KWS/self/scripts/../src/compute/popcount.sv:62$303 into $flatten\u_pe_array.\gen_pe[7].u_pe.\u_popcount.$add$E:/Are_UBNN_KWS/self/scripts/../src/compute/popcount.sv:62$314.
  merging $macc model for $flatten\u_pe_array.\gen_pe[7].u_pe.\u_popcount.$add$E:/Are_UBNN_KWS/self/scripts/../src/compute/popcount.sv:62$302 into $flatten\u_pe_array.\gen_pe[7].u_pe.\u_popcount.$add$E:/Are_UBNN_KWS/self/scripts/../src/compute/popcount.sv:62$314.
  merging $macc model for $flatten\u_pe_array.\gen_pe[7].u_pe.\u_popcount.$add$E:/Are_UBNN_KWS/self/scripts/../src/compute/popcount.sv:62$301 into $flatten\u_pe_array.\gen_pe[7].u_pe.\u_popcount.$add$E:/Are_UBNN_KWS/self/scripts/../src/compute/popcount.sv:62$314.
  merging $macc model for $flatten\u_pe_array.\gen_pe[6].u_pe.\u_popcount.$add$E:/Are_UBNN_KWS/self/scripts/../src/compute/popcount.sv:62$313 into $flatten\u_pe_array.\gen_pe[6].u_pe.\u_popcount.$add$E:/Are_UBNN_KWS/self/scripts/../src/compute/popcount.sv:62$314.
  merging $macc model for $flatten\u_pe_array.\gen_pe[6].u_pe.\u_popcount.$add$E:/Are_UBNN_KWS/self/scripts/../src/compute/popcount.sv:62$312 into $flatten\u_pe_array.\gen_pe[6].u_pe.\u_popcount.$add$E:/Are_UBNN_KWS/self/scripts/../src/compute/popcount.sv:62$314.
  merging $macc model for $flatten\u_pe_array.\gen_pe[6].u_pe.\u_popcount.$add$E:/Are_UBNN_KWS/self/scripts/../src/compute/popcount.sv:62$311 into $flatten\u_pe_array.\gen_pe[6].u_pe.\u_popcount.$add$E:/Are_UBNN_KWS/self/scripts/../src/compute/popcount.sv:62$314.
  merging $macc model for $flatten\u_pe_array.\gen_pe[6].u_pe.\u_popcount.$add$E:/Are_UBNN_KWS/self/scripts/../src/compute/popcount.sv:62$310 into $flatten\u_pe_array.\gen_pe[6].u_pe.\u_popcount.$add$E:/Are_UBNN_KWS/self/scripts/../src/compute/popcount.sv:62$314.
  merging $macc model for $flatten\u_pe_array.\gen_pe[6].u_pe.\u_popcount.$add$E:/Are_UBNN_KWS/self/scripts/../src/compute/popcount.sv:62$309 into $flatten\u_pe_array.\gen_pe[6].u_pe.\u_popcount.$add$E:/Are_UBNN_KWS/self/scripts/../src/compute/popcount.sv:62$314.
  merging $macc model for $flatten\u_pe_array.\gen_pe[6].u_pe.\u_popcount.$add$E:/Are_UBNN_KWS/self/scripts/../src/compute/popcount.sv:62$308 into $flatten\u_pe_array.\gen_pe[6].u_pe.\u_popcount.$add$E:/Are_UBNN_KWS/self/scripts/../src/compute/popcount.sv:62$314.
  merging $macc model for $flatten\u_pe_array.\gen_pe[6].u_pe.\u_popcount.$add$E:/Are_UBNN_KWS/self/scripts/../src/compute/popcount.sv:62$307 into $flatten\u_pe_array.\gen_pe[6].u_pe.\u_popcount.$add$E:/Are_UBNN_KWS/self/scripts/../src/compute/popcount.sv:62$314.
  merging $macc model for $flatten\u_pe_array.\gen_pe[6].u_pe.\u_popcount.$add$E:/Are_UBNN_KWS/self/scripts/../src/compute/popcount.sv:62$306 into $flatten\u_pe_array.\gen_pe[6].u_pe.\u_popcount.$add$E:/Are_UBNN_KWS/self/scripts/../src/compute/popcount.sv:62$314.
  merging $macc model for $flatten\u_pe_array.\gen_pe[6].u_pe.\u_popcount.$add$E:/Are_UBNN_KWS/self/scripts/../src/compute/popcount.sv:62$305 into $flatten\u_pe_array.\gen_pe[6].u_pe.\u_popcount.$add$E:/Are_UBNN_KWS/self/scripts/../src/compute/popcount.sv:62$314.
  merging $macc model for $flatten\u_pe_array.\gen_pe[6].u_pe.\u_popcount.$add$E:/Are_UBNN_KWS/self/scripts/../src/compute/popcount.sv:62$304 into $flatten\u_pe_array.\gen_pe[6].u_pe.\u_popcount.$add$E:/Are_UBNN_KWS/self/scripts/../src/compute/popcount.sv:62$314.
  merging $macc model for $flatten\u_pe_array.\gen_pe[6].u_pe.\u_popcount.$add$E:/Are_UBNN_KWS/self/scripts/../src/compute/popcount.sv:62$303 into $flatten\u_pe_array.\gen_pe[6].u_pe.\u_popcount.$add$E:/Are_UBNN_KWS/self/scripts/../src/compute/popcount.sv:62$314.
  merging $macc model for $flatten\u_pe_array.\gen_pe[6].u_pe.\u_popcount.$add$E:/Are_UBNN_KWS/self/scripts/../src/compute/popcount.sv:62$302 into $flatten\u_pe_array.\gen_pe[6].u_pe.\u_popcount.$add$E:/Are_UBNN_KWS/self/scripts/../src/compute/popcount.sv:62$314.
  merging $macc model for $flatten\u_pe_array.\gen_pe[6].u_pe.\u_popcount.$add$E:/Are_UBNN_KWS/self/scripts/../src/compute/popcount.sv:62$301 into $flatten\u_pe_array.\gen_pe[6].u_pe.\u_popcount.$add$E:/Are_UBNN_KWS/self/scripts/../src/compute/popcount.sv:62$314.
  merging $macc model for $flatten\u_pe_array.\gen_pe[5].u_pe.\u_popcount.$add$E:/Are_UBNN_KWS/self/scripts/../src/compute/popcount.sv:62$313 into $flatten\u_pe_array.\gen_pe[5].u_pe.\u_popcount.$add$E:/Are_UBNN_KWS/self/scripts/../src/compute/popcount.sv:62$314.
  merging $macc model for $flatten\u_pe_array.\gen_pe[5].u_pe.\u_popcount.$add$E:/Are_UBNN_KWS/self/scripts/../src/compute/popcount.sv:62$312 into $flatten\u_pe_array.\gen_pe[5].u_pe.\u_popcount.$add$E:/Are_UBNN_KWS/self/scripts/../src/compute/popcount.sv:62$314.
  merging $macc model for $flatten\u_pe_array.\gen_pe[5].u_pe.\u_popcount.$add$E:/Are_UBNN_KWS/self/scripts/../src/compute/popcount.sv:62$311 into $flatten\u_pe_array.\gen_pe[5].u_pe.\u_popcount.$add$E:/Are_UBNN_KWS/self/scripts/../src/compute/popcount.sv:62$314.
  merging $macc model for $flatten\u_pe_array.\gen_pe[5].u_pe.\u_popcount.$add$E:/Are_UBNN_KWS/self/scripts/../src/compute/popcount.sv:62$310 into $flatten\u_pe_array.\gen_pe[5].u_pe.\u_popcount.$add$E:/Are_UBNN_KWS/self/scripts/../src/compute/popcount.sv:62$314.
  merging $macc model for $flatten\u_pe_array.\gen_pe[5].u_pe.\u_popcount.$add$E:/Are_UBNN_KWS/self/scripts/../src/compute/popcount.sv:62$309 into $flatten\u_pe_array.\gen_pe[5].u_pe.\u_popcount.$add$E:/Are_UBNN_KWS/self/scripts/../src/compute/popcount.sv:62$314.
  merging $macc model for $flatten\u_pe_array.\gen_pe[5].u_pe.\u_popcount.$add$E:/Are_UBNN_KWS/self/scripts/../src/compute/popcount.sv:62$308 into $flatten\u_pe_array.\gen_pe[5].u_pe.\u_popcount.$add$E:/Are_UBNN_KWS/self/scripts/../src/compute/popcount.sv:62$314.
  merging $macc model for $flatten\u_pe_array.\gen_pe[5].u_pe.\u_popcount.$add$E:/Are_UBNN_KWS/self/scripts/../src/compute/popcount.sv:62$307 into $flatten\u_pe_array.\gen_pe[5].u_pe.\u_popcount.$add$E:/Are_UBNN_KWS/self/scripts/../src/compute/popcount.sv:62$314.
  merging $macc model for $flatten\u_pe_array.\gen_pe[5].u_pe.\u_popcount.$add$E:/Are_UBNN_KWS/self/scripts/../src/compute/popcount.sv:62$306 into $flatten\u_pe_array.\gen_pe[5].u_pe.\u_popcount.$add$E:/Are_UBNN_KWS/self/scripts/../src/compute/popcount.sv:62$314.
  merging $macc model for $flatten\u_pe_array.\gen_pe[5].u_pe.\u_popcount.$add$E:/Are_UBNN_KWS/self/scripts/../src/compute/popcount.sv:62$305 into $flatten\u_pe_array.\gen_pe[5].u_pe.\u_popcount.$add$E:/Are_UBNN_KWS/self/scripts/../src/compute/popcount.sv:62$314.
  merging $macc model for $flatten\u_pe_array.\gen_pe[5].u_pe.\u_popcount.$add$E:/Are_UBNN_KWS/self/scripts/../src/compute/popcount.sv:62$304 into $flatten\u_pe_array.\gen_pe[5].u_pe.\u_popcount.$add$E:/Are_UBNN_KWS/self/scripts/../src/compute/popcount.sv:62$314.
  merging $macc model for $flatten\u_pe_array.\gen_pe[5].u_pe.\u_popcount.$add$E:/Are_UBNN_KWS/self/scripts/../src/compute/popcount.sv:62$303 into $flatten\u_pe_array.\gen_pe[5].u_pe.\u_popcount.$add$E:/Are_UBNN_KWS/self/scripts/../src/compute/popcount.sv:62$314.
  merging $macc model for $flatten\u_pe_array.\gen_pe[5].u_pe.\u_popcount.$add$E:/Are_UBNN_KWS/self/scripts/../src/compute/popcount.sv:62$302 into $flatten\u_pe_array.\gen_pe[5].u_pe.\u_popcount.$add$E:/Are_UBNN_KWS/self/scripts/../src/compute/popcount.sv:62$314.
  merging $macc model for $flatten\u_pe_array.\gen_pe[5].u_pe.\u_popcount.$add$E:/Are_UBNN_KWS/self/scripts/../src/compute/popcount.sv:62$301 into $flatten\u_pe_array.\gen_pe[5].u_pe.\u_popcount.$add$E:/Are_UBNN_KWS/self/scripts/../src/compute/popcount.sv:62$314.
  merging $macc model for $flatten\u_pe_array.\gen_pe[4].u_pe.\u_popcount.$add$E:/Are_UBNN_KWS/self/scripts/../src/compute/popcount.sv:62$313 into $flatten\u_pe_array.\gen_pe[4].u_pe.\u_popcount.$add$E:/Are_UBNN_KWS/self/scripts/../src/compute/popcount.sv:62$314.
  merging $macc model for $flatten\u_pe_array.\gen_pe[4].u_pe.\u_popcount.$add$E:/Are_UBNN_KWS/self/scripts/../src/compute/popcount.sv:62$312 into $flatten\u_pe_array.\gen_pe[4].u_pe.\u_popcount.$add$E:/Are_UBNN_KWS/self/scripts/../src/compute/popcount.sv:62$314.
  merging $macc model for $flatten\u_pe_array.\gen_pe[4].u_pe.\u_popcount.$add$E:/Are_UBNN_KWS/self/scripts/../src/compute/popcount.sv:62$311 into $flatten\u_pe_array.\gen_pe[4].u_pe.\u_popcount.$add$E:/Are_UBNN_KWS/self/scripts/../src/compute/popcount.sv:62$314.
  merging $macc model for $flatten\u_pe_array.\gen_pe[4].u_pe.\u_popcount.$add$E:/Are_UBNN_KWS/self/scripts/../src/compute/popcount.sv:62$310 into $flatten\u_pe_array.\gen_pe[4].u_pe.\u_popcount.$add$E:/Are_UBNN_KWS/self/scripts/../src/compute/popcount.sv:62$314.
  merging $macc model for $flatten\u_pe_array.\gen_pe[4].u_pe.\u_popcount.$add$E:/Are_UBNN_KWS/self/scripts/../src/compute/popcount.sv:62$309 into $flatten\u_pe_array.\gen_pe[4].u_pe.\u_popcount.$add$E:/Are_UBNN_KWS/self/scripts/../src/compute/popcount.sv:62$314.
  merging $macc model for $flatten\u_pe_array.\gen_pe[4].u_pe.\u_popcount.$add$E:/Are_UBNN_KWS/self/scripts/../src/compute/popcount.sv:62$308 into $flatten\u_pe_array.\gen_pe[4].u_pe.\u_popcount.$add$E:/Are_UBNN_KWS/self/scripts/../src/compute/popcount.sv:62$314.
  merging $macc model for $flatten\u_pe_array.\gen_pe[4].u_pe.\u_popcount.$add$E:/Are_UBNN_KWS/self/scripts/../src/compute/popcount.sv:62$307 into $flatten\u_pe_array.\gen_pe[4].u_pe.\u_popcount.$add$E:/Are_UBNN_KWS/self/scripts/../src/compute/popcount.sv:62$314.
  merging $macc model for $flatten\u_pe_array.\gen_pe[4].u_pe.\u_popcount.$add$E:/Are_UBNN_KWS/self/scripts/../src/compute/popcount.sv:62$306 into $flatten\u_pe_array.\gen_pe[4].u_pe.\u_popcount.$add$E:/Are_UBNN_KWS/self/scripts/../src/compute/popcount.sv:62$314.
  merging $macc model for $flatten\u_pe_array.\gen_pe[4].u_pe.\u_popcount.$add$E:/Are_UBNN_KWS/self/scripts/../src/compute/popcount.sv:62$305 into $flatten\u_pe_array.\gen_pe[4].u_pe.\u_popcount.$add$E:/Are_UBNN_KWS/self/scripts/../src/compute/popcount.sv:62$314.
  merging $macc model for $flatten\u_pe_array.\gen_pe[4].u_pe.\u_popcount.$add$E:/Are_UBNN_KWS/self/scripts/../src/compute/popcount.sv:62$304 into $flatten\u_pe_array.\gen_pe[4].u_pe.\u_popcount.$add$E:/Are_UBNN_KWS/self/scripts/../src/compute/popcount.sv:62$314.
  merging $macc model for $flatten\u_pe_array.\gen_pe[4].u_pe.\u_popcount.$add$E:/Are_UBNN_KWS/self/scripts/../src/compute/popcount.sv:62$303 into $flatten\u_pe_array.\gen_pe[4].u_pe.\u_popcount.$add$E:/Are_UBNN_KWS/self/scripts/../src/compute/popcount.sv:62$314.
  merging $macc model for $flatten\u_pe_array.\gen_pe[4].u_pe.\u_popcount.$add$E:/Are_UBNN_KWS/self/scripts/../src/compute/popcount.sv:62$302 into $flatten\u_pe_array.\gen_pe[4].u_pe.\u_popcount.$add$E:/Are_UBNN_KWS/self/scripts/../src/compute/popcount.sv:62$314.
  merging $macc model for $flatten\u_pe_array.\gen_pe[4].u_pe.\u_popcount.$add$E:/Are_UBNN_KWS/self/scripts/../src/compute/popcount.sv:62$301 into $flatten\u_pe_array.\gen_pe[4].u_pe.\u_popcount.$add$E:/Are_UBNN_KWS/self/scripts/../src/compute/popcount.sv:62$314.
  merging $macc model for $flatten\u_pe_array.\gen_pe[3].u_pe.\u_popcount.$add$E:/Are_UBNN_KWS/self/scripts/../src/compute/popcount.sv:62$313 into $flatten\u_pe_array.\gen_pe[3].u_pe.\u_popcount.$add$E:/Are_UBNN_KWS/self/scripts/../src/compute/popcount.sv:62$314.
  merging $macc model for $flatten\u_pe_array.\gen_pe[3].u_pe.\u_popcount.$add$E:/Are_UBNN_KWS/self/scripts/../src/compute/popcount.sv:62$312 into $flatten\u_pe_array.\gen_pe[3].u_pe.\u_popcount.$add$E:/Are_UBNN_KWS/self/scripts/../src/compute/popcount.sv:62$314.
  merging $macc model for $flatten\u_pe_array.\gen_pe[3].u_pe.\u_popcount.$add$E:/Are_UBNN_KWS/self/scripts/../src/compute/popcount.sv:62$311 into $flatten\u_pe_array.\gen_pe[3].u_pe.\u_popcount.$add$E:/Are_UBNN_KWS/self/scripts/../src/compute/popcount.sv:62$314.
  merging $macc model for $flatten\u_pe_array.\gen_pe[3].u_pe.\u_popcount.$add$E:/Are_UBNN_KWS/self/scripts/../src/compute/popcount.sv:62$310 into $flatten\u_pe_array.\gen_pe[3].u_pe.\u_popcount.$add$E:/Are_UBNN_KWS/self/scripts/../src/compute/popcount.sv:62$314.
  merging $macc model for $flatten\u_pe_array.\gen_pe[3].u_pe.\u_popcount.$add$E:/Are_UBNN_KWS/self/scripts/../src/compute/popcount.sv:62$309 into $flatten\u_pe_array.\gen_pe[3].u_pe.\u_popcount.$add$E:/Are_UBNN_KWS/self/scripts/../src/compute/popcount.sv:62$314.
  merging $macc model for $flatten\u_pe_array.\gen_pe[3].u_pe.\u_popcount.$add$E:/Are_UBNN_KWS/self/scripts/../src/compute/popcount.sv:62$308 into $flatten\u_pe_array.\gen_pe[3].u_pe.\u_popcount.$add$E:/Are_UBNN_KWS/self/scripts/../src/compute/popcount.sv:62$314.
  merging $macc model for $flatten\u_pe_array.\gen_pe[3].u_pe.\u_popcount.$add$E:/Are_UBNN_KWS/self/scripts/../src/compute/popcount.sv:62$307 into $flatten\u_pe_array.\gen_pe[3].u_pe.\u_popcount.$add$E:/Are_UBNN_KWS/self/scripts/../src/compute/popcount.sv:62$314.
  merging $macc model for $flatten\u_pe_array.\gen_pe[3].u_pe.\u_popcount.$add$E:/Are_UBNN_KWS/self/scripts/../src/compute/popcount.sv:62$306 into $flatten\u_pe_array.\gen_pe[3].u_pe.\u_popcount.$add$E:/Are_UBNN_KWS/self/scripts/../src/compute/popcount.sv:62$314.
  merging $macc model for $flatten\u_pe_array.\gen_pe[3].u_pe.\u_popcount.$add$E:/Are_UBNN_KWS/self/scripts/../src/compute/popcount.sv:62$305 into $flatten\u_pe_array.\gen_pe[3].u_pe.\u_popcount.$add$E:/Are_UBNN_KWS/self/scripts/../src/compute/popcount.sv:62$314.
  merging $macc model for $flatten\u_pe_array.\gen_pe[3].u_pe.\u_popcount.$add$E:/Are_UBNN_KWS/self/scripts/../src/compute/popcount.sv:62$304 into $flatten\u_pe_array.\gen_pe[3].u_pe.\u_popcount.$add$E:/Are_UBNN_KWS/self/scripts/../src/compute/popcount.sv:62$314.
  merging $macc model for $flatten\u_pe_array.\gen_pe[3].u_pe.\u_popcount.$add$E:/Are_UBNN_KWS/self/scripts/../src/compute/popcount.sv:62$303 into $flatten\u_pe_array.\gen_pe[3].u_pe.\u_popcount.$add$E:/Are_UBNN_KWS/self/scripts/../src/compute/popcount.sv:62$314.
  merging $macc model for $flatten\u_pe_array.\gen_pe[3].u_pe.\u_popcount.$add$E:/Are_UBNN_KWS/self/scripts/../src/compute/popcount.sv:62$302 into $flatten\u_pe_array.\gen_pe[3].u_pe.\u_popcount.$add$E:/Are_UBNN_KWS/self/scripts/../src/compute/popcount.sv:62$314.
  merging $macc model for $flatten\u_pe_array.\gen_pe[3].u_pe.\u_popcount.$add$E:/Are_UBNN_KWS/self/scripts/../src/compute/popcount.sv:62$301 into $flatten\u_pe_array.\gen_pe[3].u_pe.\u_popcount.$add$E:/Are_UBNN_KWS/self/scripts/../src/compute/popcount.sv:62$314.
  merging $macc model for $flatten\u_pe_array.\gen_pe[2].u_pe.\u_popcount.$add$E:/Are_UBNN_KWS/self/scripts/../src/compute/popcount.sv:62$313 into $flatten\u_pe_array.\gen_pe[2].u_pe.\u_popcount.$add$E:/Are_UBNN_KWS/self/scripts/../src/compute/popcount.sv:62$314.
  merging $macc model for $flatten\u_pe_array.\gen_pe[2].u_pe.\u_popcount.$add$E:/Are_UBNN_KWS/self/scripts/../src/compute/popcount.sv:62$312 into $flatten\u_pe_array.\gen_pe[2].u_pe.\u_popcount.$add$E:/Are_UBNN_KWS/self/scripts/../src/compute/popcount.sv:62$314.
  merging $macc model for $flatten\u_pe_array.\gen_pe[2].u_pe.\u_popcount.$add$E:/Are_UBNN_KWS/self/scripts/../src/compute/popcount.sv:62$311 into $flatten\u_pe_array.\gen_pe[2].u_pe.\u_popcount.$add$E:/Are_UBNN_KWS/self/scripts/../src/compute/popcount.sv:62$314.
  merging $macc model for $flatten\u_pe_array.\gen_pe[2].u_pe.\u_popcount.$add$E:/Are_UBNN_KWS/self/scripts/../src/compute/popcount.sv:62$310 into $flatten\u_pe_array.\gen_pe[2].u_pe.\u_popcount.$add$E:/Are_UBNN_KWS/self/scripts/../src/compute/popcount.sv:62$314.
  merging $macc model for $flatten\u_pe_array.\gen_pe[2].u_pe.\u_popcount.$add$E:/Are_UBNN_KWS/self/scripts/../src/compute/popcount.sv:62$309 into $flatten\u_pe_array.\gen_pe[2].u_pe.\u_popcount.$add$E:/Are_UBNN_KWS/self/scripts/../src/compute/popcount.sv:62$314.
  merging $macc model for $flatten\u_pe_array.\gen_pe[2].u_pe.\u_popcount.$add$E:/Are_UBNN_KWS/self/scripts/../src/compute/popcount.sv:62$308 into $flatten\u_pe_array.\gen_pe[2].u_pe.\u_popcount.$add$E:/Are_UBNN_KWS/self/scripts/../src/compute/popcount.sv:62$314.
  merging $macc model for $flatten\u_pe_array.\gen_pe[2].u_pe.\u_popcount.$add$E:/Are_UBNN_KWS/self/scripts/../src/compute/popcount.sv:62$307 into $flatten\u_pe_array.\gen_pe[2].u_pe.\u_popcount.$add$E:/Are_UBNN_KWS/self/scripts/../src/compute/popcount.sv:62$314.
  merging $macc model for $flatten\u_pe_array.\gen_pe[2].u_pe.\u_popcount.$add$E:/Are_UBNN_KWS/self/scripts/../src/compute/popcount.sv:62$306 into $flatten\u_pe_array.\gen_pe[2].u_pe.\u_popcount.$add$E:/Are_UBNN_KWS/self/scripts/../src/compute/popcount.sv:62$314.
  merging $macc model for $flatten\u_pe_array.\gen_pe[2].u_pe.\u_popcount.$add$E:/Are_UBNN_KWS/self/scripts/../src/compute/popcount.sv:62$305 into $flatten\u_pe_array.\gen_pe[2].u_pe.\u_popcount.$add$E:/Are_UBNN_KWS/self/scripts/../src/compute/popcount.sv:62$314.
  merging $macc model for $flatten\u_pe_array.\gen_pe[2].u_pe.\u_popcount.$add$E:/Are_UBNN_KWS/self/scripts/../src/compute/popcount.sv:62$304 into $flatten\u_pe_array.\gen_pe[2].u_pe.\u_popcount.$add$E:/Are_UBNN_KWS/self/scripts/../src/compute/popcount.sv:62$314.
  merging $macc model for $flatten\u_pe_array.\gen_pe[2].u_pe.\u_popcount.$add$E:/Are_UBNN_KWS/self/scripts/../src/compute/popcount.sv:62$303 into $flatten\u_pe_array.\gen_pe[2].u_pe.\u_popcount.$add$E:/Are_UBNN_KWS/self/scripts/../src/compute/popcount.sv:62$314.
  merging $macc model for $flatten\u_pe_array.\gen_pe[2].u_pe.\u_popcount.$add$E:/Are_UBNN_KWS/self/scripts/../src/compute/popcount.sv:62$302 into $flatten\u_pe_array.\gen_pe[2].u_pe.\u_popcount.$add$E:/Are_UBNN_KWS/self/scripts/../src/compute/popcount.sv:62$314.
  merging $macc model for $flatten\u_pe_array.\gen_pe[2].u_pe.\u_popcount.$add$E:/Are_UBNN_KWS/self/scripts/../src/compute/popcount.sv:62$301 into $flatten\u_pe_array.\gen_pe[2].u_pe.\u_popcount.$add$E:/Are_UBNN_KWS/self/scripts/../src/compute/popcount.sv:62$314.
  merging $macc model for $flatten\u_pe_array.\gen_pe[1].u_pe.\u_popcount.$add$E:/Are_UBNN_KWS/self/scripts/../src/compute/popcount.sv:62$313 into $flatten\u_pe_array.\gen_pe[1].u_pe.\u_popcount.$add$E:/Are_UBNN_KWS/self/scripts/../src/compute/popcount.sv:62$314.
  merging $macc model for $flatten\u_pe_array.\gen_pe[1].u_pe.\u_popcount.$add$E:/Are_UBNN_KWS/self/scripts/../src/compute/popcount.sv:62$312 into $flatten\u_pe_array.\gen_pe[1].u_pe.\u_popcount.$add$E:/Are_UBNN_KWS/self/scripts/../src/compute/popcount.sv:62$314.
  merging $macc model for $flatten\u_pe_array.\gen_pe[1].u_pe.\u_popcount.$add$E:/Are_UBNN_KWS/self/scripts/../src/compute/popcount.sv:62$311 into $flatten\u_pe_array.\gen_pe[1].u_pe.\u_popcount.$add$E:/Are_UBNN_KWS/self/scripts/../src/compute/popcount.sv:62$314.
  merging $macc model for $flatten\u_pe_array.\gen_pe[1].u_pe.\u_popcount.$add$E:/Are_UBNN_KWS/self/scripts/../src/compute/popcount.sv:62$310 into $flatten\u_pe_array.\gen_pe[1].u_pe.\u_popcount.$add$E:/Are_UBNN_KWS/self/scripts/../src/compute/popcount.sv:62$314.
  merging $macc model for $flatten\u_pe_array.\gen_pe[1].u_pe.\u_popcount.$add$E:/Are_UBNN_KWS/self/scripts/../src/compute/popcount.sv:62$309 into $flatten\u_pe_array.\gen_pe[1].u_pe.\u_popcount.$add$E:/Are_UBNN_KWS/self/scripts/../src/compute/popcount.sv:62$314.
  merging $macc model for $flatten\u_pe_array.\gen_pe[1].u_pe.\u_popcount.$add$E:/Are_UBNN_KWS/self/scripts/../src/compute/popcount.sv:62$308 into $flatten\u_pe_array.\gen_pe[1].u_pe.\u_popcount.$add$E:/Are_UBNN_KWS/self/scripts/../src/compute/popcount.sv:62$314.
  merging $macc model for $flatten\u_pe_array.\gen_pe[1].u_pe.\u_popcount.$add$E:/Are_UBNN_KWS/self/scripts/../src/compute/popcount.sv:62$307 into $flatten\u_pe_array.\gen_pe[1].u_pe.\u_popcount.$add$E:/Are_UBNN_KWS/self/scripts/../src/compute/popcount.sv:62$314.
  merging $macc model for $flatten\u_pe_array.\gen_pe[1].u_pe.\u_popcount.$add$E:/Are_UBNN_KWS/self/scripts/../src/compute/popcount.sv:62$306 into $flatten\u_pe_array.\gen_pe[1].u_pe.\u_popcount.$add$E:/Are_UBNN_KWS/self/scripts/../src/compute/popcount.sv:62$314.
  merging $macc model for $flatten\u_pe_array.\gen_pe[1].u_pe.\u_popcount.$add$E:/Are_UBNN_KWS/self/scripts/../src/compute/popcount.sv:62$305 into $flatten\u_pe_array.\gen_pe[1].u_pe.\u_popcount.$add$E:/Are_UBNN_KWS/self/scripts/../src/compute/popcount.sv:62$314.
  merging $macc model for $flatten\u_pe_array.\gen_pe[1].u_pe.\u_popcount.$add$E:/Are_UBNN_KWS/self/scripts/../src/compute/popcount.sv:62$304 into $flatten\u_pe_array.\gen_pe[1].u_pe.\u_popcount.$add$E:/Are_UBNN_KWS/self/scripts/../src/compute/popcount.sv:62$314.
  merging $macc model for $flatten\u_pe_array.\gen_pe[1].u_pe.\u_popcount.$add$E:/Are_UBNN_KWS/self/scripts/../src/compute/popcount.sv:62$303 into $flatten\u_pe_array.\gen_pe[1].u_pe.\u_popcount.$add$E:/Are_UBNN_KWS/self/scripts/../src/compute/popcount.sv:62$314.
  merging $macc model for $flatten\u_pe_array.\gen_pe[1].u_pe.\u_popcount.$add$E:/Are_UBNN_KWS/self/scripts/../src/compute/popcount.sv:62$302 into $flatten\u_pe_array.\gen_pe[1].u_pe.\u_popcount.$add$E:/Are_UBNN_KWS/self/scripts/../src/compute/popcount.sv:62$314.
  merging $macc model for $flatten\u_pe_array.\gen_pe[1].u_pe.\u_popcount.$add$E:/Are_UBNN_KWS/self/scripts/../src/compute/popcount.sv:62$301 into $flatten\u_pe_array.\gen_pe[1].u_pe.\u_popcount.$add$E:/Are_UBNN_KWS/self/scripts/../src/compute/popcount.sv:62$314.
  merging $macc model for $flatten\u_pe_array.\gen_pe[0].u_pe.\u_popcount.$add$E:/Are_UBNN_KWS/self/scripts/../src/compute/popcount.sv:62$313 into $flatten\u_pe_array.\gen_pe[0].u_pe.\u_popcount.$add$E:/Are_UBNN_KWS/self/scripts/../src/compute/popcount.sv:62$314.
  merging $macc model for $flatten\u_pe_array.\gen_pe[0].u_pe.\u_popcount.$add$E:/Are_UBNN_KWS/self/scripts/../src/compute/popcount.sv:62$312 into $flatten\u_pe_array.\gen_pe[0].u_pe.\u_popcount.$add$E:/Are_UBNN_KWS/self/scripts/../src/compute/popcount.sv:62$314.
  merging $macc model for $flatten\u_pe_array.\gen_pe[0].u_pe.\u_popcount.$add$E:/Are_UBNN_KWS/self/scripts/../src/compute/popcount.sv:62$311 into $flatten\u_pe_array.\gen_pe[0].u_pe.\u_popcount.$add$E:/Are_UBNN_KWS/self/scripts/../src/compute/popcount.sv:62$314.
  merging $macc model for $flatten\u_pe_array.\gen_pe[0].u_pe.\u_popcount.$add$E:/Are_UBNN_KWS/self/scripts/../src/compute/popcount.sv:62$310 into $flatten\u_pe_array.\gen_pe[0].u_pe.\u_popcount.$add$E:/Are_UBNN_KWS/self/scripts/../src/compute/popcount.sv:62$314.
  merging $macc model for $flatten\u_pe_array.\gen_pe[0].u_pe.\u_popcount.$add$E:/Are_UBNN_KWS/self/scripts/../src/compute/popcount.sv:62$309 into $flatten\u_pe_array.\gen_pe[0].u_pe.\u_popcount.$add$E:/Are_UBNN_KWS/self/scripts/../src/compute/popcount.sv:62$314.
  merging $macc model for $flatten\u_pe_array.\gen_pe[0].u_pe.\u_popcount.$add$E:/Are_UBNN_KWS/self/scripts/../src/compute/popcount.sv:62$308 into $flatten\u_pe_array.\gen_pe[0].u_pe.\u_popcount.$add$E:/Are_UBNN_KWS/self/scripts/../src/compute/popcount.sv:62$314.
  merging $macc model for $flatten\u_pe_array.\gen_pe[0].u_pe.\u_popcount.$add$E:/Are_UBNN_KWS/self/scripts/../src/compute/popcount.sv:62$307 into $flatten\u_pe_array.\gen_pe[0].u_pe.\u_popcount.$add$E:/Are_UBNN_KWS/self/scripts/../src/compute/popcount.sv:62$314.
  merging $macc model for $flatten\u_pe_array.\gen_pe[0].u_pe.\u_popcount.$add$E:/Are_UBNN_KWS/self/scripts/../src/compute/popcount.sv:62$306 into $flatten\u_pe_array.\gen_pe[0].u_pe.\u_popcount.$add$E:/Are_UBNN_KWS/self/scripts/../src/compute/popcount.sv:62$314.
  merging $macc model for $flatten\u_pe_array.\gen_pe[0].u_pe.\u_popcount.$add$E:/Are_UBNN_KWS/self/scripts/../src/compute/popcount.sv:62$305 into $flatten\u_pe_array.\gen_pe[0].u_pe.\u_popcount.$add$E:/Are_UBNN_KWS/self/scripts/../src/compute/popcount.sv:62$314.
  merging $macc model for $flatten\u_pe_array.\gen_pe[0].u_pe.\u_popcount.$add$E:/Are_UBNN_KWS/self/scripts/../src/compute/popcount.sv:62$304 into $flatten\u_pe_array.\gen_pe[0].u_pe.\u_popcount.$add$E:/Are_UBNN_KWS/self/scripts/../src/compute/popcount.sv:62$314.
  merging $macc model for $flatten\u_pe_array.\gen_pe[0].u_pe.\u_popcount.$add$E:/Are_UBNN_KWS/self/scripts/../src/compute/popcount.sv:62$303 into $flatten\u_pe_array.\gen_pe[0].u_pe.\u_popcount.$add$E:/Are_UBNN_KWS/self/scripts/../src/compute/popcount.sv:62$314.
  merging $macc model for $flatten\u_pe_array.\gen_pe[0].u_pe.\u_popcount.$add$E:/Are_UBNN_KWS/self/scripts/../src/compute/popcount.sv:62$302 into $flatten\u_pe_array.\gen_pe[0].u_pe.\u_popcount.$add$E:/Are_UBNN_KWS/self/scripts/../src/compute/popcount.sv:62$314.
  merging $macc model for $flatten\u_pe_array.\gen_pe[0].u_pe.\u_popcount.$add$E:/Are_UBNN_KWS/self/scripts/../src/compute/popcount.sv:62$301 into $flatten\u_pe_array.\gen_pe[0].u_pe.\u_popcount.$add$E:/Are_UBNN_KWS/self/scripts/../src/compute/popcount.sv:62$314.
  creating $alu model for $macc $flatten\u_pe_array.\gen_pe[11].u_pe.\u_popcount.$add$E:/Are_UBNN_KWS/self/scripts/../src/compute/popcount.sv:62$300.
  creating $alu model for $macc $flatten\u_pe_array.\gen_pe[9].u_pe.\u_popcount.$add$E:/Are_UBNN_KWS/self/scripts/../src/compute/popcount.sv:62$300.
  creating $alu model for $macc $flatten\u_pe_array.\gen_pe[2].u_pe.\u_popcount.$add$E:/Are_UBNN_KWS/self/scripts/../src/compute/popcount.sv:62$300.
  creating $alu model for $macc $flatten\u_pe_array.\gen_pe[6].u_pe.\u_popcount.$add$E:/Are_UBNN_KWS/self/scripts/../src/compute/popcount.sv:62$300.
  creating $alu model for $macc $flatten\u_pe_array.\gen_pe[5].u_pe.\u_popcount.$add$E:/Are_UBNN_KWS/self/scripts/../src/compute/popcount.sv:62$300.
  creating $alu model for $macc $flatten\u_pe_array.\gen_pe[14].u_pe.\u_popcount.$add$E:/Are_UBNN_KWS/self/scripts/../src/compute/popcount.sv:62$300.
  creating $alu model for $macc $flatten\u_pe_array.\gen_pe[10].u_pe.\u_popcount.$add$E:/Are_UBNN_KWS/self/scripts/../src/compute/popcount.sv:62$300.
  creating $alu model for $macc $flatten\u_accum.$add$E:/Are_UBNN_KWS/self/scripts/../src/baseline/accumulator.sv:62$511.
  creating $alu model for $macc $flatten\u_pe_array.\gen_pe[13].u_pe.\u_popcount.$add$E:/Are_UBNN_KWS/self/scripts/../src/compute/popcount.sv:62$300.
  creating $alu model for $macc $flatten\u_pe_array.\gen_pe[1].u_pe.\u_popcount.$add$E:/Are_UBNN_KWS/self/scripts/../src/compute/popcount.sv:62$300.
  creating $alu model for $macc $flatten\u_pe_array.\gen_pe[3].u_pe.\u_popcount.$add$E:/Are_UBNN_KWS/self/scripts/../src/compute/popcount.sv:62$300.
  creating $alu model for $macc $flatten\u_pe_array.\gen_pe[12].u_pe.\u_popcount.$add$E:/Are_UBNN_KWS/self/scripts/../src/compute/popcount.sv:62$300.
  creating $alu model for $macc $flatten\u_pe_array.\gen_pe[8].u_pe.\u_popcount.$add$E:/Are_UBNN_KWS/self/scripts/../src/compute/popcount.sv:62$300.
  creating $alu model for $macc $flatten\u_pe_array.\gen_pe[7].u_pe.\u_popcount.$add$E:/Are_UBNN_KWS/self/scripts/../src/compute/popcount.sv:62$300.
  creating $alu model for $macc $flatten\u_pe_array.\gen_pe[4].u_pe.\u_popcount.$add$E:/Are_UBNN_KWS/self/scripts/../src/compute/popcount.sv:62$300.
  creating $alu model for $macc $flatten\u_pe_array.\gen_pe[15].u_pe.\u_popcount.$add$E:/Are_UBNN_KWS/self/scripts/../src/compute/popcount.sv:62$300.
  creating $alu model for $macc $flatten\u_pe_array.\gen_pe[0].u_pe.\u_popcount.$add$E:/Are_UBNN_KWS/self/scripts/../src/compute/popcount.sv:62$300.
  creating $macc cell for $flatten\u_pe_array.\gen_pe[5].u_pe.\u_popcount.$add$E:/Are_UBNN_KWS/self/scripts/../src/compute/popcount.sv:62$314: $auto$alumacc.cc:399:replace_macc$696
  creating $macc cell for $flatten\u_pe_array.\gen_pe[4].u_pe.\u_popcount.$add$E:/Are_UBNN_KWS/self/scripts/../src/compute/popcount.sv:62$314: $auto$alumacc.cc:399:replace_macc$697
  creating $macc cell for $flatten\u_pe_array.\gen_pe[0].u_pe.\u_popcount.$add$E:/Are_UBNN_KWS/self/scripts/../src/compute/popcount.sv:62$314: $auto$alumacc.cc:399:replace_macc$698
  creating $macc cell for $flatten\u_pe_array.\gen_pe[9].u_pe.\u_popcount.$add$E:/Are_UBNN_KWS/self/scripts/../src/compute/popcount.sv:62$314: $auto$alumacc.cc:399:replace_macc$699
  creating $macc cell for $flatten\u_pe_array.\gen_pe[2].u_pe.\u_popcount.$add$E:/Are_UBNN_KWS/self/scripts/../src/compute/popcount.sv:62$314: $auto$alumacc.cc:399:replace_macc$700
  creating $macc cell for $flatten\u_pe_array.\gen_pe[11].u_pe.\u_popcount.$add$E:/Are_UBNN_KWS/self/scripts/../src/compute/popcount.sv:62$314: $auto$alumacc.cc:399:replace_macc$701
  creating $macc cell for $flatten\u_pe_array.\gen_pe[1].u_pe.\u_popcount.$add$E:/Are_UBNN_KWS/self/scripts/../src/compute/popcount.sv:62$314: $auto$alumacc.cc:399:replace_macc$702
  creating $macc cell for $flatten\u_pe_array.\gen_pe[7].u_pe.\u_popcount.$add$E:/Are_UBNN_KWS/self/scripts/../src/compute/popcount.sv:62$314: $auto$alumacc.cc:399:replace_macc$703
  creating $macc cell for $flatten\u_pe_array.\gen_pe[8].u_pe.\u_popcount.$add$E:/Are_UBNN_KWS/self/scripts/../src/compute/popcount.sv:62$314: $auto$alumacc.cc:399:replace_macc$704
  creating $macc cell for $flatten\u_pe_array.\gen_pe[12].u_pe.\u_popcount.$add$E:/Are_UBNN_KWS/self/scripts/../src/compute/popcount.sv:62$314: $auto$alumacc.cc:399:replace_macc$705
  creating $macc cell for $flatten\u_pe_array.\gen_pe[6].u_pe.\u_popcount.$add$E:/Are_UBNN_KWS/self/scripts/../src/compute/popcount.sv:62$314: $auto$alumacc.cc:399:replace_macc$706
  creating $macc cell for $flatten\u_pe_array.\gen_pe[10].u_pe.\u_popcount.$add$E:/Are_UBNN_KWS/self/scripts/../src/compute/popcount.sv:62$314: $auto$alumacc.cc:399:replace_macc$707
  creating $macc cell for $flatten\u_pe_array.\gen_pe[15].u_pe.\u_popcount.$add$E:/Are_UBNN_KWS/self/scripts/../src/compute/popcount.sv:62$314: $auto$alumacc.cc:399:replace_macc$708
  creating $macc cell for $flatten\u_pe_array.\gen_pe[14].u_pe.\u_popcount.$add$E:/Are_UBNN_KWS/self/scripts/../src/compute/popcount.sv:62$314: $auto$alumacc.cc:399:replace_macc$709
  creating $macc cell for $flatten\u_pe_array.\gen_pe[13].u_pe.\u_popcount.$add$E:/Are_UBNN_KWS/self/scripts/../src/compute/popcount.sv:62$314: $auto$alumacc.cc:399:replace_macc$710
  creating $macc cell for $flatten\u_accum.$add$E:/Are_UBNN_KWS/self/scripts/../src/baseline/accumulator.sv:62$525: $auto$alumacc.cc:399:replace_macc$711
  creating $macc cell for $flatten\u_pe_array.\gen_pe[3].u_pe.\u_popcount.$add$E:/Are_UBNN_KWS/self/scripts/../src/compute/popcount.sv:62$314: $auto$alumacc.cc:399:replace_macc$712
  creating $alu model for $flatten\u_threshold.$ge$E:/Are_UBNN_KWS/self/scripts/../src/baseline/threshold_unit.sv:39$528 ($ge): new $alu
  creating $alu cell for $flatten\u_threshold.$ge$E:/Are_UBNN_KWS/self/scripts/../src/baseline/threshold_unit.sv:39$528: $auto$alumacc.cc:548:replace_alu$714
  creating $alu cell for $flatten\u_pe_array.\gen_pe[0].u_pe.\u_popcount.$add$E:/Are_UBNN_KWS/self/scripts/../src/compute/popcount.sv:62$300: $auto$alumacc.cc:548:replace_alu$727
  creating $alu cell for $flatten\u_pe_array.\gen_pe[15].u_pe.\u_popcount.$add$E:/Are_UBNN_KWS/self/scripts/../src/compute/popcount.sv:62$300: $auto$alumacc.cc:548:replace_alu$730
  creating $alu cell for $flatten\u_pe_array.\gen_pe[4].u_pe.\u_popcount.$add$E:/Are_UBNN_KWS/self/scripts/../src/compute/popcount.sv:62$300: $auto$alumacc.cc:548:replace_alu$733
  creating $alu cell for $flatten\u_pe_array.\gen_pe[7].u_pe.\u_popcount.$add$E:/Are_UBNN_KWS/self/scripts/../src/compute/popcount.sv:62$300: $auto$alumacc.cc:548:replace_alu$736
  creating $alu cell for $flatten\u_pe_array.\gen_pe[8].u_pe.\u_popcount.$add$E:/Are_UBNN_KWS/self/scripts/../src/compute/popcount.sv:62$300: $auto$alumacc.cc:548:replace_alu$739
  creating $alu cell for $flatten\u_pe_array.\gen_pe[12].u_pe.\u_popcount.$add$E:/Are_UBNN_KWS/self/scripts/../src/compute/popcount.sv:62$300: $auto$alumacc.cc:548:replace_alu$742
  creating $alu cell for $flatten\u_pe_array.\gen_pe[3].u_pe.\u_popcount.$add$E:/Are_UBNN_KWS/self/scripts/../src/compute/popcount.sv:62$300: $auto$alumacc.cc:548:replace_alu$745
  creating $alu cell for $flatten\u_pe_array.\gen_pe[1].u_pe.\u_popcount.$add$E:/Are_UBNN_KWS/self/scripts/../src/compute/popcount.sv:62$300: $auto$alumacc.cc:548:replace_alu$748
  creating $alu cell for $flatten\u_pe_array.\gen_pe[13].u_pe.\u_popcount.$add$E:/Are_UBNN_KWS/self/scripts/../src/compute/popcount.sv:62$300: $auto$alumacc.cc:548:replace_alu$751
  creating $alu cell for $flatten\u_accum.$add$E:/Are_UBNN_KWS/self/scripts/../src/baseline/accumulator.sv:62$511: $auto$alumacc.cc:548:replace_alu$754
  creating $alu cell for $flatten\u_pe_array.\gen_pe[10].u_pe.\u_popcount.$add$E:/Are_UBNN_KWS/self/scripts/../src/compute/popcount.sv:62$300: $auto$alumacc.cc:548:replace_alu$757
  creating $alu cell for $flatten\u_pe_array.\gen_pe[14].u_pe.\u_popcount.$add$E:/Are_UBNN_KWS/self/scripts/../src/compute/popcount.sv:62$300: $auto$alumacc.cc:548:replace_alu$760
  creating $alu cell for $flatten\u_pe_array.\gen_pe[5].u_pe.\u_popcount.$add$E:/Are_UBNN_KWS/self/scripts/../src/compute/popcount.sv:62$300: $auto$alumacc.cc:548:replace_alu$763
  creating $alu cell for $flatten\u_pe_array.\gen_pe[6].u_pe.\u_popcount.$add$E:/Are_UBNN_KWS/self/scripts/../src/compute/popcount.sv:62$300: $auto$alumacc.cc:548:replace_alu$766
  creating $alu cell for $flatten\u_pe_array.\gen_pe[2].u_pe.\u_popcount.$add$E:/Are_UBNN_KWS/self/scripts/../src/compute/popcount.sv:62$300: $auto$alumacc.cc:548:replace_alu$769
  creating $alu cell for $flatten\u_pe_array.\gen_pe[9].u_pe.\u_popcount.$add$E:/Are_UBNN_KWS/self/scripts/../src/compute/popcount.sv:62$300: $auto$alumacc.cc:548:replace_alu$772
  creating $alu cell for $flatten\u_pe_array.\gen_pe[11].u_pe.\u_popcount.$add$E:/Are_UBNN_KWS/self/scripts/../src/compute/popcount.sv:62$300: $auto$alumacc.cc:548:replace_alu$775
  created 18 $alu and 17 $macc cells.

13.15. Executing SHARE pass (SAT-based resource sharing).

13.16. Executing OPT pass (performing simple optimizations).

13.16.1. Executing OPT_EXPR pass (perform const folding).
Optimizing module are_ubnn_kws_top.

13.16.2. Executing OPT_MERGE pass (detect identical cells).
Finding identical cells in module `\are_ubnn_kws_top'.
Computing hashes of 332 cells of `\are_ubnn_kws_top'.
Finding duplicate cells in `\are_ubnn_kws_top'.
Removed a total of 0 cells.

13.16.3. Executing OPT_MUXTREE pass (detect dead branches in mux trees).
Running muxtree optimizer on module \are_ubnn_kws_top..
  Creating internal representation of mux trees.
  Evaluating internal representation of mux trees.
  Analyzing evaluation results.
Removed 0 multiplexer ports.
<suppressed ~2 debug messages>

13.16.4. Executing OPT_REDUCE pass (consolidate $*mux and $reduce_* inputs).
  Optimizing cells in module \are_ubnn_kws_top.
Performed a total of 0 changes.

13.16.5. Executing OPT_MERGE pass (detect identical cells).
Finding identical cells in module `\are_ubnn_kws_top'.
Computing hashes of 332 cells of `\are_ubnn_kws_top'.
Finding duplicate cells in `\are_ubnn_kws_top'.
Removed a total of 0 cells.

13.16.6. Executing OPT_DFF pass (perform DFF optimizations).

13.16.7. Executing OPT_CLEAN pass (remove unused cells and wires).
Finding unused cells or wires in module \are_ubnn_kws_top..
Removed 221 unused cells and 222 unused wires.
<suppressed ~222 debug messages>

13.16.8. Executing OPT_EXPR pass (perform const folding).
Optimizing module are_ubnn_kws_top.

13.16.9. Rerunning OPT passes. (Maybe there is more to do..)

13.16.10. Executing OPT_MUXTREE pass (detect dead branches in mux trees).
Running muxtree optimizer on module \are_ubnn_kws_top..
  Creating internal representation of mux trees.
  Evaluating internal representation of mux trees.
  Analyzing evaluation results.
Removed 0 multiplexer ports.
<suppressed ~2 debug messages>

13.16.11. Executing OPT_REDUCE pass (consolidate $*mux and $reduce_* inputs).
  Optimizing cells in module \are_ubnn_kws_top.
Performed a total of 0 changes.

13.16.12. Executing OPT_MERGE pass (detect identical cells).
Finding identical cells in module `\are_ubnn_kws_top'.
Computing hashes of 111 cells of `\are_ubnn_kws_top'.
Finding duplicate cells in `\are_ubnn_kws_top'.
Removed a total of 0 cells.

13.16.13. Executing OPT_DFF pass (perform DFF optimizations).

13.16.14. Executing OPT_CLEAN pass (remove unused cells and wires).
Finding unused cells or wires in module \are_ubnn_kws_top..

13.16.15. Executing OPT_EXPR pass (perform const folding).
Optimizing module are_ubnn_kws_top.

13.16.16. Finished fast OPT passes. (There is nothing left to do.)

13.17. Executing MEMORY pass.

13.17.1. Executing OPT_MEM pass (optimize memories).
Performed a total of 0 transformations.

13.17.2. Executing OPT_MEM_PRIORITY pass (removing unnecessary memory write priority relations).
Performed a total of 0 transformations.

13.17.3. Executing OPT_MEM_FEEDBACK pass (finding memory read-to-write feedback paths).

13.17.4. Executing MEMORY_BMUX2ROM pass (converting muxes to ROMs).

13.17.5. Executing MEMORY_DFF pass (merging $dff cells to $memrd).

13.17.6. Executing OPT_CLEAN pass (remove unused cells and wires).
Finding unused cells or wires in module \are_ubnn_kws_top..

13.17.7. Executing MEMORY_SHARE pass (consolidating $memrd/$memwr cells).

13.17.8. Executing OPT_MEM_WIDEN pass (optimize memories where all ports are wide).
Performed a total of 0 transformations.

13.17.9. Executing OPT_CLEAN pass (remove unused cells and wires).
Finding unused cells or wires in module \are_ubnn_kws_top..

13.17.10. Executing MEMORY_COLLECT pass (generating $mem cells).

13.18. Executing OPT_CLEAN pass (remove unused cells and wires).
Finding unused cells or wires in module \are_ubnn_kws_top..

13.19. Executing OPT pass (performing simple optimizations).

13.19.1. Executing OPT_EXPR pass (perform const folding).
Optimizing module are_ubnn_kws_top.
<suppressed ~1 debug messages>

13.19.2. Executing OPT_MERGE pass (detect identical cells).
Finding identical cells in module `\are_ubnn_kws_top'.
Computing hashes of 110 cells of `\are_ubnn_kws_top'.
Finding duplicate cells in `\are_ubnn_kws_top'.
Removed a total of 0 cells.

13.19.3. Executing OPT_DFF pass (perform DFF optimizations).

13.19.4. Executing OPT_CLEAN pass (remove unused cells and wires).
Finding unused cells or wires in module \are_ubnn_kws_top..
Removed 0 unused cells and 1 unused wires.
<suppressed ~1 debug messages>

13.19.5. Finished fast OPT passes.

13.20. Executing MEMORY_MAP pass (converting memories to logic and flip-flops).

13.21. Executing OPT pass (performing simple optimizations).

13.21.1. Executing OPT_EXPR pass (perform const folding).
Optimizing module are_ubnn_kws_top.

13.21.2. Executing OPT_MERGE pass (detect identical cells).
Finding identical cells in module `\are_ubnn_kws_top'.
Computing hashes of 110 cells of `\are_ubnn_kws_top'.
Finding duplicate cells in `\are_ubnn_kws_top'.
Removed a total of 0 cells.

13.21.3. Executing OPT_MUXTREE pass (detect dead branches in mux trees).
Running muxtree optimizer on module \are_ubnn_kws_top..
  Creating internal representation of mux trees.
  No muxes found in this module.
Removed 0 multiplexer ports.

13.21.4. Executing OPT_REDUCE pass (consolidate $*mux and $reduce_* inputs).
  Optimizing cells in module \are_ubnn_kws_top.
Performed a total of 0 changes.

13.21.5. Executing OPT_MERGE pass (detect identical cells).
Finding identical cells in module `\are_ubnn_kws_top'.
Computing hashes of 110 cells of `\are_ubnn_kws_top'.
Finding duplicate cells in `\are_ubnn_kws_top'.
Removed a total of 0 cells.

13.21.6. Executing OPT_SHARE pass.

13.21.7. Executing OPT_DFF pass (perform DFF optimizations).

13.21.8. Executing OPT_CLEAN pass (remove unused cells and wires).
Finding unused cells or wires in module \are_ubnn_kws_top..

13.21.9. Executing OPT_EXPR pass (perform const folding).
Optimizing module are_ubnn_kws_top.

13.21.10. Finished fast OPT passes. (There is nothing left to do.)

13.22. Executing TECHMAP pass (map to technology primitives).

13.22.1. Executing Verilog-2005 frontend: E:\oss-cad-suite-windows-x64-20260827\oss-cad-suite\bin\../share/yosys/techmap.v
Parsing Verilog input from `E:\oss-cad-suite-windows-x64-20260827\oss-cad-suite\bin\../share/yosys/techmap.v' to AST representation.
Generating RTLIL representation for module `\_90_simplemap_bool_ops'.
Generating RTLIL representation for module `\_90_simplemap_reduce_ops'.
Generating RTLIL representation for module `\_90_simplemap_logic_ops'.
Generating RTLIL representation for module `\_90_simplemap_compare_ops'.
Generating RTLIL representation for module `\_90_simplemap_various'.
Generating RTLIL representation for module `\_90_simplemap_registers'.
Generating RTLIL representation for module `\_90_shift_ops_shr_shl_sshl_sshr'.
Generating RTLIL representation for module `\_90_shift_shiftx'.
Generating RTLIL representation for module `\_90_fa'.
Generating RTLIL representation for module `\_90_lcu_brent_kung'.
Generating RTLIL representation for module `\_90_alu'.
Generating RTLIL representation for module `\_90_macc'.
Generating RTLIL representation for module `\_90_alumacc'.
Generating RTLIL representation for module `$__div_mod_u'.
Generating RTLIL representation for module `$__div_mod_trunc'.
Generating RTLIL representation for module `\_90_div'.
Generating RTLIL representation for module `\_90_mod'.
Generating RTLIL representation for module `$__div_mod_floor'.
Generating RTLIL representation for module `\_90_divfloor'.
Generating RTLIL representation for module `\_90_modfloor'.
Generating RTLIL representation for module `\_90_pow'.
Generating RTLIL representation for module `\_90_demux'.
Generating RTLIL representation for module `\_90_lut'.
Generating RTLIL representation for module `$connect'.
Generating RTLIL representation for module `$input_port'.
Successfully finished Verilog frontend.

13.22.2. Continuing TECHMAP pass.
Using template $paramod$1d1e68f77481583066c6d429218f48ea9d5739b3\_90_alu for cells of type $alu.
Using template $paramod$719aadea7a94d31a13cd25a777432aacb0e462b5\_90_alu for cells of type $alu.
Using extmapper simplemap for cells of type $reduce_or.
Using extmapper simplemap for cells of type $not.
Using extmapper simplemap for cells of type $or.
Using extmapper simplemap for cells of type $reduce_and.
Using template $paramod$d2fa05d38998afabc6d4f34471305d0af4b8b2df\_90_alu for cells of type $alu.
Using extmapper maccmap for cells of type $macc_v2.
  add $auto$wreduce.cc:513:run$680 [1:0] (2 bits, unsigned)
  add \u_pe_array.gen_pe[3].u_pe.u_popcount.data_in [15] (1 bits, unsigned)
  add \u_pe_array.gen_pe[3].u_pe.u_popcount.data_in [14] (1 bits, unsigned)
  add \u_pe_array.gen_pe[3].u_pe.u_popcount.data_in [13] (1 bits, unsigned)
  add \u_pe_array.gen_pe[3].u_pe.u_popcount.data_in [12] (1 bits, unsigned)
  add \u_pe_array.gen_pe[3].u_pe.u_popcount.data_in [11] (1 bits, unsigned)
  add \u_pe_array.gen_pe[3].u_pe.u_popcount.data_in [10] (1 bits, unsigned)
  add \u_pe_array.gen_pe[3].u_pe.u_popcount.data_in [9] (1 bits, unsigned)
  add \u_pe_array.gen_pe[3].u_pe.u_popcount.data_in [8] (1 bits, unsigned)
  add \u_pe_array.gen_pe[3].u_pe.u_popcount.data_in [7] (1 bits, unsigned)
  add \u_pe_array.gen_pe[3].u_pe.u_popcount.data_in [6] (1 bits, unsigned)
  add \u_pe_array.gen_pe[3].u_pe.u_popcount.data_in [5] (1 bits, unsigned)
  add \u_pe_array.gen_pe[3].u_pe.u_popcount.data_in [4] (1 bits, unsigned)
  add \u_pe_array.gen_pe[3].u_pe.u_popcount.data_in [3] (1 bits, unsigned)
  add \u_pe_array.gen_pe[3].u_pe.u_popcount.data_in [2] (1 bits, unsigned)
  packed 7 (7) bits / 7 words into adder tree
  add $auto$wreduce.cc:513:run$694 [5:0] (6 bits, unsigned)
  add \u_pe_array.pe_result_reg[15] (5 bits, unsigned)
  add \u_pe_array.pe_result_reg[14] (5 bits, unsigned)
  add \u_pe_array.pe_result_reg[13] (5 bits, unsigned)
  add \u_pe_array.pe_result_reg[12] (5 bits, unsigned)
  add \u_pe_array.pe_result_reg[11] (5 bits, unsigned)
  add \u_pe_array.pe_result_reg[10] (5 bits, unsigned)
  add \u_pe_array.pe_result_reg[9] (5 bits, unsigned)
  add \u_pe_array.pe_result_reg[8] (5 bits, unsigned)
  add \u_pe_array.pe_result_reg[7] (5 bits, unsigned)
  add \u_pe_array.pe_result_reg[6] (5 bits, unsigned)
  add \u_pe_array.pe_result_reg[5] (5 bits, unsigned)
  add \u_pe_array.pe_result_reg[4] (5 bits, unsigned)
  add \u_pe_array.pe_result_reg[3] (5 bits, unsigned)
  add \u_pe_array.pe_result_reg[2] (5 bits, unsigned)
  add $auto$wreduce.cc:513:run$691 [1:0] (2 bits, unsigned)
  add \u_pe_array.gen_pe[13].u_pe.u_popcount.data_in [15] (1 bits, unsigned)
  add \u_pe_array.gen_pe[13].u_pe.u_popcount.data_in [14] (1 bits, unsigned)
  add \u_pe_array.gen_pe[13].u_pe.u_popcount.data_in [13] (1 bits, unsigned)
  add \u_pe_array.gen_pe[13].u_pe.u_popcount.data_in [12] (1 bits, unsigned)
  add \u_pe_array.gen_pe[13].u_pe.u_popcount.data_in [11] (1 bits, unsigned)
  add \u_pe_array.gen_pe[13].u_pe.u_popcount.data_in [10] (1 bits, unsigned)
  add \u_pe_array.gen_pe[13].u_pe.u_popcount.data_in [9] (1 bits, unsigned)
  add \u_pe_array.gen_pe[13].u_pe.u_popcount.data_in [8] (1 bits, unsigned)
  add \u_pe_array.gen_pe[13].u_pe.u_popcount.data_in [7] (1 bits, unsigned)
  add \u_pe_array.gen_pe[13].u_pe.u_popcount.data_in [6] (1 bits, unsigned)
  add \u_pe_array.gen_pe[13].u_pe.u_popcount.data_in [5] (1 bits, unsigned)
  add \u_pe_array.gen_pe[13].u_pe.u_popcount.data_in [4] (1 bits, unsigned)
  add \u_pe_array.gen_pe[13].u_pe.u_popcount.data_in [3] (1 bits, unsigned)
  add \u_pe_array.gen_pe[13].u_pe.u_popcount.data_in [2] (1 bits, unsigned)
  packed 7 (7) bits / 7 words into adder tree
  add $auto$wreduce.cc:513:run$692 [1:0] (2 bits, unsigned)
  add \u_pe_array.gen_pe[14].u_pe.u_popcount.data_in [15] (1 bits, unsigned)
  add \u_pe_array.gen_pe[14].u_pe.u_popcount.data_in [14] (1 bits, unsigned)
  add \u_pe_array.gen_pe[14].u_pe.u_popcount.data_in [13] (1 bits, unsigned)
  add \u_pe_array.gen_pe[14].u_pe.u_popcount.data_in [12] (1 bits, unsigned)
  add \u_pe_array.gen_pe[14].u_pe.u_popcount.data_in [11] (1 bits, unsigned)
  add \u_pe_array.gen_pe[14].u_pe.u_popcount.data_in [10] (1 bits, unsigned)
  add \u_pe_array.gen_pe[14].u_pe.u_popcount.data_in [9] (1 bits, unsigned)
  add \u_pe_array.gen_pe[14].u_pe.u_popcount.data_in [8] (1 bits, unsigned)
  add \u_pe_array.gen_pe[14].u_pe.u_popcount.data_in [7] (1 bits, unsigned)
  add \u_pe_array.gen_pe[14].u_pe.u_popcount.data_in [6] (1 bits, unsigned)
  add \u_pe_array.gen_pe[14].u_pe.u_popcount.data_in [5] (1 bits, unsigned)
  add \u_pe_array.gen_pe[14].u_pe.u_popcount.data_in [4] (1 bits, unsigned)
  add \u_pe_array.gen_pe[14].u_pe.u_popcount.data_in [3] (1 bits, unsigned)
  add \u_pe_array.gen_pe[14].u_pe.u_popcount.data_in [2] (1 bits, unsigned)
  packed 7 (7) bits / 7 words into adder tree
  add $auto$wreduce.cc:513:run$693 [1:0] (2 bits, unsigned)
  add \u_pe_array.gen_pe[15].u_pe.u_popcount.data_in [15] (1 bits, unsigned)
  add \u_pe_array.gen_pe[15].u_pe.u_popcount.data_in [14] (1 bits, unsigned)
  add \u_pe_array.gen_pe[15].u_pe.u_popcount.data_in [13] (1 bits, unsigned)
  add \u_pe_array.gen_pe[15].u_pe.u_popcount.data_in [12] (1 bits, unsigned)
  add \u_pe_array.gen_pe[15].u_pe.u_popcount.data_in [11] (1 bits, unsigned)
  add \u_pe_array.gen_pe[15].u_pe.u_popcount.data_in [10] (1 bits, unsigned)
  add \u_pe_array.gen_pe[15].u_pe.u_popcount.data_in [9] (1 bits, unsigned)
  add \u_pe_array.gen_pe[15].u_pe.u_popcount.data_in [8] (1 bits, unsigned)
  add \u_pe_array.gen_pe[15].u_pe.u_popcount.data_in [7] (1 bits, unsigned)
  add \u_pe_array.gen_pe[15].u_pe.u_popcount.data_in [6] (1 bits, unsigned)
  add \u_pe_array.gen_pe[15].u_pe.u_popcount.data_in [5] (1 bits, unsigned)
  add \u_pe_array.gen_pe[15].u_pe.u_popcount.data_in [4] (1 bits, unsigned)
  add \u_pe_array.gen_pe[15].u_pe.u_popcount.data_in [3] (1 bits, unsigned)
  add \u_pe_array.gen_pe[15].u_pe.u_popcount.data_in [2] (1 bits, unsigned)
  packed 7 (7) bits / 7 words into adder tree
  add $auto$wreduce.cc:513:run$687 [1:0] (2 bits, unsigned)
  add \u_pe_array.gen_pe[10].u_pe.u_popcount.data_in [15] (1 bits, unsigned)
  add \u_pe_array.gen_pe[10].u_pe.u_popcount.data_in [14] (1 bits, unsigned)
  add \u_pe_array.gen_pe[10].u_pe.u_popcount.data_in [13] (1 bits, unsigned)
  add \u_pe_array.gen_pe[10].u_pe.u_popcount.data_in [12] (1 bits, unsigned)
  add \u_pe_array.gen_pe[10].u_pe.u_popcount.data_in [11] (1 bits, unsigned)
  add \u_pe_array.gen_pe[10].u_pe.u_popcount.data_in [10] (1 bits, unsigned)
  add \u_pe_array.gen_pe[10].u_pe.u_popcount.data_in [9] (1 bits, unsigned)
  add \u_pe_array.gen_pe[10].u_pe.u_popcount.data_in [8] (1 bits, unsigned)
  add \u_pe_array.gen_pe[10].u_pe.u_popcount.data_in [7] (1 bits, unsigned)
  add \u_pe_array.gen_pe[10].u_pe.u_popcount.data_in [6] (1 bits, unsigned)
  add \u_pe_array.gen_pe[10].u_pe.u_popcount.data_in [5] (1 bits, unsigned)
  add \u_pe_array.gen_pe[10].u_pe.u_popcount.data_in [4] (1 bits, unsigned)
  add \u_pe_array.gen_pe[10].u_pe.u_popcount.data_in [3] (1 bits, unsigned)
  add \u_pe_array.gen_pe[10].u_pe.u_popcount.data_in [2] (1 bits, unsigned)
  packed 7 (7) bits / 7 words into adder tree
  add $auto$wreduce.cc:513:run$683 [1:0] (2 bits, unsigned)
  add \u_pe_array.gen_pe[6].u_pe.u_popcount.data_in [15] (1 bits, unsigned)
  add \u_pe_array.gen_pe[6].u_pe.u_popcount.data_in [14] (1 bits, unsigned)
  add \u_pe_array.gen_pe[6].u_pe.u_popcount.data_in [13] (1 bits, unsigned)
  add \u_pe_array.gen_pe[6].u_pe.u_popcount.data_in [12] (1 bits, unsigned)
  add \u_pe_array.gen_pe[6].u_pe.u_popcount.data_in [11] (1 bits, unsigned)
  add \u_pe_array.gen_pe[6].u_pe.u_popcount.data_in [10] (1 bits, unsigned)
  add \u_pe_array.gen_pe[6].u_pe.u_popcount.data_in [9] (1 bits, unsigned)
  add \u_pe_array.gen_pe[6].u_pe.u_popcount.data_in [8] (1 bits, unsigned)
  add \u_pe_array.gen_pe[6].u_pe.u_popcount.data_in [7] (1 bits, unsigned)
  add \u_pe_array.gen_pe[6].u_pe.u_popcount.data_in [6] (1 bits, unsigned)
  add \u_pe_array.gen_pe[6].u_pe.u_popcount.data_in [5] (1 bits, unsigned)
  add \u_pe_array.gen_pe[6].u_pe.u_popcount.data_in [4] (1 bits, unsigned)
  add \u_pe_array.gen_pe[6].u_pe.u_popcount.data_in [3] (1 bits, unsigned)
  add \u_pe_array.gen_pe[6].u_pe.u_popcount.data_in [2] (1 bits, unsigned)
  packed 7 (7) bits / 7 words into adder tree
  add $auto$wreduce.cc:513:run$689 [1:0] (2 bits, unsigned)
  add \u_pe_array.gen_pe[12].u_pe.u_popcount.data_in [15] (1 bits, unsigned)
  add \u_pe_array.gen_pe[12].u_pe.u_popcount.data_in [14] (1 bits, unsigned)
  add \u_pe_array.gen_pe[12].u_pe.u_popcount.data_in [13] (1 bits, unsigned)
  add \u_pe_array.gen_pe[12].u_pe.u_popcount.data_in [12] (1 bits, unsigned)
  add \u_pe_array.gen_pe[12].u_pe.u_popcount.data_in [11] (1 bits, unsigned)
  add \u_pe_array.gen_pe[12].u_pe.u_popcount.data_in [10] (1 bits, unsigned)
  add \u_pe_array.gen_pe[12].u_pe.u_popcount.data_in [9] (1 bits, unsigned)
  add \u_pe_array.gen_pe[12].u_pe.u_popcount.data_in [8] (1 bits, unsigned)
  add \u_pe_array.gen_pe[12].u_pe.u_popcount.data_in [7] (1 bits, unsigned)
  add \u_pe_array.gen_pe[12].u_pe.u_popcount.data_in [6] (1 bits, unsigned)
  add \u_pe_array.gen_pe[12].u_pe.u_popcount.data_in [5] (1 bits, unsigned)
  add \u_pe_array.gen_pe[12].u_pe.u_popcount.data_in [4] (1 bits, unsigned)
  add \u_pe_array.gen_pe[12].u_pe.u_popcount.data_in [3] (1 bits, unsigned)
  add \u_pe_array.gen_pe[12].u_pe.u_popcount.data_in [2] (1 bits, unsigned)
  packed 7 (7) bits / 7 words into adder tree
  add $auto$wreduce.cc:513:run$685 [1:0] (2 bits, unsigned)
  add \u_pe_array.gen_pe[8].u_pe.u_popcount.data_in [15] (1 bits, unsigned)
  add \u_pe_array.gen_pe[8].u_pe.u_popcount.data_in [14] (1 bits, unsigned)
  add \u_pe_array.gen_pe[8].u_pe.u_popcount.data_in [13] (1 bits, unsigned)
  add \u_pe_array.gen_pe[8].u_pe.u_popcount.data_in [12] (1 bits, unsigned)
  add \u_pe_array.gen_pe[8].u_pe.u_popcount.data_in [11] (1 bits, unsigned)
  add \u_pe_array.gen_pe[8].u_pe.u_popcount.data_in [10] (1 bits, unsigned)
  add \u_pe_array.gen_pe[8].u_pe.u_popcount.data_in [9] (1 bits, unsigned)
  add \u_pe_array.gen_pe[8].u_pe.u_popcount.data_in [8] (1 bits, unsigned)
  add \u_pe_array.gen_pe[8].u_pe.u_popcount.data_in [7] (1 bits, unsigned)
  add \u_pe_array.gen_pe[8].u_pe.u_popcount.data_in [6] (1 bits, unsigned)
  add \u_pe_array.gen_pe[8].u_pe.u_popcount.data_in [5] (1 bits, unsigned)
  add \u_pe_array.gen_pe[8].u_pe.u_popcount.data_in [4] (1 bits, unsigned)
  add \u_pe_array.gen_pe[8].u_pe.u_popcount.data_in [3] (1 bits, unsigned)
  add \u_pe_array.gen_pe[8].u_pe.u_popcount.data_in [2] (1 bits, unsigned)
  packed 7 (7) bits / 7 words into adder tree
  add $auto$wreduce.cc:513:run$684 [1:0] (2 bits, unsigned)
  add \u_pe_array.gen_pe[7].u_pe.u_popcount.data_in [15] (1 bits, unsigned)
  add \u_pe_array.gen_pe[7].u_pe.u_popcount.data_in [14] (1 bits, unsigned)
  add \u_pe_array.gen_pe[7].u_pe.u_popcount.data_in [13] (1 bits, unsigned)
  add \u_pe_array.gen_pe[7].u_pe.u_popcount.data_in [12] (1 bits, unsigned)
  add \u_pe_array.gen_pe[7].u_pe.u_popcount.data_in [11] (1 bits, unsigned)
  add \u_pe_array.gen_pe[7].u_pe.u_popcount.data_in [10] (1 bits, unsigned)
  add \u_pe_array.gen_pe[7].u_pe.u_popcount.data_in [9] (1 bits, unsigned)
  add \u_pe_array.gen_pe[7].u_pe.u_popcount.data_in [8] (1 bits, unsigned)
  add \u_pe_array.gen_pe[7].u_pe.u_popcount.data_in [7] (1 bits, unsigned)
  add \u_pe_array.gen_pe[7].u_pe.u_popcount.data_in [6] (1 bits, unsigned)
  add \u_pe_array.gen_pe[7].u_pe.u_popcount.data_in [5] (1 bits, unsigned)
  add \u_pe_array.gen_pe[7].u_pe.u_popcount.data_in [4] (1 bits, unsigned)
  add \u_pe_array.gen_pe[7].u_pe.u_popcount.data_in [3] (1 bits, unsigned)
  add \u_pe_array.gen_pe[7].u_pe.u_popcount.data_in [2] (1 bits, unsigned)
  packed 7 (7) bits / 7 words into adder tree
  add $auto$wreduce.cc:513:run$690 [1:0] (2 bits, unsigned)
  add \u_pe_array.gen_pe[1].u_pe.u_popcount.data_in [15] (1 bits, unsigned)
  add \u_pe_array.gen_pe[1].u_pe.u_popcount.data_in [14] (1 bits, unsigned)
  add \u_pe_array.gen_pe[1].u_pe.u_popcount.data_in [13] (1 bits, unsigned)
  add \u_pe_array.gen_pe[1].u_pe.u_popcount.data_in [12] (1 bits, unsigned)
  add \u_pe_array.gen_pe[1].u_pe.u_popcount.data_in [11] (1 bits, unsigned)
  add \u_pe_array.gen_pe[1].u_pe.u_popcount.data_in [10] (1 bits, unsigned)
  add \u_pe_array.gen_pe[1].u_pe.u_popcount.data_in [9] (1 bits, unsigned)
  add \u_pe_array.gen_pe[1].u_pe.u_popcount.data_in [8] (1 bits, unsigned)
  add \u_pe_array.gen_pe[1].u_pe.u_popcount.data_in [7] (1 bits, unsigned)
  add \u_pe_array.gen_pe[1].u_pe.u_popcount.data_in [6] (1 bits, unsigned)
  add \u_pe_array.gen_pe[1].u_pe.u_popcount.data_in [5] (1 bits, unsigned)
  add \u_pe_array.gen_pe[1].u_pe.u_popcount.data_in [4] (1 bits, unsigned)
  add \u_pe_array.gen_pe[1].u_pe.u_popcount.data_in [3] (1 bits, unsigned)
  add \u_pe_array.gen_pe[1].u_pe.u_popcount.data_in [2] (1 bits, unsigned)
  packed 7 (7) bits / 7 words into adder tree
  add $auto$wreduce.cc:513:run$688 [1:0] (2 bits, unsigned)
  add \u_pe_array.gen_pe[11].u_pe.u_popcount.data_in [15] (1 bits, unsigned)
  add \u_pe_array.gen_pe[11].u_pe.u_popcount.data_in [14] (1 bits, unsigned)
  add \u_pe_array.gen_pe[11].u_pe.u_popcount.data_in [13] (1 bits, unsigned)
  add \u_pe_array.gen_pe[11].u_pe.u_popcount.data_in [12] (1 bits, unsigned)
  add \u_pe_array.gen_pe[11].u_pe.u_popcount.data_in [11] (1 bits, unsigned)
  add \u_pe_array.gen_pe[11].u_pe.u_popcount.data_in [10] (1 bits, unsigned)
  add \u_pe_array.gen_pe[11].u_pe.u_popcount.data_in [9] (1 bits, unsigned)
  add \u_pe_array.gen_pe[11].u_pe.u_popcount.data_in [8] (1 bits, unsigned)
  add \u_pe_array.gen_pe[11].u_pe.u_popcount.data_in [7] (1 bits, unsigned)
  add \u_pe_array.gen_pe[11].u_pe.u_popcount.data_in [6] (1 bits, unsigned)
  add \u_pe_array.gen_pe[11].u_pe.u_popcount.data_in [5] (1 bits, unsigned)
  add \u_pe_array.gen_pe[11].u_pe.u_popcount.data_in [4] (1 bits, unsigned)
  add \u_pe_array.gen_pe[11].u_pe.u_popcount.data_in [3] (1 bits, unsigned)
  add \u_pe_array.gen_pe[11].u_pe.u_popcount.data_in [2] (1 bits, unsigned)
  packed 7 (7) bits / 7 words into adder tree
  add $auto$wreduce.cc:513:run$695 [1:0] (2 bits, unsigned)
  add \u_pe_array.gen_pe[2].u_pe.u_popcount.data_in [15] (1 bits, unsigned)
  add \u_pe_array.gen_pe[2].u_pe.u_popcount.data_in [14] (1 bits, unsigned)
  add \u_pe_array.gen_pe[2].u_pe.u_popcount.data_in [13] (1 bits, unsigned)
  add \u_pe_array.gen_pe[2].u_pe.u_popcount.data_in [12] (1 bits, unsigned)
  add \u_pe_array.gen_pe[2].u_pe.u_popcount.data_in [11] (1 bits, unsigned)
  add \u_pe_array.gen_pe[2].u_pe.u_popcount.data_in [10] (1 bits, unsigned)
  add \u_pe_array.gen_pe[2].u_pe.u_popcount.data_in [9] (1 bits, unsigned)
  add \u_pe_array.gen_pe[2].u_pe.u_popcount.data_in [8] (1 bits, unsigned)
  add \u_pe_array.gen_pe[2].u_pe.u_popcount.data_in [7] (1 bits, unsigned)
  add \u_pe_array.gen_pe[2].u_pe.u_popcount.data_in [6] (1 bits, unsigned)
  add \u_pe_array.gen_pe[2].u_pe.u_popcount.data_in [5] (1 bits, unsigned)
  add \u_pe_array.gen_pe[2].u_pe.u_popcount.data_in [4] (1 bits, unsigned)
  add \u_pe_array.gen_pe[2].u_pe.u_popcount.data_in [3] (1 bits, unsigned)
  add \u_pe_array.gen_pe[2].u_pe.u_popcount.data_in [2] (1 bits, unsigned)
  packed 7 (7) bits / 7 words into adder tree
  add $auto$wreduce.cc:513:run$686 [1:0] (2 bits, unsigned)
  add \u_pe_array.gen_pe[9].u_pe.u_popcount.data_in [15] (1 bits, unsigned)
  add \u_pe_array.gen_pe[9].u_pe.u_popcount.data_in [14] (1 bits, unsigned)
  add \u_pe_array.gen_pe[9].u_pe.u_popcount.data_in [13] (1 bits, unsigned)
  add \u_pe_array.gen_pe[9].u_pe.u_popcount.data_in [12] (1 bits, unsigned)
  add \u_pe_array.gen_pe[9].u_pe.u_popcount.data_in [11] (1 bits, unsigned)
  add \u_pe_array.gen_pe[9].u_pe.u_popcount.data_in [10] (1 bits, unsigned)
  add \u_pe_array.gen_pe[9].u_pe.u_popcount.data_in [9] (1 bits, unsigned)
  add \u_pe_array.gen_pe[9].u_pe.u_popcount.data_in [8] (1 bits, unsigned)
  add \u_pe_array.gen_pe[9].u_pe.u_popcount.data_in [7] (1 bits, unsigned)
  add \u_pe_array.gen_pe[9].u_pe.u_popcount.data_in [6] (1 bits, unsigned)
  add \u_pe_array.gen_pe[9].u_pe.u_popcount.data_in [5] (1 bits, unsigned)
  add \u_pe_array.gen_pe[9].u_pe.u_popcount.data_in [4] (1 bits, unsigned)
  add \u_pe_array.gen_pe[9].u_pe.u_popcount.data_in [3] (1 bits, unsigned)
  add \u_pe_array.gen_pe[9].u_pe.u_popcount.data_in [2] (1 bits, unsigned)
  packed 7 (7) bits / 7 words into adder tree
  add $auto$wreduce.cc:513:run$679 [1:0] (2 bits, unsigned)
  add \u_pe_array.gen_pe[0].u_pe.u_popcount.data_in [15] (1 bits, unsigned)
  add \u_pe_array.gen_pe[0].u_pe.u_popcount.data_in [14] (1 bits, unsigned)
  add \u_pe_array.gen_pe[0].u_pe.u_popcount.data_in [13] (1 bits, unsigned)
  add \u_pe_array.gen_pe[0].u_pe.u_popcount.data_in [12] (1 bits, unsigned)
  add \u_pe_array.gen_pe[0].u_pe.u_popcount.data_in [11] (1 bits, unsigned)
  add \u_pe_array.gen_pe[0].u_pe.u_popcount.data_in [10] (1 bits, unsigned)
  add \u_pe_array.gen_pe[0].u_pe.u_popcount.data_in [9] (1 bits, unsigned)
  add \u_pe_array.gen_pe[0].u_pe.u_popcount.data_in [8] (1 bits, unsigned)
  add \u_pe_array.gen_pe[0].u_pe.u_popcount.data_in [7] (1 bits, unsigned)
  add \u_pe_array.gen_pe[0].u_pe.u_popcount.data_in [6] (1 bits, unsigned)
  add \u_pe_array.gen_pe[0].u_pe.u_popcount.data_in [5] (1 bits, unsigned)
  add \u_pe_array.gen_pe[0].u_pe.u_popcount.data_in [4] (1 bits, unsigned)
  add \u_pe_array.gen_pe[0].u_pe.u_popcount.data_in [3] (1 bits, unsigned)
  add \u_pe_array.gen_pe[0].u_pe.u_popcount.data_in [2] (1 bits, unsigned)
  packed 7 (7) bits / 7 words into adder tree
  add $auto$wreduce.cc:513:run$681 [1:0] (2 bits, unsigned)
  add \u_pe_array.gen_pe[4].u_pe.u_popcount.data_in [15] (1 bits, unsigned)
  add \u_pe_array.gen_pe[4].u_pe.u_popcount.data_in [14] (1 bits, unsigned)
  add \u_pe_array.gen_pe[4].u_pe.u_popcount.data_in [13] (1 bits, unsigned)
  add \u_pe_array.gen_pe[4].u_pe.u_popcount.data_in [12] (1 bits, unsigned)
  add \u_pe_array.gen_pe[4].u_pe.u_popcount.data_in [11] (1 bits, unsigned)
  add \u_pe_array.gen_pe[4].u_pe.u_popcount.data_in [10] (1 bits, unsigned)
  add \u_pe_array.gen_pe[4].u_pe.u_popcount.data_in [9] (1 bits, unsigned)
  add \u_pe_array.gen_pe[4].u_pe.u_popcount.data_in [8] (1 bits, unsigned)
  add \u_pe_array.gen_pe[4].u_pe.u_popcount.data_in [7] (1 bits, unsigned)
  add \u_pe_array.gen_pe[4].u_pe.u_popcount.data_in [6] (1 bits, unsigned)
  add \u_pe_array.gen_pe[4].u_pe.u_popcount.data_in [5] (1 bits, unsigned)
  add \u_pe_array.gen_pe[4].u_pe.u_popcount.data_in [4] (1 bits, unsigned)
  add \u_pe_array.gen_pe[4].u_pe.u_popcount.data_in [3] (1 bits, unsigned)
  add \u_pe_array.gen_pe[4].u_pe.u_popcount.data_in [2] (1 bits, unsigned)
  packed 7 (7) bits / 7 words into adder tree
  add $auto$wreduce.cc:513:run$682 [1:0] (2 bits, unsigned)
  add \u_pe_array.gen_pe[5].u_pe.u_popcount.data_in [15] (1 bits, unsigned)
  add \u_pe_array.gen_pe[5].u_pe.u_popcount.data_in [14] (1 bits, unsigned)
  add \u_pe_array.gen_pe[5].u_pe.u_popcount.data_in [13] (1 bits, unsigned)
  add \u_pe_array.gen_pe[5].u_pe.u_popcount.data_in [12] (1 bits, unsigned)
  add \u_pe_array.gen_pe[5].u_pe.u_popcount.data_in [11] (1 bits, unsigned)
  add \u_pe_array.gen_pe[5].u_pe.u_popcount.data_in [10] (1 bits, unsigned)
  add \u_pe_array.gen_pe[5].u_pe.u_popcount.data_in [9] (1 bits, unsigned)
  add \u_pe_array.gen_pe[5].u_pe.u_popcount.data_in [8] (1 bits, unsigned)
  add \u_pe_array.gen_pe[5].u_pe.u_popcount.data_in [7] (1 bits, unsigned)
  add \u_pe_array.gen_pe[5].u_pe.u_popcount.data_in [6] (1 bits, unsigned)
  add \u_pe_array.gen_pe[5].u_pe.u_popcount.data_in [5] (1 bits, unsigned)
  add \u_pe_array.gen_pe[5].u_pe.u_popcount.data_in [4] (1 bits, unsigned)
  add \u_pe_array.gen_pe[5].u_pe.u_popcount.data_in [3] (1 bits, unsigned)
  add \u_pe_array.gen_pe[5].u_pe.u_popcount.data_in [2] (1 bits, unsigned)
  packed 7 (7) bits / 7 words into adder tree
Using extmapper simplemap for cells of type $sdff.
Using extmapper simplemap for cells of type $sdffe.
Using extmapper simplemap for cells of type $and.
Using template $paramod\_90_fa\WIDTH=32'00000000000000000000000000000001 for cells of type $fa.
Using template $paramod\_90_fa\WIDTH=32'00000000000000000000000000000010 for cells of type $fa.
Using template $paramod\_90_fa\WIDTH=32'00000000000000000000000000000011 for cells of type $fa.
Using template $paramod\_90_fa\WIDTH=32'00000000000000000000000000000100 for cells of type $fa.
Using template $paramod\_90_fa\WIDTH=32'00000000000000000000000000000101 for cells of type $fa.
Using template $paramod$b18e16801adf491a64caa0542270798e5d4ac6b6\_90_alu for cells of type $alu.
Using template $paramod\_90_fa\WIDTH=32'00000000000000000000000000000110 for cells of type $fa.
Using template $paramod\_90_fa\WIDTH=32'00000000000000000000000000000111 for cells of type $fa.
Using template $paramod\_90_fa\WIDTH=32'00000000000000000000000000001000 for cells of type $fa.
Using template $paramod\_90_fa\WIDTH=32'00000000000000000000000000001001 for cells of type $fa.
Using template $paramod\_90_lcu_brent_kung\WIDTH=32'00000000000000000000000000000010 for cells of type $lcu.
Using extmapper simplemap for cells of type $xor.
Using extmapper simplemap for cells of type $mux.
Using extmapper simplemap for cells of type $pos.
Using template $paramod\_90_lcu_brent_kung\WIDTH=32'00000000000000000000000000000110 for cells of type $lcu.
Using template $paramod\_90_lcu_brent_kung\WIDTH=32'00000000000000000000000000001001 for cells of type $lcu.
Using template $paramod\_90_lcu_brent_kung\WIDTH=32'00000000000000000000000000000101 for cells of type $lcu.
No more expansions possible.
<suppressed ~2218 debug messages>

13.23. Executing OPT pass (performing simple optimizations).

13.23.1. Executing OPT_EXPR pass (perform const folding).
Optimizing module are_ubnn_kws_top.
<suppressed ~1665 debug messages>

13.23.2. Executing OPT_MERGE pass (detect identical cells).
Finding identical cells in module `\are_ubnn_kws_top'.
Computing hashes of 1998 cells of `\are_ubnn_kws_top'.
Finding duplicate cells in `\are_ubnn_kws_top'.
Computing hashes of 1995 cells of `\are_ubnn_kws_top'.
Finding duplicate cells in `\are_ubnn_kws_top'.
Computing hashes of 1994 cells of `\are_ubnn_kws_top'.
Finding duplicate cells in `\are_ubnn_kws_top'.
<suppressed ~12 debug messages>
Removed a total of 4 cells.

13.23.3. Executing OPT_DFF pass (perform DFF optimizations).

13.23.4. Executing OPT_CLEAN pass (remove unused cells and wires).
Finding unused cells or wires in module \are_ubnn_kws_top..
Removed 111 unused cells and 2557 unused wires.
<suppressed ~112 debug messages>

13.23.5. Finished fast OPT passes.

13.24. Executing ABC pass (technology mapping using ABC).

13.24.1. Extracting gate netlist of module `\are_ubnn_kws_top' to `<abc-temp-dir>/input.blif'..

13.24.1.1. Executed ABC.
Extracted 1758 gates and 2369 wires to a netlist network with 611 inputs and 90 outputs.
Running ABC script: <abc-temp-dir>/abc.script
ABC: ======== ABC command line "source <abc-temp-dir>/abc.script"
ABC: + read_blif <abc-temp-dir>/input.blif 
ABC: + read_library <abc-temp-dir>/stdcells.genlib 
ABC: + strash 
ABC: + &get -n 
ABC: + &fraig -x 
ABC: + &put 
ABC: + scorr 
ABC: Warning: The network is combinational (run "fraig" or "fraig_sweep").
ABC: + dc2 
ABC: + dretime 
ABC: + strash 
ABC: + &get -n 
ABC: + &dch -f 
ABC: + &nf 
ABC: + &put 
ABC: + write_blif <abc-temp-dir>/output.blif 

13.24.1.2. Re-integrating ABC results.
ABC RESULTS:               AND cells:      301
ABC RESULTS:            ANDNOT cells:       16
ABC RESULTS:               MUX cells:       33
ABC RESULTS:              NAND cells:      717
ABC RESULTS:               NOR cells:       34
ABC RESULTS:               NOT cells:        1
ABC RESULTS:                OR cells:       21
ABC RESULTS:             ORNOT cells:       17
ABC RESULTS:              XNOR cells:       50
ABC RESULTS:               XOR cells:      486
ABC RESULTS:        internal signals:     1668
ABC RESULTS:           input signals:      611
ABC RESULTS:          output signals:       90
Removing temp directory.
Removing global temp directory.

13.25. Executing OPT pass (performing simple optimizations).

13.25.1. Executing OPT_EXPR pass (perform const folding).
Optimizing module are_ubnn_kws_top.

13.25.2. Executing OPT_MERGE pass (detect identical cells).
Finding identical cells in module `\are_ubnn_kws_top'.
Computing hashes of 1801 cells of `\are_ubnn_kws_top'.
Finding duplicate cells in `\are_ubnn_kws_top'.
Removed a total of 0 cells.

13.25.3. Executing OPT_DFF pass (perform DFF optimizations).

13.25.4. Executing OPT_CLEAN pass (remove unused cells and wires).
Finding unused cells or wires in module \are_ubnn_kws_top..
Removed 0 unused cells and 1506 unused wires.
<suppressed ~33 debug messages>

13.25.5. Finished fast OPT passes.

13.26. Executing HIERARCHY pass (managing design hierarchy).
Attribute `top' found on module `are_ubnn_kws_top'. Setting top module to are_ubnn_kws_top.

13.26.1. Analyzing design hierarchy..
Top module:  \are_ubnn_kws_top

13.26.2. Analyzing design hierarchy..
Top module:  \are_ubnn_kws_top
Removed 0 unused modules.

13.27. Printing statistics.

=== are_ubnn_kws_top ===

        +----------Local Count, excluding submodules.
        | 
     1721 wires
     4119 wire bits
      135 public wires
     2533 public wire bits
       18 ports
      601 port bits
     1801 cells
       16   $_ANDNOT_
      301   $_AND_
       33   $_MUX_
      717   $_NAND_
       34   $_NOR_
        1   $_NOT_
       17   $_ORNOT_
       21   $_OR_
        9   $_SDFFE_PN0P_
       81   $_SDFF_PN0_
       50   $_XNOR_
      486   $_XOR_
       35   $scopeinfo

13.28. Executing CHECK pass (checking for obvious problems).
Checking module are_ubnn_kws_top...
Found and reported 0 problems.

14. Executing OPT pass (performing simple optimizations).

14.1. Executing OPT_EXPR pass (perform const folding).
Optimizing module are_ubnn_kws_top.

14.2. Executing OPT_MERGE pass (detect identical cells).
Finding identical cells in module `\are_ubnn_kws_top'.
Computing hashes of 1801 cells of `\are_ubnn_kws_top'.
Finding duplicate cells in `\are_ubnn_kws_top'.
Removed a total of 0 cells.

14.3. Executing OPT_MUXTREE pass (detect dead branches in mux trees).
Running muxtree optimizer on module \are_ubnn_kws_top..
  Creating internal representation of mux trees.
  No muxes found in this module.
Removed 0 multiplexer ports.

14.4. Executing OPT_REDUCE pass (consolidate $*mux and $reduce_* inputs).
  Optimizing cells in module \are_ubnn_kws_top.
Performed a total of 0 changes.

14.5. Executing OPT_MERGE pass (detect identical cells).
Finding identical cells in module `\are_ubnn_kws_top'.
Computing hashes of 1801 cells of `\are_ubnn_kws_top'.
Finding duplicate cells in `\are_ubnn_kws_top'.
Removed a total of 0 cells.

14.6. Executing OPT_SHARE pass.

14.7. Executing OPT_DFF pass (perform DFF optimizations).

14.8. Executing OPT_CLEAN pass (remove unused cells and wires).
Finding unused cells or wires in module \are_ubnn_kws_top..

14.9. Executing OPT_EXPR pass (perform const folding).
Optimizing module are_ubnn_kws_top.

14.10. Finished fast OPT passes. (There is nothing left to do.)

15. Printing statistics.

=== are_ubnn_kws_top ===

        +----------Local Count, excluding submodules.
        | 
     1721 wires
     4119 wire bits
      135 public wires
     2533 public wire bits
       18 ports
      601 port bits
     1801 cells
       16   $_ANDNOT_
      301   $_AND_
       33   $_MUX_
      717   $_NAND_
       34   $_NOR_
        1   $_NOT_
       17   $_ORNOT_
       21   $_OR_
        9   $_SDFFE_PN0P_
       81   $_SDFF_PN0_
       50   $_XNOR_
      486   $_XOR_
       35   $scopeinfo

Warnings: 2 unique messages, 5 total
End of script. Logfile hash: af84208e6f
Yosys 0.68+132 (git sha1 13b43f8c8-dirty, Release, GNU /usr/bin/x86_64-w64-mingw32-g++ 15.2.1)
Time spent: 2% 25x opt_expr (0 sec), 2% 23x read_verilog (0 sec), ...
