 0.00000000e+00  0.00000000e+00  1.80000000e+00  1.30528846e-09 
 2.00000000e-13  0.00000000e+00  1.80000000e+00  1.30528846e-09 
 4.00000000e-13  0.00000000e+00  1.80000000e+00  1.30528846e-09 
 8.00000000e-13  0.00000000e+00  1.80000000e+00  1.30528846e-09 
 1.60000000e-12  0.00000000e+00  1.80000000e+00  1.30528846e-09 
 3.20000000e-12  0.00000000e+00  1.80000000e+00  1.30528846e-09 
 6.40000000e-12  0.00000000e+00  1.80000000e+00  1.30528846e-09 
 1.28000000e-11  0.00000000e+00  1.80000000e+00  1.30528846e-09 
 2.56000000e-11  0.00000000e+00  1.80000000e+00  1.30528846e-09 
 4.56000000e-11  0.00000000e+00  1.80000000e+00  1.30528846e-09 
 6.56000000e-11  0.00000000e+00  1.80000000e+00  1.30528846e-09 
 8.56000000e-11  0.00000000e+00  1.80000000e+00  1.30528846e-09 
 1.05600000e-10  0.00000000e+00  1.80000000e+00  1.30528846e-09 
 1.25600000e-10  0.00000000e+00  1.80000000e+00  1.30528846e-09 
 1.45600000e-10  0.00000000e+00  1.80000000e+00  1.30528846e-09 
 1.65600000e-10  0.00000000e+00  1.80000000e+00  1.30528846e-09 
 1.85600000e-10  0.00000000e+00  1.80000000e+00  1.30528846e-09 
 2.05600000e-10  0.00000000e+00  1.80000000e+00  1.30528846e-09 
 2.25600000e-10  0.00000000e+00  1.80000000e+00  1.30528846e-09 
 2.45600000e-10  0.00000000e+00  1.80000000e+00  1.30528846e-09 
 2.65600000e-10  0.00000000e+00  1.80000000e+00  1.30528846e-09 
 2.85600000e-10  0.00000000e+00  1.80000000e+00  1.30528846e-09 
 3.05600000e-10  0.00000000e+00  1.80000000e+00  1.30528846e-09 
 3.25600000e-10  0.00000000e+00  1.80000000e+00  1.30528846e-09 
 3.45600000e-10  0.00000000e+00  1.80000000e+00  1.30528846e-09 
 3.65600000e-10  0.00000000e+00  1.80000000e+00  1.30528846e-09 
 3.85600000e-10  0.00000000e+00  1.80000000e+00  1.30528846e-09 
 4.05600000e-10  0.00000000e+00  1.80000000e+00  1.30528846e-09 
 4.25600000e-10  0.00000000e+00  1.80000000e+00  1.30528846e-09 
 4.45600000e-10  0.00000000e+00  1.80000000e+00  1.30528846e-09 
 4.65600000e-10  0.00000000e+00  1.80000000e+00  1.30528846e-09 
 4.85600000e-10  0.00000000e+00  1.80000000e+00  1.30528846e-09 
 5.00000000e-10  0.00000000e+00  1.80000000e+00  1.30528846e-09 
 5.02000000e-10  2.40000000e-02  1.80000000e+00  1.30528846e-09 
 5.06000000e-10  7.20000000e-02  1.80000000e+00  1.30528846e-09 
 5.14000000e-10  1.68000000e-01  1.80000000e+00  1.30528846e-09 
 5.30000000e-10  3.60000000e-01  1.80000000e+00  1.30528846e-09 
 5.50000000e-10  6.00000000e-01  1.80000000e+00  1.30528846e-09 
 5.70000000e-10  8.40000000e-01  1.80000000e+00  1.30528846e-09 
 5.90000000e-10  1.08000000e+00  1.80000000e+00  4.50666668e-01 
 6.10000000e-10  1.32000000e+00  1.80000000e+00  1.21548945e+00 
 6.30000000e-10  1.56000000e+00  1.80000000e+00  1.63616352e+00 
 6.50000000e-10  1.80000000e+00  1.80000000e+00  1.76596809e+00 
 6.52000000e-10  1.80000000e+00  1.80000000e+00  1.77007423e+00 
 6.56000000e-10  1.80000000e+00  1.80000000e+00  1.77730060e+00 
 6.64000000e-10  1.80000000e+00  1.80000000e+00  1.78710251e+00 
 6.80000000e-10  1.80000000e+00  1.80000000e+00  1.79628377e+00 
 7.00000000e-10  1.80000000e+00  1.80000000e+00  1.79932473e+00 
 7.20000000e-10  1.80000000e+00  1.80000000e+00  1.79987763e+00 
 7.40000000e-10  1.80000000e+00  1.80000000e+00  1.79997784e+00 
 7.60000000e-10  1.80000000e+00  1.80000000e+00  1.79999599e+00 
 7.80000000e-10  1.80000000e+00  1.80000000e+00  1.79999927e+00 
 8.00000000e-10  1.80000000e+00  1.80000000e+00  1.79999987e+00 
 8.20000000e-10  1.80000000e+00  1.80000000e+00  1.79999997e+00 
 8.40000000e-10  1.80000000e+00  1.80000000e+00  1.79999999e+00 
 8.60000000e-10  1.80000000e+00  1.80000000e+00  1.80000000e+00 
 8.80000000e-10  1.80000000e+00  1.80000000e+00  1.80000000e+00 
 9.00000000e-10  1.80000000e+00  1.80000000e+00  1.80000000e+00 
 9.20000000e-10  1.80000000e+00  1.80000000e+00  1.80000000e+00 
 9.40000000e-10  1.80000000e+00  1.80000000e+00  1.80000000e+00 
 9.60000000e-10  1.80000000e+00  1.80000000e+00  1.80000000e+00 
 9.80000000e-10  1.80000000e+00  1.80000000e+00  1.80000000e+00 
 1.00000000e-09  1.80000000e+00  1.80000000e+00  1.80000000e+00 
 1.02000000e-09  1.80000000e+00  1.80000000e+00  1.80000000e+00 
 1.04000000e-09  1.80000000e+00  1.80000000e+00  1.80000000e+00 
 1.06000000e-09  1.80000000e+00  1.80000000e+00  1.80000000e+00 
 1.08000000e-09  1.80000000e+00  1.80000000e+00  1.80000000e+00 
 1.10000000e-09  1.80000000e+00  1.80000000e+00  1.80000000e+00 
 1.12000000e-09  1.80000000e+00  1.80000000e+00  1.80000000e+00 
 1.14000000e-09  1.80000000e+00  1.80000000e+00  1.80000000e+00 
 1.16000000e-09  1.80000000e+00  1.80000000e+00  1.80000000e+00 
 1.18000000e-09  1.80000000e+00  1.80000000e+00  1.80000000e+00 
 1.20000000e-09  1.80000000e+00  1.80000000e+00  1.80000000e+00 
 1.22000000e-09  1.80000000e+00  1.80000000e+00  1.80000000e+00 
 1.24000000e-09  1.80000000e+00  1.80000000e+00  1.80000000e+00 
 1.26000000e-09  1.80000000e+00  1.80000000e+00  1.80000000e+00 
 1.28000000e-09  1.80000000e+00  1.80000000e+00  1.80000000e+00 
 1.30000000e-09  1.80000000e+00  1.80000000e+00  1.80000000e+00 
 1.32000000e-09  1.80000000e+00  1.80000000e+00  1.80000000e+00 
 1.34000000e-09  1.80000000e+00  1.80000000e+00  1.80000000e+00 
 1.36000000e-09  1.80000000e+00  1.80000000e+00  1.80000000e+00 
 1.38000000e-09  1.80000000e+00  1.80000000e+00  1.80000000e+00 
 1.40000000e-09  1.80000000e+00  1.80000000e+00  1.80000000e+00 
 1.42000000e-09  1.80000000e+00  1.80000000e+00  1.80000000e+00 
 1.44000000e-09  1.80000000e+00  1.80000000e+00  1.80000000e+00 
 1.46000000e-09  1.80000000e+00  1.80000000e+00  1.80000000e+00 
 1.48000000e-09  1.80000000e+00  1.80000000e+00  1.80000000e+00 
 1.50000000e-09  1.80000000e+00  1.80000000e+00  1.80000000e+00 
 1.52000000e-09  1.80000000e+00  1.80000000e+00  1.80000000e+00 
 1.54000000e-09  1.80000000e+00  1.80000000e+00  1.80000000e+00 
 1.56000000e-09  1.80000000e+00  1.80000000e+00  1.80000000e+00 
 1.58000000e-09  1.80000000e+00  1.80000000e+00  1.80000000e+00 
 1.60000000e-09  1.80000000e+00  1.80000000e+00  1.80000000e+00 
 1.62000000e-09  1.80000000e+00  1.80000000e+00  1.80000000e+00 
 1.64000000e-09  1.80000000e+00  1.80000000e+00  1.80000000e+00 
 1.66000000e-09  1.80000000e+00  1.80000000e+00  1.80000000e+00 
 1.68000000e-09  1.80000000e+00  1.80000000e+00  1.80000000e+00 
 1.70000000e-09  1.80000000e+00  1.80000000e+00  1.80000000e+00 
 1.72000000e-09  1.80000000e+00  1.80000000e+00  1.80000000e+00 
 1.74000000e-09  1.80000000e+00  1.80000000e+00  1.80000000e+00 
 1.76000000e-09  1.80000000e+00  1.80000000e+00  1.80000000e+00 
 1.78000000e-09  1.80000000e+00  1.80000000e+00  1.80000000e+00 
 1.80000000e-09  1.80000000e+00  1.80000000e+00  1.80000000e+00 
 1.82000000e-09  1.80000000e+00  1.80000000e+00  1.80000000e+00 
 1.84000000e-09  1.80000000e+00  1.80000000e+00  1.80000000e+00 
 1.86000000e-09  1.80000000e+00  1.80000000e+00  1.80000000e+00 
 1.88000000e-09  1.80000000e+00  1.80000000e+00  1.80000000e+00 
 1.90000000e-09  1.80000000e+00  1.80000000e+00  1.80000000e+00 
 1.92000000e-09  1.80000000e+00  1.80000000e+00  1.80000000e+00 
 1.94000000e-09  1.80000000e+00  1.80000000e+00  1.80000000e+00 
 1.96000000e-09  1.80000000e+00  1.80000000e+00  1.80000000e+00 
 1.98000000e-09  1.80000000e+00  1.80000000e+00  1.80000000e+00 
 2.00000000e-09  1.80000000e+00  1.80000000e+00  1.80000000e+00 
 2.02000000e-09  1.80000000e+00  1.80000000e+00  1.80000000e+00 
 2.04000000e-09  1.80000000e+00  1.80000000e+00  1.80000000e+00 
 2.06000000e-09  1.80000000e+00  1.80000000e+00  1.80000000e+00 
 2.08000000e-09  1.80000000e+00  1.80000000e+00  1.80000000e+00 
 2.10000000e-09  1.80000000e+00  1.80000000e+00  1.80000000e+00 
 2.12000000e-09  1.80000000e+00  1.80000000e+00  1.80000000e+00 
 2.14000000e-09  1.80000000e+00  1.80000000e+00  1.80000000e+00 
 2.16000000e-09  1.80000000e+00  1.80000000e+00  1.80000000e+00 
 2.18000000e-09  1.80000000e+00  1.80000000e+00  1.80000000e+00 
 2.20000000e-09  1.80000000e+00  1.80000000e+00  1.80000000e+00 
 2.22000000e-09  1.80000000e+00  1.80000000e+00  1.80000000e+00 
 2.24000000e-09  1.80000000e+00  1.80000000e+00  1.80000000e+00 
 2.26000000e-09  1.80000000e+00  1.80000000e+00  1.80000000e+00 
 2.28000000e-09  1.80000000e+00  1.80000000e+00  1.80000000e+00 
 2.30000000e-09  1.80000000e+00  1.80000000e+00  1.80000000e+00 
 2.32000000e-09  1.80000000e+00  1.80000000e+00  1.80000000e+00 
 2.34000000e-09  1.80000000e+00  1.80000000e+00  1.80000000e+00 
 2.36000000e-09  1.80000000e+00  1.80000000e+00  1.80000000e+00 
 2.38000000e-09  1.80000000e+00  1.80000000e+00  1.80000000e+00 
 2.40000000e-09  1.80000000e+00  1.80000000e+00  1.80000000e+00 
 2.42000000e-09  1.80000000e+00  1.80000000e+00  1.80000000e+00 
 2.44000000e-09  1.80000000e+00  1.80000000e+00  1.80000000e+00 
 2.46000000e-09  1.80000000e+00  1.80000000e+00  1.80000000e+00 
 2.48000000e-09  1.80000000e+00  1.80000000e+00  1.80000000e+00 
 2.50000000e-09  1.80000000e+00  1.80000000e+00  1.80000000e+00 
 2.52000000e-09  1.80000000e+00  1.80000000e+00  1.80000000e+00 
 2.54000000e-09  1.80000000e+00  1.80000000e+00  1.80000000e+00 
 2.56000000e-09  1.80000000e+00  1.80000000e+00  1.80000000e+00 
 2.58000000e-09  1.80000000e+00  1.80000000e+00  1.80000000e+00 
 2.60000000e-09  1.80000000e+00  1.80000000e+00  1.80000000e+00 
 2.62000000e-09  1.80000000e+00  1.80000000e+00  1.80000000e+00 
 2.64000000e-09  1.80000000e+00  1.80000000e+00  1.80000000e+00 
 2.66000000e-09  1.80000000e+00  1.80000000e+00  1.80000000e+00 
 2.68000000e-09  1.80000000e+00  1.80000000e+00  1.80000000e+00 
 2.70000000e-09  1.80000000e+00  1.80000000e+00  1.80000000e+00 
 2.72000000e-09  1.80000000e+00  1.80000000e+00  1.80000000e+00 
 2.74000000e-09  1.80000000e+00  1.80000000e+00  1.80000000e+00 
 2.76000000e-09  1.80000000e+00  1.80000000e+00  1.80000000e+00 
 2.78000000e-09  1.80000000e+00  1.80000000e+00  1.80000000e+00 
 2.80000000e-09  1.80000000e+00  1.80000000e+00  1.80000000e+00 
 2.82000000e-09  1.80000000e+00  1.80000000e+00  1.80000000e+00 
 2.84000000e-09  1.80000000e+00  1.80000000e+00  1.80000000e+00 
 2.86000000e-09  1.80000000e+00  1.80000000e+00  1.80000000e+00 
 2.88000000e-09  1.80000000e+00  1.80000000e+00  1.80000000e+00 
 2.90000000e-09  1.80000000e+00  1.80000000e+00  1.80000000e+00 
 2.92000000e-09  1.80000000e+00  1.80000000e+00  1.80000000e+00 
 2.94000000e-09  1.80000000e+00  1.80000000e+00  1.80000000e+00 
 2.96000000e-09  1.80000000e+00  1.80000000e+00  1.80000000e+00 
 2.98000000e-09  1.80000000e+00  1.80000000e+00  1.80000000e+00 
 3.00000000e-09  1.80000000e+00  1.80000000e+00  1.80000000e+00 
 3.02000000e-09  1.80000000e+00  1.80000000e+00  1.80000000e+00 
 3.04000000e-09  1.80000000e+00  1.80000000e+00  1.80000000e+00 
 3.06000000e-09  1.80000000e+00  1.80000000e+00  1.80000000e+00 
 3.08000000e-09  1.80000000e+00  1.80000000e+00  1.80000000e+00 
 3.10000000e-09  1.80000000e+00  1.80000000e+00  1.80000000e+00 
 3.12000000e-09  1.80000000e+00  1.80000000e+00  1.80000000e+00 
 3.14000000e-09  1.80000000e+00  1.80000000e+00  1.80000000e+00 
 3.16000000e-09  1.80000000e+00  1.80000000e+00  1.80000000e+00 
 3.18000000e-09  1.80000000e+00  1.80000000e+00  1.80000000e+00 
 3.20000000e-09  1.80000000e+00  1.80000000e+00  1.80000000e+00 
 3.22000000e-09  1.80000000e+00  1.80000000e+00  1.80000000e+00 
 3.24000000e-09  1.80000000e+00  1.80000000e+00  1.80000000e+00 
 3.26000000e-09  1.80000000e+00  1.80000000e+00  1.80000000e+00 
 3.28000000e-09  1.80000000e+00  1.80000000e+00  1.80000000e+00 
 3.30000000e-09  1.80000000e+00  1.80000000e+00  1.80000000e+00 
 3.32000000e-09  1.80000000e+00  1.80000000e+00  1.80000000e+00 
 3.34000000e-09  1.80000000e+00  1.80000000e+00  1.80000000e+00 
 3.36000000e-09  1.80000000e+00  1.80000000e+00  1.80000000e+00 
 3.38000000e-09  1.80000000e+00  1.80000000e+00  1.80000000e+00 
 3.40000000e-09  1.80000000e+00  1.80000000e+00  1.80000000e+00 
 3.42000000e-09  1.80000000e+00  1.80000000e+00  1.80000000e+00 
 3.44000000e-09  1.80000000e+00  1.80000000e+00  1.80000000e+00 
 3.46000000e-09  1.80000000e+00  1.80000000e+00  1.80000000e+00 
 3.48000000e-09  1.80000000e+00  1.80000000e+00  1.80000000e+00 
 3.50000000e-09  1.80000000e+00  1.80000000e+00  1.80000000e+00 
 3.52000000e-09  1.80000000e+00  1.80000000e+00  1.80000000e+00 
 3.54000000e-09  1.80000000e+00  1.80000000e+00  1.80000000e+00 
 3.56000000e-09  1.80000000e+00  1.80000000e+00  1.80000000e+00 
 3.58000000e-09  1.80000000e+00  1.80000000e+00  1.80000000e+00 
 3.60000000e-09  1.80000000e+00  1.80000000e+00  1.80000000e+00 
 3.62000000e-09  1.80000000e+00  1.80000000e+00  1.80000000e+00 
 3.64000000e-09  1.80000000e+00  1.80000000e+00  1.80000000e+00 
 3.66000000e-09  1.80000000e+00  1.80000000e+00  1.80000000e+00 
 3.68000000e-09  1.80000000e+00  1.80000000e+00  1.80000000e+00 
 3.70000000e-09  1.80000000e+00  1.80000000e+00  1.80000000e+00 
 3.72000000e-09  1.80000000e+00  1.80000000e+00  1.80000000e+00 
 3.74000000e-09  1.80000000e+00  1.80000000e+00  1.80000000e+00 
 3.76000000e-09  1.80000000e+00  1.80000000e+00  1.80000000e+00 
 3.78000000e-09  1.80000000e+00  1.80000000e+00  1.80000000e+00 
 3.80000000e-09  1.80000000e+00  1.80000000e+00  1.80000000e+00 
 3.82000000e-09  1.80000000e+00  1.80000000e+00  1.80000000e+00 
 3.84000000e-09  1.80000000e+00  1.80000000e+00  1.80000000e+00 
 3.86000000e-09  1.80000000e+00  1.80000000e+00  1.80000000e+00 
 3.88000000e-09  1.80000000e+00  1.80000000e+00  1.80000000e+00 
 3.90000000e-09  1.80000000e+00  1.80000000e+00  1.80000000e+00 
 3.92000000e-09  1.80000000e+00  1.80000000e+00  1.80000000e+00 
 3.94000000e-09  1.80000000e+00  1.80000000e+00  1.80000000e+00 
 3.96000000e-09  1.80000000e+00  1.80000000e+00  1.80000000e+00 
 3.98000000e-09  1.80000000e+00  1.80000000e+00  1.80000000e+00 
 4.00000000e-09  1.80000000e+00  1.80000000e+00  1.80000000e+00 
 4.02000000e-09  1.80000000e+00  1.80000000e+00  1.80000000e+00 
 4.04000000e-09  1.80000000e+00  1.80000000e+00  1.80000000e+00 
 4.06000000e-09  1.80000000e+00  1.80000000e+00  1.80000000e+00 
 4.08000000e-09  1.80000000e+00  1.80000000e+00  1.80000000e+00 
 4.10000000e-09  1.80000000e+00  1.80000000e+00  1.80000000e+00 
 4.12000000e-09  1.80000000e+00  1.80000000e+00  1.80000000e+00 
 4.14000000e-09  1.80000000e+00  1.80000000e+00  1.80000000e+00 
 4.16000000e-09  1.80000000e+00  1.80000000e+00  1.80000000e+00 
 4.18000000e-09  1.80000000e+00  1.80000000e+00  1.80000000e+00 
 4.20000000e-09  1.80000000e+00  1.80000000e+00  1.80000000e+00 
 4.22000000e-09  1.80000000e+00  1.80000000e+00  1.80000000e+00 
 4.24000000e-09  1.80000000e+00  1.80000000e+00  1.80000000e+00 
 4.26000000e-09  1.80000000e+00  1.80000000e+00  1.80000000e+00 
 4.28000000e-09  1.80000000e+00  1.80000000e+00  1.80000000e+00 
 4.30000000e-09  1.80000000e+00  1.80000000e+00  1.80000000e+00 
 4.32000000e-09  1.80000000e+00  1.80000000e+00  1.80000000e+00 
 4.34000000e-09  1.80000000e+00  1.80000000e+00  1.80000000e+00 
 4.36000000e-09  1.80000000e+00  1.80000000e+00  1.80000000e+00 
 4.38000000e-09  1.80000000e+00  1.80000000e+00  1.80000000e+00 
 4.40000000e-09  1.80000000e+00  1.80000000e+00  1.80000000e+00 
 4.42000000e-09  1.80000000e+00  1.80000000e+00  1.80000000e+00 
 4.44000000e-09  1.80000000e+00  1.80000000e+00  1.80000000e+00 
 4.46000000e-09  1.80000000e+00  1.80000000e+00  1.80000000e+00 
 4.48000000e-09  1.80000000e+00  1.80000000e+00  1.80000000e+00 
 4.50000000e-09  1.80000000e+00  1.80000000e+00  1.80000000e+00 
 4.52000000e-09  1.80000000e+00  1.80000000e+00  1.80000000e+00 
 4.54000000e-09  1.80000000e+00  1.80000000e+00  1.80000000e+00 
 4.56000000e-09  1.80000000e+00  1.80000000e+00  1.80000000e+00 
 4.58000000e-09  1.80000000e+00  1.80000000e+00  1.80000000e+00 
 4.60000000e-09  1.80000000e+00  1.80000000e+00  1.80000000e+00 
 4.62000000e-09  1.80000000e+00  1.80000000e+00  1.80000000e+00 
 4.64000000e-09  1.80000000e+00  1.80000000e+00  1.80000000e+00 
 4.66000000e-09  1.80000000e+00  1.80000000e+00  1.80000000e+00 
 4.68000000e-09  1.80000000e+00  1.80000000e+00  1.80000000e+00 
 4.70000000e-09  1.80000000e+00  1.80000000e+00  1.80000000e+00 
 4.72000000e-09  1.80000000e+00  1.80000000e+00  1.80000000e+00 
 4.74000000e-09  1.80000000e+00  1.80000000e+00  1.80000000e+00 
 4.76000000e-09  1.80000000e+00  1.80000000e+00  1.80000000e+00 
 4.78000000e-09  1.80000000e+00  1.80000000e+00  1.80000000e+00 
 4.80000000e-09  1.80000000e+00  1.80000000e+00  1.80000000e+00 
 4.82000000e-09  1.80000000e+00  1.80000000e+00  1.80000000e+00 
 4.84000000e-09  1.80000000e+00  1.80000000e+00  1.80000000e+00 
 4.86000000e-09  1.80000000e+00  1.80000000e+00  1.80000000e+00 
 4.88000000e-09  1.80000000e+00  1.80000000e+00  1.80000000e+00 
 4.90000000e-09  1.80000000e+00  1.80000000e+00  1.80000000e+00 
 4.92000000e-09  1.80000000e+00  1.80000000e+00  1.80000000e+00 
 4.94000000e-09  1.80000000e+00  1.80000000e+00  1.80000000e+00 
 4.96000000e-09  1.80000000e+00  1.80000000e+00  1.80000000e+00 
 4.98000000e-09  1.80000000e+00  1.80000000e+00  1.80000000e+00 
 5.00000000e-09  1.80000000e+00  1.80000000e+00  1.80000000e+00 
 5.02000000e-09  1.80000000e+00  1.80000000e+00  1.80000000e+00 
 5.04000000e-09  1.80000000e+00  1.80000000e+00  1.80000000e+00 
 5.06000000e-09  1.80000000e+00  1.80000000e+00  1.80000000e+00 
 5.08000000e-09  1.80000000e+00  1.80000000e+00  1.80000000e+00 
 5.10000000e-09  1.80000000e+00  1.80000000e+00  1.80000000e+00 
 5.12000000e-09  1.80000000e+00  1.80000000e+00  1.80000000e+00 
 5.14000000e-09  1.80000000e+00  1.80000000e+00  1.80000000e+00 
 5.16000000e-09  1.80000000e+00  1.80000000e+00  1.80000000e+00 
 5.18000000e-09  1.80000000e+00  1.80000000e+00  1.80000000e+00 
 5.20000000e-09  1.80000000e+00  1.80000000e+00  1.80000000e+00 
 5.22000000e-09  1.80000000e+00  1.80000000e+00  1.80000000e+00 
 5.24000000e-09  1.80000000e+00  1.80000000e+00  1.80000000e+00 
 5.26000000e-09  1.80000000e+00  1.80000000e+00  1.80000000e+00 
 5.28000000e-09  1.80000000e+00  1.80000000e+00  1.80000000e+00 
 5.30000000e-09  1.80000000e+00  1.80000000e+00  1.80000000e+00 
 5.32000000e-09  1.80000000e+00  1.80000000e+00  1.80000000e+00 
 5.34000000e-09  1.80000000e+00  1.80000000e+00  1.80000000e+00 
 5.36000000e-09  1.80000000e+00  1.80000000e+00  1.80000000e+00 
 5.38000000e-09  1.80000000e+00  1.80000000e+00  1.80000000e+00 
 5.40000000e-09  1.80000000e+00  1.80000000e+00  1.80000000e+00 
 5.42000000e-09  1.80000000e+00  1.80000000e+00  1.80000000e+00 
 5.44000000e-09  1.80000000e+00  1.80000000e+00  1.80000000e+00 
 5.46000000e-09  1.80000000e+00  1.80000000e+00  1.80000000e+00 
 5.48000000e-09  1.80000000e+00  1.80000000e+00  1.80000000e+00 
 5.50000000e-09  1.80000000e+00  1.80000000e+00  1.80000000e+00 
 5.50200000e-09  1.77600000e+00  1.80000000e+00  1.80000000e+00 
 5.50600000e-09  1.72800000e+00  1.80000000e+00  1.80000000e+00 
 5.51400000e-09  1.63200000e+00  1.80000000e+00  1.80000000e+00 
 5.53000000e-09  1.44000000e+00  1.80000000e+00  1.80000000e+00 
 5.55000000e-09  1.20000000e+00  1.80000000e+00  1.80000000e+00 
 5.57000000e-09  9.60000000e-01  1.80000000e+00  1.80000000e+00 
 5.59000000e-09  7.20000000e-01  1.80000000e+00  1.34933333e+00 
 5.61000000e-09  4.80000000e-01  1.80000000e+00  5.84510552e-01 
 5.62387139e-09  3.13543372e-01  1.80000000e+00  2.55735760e-01 
 5.63910251e-09  1.30769841e-01  1.80000000e+00  8.87259424e-02 
 5.65000000e-09  0.00000000e+00  1.80000000e+00  4.10752279e-02 
 5.65200000e-09  0.00000000e+00  1.80000000e+00  3.61335688e-02 
 5.65600000e-09  0.00000000e+00  1.80000000e+00  2.74285361e-02 
 5.66400000e-09  0.00000000e+00  1.80000000e+00  1.55984510e-02 
 5.68000000e-09  0.00000000e+00  1.80000000e+00  4.50006157e-03 
 5.70000000e-09  0.00000000e+00  1.80000000e+00  8.18267237e-04 
 5.72000000e-09  0.00000000e+00  1.80000000e+00  1.48300062e-04 
 5.74000000e-09  0.00000000e+00  1.80000000e+00  2.68621370e-05 
 5.76000000e-09  0.00000000e+00  1.80000000e+00  4.86442548e-06 
 5.78000000e-09  0.00000000e+00  1.80000000e+00  8.80423365e-07 
 5.80000000e-09  0.00000000e+00  1.80000000e+00  1.60462995e-07 
 5.82000000e-09  0.00000000e+00  1.80000000e+00  3.01273966e-08 
 5.84000000e-09  0.00000000e+00  1.80000000e+00  6.52498391e-09 
 5.86000000e-09  0.00000000e+00  1.80000000e+00  2.25058579e-09 
 5.88000000e-09  0.00000000e+00  1.80000000e+00  1.47648398e-09 
 5.90000000e-09  0.00000000e+00  1.80000000e+00  1.33629237e-09 
 5.92000000e-09  0.00000000e+00  1.80000000e+00  1.31090334e-09 
 5.94000000e-09  0.00000000e+00  1.80000000e+00  1.30630533e-09 
 5.96000000e-09  0.00000000e+00  1.80000000e+00  1.30547262e-09 
 5.98000000e-09  0.00000000e+00  1.80000000e+00  1.30532181e-09 
 6.00000000e-09  0.00000000e+00  1.80000000e+00  1.30529450e-09 
 6.02000000e-09  0.00000000e+00  1.80000000e+00  1.30528955e-09 
 6.04000000e-09  0.00000000e+00  1.80000000e+00  1.30528866e-09 
 6.06000000e-09  0.00000000e+00  1.80000000e+00  1.30528850e-09 
 6.08000000e-09  0.00000000e+00  1.80000000e+00  1.30528847e-09 
 6.10000000e-09  0.00000000e+00  1.80000000e+00  1.30528846e-09 
 6.12000000e-09  0.00000000e+00  1.80000000e+00  1.30528846e-09 
 6.14000000e-09  0.00000000e+00  1.80000000e+00  1.30528846e-09 
 6.16000000e-09  0.00000000e+00  1.80000000e+00  1.30528846e-09 
 6.18000000e-09  0.00000000e+00  1.80000000e+00  1.30528846e-09 
 6.20000000e-09  0.00000000e+00  1.80000000e+00  1.30528846e-09 
 6.22000000e-09  0.00000000e+00  1.80000000e+00  1.30528846e-09 
 6.24000000e-09  0.00000000e+00  1.80000000e+00  1.30528846e-09 
 6.26000000e-09  0.00000000e+00  1.80000000e+00  1.30528846e-09 
 6.28000000e-09  0.00000000e+00  1.80000000e+00  1.30528846e-09 
 6.30000000e-09  0.00000000e+00  1.80000000e+00  1.30528846e-09 
 6.32000000e-09  0.00000000e+00  1.80000000e+00  1.30528846e-09 
 6.34000000e-09  0.00000000e+00  1.80000000e+00  1.30528846e-09 
 6.36000000e-09  0.00000000e+00  1.80000000e+00  1.30528846e-09 
 6.38000000e-09  0.00000000e+00  1.80000000e+00  1.30528846e-09 
 6.40000000e-09  0.00000000e+00  1.80000000e+00  1.30528846e-09 
 6.42000000e-09  0.00000000e+00  1.80000000e+00  1.30528846e-09 
 6.44000000e-09  0.00000000e+00  1.80000000e+00  1.30528846e-09 
 6.46000000e-09  0.00000000e+00  1.80000000e+00  1.30528846e-09 
 6.48000000e-09  0.00000000e+00  1.80000000e+00  1.30528846e-09 
 6.50000000e-09  0.00000000e+00  1.80000000e+00  1.30528846e-09 
 6.52000000e-09  0.00000000e+00  1.80000000e+00  1.30528846e-09 
 6.54000000e-09  0.00000000e+00  1.80000000e+00  1.30528846e-09 
 6.56000000e-09  0.00000000e+00  1.80000000e+00  1.30528846e-09 
 6.58000000e-09  0.00000000e+00  1.80000000e+00  1.30528846e-09 
 6.60000000e-09  0.00000000e+00  1.80000000e+00  1.30528846e-09 
 6.62000000e-09  0.00000000e+00  1.80000000e+00  1.30528846e-09 
 6.64000000e-09  0.00000000e+00  1.80000000e+00  1.30528846e-09 
 6.66000000e-09  0.00000000e+00  1.80000000e+00  1.30528846e-09 
 6.68000000e-09  0.00000000e+00  1.80000000e+00  1.30528846e-09 
 6.70000000e-09  0.00000000e+00  1.80000000e+00  1.30528846e-09 
 6.72000000e-09  0.00000000e+00  1.80000000e+00  1.30528846e-09 
 6.74000000e-09  0.00000000e+00  1.80000000e+00  1.30528846e-09 
 6.76000000e-09  0.00000000e+00  1.80000000e+00  1.30528846e-09 
 6.78000000e-09  0.00000000e+00  1.80000000e+00  1.30528846e-09 
 6.80000000e-09  0.00000000e+00  1.80000000e+00  1.30528846e-09 
 6.82000000e-09  0.00000000e+00  1.80000000e+00  1.30528846e-09 
 6.84000000e-09  0.00000000e+00  1.80000000e+00  1.30528846e-09 
 6.86000000e-09  0.00000000e+00  1.80000000e+00  1.30528846e-09 
 6.88000000e-09  0.00000000e+00  1.80000000e+00  1.30528846e-09 
 6.90000000e-09  0.00000000e+00  1.80000000e+00  1.30528846e-09 
 6.92000000e-09  0.00000000e+00  1.80000000e+00  1.30528846e-09 
 6.94000000e-09  0.00000000e+00  1.80000000e+00  1.30528846e-09 
 6.96000000e-09  0.00000000e+00  1.80000000e+00  1.30528846e-09 
 6.98000000e-09  0.00000000e+00  1.80000000e+00  1.30528846e-09 
 7.00000000e-09  0.00000000e+00  1.80000000e+00  1.30528846e-09 
 7.02000000e-09  0.00000000e+00  1.80000000e+00  1.30528846e-09 
 7.04000000e-09  0.00000000e+00  1.80000000e+00  1.30528846e-09 
 7.06000000e-09  0.00000000e+00  1.80000000e+00  1.30528846e-09 
 7.08000000e-09  0.00000000e+00  1.80000000e+00  1.30528846e-09 
 7.10000000e-09  0.00000000e+00  1.80000000e+00  1.30528846e-09 
 7.12000000e-09  0.00000000e+00  1.80000000e+00  1.30528846e-09 
 7.14000000e-09  0.00000000e+00  1.80000000e+00  1.30528846e-09 
 7.16000000e-09  0.00000000e+00  1.80000000e+00  1.30528846e-09 
 7.18000000e-09  0.00000000e+00  1.80000000e+00  1.30528846e-09 
 7.20000000e-09  0.00000000e+00  1.80000000e+00  1.30528846e-09 
 7.22000000e-09  0.00000000e+00  1.80000000e+00  1.30528846e-09 
 7.24000000e-09  0.00000000e+00  1.80000000e+00  1.30528846e-09 
 7.26000000e-09  0.00000000e+00  1.80000000e+00  1.30528846e-09 
 7.28000000e-09  0.00000000e+00  1.80000000e+00  1.30528846e-09 
 7.30000000e-09  0.00000000e+00  1.80000000e+00  1.30528846e-09 
 7.32000000e-09  0.00000000e+00  1.80000000e+00  1.30528846e-09 
 7.34000000e-09  0.00000000e+00  1.80000000e+00  1.30528846e-09 
 7.36000000e-09  0.00000000e+00  1.80000000e+00  1.30528846e-09 
 7.38000000e-09  0.00000000e+00  1.80000000e+00  1.30528846e-09 
 7.40000000e-09  0.00000000e+00  1.80000000e+00  1.30528846e-09 
 7.42000000e-09  0.00000000e+00  1.80000000e+00  1.30528846e-09 
 7.44000000e-09  0.00000000e+00  1.80000000e+00  1.30528846e-09 
 7.46000000e-09  0.00000000e+00  1.80000000e+00  1.30528846e-09 
 7.48000000e-09  0.00000000e+00  1.80000000e+00  1.30528846e-09 
 7.50000000e-09  0.00000000e+00  1.80000000e+00  1.30528846e-09 
 7.52000000e-09  0.00000000e+00  1.80000000e+00  1.30528846e-09 
 7.54000000e-09  0.00000000e+00  1.80000000e+00  1.30528846e-09 
 7.56000000e-09  0.00000000e+00  1.80000000e+00  1.30528846e-09 
 7.58000000e-09  0.00000000e+00  1.80000000e+00  1.30528846e-09 
 7.60000000e-09  0.00000000e+00  1.80000000e+00  1.30528846e-09 
 7.62000000e-09  0.00000000e+00  1.80000000e+00  1.30528846e-09 
 7.64000000e-09  0.00000000e+00  1.80000000e+00  1.30528846e-09 
 7.66000000e-09  0.00000000e+00  1.80000000e+00  1.30528846e-09 
 7.68000000e-09  0.00000000e+00  1.80000000e+00  1.30528846e-09 
 7.70000000e-09  0.00000000e+00  1.80000000e+00  1.30528846e-09 
 7.72000000e-09  0.00000000e+00  1.80000000e+00  1.30528846e-09 
 7.74000000e-09  0.00000000e+00  1.80000000e+00  1.30528846e-09 
 7.76000000e-09  0.00000000e+00  1.80000000e+00  1.30528846e-09 
 7.78000000e-09  0.00000000e+00  1.80000000e+00  1.30528846e-09 
 7.80000000e-09  0.00000000e+00  1.80000000e+00  1.30528846e-09 
 7.82000000e-09  0.00000000e+00  1.80000000e+00  1.30528846e-09 
 7.84000000e-09  0.00000000e+00  1.80000000e+00  1.30528846e-09 
 7.86000000e-09  0.00000000e+00  1.80000000e+00  1.30528846e-09 
 7.88000000e-09  0.00000000e+00  1.80000000e+00  1.30528846e-09 
 7.90000000e-09  0.00000000e+00  1.80000000e+00  1.30528846e-09 
 7.92000000e-09  0.00000000e+00  1.80000000e+00  1.30528846e-09 
 7.94000000e-09  0.00000000e+00  1.80000000e+00  1.30528846e-09 
 7.96000000e-09  0.00000000e+00  1.80000000e+00  1.30528846e-09 
 7.98000000e-09  0.00000000e+00  1.80000000e+00  1.30528846e-09 
 8.00000000e-09  0.00000000e+00  1.80000000e+00  1.30528846e-09 
 8.02000000e-09  0.00000000e+00  1.80000000e+00  1.30528846e-09 
 8.04000000e-09  0.00000000e+00  1.80000000e+00  1.30528846e-09 
 8.06000000e-09  0.00000000e+00  1.80000000e+00  1.30528846e-09 
 8.08000000e-09  0.00000000e+00  1.80000000e+00  1.30528846e-09 
 8.10000000e-09  0.00000000e+00  1.80000000e+00  1.30528846e-09 
 8.12000000e-09  0.00000000e+00  1.80000000e+00  1.30528846e-09 
 8.14000000e-09  0.00000000e+00  1.80000000e+00  1.30528846e-09 
 8.16000000e-09  0.00000000e+00  1.80000000e+00  1.30528846e-09 
 8.18000000e-09  0.00000000e+00  1.80000000e+00  1.30528846e-09 
 8.20000000e-09  0.00000000e+00  1.80000000e+00  1.30528846e-09 
 8.22000000e-09  0.00000000e+00  1.80000000e+00  1.30528846e-09 
 8.24000000e-09  0.00000000e+00  1.80000000e+00  1.30528846e-09 
 8.26000000e-09  0.00000000e+00  1.80000000e+00  1.30528846e-09 
 8.28000000e-09  0.00000000e+00  1.80000000e+00  1.30528846e-09 
 8.30000000e-09  0.00000000e+00  1.80000000e+00  1.30528846e-09 
 8.32000000e-09  0.00000000e+00  1.80000000e+00  1.30528846e-09 
 8.34000000e-09  0.00000000e+00  1.80000000e+00  1.30528846e-09 
 8.36000000e-09  0.00000000e+00  1.80000000e+00  1.30528846e-09 
 8.38000000e-09  0.00000000e+00  1.80000000e+00  1.30528846e-09 
 8.40000000e-09  0.00000000e+00  1.80000000e+00  1.30528846e-09 
 8.42000000e-09  0.00000000e+00  1.80000000e+00  1.30528846e-09 
 8.44000000e-09  0.00000000e+00  1.80000000e+00  1.30528846e-09 
 8.46000000e-09  0.00000000e+00  1.80000000e+00  1.30528846e-09 
 8.48000000e-09  0.00000000e+00  1.80000000e+00  1.30528846e-09 
 8.50000000e-09  0.00000000e+00  1.80000000e+00  1.30528846e-09 
 8.52000000e-09  0.00000000e+00  1.80000000e+00  1.30528846e-09 
 8.54000000e-09  0.00000000e+00  1.80000000e+00  1.30528846e-09 
 8.56000000e-09  0.00000000e+00  1.80000000e+00  1.30528846e-09 
 8.58000000e-09  0.00000000e+00  1.80000000e+00  1.30528846e-09 
 8.60000000e-09  0.00000000e+00  1.80000000e+00  1.30528846e-09 
 8.62000000e-09  0.00000000e+00  1.80000000e+00  1.30528846e-09 
 8.64000000e-09  0.00000000e+00  1.80000000e+00  1.30528846e-09 
 8.66000000e-09  0.00000000e+00  1.80000000e+00  1.30528846e-09 
 8.68000000e-09  0.00000000e+00  1.80000000e+00  1.30528846e-09 
 8.70000000e-09  0.00000000e+00  1.80000000e+00  1.30528846e-09 
 8.72000000e-09  0.00000000e+00  1.80000000e+00  1.30528846e-09 
 8.74000000e-09  0.00000000e+00  1.80000000e+00  1.30528846e-09 
 8.76000000e-09  0.00000000e+00  1.80000000e+00  1.30528846e-09 
 8.78000000e-09  0.00000000e+00  1.80000000e+00  1.30528846e-09 
 8.80000000e-09  0.00000000e+00  1.80000000e+00  1.30528846e-09 
 8.82000000e-09  0.00000000e+00  1.80000000e+00  1.30528846e-09 
 8.84000000e-09  0.00000000e+00  1.80000000e+00  1.30528846e-09 
 8.86000000e-09  0.00000000e+00  1.80000000e+00  1.30528846e-09 
 8.88000000e-09  0.00000000e+00  1.80000000e+00  1.30528846e-09 
 8.90000000e-09  0.00000000e+00  1.80000000e+00  1.30528846e-09 
 8.92000000e-09  0.00000000e+00  1.80000000e+00  1.30528846e-09 
 8.94000000e-09  0.00000000e+00  1.80000000e+00  1.30528846e-09 
 8.96000000e-09  0.00000000e+00  1.80000000e+00  1.30528846e-09 
 8.98000000e-09  0.00000000e+00  1.80000000e+00  1.30528846e-09 
 9.00000000e-09  0.00000000e+00  1.80000000e+00  1.30528846e-09 
 9.02000000e-09  0.00000000e+00  1.80000000e+00  1.30528846e-09 
 9.04000000e-09  0.00000000e+00  1.80000000e+00  1.30528846e-09 
 9.06000000e-09  0.00000000e+00  1.80000000e+00  1.30528846e-09 
 9.08000000e-09  0.00000000e+00  1.80000000e+00  1.30528846e-09 
 9.10000000e-09  0.00000000e+00  1.80000000e+00  1.30528846e-09 
 9.12000000e-09  0.00000000e+00  1.80000000e+00  1.30528846e-09 
 9.14000000e-09  0.00000000e+00  1.80000000e+00  1.30528846e-09 
 9.16000000e-09  0.00000000e+00  1.80000000e+00  1.30528846e-09 
 9.18000000e-09  0.00000000e+00  1.80000000e+00  1.30528846e-09 
 9.20000000e-09  0.00000000e+00  1.80000000e+00  1.30528846e-09 
 9.22000000e-09  0.00000000e+00  1.80000000e+00  1.30528846e-09 
 9.24000000e-09  0.00000000e+00  1.80000000e+00  1.30528846e-09 
 9.26000000e-09  0.00000000e+00  1.80000000e+00  1.30528846e-09 
 9.28000000e-09  0.00000000e+00  1.80000000e+00  1.30528846e-09 
 9.30000000e-09  0.00000000e+00  1.80000000e+00  1.30528846e-09 
 9.32000000e-09  0.00000000e+00  1.80000000e+00  1.30528846e-09 
 9.34000000e-09  0.00000000e+00  1.80000000e+00  1.30528846e-09 
 9.36000000e-09  0.00000000e+00  1.80000000e+00  1.30528846e-09 
 9.38000000e-09  0.00000000e+00  1.80000000e+00  1.30528846e-09 
 9.40000000e-09  0.00000000e+00  1.80000000e+00  1.30528846e-09 
 9.42000000e-09  0.00000000e+00  1.80000000e+00  1.30528846e-09 
 9.44000000e-09  0.00000000e+00  1.80000000e+00  1.30528846e-09 
 9.46000000e-09  0.00000000e+00  1.80000000e+00  1.30528846e-09 
 9.48000000e-09  0.00000000e+00  1.80000000e+00  1.30528846e-09 
 9.50000000e-09  0.00000000e+00  1.80000000e+00  1.30528846e-09 
 9.52000000e-09  0.00000000e+00  1.80000000e+00  1.30528846e-09 
 9.54000000e-09  0.00000000e+00  1.80000000e+00  1.30528846e-09 
 9.56000000e-09  0.00000000e+00  1.80000000e+00  1.30528846e-09 
 9.58000000e-09  0.00000000e+00  1.80000000e+00  1.30528846e-09 
 9.60000000e-09  0.00000000e+00  1.80000000e+00  1.30528846e-09 
 9.62000000e-09  0.00000000e+00  1.80000000e+00  1.30528846e-09 
 9.64000000e-09  0.00000000e+00  1.80000000e+00  1.30528846e-09 
 9.66000000e-09  0.00000000e+00  1.80000000e+00  1.30528846e-09 
 9.68000000e-09  0.00000000e+00  1.80000000e+00  1.30528846e-09 
 9.70000000e-09  0.00000000e+00  1.80000000e+00  1.30528846e-09 
 9.72000000e-09  0.00000000e+00  1.80000000e+00  1.30528846e-09 
 9.74000000e-09  0.00000000e+00  1.80000000e+00  1.30528846e-09 
 9.76000000e-09  0.00000000e+00  1.80000000e+00  1.30528846e-09 
 9.78000000e-09  0.00000000e+00  1.80000000e+00  1.30528846e-09 
 9.80000000e-09  0.00000000e+00  1.80000000e+00  1.30528846e-09 
 9.82000000e-09  0.00000000e+00  1.80000000e+00  1.30528846e-09 
 9.84000000e-09  0.00000000e+00  1.80000000e+00  1.30528846e-09 
 9.86000000e-09  0.00000000e+00  1.80000000e+00  1.30528846e-09 
 9.88000000e-09  0.00000000e+00  1.80000000e+00  1.30528846e-09 
 9.90000000e-09  0.00000000e+00  1.80000000e+00  1.30528846e-09 
 9.92000000e-09  0.00000000e+00  1.80000000e+00  1.30528846e-09 
 9.94000000e-09  0.00000000e+00  1.80000000e+00  1.30528846e-09 
 9.96000000e-09  0.00000000e+00  1.80000000e+00  1.30528846e-09 
 9.98000000e-09  0.00000000e+00  1.80000000e+00  1.30528846e-09 
 1.00000000e-08  0.00000000e+00  1.80000000e+00  1.30528846e-09 
 1.00200000e-08  0.00000000e+00  1.80000000e+00  1.30528846e-09 
 1.00400000e-08  0.00000000e+00  1.80000000e+00  1.30528846e-09 
 1.00600000e-08  0.00000000e+00  1.80000000e+00  1.30528846e-09 
 1.00800000e-08  0.00000000e+00  1.80000000e+00  1.30528846e-09 
 1.01000000e-08  0.00000000e+00  1.80000000e+00  1.30528846e-09 
 1.01200000e-08  0.00000000e+00  1.80000000e+00  1.30528846e-09 
 1.01400000e-08  0.00000000e+00  1.80000000e+00  1.30528846e-09 
 1.01600000e-08  0.00000000e+00  1.80000000e+00  1.30528846e-09 
 1.01800000e-08  0.00000000e+00  1.80000000e+00  1.30528846e-09 
 1.02000000e-08  0.00000000e+00  1.80000000e+00  1.30528846e-09 
 1.02200000e-08  0.00000000e+00  1.80000000e+00  1.30528846e-09 
 1.02400000e-08  0.00000000e+00  1.80000000e+00  1.30528846e-09 
 1.02600000e-08  0.00000000e+00  1.80000000e+00  1.30528846e-09 
 1.02800000e-08  0.00000000e+00  1.80000000e+00  1.30528846e-09 
 1.03000000e-08  0.00000000e+00  1.80000000e+00  1.30528846e-09 
 1.03200000e-08  0.00000000e+00  1.80000000e+00  1.30528846e-09 
 1.03400000e-08  0.00000000e+00  1.80000000e+00  1.30528846e-09 
 1.03600000e-08  0.00000000e+00  1.80000000e+00  1.30528846e-09 
 1.03800000e-08  0.00000000e+00  1.80000000e+00  1.30528846e-09 
 1.04000000e-08  0.00000000e+00  1.80000000e+00  1.30528846e-09 
 1.04200000e-08  0.00000000e+00  1.80000000e+00  1.30528846e-09 
 1.04400000e-08  0.00000000e+00  1.80000000e+00  1.30528846e-09 
 1.04600000e-08  0.00000000e+00  1.80000000e+00  1.30528846e-09 
 1.04800000e-08  0.00000000e+00  1.80000000e+00  1.30528846e-09 
 1.05000000e-08  0.00000000e+00  1.80000000e+00  1.30528846e-09 
 1.05020000e-08  2.40000000e-02  1.80000000e+00  1.30528846e-09 
 1.05060000e-08  7.20000000e-02  1.80000000e+00  1.30528846e-09 
 1.05140000e-08  1.68000000e-01  1.80000000e+00  1.30528846e-09 
 1.05300000e-08  3.60000000e-01  1.80000000e+00  1.30528846e-09 
 1.05500000e-08  6.00000000e-01  1.80000000e+00  1.30528846e-09 
 1.05700000e-08  8.40000000e-01  1.80000000e+00  1.30528846e-09 
 1.05900000e-08  1.08000000e+00  1.80000000e+00  4.50666668e-01 
 1.06100000e-08  1.32000000e+00  1.80000000e+00  1.21548945e+00 
 1.06300000e-08  1.56000000e+00  1.80000000e+00  1.63616352e+00 
 1.06500000e-08  1.80000000e+00  1.80000000e+00  1.76596809e+00 
 1.06520000e-08  1.80000000e+00  1.80000000e+00  1.77007423e+00 
 1.06560000e-08  1.80000000e+00  1.80000000e+00  1.77730060e+00 
 1.06640000e-08  1.80000000e+00  1.80000000e+00  1.78710251e+00 
 1.06800000e-08  1.80000000e+00  1.80000000e+00  1.79628377e+00 
 1.07000000e-08  1.80000000e+00  1.80000000e+00  1.79932473e+00 
 1.07200000e-08  1.80000000e+00  1.80000000e+00  1.79987763e+00 
 1.07400000e-08  1.80000000e+00  1.80000000e+00  1.79997784e+00 
 1.07600000e-08  1.80000000e+00  1.80000000e+00  1.79999599e+00 
 1.07800000e-08  1.80000000e+00  1.80000000e+00  1.79999927e+00 
 1.08000000e-08  1.80000000e+00  1.80000000e+00  1.79999987e+00 
 1.08200000e-08  1.80000000e+00  1.80000000e+00  1.79999997e+00 
 1.08400000e-08  1.80000000e+00  1.80000000e+00  1.79999999e+00 
 1.08600000e-08  1.80000000e+00  1.80000000e+00  1.80000000e+00 
 1.08800000e-08  1.80000000e+00  1.80000000e+00  1.80000000e+00 
 1.09000000e-08  1.80000000e+00  1.80000000e+00  1.80000000e+00 
 1.09200000e-08  1.80000000e+00  1.80000000e+00  1.80000000e+00 
 1.09400000e-08  1.80000000e+00  1.80000000e+00  1.80000000e+00 
 1.09600000e-08  1.80000000e+00  1.80000000e+00  1.80000000e+00 
 1.09800000e-08  1.80000000e+00  1.80000000e+00  1.80000000e+00 
 1.10000000e-08  1.80000000e+00  1.80000000e+00  1.80000000e+00 
 1.10200000e-08  1.80000000e+00  1.80000000e+00  1.80000000e+00 
 1.10400000e-08  1.80000000e+00  1.80000000e+00  1.80000000e+00 
 1.10600000e-08  1.80000000e+00  1.80000000e+00  1.80000000e+00 
 1.10800000e-08  1.80000000e+00  1.80000000e+00  1.80000000e+00 
 1.11000000e-08  1.80000000e+00  1.80000000e+00  1.80000000e+00 
 1.11200000e-08  1.80000000e+00  1.80000000e+00  1.80000000e+00 
 1.11400000e-08  1.80000000e+00  1.80000000e+00  1.80000000e+00 
 1.11600000e-08  1.80000000e+00  1.80000000e+00  1.80000000e+00 
 1.11800000e-08  1.80000000e+00  1.80000000e+00  1.80000000e+00 
 1.12000000e-08  1.80000000e+00  1.80000000e+00  1.80000000e+00 
 1.12200000e-08  1.80000000e+00  1.80000000e+00  1.80000000e+00 
 1.12400000e-08  1.80000000e+00  1.80000000e+00  1.80000000e+00 
 1.12600000e-08  1.80000000e+00  1.80000000e+00  1.80000000e+00 
 1.12800000e-08  1.80000000e+00  1.80000000e+00  1.80000000e+00 
 1.13000000e-08  1.80000000e+00  1.80000000e+00  1.80000000e+00 
 1.13200000e-08  1.80000000e+00  1.80000000e+00  1.80000000e+00 
 1.13400000e-08  1.80000000e+00  1.80000000e+00  1.80000000e+00 
 1.13600000e-08  1.80000000e+00  1.80000000e+00  1.80000000e+00 
 1.13800000e-08  1.80000000e+00  1.80000000e+00  1.80000000e+00 
 1.14000000e-08  1.80000000e+00  1.80000000e+00  1.80000000e+00 
 1.14200000e-08  1.80000000e+00  1.80000000e+00  1.80000000e+00 
 1.14400000e-08  1.80000000e+00  1.80000000e+00  1.80000000e+00 
 1.14600000e-08  1.80000000e+00  1.80000000e+00  1.80000000e+00 
 1.14800000e-08  1.80000000e+00  1.80000000e+00  1.80000000e+00 
 1.15000000e-08  1.80000000e+00  1.80000000e+00  1.80000000e+00 
 1.15200000e-08  1.80000000e+00  1.80000000e+00  1.80000000e+00 
 1.15400000e-08  1.80000000e+00  1.80000000e+00  1.80000000e+00 
 1.15600000e-08  1.80000000e+00  1.80000000e+00  1.80000000e+00 
 1.15800000e-08  1.80000000e+00  1.80000000e+00  1.80000000e+00 
 1.16000000e-08  1.80000000e+00  1.80000000e+00  1.80000000e+00 
 1.16200000e-08  1.80000000e+00  1.80000000e+00  1.80000000e+00 
 1.16400000e-08  1.80000000e+00  1.80000000e+00  1.80000000e+00 
 1.16600000e-08  1.80000000e+00  1.80000000e+00  1.80000000e+00 
 1.16800000e-08  1.80000000e+00  1.80000000e+00  1.80000000e+00 
 1.17000000e-08  1.80000000e+00  1.80000000e+00  1.80000000e+00 
 1.17200000e-08  1.80000000e+00  1.80000000e+00  1.80000000e+00 
 1.17400000e-08  1.80000000e+00  1.80000000e+00  1.80000000e+00 
 1.17600000e-08  1.80000000e+00  1.80000000e+00  1.80000000e+00 
 1.17800000e-08  1.80000000e+00  1.80000000e+00  1.80000000e+00 
 1.18000000e-08  1.80000000e+00  1.80000000e+00  1.80000000e+00 
 1.18200000e-08  1.80000000e+00  1.80000000e+00  1.80000000e+00 
 1.18400000e-08  1.80000000e+00  1.80000000e+00  1.80000000e+00 
 1.18600000e-08  1.80000000e+00  1.80000000e+00  1.80000000e+00 
 1.18800000e-08  1.80000000e+00  1.80000000e+00  1.80000000e+00 
 1.19000000e-08  1.80000000e+00  1.80000000e+00  1.80000000e+00 
 1.19200000e-08  1.80000000e+00  1.80000000e+00  1.80000000e+00 
 1.19400000e-08  1.80000000e+00  1.80000000e+00  1.80000000e+00 
 1.19600000e-08  1.80000000e+00  1.80000000e+00  1.80000000e+00 
 1.19800000e-08  1.80000000e+00  1.80000000e+00  1.80000000e+00 
 1.20000000e-08  1.80000000e+00  1.80000000e+00  1.80000000e+00 
 1.20200000e-08  1.80000000e+00  1.80000000e+00  1.80000000e+00 
 1.20400000e-08  1.80000000e+00  1.80000000e+00  1.80000000e+00 
 1.20600000e-08  1.80000000e+00  1.80000000e+00  1.80000000e+00 
 1.20800000e-08  1.80000000e+00  1.80000000e+00  1.80000000e+00 
 1.21000000e-08  1.80000000e+00  1.80000000e+00  1.80000000e+00 
 1.21200000e-08  1.80000000e+00  1.80000000e+00  1.80000000e+00 
 1.21400000e-08  1.80000000e+00  1.80000000e+00  1.80000000e+00 
 1.21600000e-08  1.80000000e+00  1.80000000e+00  1.80000000e+00 
 1.21800000e-08  1.80000000e+00  1.80000000e+00  1.80000000e+00 
 1.22000000e-08  1.80000000e+00  1.80000000e+00  1.80000000e+00 
 1.22200000e-08  1.80000000e+00  1.80000000e+00  1.80000000e+00 
 1.22400000e-08  1.80000000e+00  1.80000000e+00  1.80000000e+00 
 1.22600000e-08  1.80000000e+00  1.80000000e+00  1.80000000e+00 
 1.22800000e-08  1.80000000e+00  1.80000000e+00  1.80000000e+00 
 1.23000000e-08  1.80000000e+00  1.80000000e+00  1.80000000e+00 
 1.23200000e-08  1.80000000e+00  1.80000000e+00  1.80000000e+00 
 1.23400000e-08  1.80000000e+00  1.80000000e+00  1.80000000e+00 
 1.23600000e-08  1.80000000e+00  1.80000000e+00  1.80000000e+00 
 1.23800000e-08  1.80000000e+00  1.80000000e+00  1.80000000e+00 
 1.24000000e-08  1.80000000e+00  1.80000000e+00  1.80000000e+00 
 1.24200000e-08  1.80000000e+00  1.80000000e+00  1.80000000e+00 
 1.24400000e-08  1.80000000e+00  1.80000000e+00  1.80000000e+00 
 1.24600000e-08  1.80000000e+00  1.80000000e+00  1.80000000e+00 
 1.24800000e-08  1.80000000e+00  1.80000000e+00  1.80000000e+00 
 1.25000000e-08  1.80000000e+00  1.80000000e+00  1.80000000e+00 
 1.25200000e-08  1.80000000e+00  1.80000000e+00  1.80000000e+00 
 1.25400000e-08  1.80000000e+00  1.80000000e+00  1.80000000e+00 
 1.25600000e-08  1.80000000e+00  1.80000000e+00  1.80000000e+00 
 1.25800000e-08  1.80000000e+00  1.80000000e+00  1.80000000e+00 
 1.26000000e-08  1.80000000e+00  1.80000000e+00  1.80000000e+00 
 1.26200000e-08  1.80000000e+00  1.80000000e+00  1.80000000e+00 
 1.26400000e-08  1.80000000e+00  1.80000000e+00  1.80000000e+00 
 1.26600000e-08  1.80000000e+00  1.80000000e+00  1.80000000e+00 
 1.26800000e-08  1.80000000e+00  1.80000000e+00  1.80000000e+00 
 1.27000000e-08  1.80000000e+00  1.80000000e+00  1.80000000e+00 
 1.27200000e-08  1.80000000e+00  1.80000000e+00  1.80000000e+00 
 1.27400000e-08  1.80000000e+00  1.80000000e+00  1.80000000e+00 
 1.27600000e-08  1.80000000e+00  1.80000000e+00  1.80000000e+00 
 1.27800000e-08  1.80000000e+00  1.80000000e+00  1.80000000e+00 
 1.28000000e-08  1.80000000e+00  1.80000000e+00  1.80000000e+00 
 1.28200000e-08  1.80000000e+00  1.80000000e+00  1.80000000e+00 
 1.28400000e-08  1.80000000e+00  1.80000000e+00  1.80000000e+00 
 1.28600000e-08  1.80000000e+00  1.80000000e+00  1.80000000e+00 
 1.28800000e-08  1.80000000e+00  1.80000000e+00  1.80000000e+00 
 1.29000000e-08  1.80000000e+00  1.80000000e+00  1.80000000e+00 
 1.29200000e-08  1.80000000e+00  1.80000000e+00  1.80000000e+00 
 1.29400000e-08  1.80000000e+00  1.80000000e+00  1.80000000e+00 
 1.29600000e-08  1.80000000e+00  1.80000000e+00  1.80000000e+00 
 1.29800000e-08  1.80000000e+00  1.80000000e+00  1.80000000e+00 
 1.30000000e-08  1.80000000e+00  1.80000000e+00  1.80000000e+00 
 1.30200000e-08  1.80000000e+00  1.80000000e+00  1.80000000e+00 
 1.30400000e-08  1.80000000e+00  1.80000000e+00  1.80000000e+00 
 1.30600000e-08  1.80000000e+00  1.80000000e+00  1.80000000e+00 
 1.30800000e-08  1.80000000e+00  1.80000000e+00  1.80000000e+00 
 1.31000000e-08  1.80000000e+00  1.80000000e+00  1.80000000e+00 
 1.31200000e-08  1.80000000e+00  1.80000000e+00  1.80000000e+00 
 1.31400000e-08  1.80000000e+00  1.80000000e+00  1.80000000e+00 
 1.31600000e-08  1.80000000e+00  1.80000000e+00  1.80000000e+00 
 1.31800000e-08  1.80000000e+00  1.80000000e+00  1.80000000e+00 
 1.32000000e-08  1.80000000e+00  1.80000000e+00  1.80000000e+00 
 1.32200000e-08  1.80000000e+00  1.80000000e+00  1.80000000e+00 
 1.32400000e-08  1.80000000e+00  1.80000000e+00  1.80000000e+00 
 1.32600000e-08  1.80000000e+00  1.80000000e+00  1.80000000e+00 
 1.32800000e-08  1.80000000e+00  1.80000000e+00  1.80000000e+00 
 1.33000000e-08  1.80000000e+00  1.80000000e+00  1.80000000e+00 
 1.33200000e-08  1.80000000e+00  1.80000000e+00  1.80000000e+00 
 1.33400000e-08  1.80000000e+00  1.80000000e+00  1.80000000e+00 
 1.33600000e-08  1.80000000e+00  1.80000000e+00  1.80000000e+00 
 1.33800000e-08  1.80000000e+00  1.80000000e+00  1.80000000e+00 
 1.34000000e-08  1.80000000e+00  1.80000000e+00  1.80000000e+00 
 1.34200000e-08  1.80000000e+00  1.80000000e+00  1.80000000e+00 
 1.34400000e-08  1.80000000e+00  1.80000000e+00  1.80000000e+00 
 1.34600000e-08  1.80000000e+00  1.80000000e+00  1.80000000e+00 
 1.34800000e-08  1.80000000e+00  1.80000000e+00  1.80000000e+00 
 1.35000000e-08  1.80000000e+00  1.80000000e+00  1.80000000e+00 
 1.35200000e-08  1.80000000e+00  1.80000000e+00  1.80000000e+00 
 1.35400000e-08  1.80000000e+00  1.80000000e+00  1.80000000e+00 
 1.35600000e-08  1.80000000e+00  1.80000000e+00  1.80000000e+00 
 1.35800000e-08  1.80000000e+00  1.80000000e+00  1.80000000e+00 
 1.36000000e-08  1.80000000e+00  1.80000000e+00  1.80000000e+00 
 1.36200000e-08  1.80000000e+00  1.80000000e+00  1.80000000e+00 
 1.36400000e-08  1.80000000e+00  1.80000000e+00  1.80000000e+00 
 1.36600000e-08  1.80000000e+00  1.80000000e+00  1.80000000e+00 
 1.36800000e-08  1.80000000e+00  1.80000000e+00  1.80000000e+00 
 1.37000000e-08  1.80000000e+00  1.80000000e+00  1.80000000e+00 
 1.37200000e-08  1.80000000e+00  1.80000000e+00  1.80000000e+00 
 1.37400000e-08  1.80000000e+00  1.80000000e+00  1.80000000e+00 
 1.37600000e-08  1.80000000e+00  1.80000000e+00  1.80000000e+00 
 1.37800000e-08  1.80000000e+00  1.80000000e+00  1.80000000e+00 
 1.38000000e-08  1.80000000e+00  1.80000000e+00  1.80000000e+00 
 1.38200000e-08  1.80000000e+00  1.80000000e+00  1.80000000e+00 
 1.38400000e-08  1.80000000e+00  1.80000000e+00  1.80000000e+00 
 1.38600000e-08  1.80000000e+00  1.80000000e+00  1.80000000e+00 
 1.38800000e-08  1.80000000e+00  1.80000000e+00  1.80000000e+00 
 1.39000000e-08  1.80000000e+00  1.80000000e+00  1.80000000e+00 
 1.39200000e-08  1.80000000e+00  1.80000000e+00  1.80000000e+00 
 1.39400000e-08  1.80000000e+00  1.80000000e+00  1.80000000e+00 
 1.39600000e-08  1.80000000e+00  1.80000000e+00  1.80000000e+00 
 1.39800000e-08  1.80000000e+00  1.80000000e+00  1.80000000e+00 
 1.40000000e-08  1.80000000e+00  1.80000000e+00  1.80000000e+00 
 1.40200000e-08  1.80000000e+00  1.80000000e+00  1.80000000e+00 
 1.40400000e-08  1.80000000e+00  1.80000000e+00  1.80000000e+00 
 1.40600000e-08  1.80000000e+00  1.80000000e+00  1.80000000e+00 
 1.40800000e-08  1.80000000e+00  1.80000000e+00  1.80000000e+00 
 1.41000000e-08  1.80000000e+00  1.80000000e+00  1.80000000e+00 
 1.41200000e-08  1.80000000e+00  1.80000000e+00  1.80000000e+00 
 1.41400000e-08  1.80000000e+00  1.80000000e+00  1.80000000e+00 
 1.41600000e-08  1.80000000e+00  1.80000000e+00  1.80000000e+00 
 1.41800000e-08  1.80000000e+00  1.80000000e+00  1.80000000e+00 
 1.42000000e-08  1.80000000e+00  1.80000000e+00  1.80000000e+00 
 1.42200000e-08  1.80000000e+00  1.80000000e+00  1.80000000e+00 
 1.42400000e-08  1.80000000e+00  1.80000000e+00  1.80000000e+00 
 1.42600000e-08  1.80000000e+00  1.80000000e+00  1.80000000e+00 
 1.42800000e-08  1.80000000e+00  1.80000000e+00  1.80000000e+00 
 1.43000000e-08  1.80000000e+00  1.80000000e+00  1.80000000e+00 
 1.43200000e-08  1.80000000e+00  1.80000000e+00  1.80000000e+00 
 1.43400000e-08  1.80000000e+00  1.80000000e+00  1.80000000e+00 
 1.43600000e-08  1.80000000e+00  1.80000000e+00  1.80000000e+00 
 1.43800000e-08  1.80000000e+00  1.80000000e+00  1.80000000e+00 
 1.44000000e-08  1.80000000e+00  1.80000000e+00  1.80000000e+00 
 1.44200000e-08  1.80000000e+00  1.80000000e+00  1.80000000e+00 
 1.44400000e-08  1.80000000e+00  1.80000000e+00  1.80000000e+00 
 1.44600000e-08  1.80000000e+00  1.80000000e+00  1.80000000e+00 
 1.44800000e-08  1.80000000e+00  1.80000000e+00  1.80000000e+00 
 1.45000000e-08  1.80000000e+00  1.80000000e+00  1.80000000e+00 
 1.45200000e-08  1.80000000e+00  1.80000000e+00  1.80000000e+00 
 1.45400000e-08  1.80000000e+00  1.80000000e+00  1.80000000e+00 
 1.45600000e-08  1.80000000e+00  1.80000000e+00  1.80000000e+00 
 1.45800000e-08  1.80000000e+00  1.80000000e+00  1.80000000e+00 
 1.46000000e-08  1.80000000e+00  1.80000000e+00  1.80000000e+00 
 1.46200000e-08  1.80000000e+00  1.80000000e+00  1.80000000e+00 
 1.46400000e-08  1.80000000e+00  1.80000000e+00  1.80000000e+00 
 1.46600000e-08  1.80000000e+00  1.80000000e+00  1.80000000e+00 
 1.46800000e-08  1.80000000e+00  1.80000000e+00  1.80000000e+00 
 1.47000000e-08  1.80000000e+00  1.80000000e+00  1.80000000e+00 
 1.47200000e-08  1.80000000e+00  1.80000000e+00  1.80000000e+00 
 1.47400000e-08  1.80000000e+00  1.80000000e+00  1.80000000e+00 
 1.47600000e-08  1.80000000e+00  1.80000000e+00  1.80000000e+00 
 1.47800000e-08  1.80000000e+00  1.80000000e+00  1.80000000e+00 
 1.48000000e-08  1.80000000e+00  1.80000000e+00  1.80000000e+00 
 1.48200000e-08  1.80000000e+00  1.80000000e+00  1.80000000e+00 
 1.48400000e-08  1.80000000e+00  1.80000000e+00  1.80000000e+00 
 1.48600000e-08  1.80000000e+00  1.80000000e+00  1.80000000e+00 
 1.48800000e-08  1.80000000e+00  1.80000000e+00  1.80000000e+00 
 1.49000000e-08  1.80000000e+00  1.80000000e+00  1.80000000e+00 
 1.49200000e-08  1.80000000e+00  1.80000000e+00  1.80000000e+00 
 1.49400000e-08  1.80000000e+00  1.80000000e+00  1.80000000e+00 
 1.49600000e-08  1.80000000e+00  1.80000000e+00  1.80000000e+00 
 1.49800000e-08  1.80000000e+00  1.80000000e+00  1.80000000e+00 
 1.50000000e-08  1.80000000e+00  1.80000000e+00  1.80000000e+00 
 1.50200000e-08  1.80000000e+00  1.80000000e+00  1.80000000e+00 
 1.50400000e-08  1.80000000e+00  1.80000000e+00  1.80000000e+00 
 1.50600000e-08  1.80000000e+00  1.80000000e+00  1.80000000e+00 
 1.50800000e-08  1.80000000e+00  1.80000000e+00  1.80000000e+00 
 1.51000000e-08  1.80000000e+00  1.80000000e+00  1.80000000e+00 
 1.51200000e-08  1.80000000e+00  1.80000000e+00  1.80000000e+00 
 1.51400000e-08  1.80000000e+00  1.80000000e+00  1.80000000e+00 
 1.51600000e-08  1.80000000e+00  1.80000000e+00  1.80000000e+00 
 1.51800000e-08  1.80000000e+00  1.80000000e+00  1.80000000e+00 
 1.52000000e-08  1.80000000e+00  1.80000000e+00  1.80000000e+00 
 1.52200000e-08  1.80000000e+00  1.80000000e+00  1.80000000e+00 
 1.52400000e-08  1.80000000e+00  1.80000000e+00  1.80000000e+00 
 1.52600000e-08  1.80000000e+00  1.80000000e+00  1.80000000e+00 
 1.52800000e-08  1.80000000e+00  1.80000000e+00  1.80000000e+00 
 1.53000000e-08  1.80000000e+00  1.80000000e+00  1.80000000e+00 
 1.53200000e-08  1.80000000e+00  1.80000000e+00  1.80000000e+00 
 1.53400000e-08  1.80000000e+00  1.80000000e+00  1.80000000e+00 
 1.53600000e-08  1.80000000e+00  1.80000000e+00  1.80000000e+00 
 1.53800000e-08  1.80000000e+00  1.80000000e+00  1.80000000e+00 
 1.54000000e-08  1.80000000e+00  1.80000000e+00  1.80000000e+00 
 1.54200000e-08  1.80000000e+00  1.80000000e+00  1.80000000e+00 
 1.54400000e-08  1.80000000e+00  1.80000000e+00  1.80000000e+00 
 1.54600000e-08  1.80000000e+00  1.80000000e+00  1.80000000e+00 
 1.54800000e-08  1.80000000e+00  1.80000000e+00  1.80000000e+00 
 1.55000000e-08  1.80000000e+00  1.80000000e+00  1.80000000e+00 
 1.55020000e-08  1.77600000e+00  1.80000000e+00  1.80000000e+00 
 1.55060000e-08  1.72800000e+00  1.80000000e+00  1.80000000e+00 
 1.55140000e-08  1.63200000e+00  1.80000000e+00  1.80000000e+00 
 1.55300000e-08  1.44000000e+00  1.80000000e+00  1.80000000e+00 
 1.55500000e-08  1.20000000e+00  1.80000000e+00  1.80000000e+00 
 1.55700000e-08  9.60000000e-01  1.80000000e+00  1.80000000e+00 
 1.55900000e-08  7.20000000e-01  1.80000000e+00  1.34933333e+00 
 1.56100000e-08  4.80000000e-01  1.80000000e+00  5.84510552e-01 
 1.56238714e-08  3.13543372e-01  1.80000000e+00  2.55735760e-01 
 1.56391025e-08  1.30769841e-01  1.80000000e+00  8.87259424e-02 
 1.56500000e-08  0.00000000e+00  1.80000000e+00  4.10752279e-02 
 1.56520000e-08  0.00000000e+00  1.80000000e+00  3.61335688e-02 
 1.56560000e-08  0.00000000e+00  1.80000000e+00  2.74285361e-02 
 1.56640000e-08  0.00000000e+00  1.80000000e+00  1.55984510e-02 
 1.56800000e-08  0.00000000e+00  1.80000000e+00  4.50006157e-03 
 1.57000000e-08  0.00000000e+00  1.80000000e+00  8.18267237e-04 
 1.57200000e-08  0.00000000e+00  1.80000000e+00  1.48300062e-04 
 1.57400000e-08  0.00000000e+00  1.80000000e+00  2.68621370e-05 
 1.57600000e-08  0.00000000e+00  1.80000000e+00  4.86442548e-06 
 1.57800000e-08  0.00000000e+00  1.80000000e+00  8.80423365e-07 
 1.58000000e-08  0.00000000e+00  1.80000000e+00  1.60462995e-07 
 1.58200000e-08  0.00000000e+00  1.80000000e+00  3.01273966e-08 
 1.58400000e-08  0.00000000e+00  1.80000000e+00  6.52498391e-09 
 1.58600000e-08  0.00000000e+00  1.80000000e+00  2.25058579e-09 
 1.58800000e-08  0.00000000e+00  1.80000000e+00  1.47648398e-09 
 1.59000000e-08  0.00000000e+00  1.80000000e+00  1.33629237e-09 
 1.59200000e-08  0.00000000e+00  1.80000000e+00  1.31090334e-09 
 1.59400000e-08  0.00000000e+00  1.80000000e+00  1.30630533e-09 
 1.59600000e-08  0.00000000e+00  1.80000000e+00  1.30547262e-09 
 1.59800000e-08  0.00000000e+00  1.80000000e+00  1.30532181e-09 
 1.60000000e-08  0.00000000e+00  1.80000000e+00  1.30529450e-09 
 1.60200000e-08  0.00000000e+00  1.80000000e+00  1.30528955e-09 
 1.60400000e-08  0.00000000e+00  1.80000000e+00  1.30528866e-09 
 1.60600000e-08  0.00000000e+00  1.80000000e+00  1.30528850e-09 
 1.60800000e-08  0.00000000e+00  1.80000000e+00  1.30528847e-09 
 1.61000000e-08  0.00000000e+00  1.80000000e+00  1.30528846e-09 
 1.61200000e-08  0.00000000e+00  1.80000000e+00  1.30528846e-09 
 1.61400000e-08  0.00000000e+00  1.80000000e+00  1.30528846e-09 
 1.61600000e-08  0.00000000e+00  1.80000000e+00  1.30528846e-09 
 1.61800000e-08  0.00000000e+00  1.80000000e+00  1.30528846e-09 
 1.62000000e-08  0.00000000e+00  1.80000000e+00  1.30528846e-09 
 1.62200000e-08  0.00000000e+00  1.80000000e+00  1.30528846e-09 
 1.62400000e-08  0.00000000e+00  1.80000000e+00  1.30528846e-09 
 1.62600000e-08  0.00000000e+00  1.80000000e+00  1.30528846e-09 
 1.62800000e-08  0.00000000e+00  1.80000000e+00  1.30528846e-09 
 1.63000000e-08  0.00000000e+00  1.80000000e+00  1.30528846e-09 
 1.63200000e-08  0.00000000e+00  1.80000000e+00  1.30528846e-09 
 1.63400000e-08  0.00000000e+00  1.80000000e+00  1.30528846e-09 
 1.63600000e-08  0.00000000e+00  1.80000000e+00  1.30528846e-09 
 1.63800000e-08  0.00000000e+00  1.80000000e+00  1.30528846e-09 
 1.64000000e-08  0.00000000e+00  1.80000000e+00  1.30528846e-09 
 1.64200000e-08  0.00000000e+00  1.80000000e+00  1.30528846e-09 
 1.64400000e-08  0.00000000e+00  1.80000000e+00  1.30528846e-09 
 1.64600000e-08  0.00000000e+00  1.80000000e+00  1.30528846e-09 
 1.64800000e-08  0.00000000e+00  1.80000000e+00  1.30528846e-09 
 1.65000000e-08  0.00000000e+00  1.80000000e+00  1.30528846e-09 
 1.65200000e-08  0.00000000e+00  1.80000000e+00  1.30528846e-09 
 1.65400000e-08  0.00000000e+00  1.80000000e+00  1.30528846e-09 
 1.65600000e-08  0.00000000e+00  1.80000000e+00  1.30528846e-09 
 1.65800000e-08  0.00000000e+00  1.80000000e+00  1.30528846e-09 
 1.66000000e-08  0.00000000e+00  1.80000000e+00  1.30528846e-09 
 1.66200000e-08  0.00000000e+00  1.80000000e+00  1.30528846e-09 
 1.66400000e-08  0.00000000e+00  1.80000000e+00  1.30528846e-09 
 1.66600000e-08  0.00000000e+00  1.80000000e+00  1.30528846e-09 
 1.66800000e-08  0.00000000e+00  1.80000000e+00  1.30528846e-09 
 1.67000000e-08  0.00000000e+00  1.80000000e+00  1.30528846e-09 
 1.67200000e-08  0.00000000e+00  1.80000000e+00  1.30528846e-09 
 1.67400000e-08  0.00000000e+00  1.80000000e+00  1.30528846e-09 
 1.67600000e-08  0.00000000e+00  1.80000000e+00  1.30528846e-09 
 1.67800000e-08  0.00000000e+00  1.80000000e+00  1.30528846e-09 
 1.68000000e-08  0.00000000e+00  1.80000000e+00  1.30528846e-09 
 1.68200000e-08  0.00000000e+00  1.80000000e+00  1.30528846e-09 
 1.68400000e-08  0.00000000e+00  1.80000000e+00  1.30528846e-09 
 1.68600000e-08  0.00000000e+00  1.80000000e+00  1.30528846e-09 
 1.68800000e-08  0.00000000e+00  1.80000000e+00  1.30528846e-09 
 1.69000000e-08  0.00000000e+00  1.80000000e+00  1.30528846e-09 
 1.69200000e-08  0.00000000e+00  1.80000000e+00  1.30528846e-09 
 1.69400000e-08  0.00000000e+00  1.80000000e+00  1.30528846e-09 
 1.69600000e-08  0.00000000e+00  1.80000000e+00  1.30528846e-09 
 1.69800000e-08  0.00000000e+00  1.80000000e+00  1.30528846e-09 
 1.70000000e-08  0.00000000e+00  1.80000000e+00  1.30528846e-09 
 1.70200000e-08  0.00000000e+00  1.80000000e+00  1.30528846e-09 
 1.70400000e-08  0.00000000e+00  1.80000000e+00  1.30528846e-09 
 1.70600000e-08  0.00000000e+00  1.80000000e+00  1.30528846e-09 
 1.70800000e-08  0.00000000e+00  1.80000000e+00  1.30528846e-09 
 1.71000000e-08  0.00000000e+00  1.80000000e+00  1.30528846e-09 
 1.71200000e-08  0.00000000e+00  1.80000000e+00  1.30528846e-09 
 1.71400000e-08  0.00000000e+00  1.80000000e+00  1.30528846e-09 
 1.71600000e-08  0.00000000e+00  1.80000000e+00  1.30528846e-09 
 1.71800000e-08  0.00000000e+00  1.80000000e+00  1.30528846e-09 
 1.72000000e-08  0.00000000e+00  1.80000000e+00  1.30528846e-09 
 1.72200000e-08  0.00000000e+00  1.80000000e+00  1.30528846e-09 
 1.72400000e-08  0.00000000e+00  1.80000000e+00  1.30528846e-09 
 1.72600000e-08  0.00000000e+00  1.80000000e+00  1.30528846e-09 
 1.72800000e-08  0.00000000e+00  1.80000000e+00  1.30528846e-09 
 1.73000000e-08  0.00000000e+00  1.80000000e+00  1.30528846e-09 
 1.73200000e-08  0.00000000e+00  1.80000000e+00  1.30528846e-09 
 1.73400000e-08  0.00000000e+00  1.80000000e+00  1.30528846e-09 
 1.73600000e-08  0.00000000e+00  1.80000000e+00  1.30528846e-09 
 1.73800000e-08  0.00000000e+00  1.80000000e+00  1.30528846e-09 
 1.74000000e-08  0.00000000e+00  1.80000000e+00  1.30528846e-09 
 1.74200000e-08  0.00000000e+00  1.80000000e+00  1.30528846e-09 
 1.74400000e-08  0.00000000e+00  1.80000000e+00  1.30528846e-09 
 1.74600000e-08  0.00000000e+00  1.80000000e+00  1.30528846e-09 
 1.74800000e-08  0.00000000e+00  1.80000000e+00  1.30528846e-09 
 1.75000000e-08  0.00000000e+00  1.80000000e+00  1.30528846e-09 
 1.75200000e-08  0.00000000e+00  1.80000000e+00  1.30528846e-09 
 1.75400000e-08  0.00000000e+00  1.80000000e+00  1.30528846e-09 
 1.75600000e-08  0.00000000e+00  1.80000000e+00  1.30528846e-09 
 1.75800000e-08  0.00000000e+00  1.80000000e+00  1.30528846e-09 
 1.76000000e-08  0.00000000e+00  1.80000000e+00  1.30528846e-09 
 1.76200000e-08  0.00000000e+00  1.80000000e+00  1.30528846e-09 
 1.76400000e-08  0.00000000e+00  1.80000000e+00  1.30528846e-09 
 1.76600000e-08  0.00000000e+00  1.80000000e+00  1.30528846e-09 
 1.76800000e-08  0.00000000e+00  1.80000000e+00  1.30528846e-09 
 1.77000000e-08  0.00000000e+00  1.80000000e+00  1.30528846e-09 
 1.77200000e-08  0.00000000e+00  1.80000000e+00  1.30528846e-09 
 1.77400000e-08  0.00000000e+00  1.80000000e+00  1.30528846e-09 
 1.77600000e-08  0.00000000e+00  1.80000000e+00  1.30528846e-09 
 1.77800000e-08  0.00000000e+00  1.80000000e+00  1.30528846e-09 
 1.78000000e-08  0.00000000e+00  1.80000000e+00  1.30528846e-09 
 1.78200000e-08  0.00000000e+00  1.80000000e+00  1.30528846e-09 
 1.78400000e-08  0.00000000e+00  1.80000000e+00  1.30528846e-09 
 1.78600000e-08  0.00000000e+00  1.80000000e+00  1.30528846e-09 
 1.78800000e-08  0.00000000e+00  1.80000000e+00  1.30528846e-09 
 1.79000000e-08  0.00000000e+00  1.80000000e+00  1.30528846e-09 
 1.79200000e-08  0.00000000e+00  1.80000000e+00  1.30528846e-09 
 1.79400000e-08  0.00000000e+00  1.80000000e+00  1.30528846e-09 
 1.79600000e-08  0.00000000e+00  1.80000000e+00  1.30528846e-09 
 1.79800000e-08  0.00000000e+00  1.80000000e+00  1.30528846e-09 
 1.80000000e-08  0.00000000e+00  1.80000000e+00  1.30528846e-09 
 1.80200000e-08  0.00000000e+00  1.80000000e+00  1.30528846e-09 
 1.80400000e-08  0.00000000e+00  1.80000000e+00  1.30528846e-09 
 1.80600000e-08  0.00000000e+00  1.80000000e+00  1.30528846e-09 
 1.80800000e-08  0.00000000e+00  1.80000000e+00  1.30528846e-09 
 1.81000000e-08  0.00000000e+00  1.80000000e+00  1.30528846e-09 
 1.81200000e-08  0.00000000e+00  1.80000000e+00  1.30528846e-09 
 1.81400000e-08  0.00000000e+00  1.80000000e+00  1.30528846e-09 
 1.81600000e-08  0.00000000e+00  1.80000000e+00  1.30528846e-09 
 1.81800000e-08  0.00000000e+00  1.80000000e+00  1.30528846e-09 
 1.82000000e-08  0.00000000e+00  1.80000000e+00  1.30528846e-09 
 1.82200000e-08  0.00000000e+00  1.80000000e+00  1.30528846e-09 
 1.82400000e-08  0.00000000e+00  1.80000000e+00  1.30528846e-09 
 1.82600000e-08  0.00000000e+00  1.80000000e+00  1.30528846e-09 
 1.82800000e-08  0.00000000e+00  1.80000000e+00  1.30528846e-09 
 1.83000000e-08  0.00000000e+00  1.80000000e+00  1.30528846e-09 
 1.83200000e-08  0.00000000e+00  1.80000000e+00  1.30528846e-09 
 1.83400000e-08  0.00000000e+00  1.80000000e+00  1.30528846e-09 
 1.83600000e-08  0.00000000e+00  1.80000000e+00  1.30528846e-09 
 1.83800000e-08  0.00000000e+00  1.80000000e+00  1.30528846e-09 
 1.84000000e-08  0.00000000e+00  1.80000000e+00  1.30528846e-09 
 1.84200000e-08  0.00000000e+00  1.80000000e+00  1.30528846e-09 
 1.84400000e-08  0.00000000e+00  1.80000000e+00  1.30528846e-09 
 1.84600000e-08  0.00000000e+00  1.80000000e+00  1.30528846e-09 
 1.84800000e-08  0.00000000e+00  1.80000000e+00  1.30528846e-09 
 1.85000000e-08  0.00000000e+00  1.80000000e+00  1.30528846e-09 
 1.85200000e-08  0.00000000e+00  1.80000000e+00  1.30528846e-09 
 1.85400000e-08  0.00000000e+00  1.80000000e+00  1.30528846e-09 
 1.85600000e-08  0.00000000e+00  1.80000000e+00  1.30528846e-09 
 1.85800000e-08  0.00000000e+00  1.80000000e+00  1.30528846e-09 
 1.86000000e-08  0.00000000e+00  1.80000000e+00  1.30528846e-09 
 1.86200000e-08  0.00000000e+00  1.80000000e+00  1.30528846e-09 
 1.86400000e-08  0.00000000e+00  1.80000000e+00  1.30528846e-09 
 1.86600000e-08  0.00000000e+00  1.80000000e+00  1.30528846e-09 
 1.86800000e-08  0.00000000e+00  1.80000000e+00  1.30528846e-09 
 1.87000000e-08  0.00000000e+00  1.80000000e+00  1.30528846e-09 
 1.87200000e-08  0.00000000e+00  1.80000000e+00  1.30528846e-09 
 1.87400000e-08  0.00000000e+00  1.80000000e+00  1.30528846e-09 
 1.87600000e-08  0.00000000e+00  1.80000000e+00  1.30528846e-09 
 1.87800000e-08  0.00000000e+00  1.80000000e+00  1.30528846e-09 
 1.88000000e-08  0.00000000e+00  1.80000000e+00  1.30528846e-09 
 1.88200000e-08  0.00000000e+00  1.80000000e+00  1.30528846e-09 
 1.88400000e-08  0.00000000e+00  1.80000000e+00  1.30528846e-09 
 1.88600000e-08  0.00000000e+00  1.80000000e+00  1.30528846e-09 
 1.88800000e-08  0.00000000e+00  1.80000000e+00  1.30528846e-09 
 1.89000000e-08  0.00000000e+00  1.80000000e+00  1.30528846e-09 
 1.89200000e-08  0.00000000e+00  1.80000000e+00  1.30528846e-09 
 1.89400000e-08  0.00000000e+00  1.80000000e+00  1.30528846e-09 
 1.89600000e-08  0.00000000e+00  1.80000000e+00  1.30528846e-09 
 1.89800000e-08  0.00000000e+00  1.80000000e+00  1.30528846e-09 
 1.90000000e-08  0.00000000e+00  1.80000000e+00  1.30528846e-09 
 1.90200000e-08  0.00000000e+00  1.80000000e+00  1.30528846e-09 
 1.90400000e-08  0.00000000e+00  1.80000000e+00  1.30528846e-09 
 1.90600000e-08  0.00000000e+00  1.80000000e+00  1.30528846e-09 
 1.90800000e-08  0.00000000e+00  1.80000000e+00  1.30528846e-09 
 1.91000000e-08  0.00000000e+00  1.80000000e+00  1.30528846e-09 
 1.91200000e-08  0.00000000e+00  1.80000000e+00  1.30528846e-09 
 1.91400000e-08  0.00000000e+00  1.80000000e+00  1.30528846e-09 
 1.91600000e-08  0.00000000e+00  1.80000000e+00  1.30528846e-09 
 1.91800000e-08  0.00000000e+00  1.80000000e+00  1.30528846e-09 
 1.92000000e-08  0.00000000e+00  1.80000000e+00  1.30528846e-09 
 1.92200000e-08  0.00000000e+00  1.80000000e+00  1.30528846e-09 
 1.92400000e-08  0.00000000e+00  1.80000000e+00  1.30528846e-09 
 1.92600000e-08  0.00000000e+00  1.80000000e+00  1.30528846e-09 
 1.92800000e-08  0.00000000e+00  1.80000000e+00  1.30528846e-09 
 1.93000000e-08  0.00000000e+00  1.80000000e+00  1.30528846e-09 
 1.93200000e-08  0.00000000e+00  1.80000000e+00  1.30528846e-09 
 1.93400000e-08  0.00000000e+00  1.80000000e+00  1.30528846e-09 
 1.93600000e-08  0.00000000e+00  1.80000000e+00  1.30528846e-09 
 1.93800000e-08  0.00000000e+00  1.80000000e+00  1.30528846e-09 
 1.94000000e-08  0.00000000e+00  1.80000000e+00  1.30528846e-09 
 1.94200000e-08  0.00000000e+00  1.80000000e+00  1.30528846e-09 
 1.94400000e-08  0.00000000e+00  1.80000000e+00  1.30528846e-09 
 1.94600000e-08  0.00000000e+00  1.80000000e+00  1.30528846e-09 
 1.94800000e-08  0.00000000e+00  1.80000000e+00  1.30528846e-09 
 1.95000000e-08  0.00000000e+00  1.80000000e+00  1.30528846e-09 
 1.95200000e-08  0.00000000e+00  1.80000000e+00  1.30528846e-09 
 1.95400000e-08  0.00000000e+00  1.80000000e+00  1.30528846e-09 
 1.95600000e-08  0.00000000e+00  1.80000000e+00  1.30528846e-09 
 1.95800000e-08  0.00000000e+00  1.80000000e+00  1.30528846e-09 
 1.96000000e-08  0.00000000e+00  1.80000000e+00  1.30528846e-09 
 1.96200000e-08  0.00000000e+00  1.80000000e+00  1.30528846e-09 
 1.96400000e-08  0.00000000e+00  1.80000000e+00  1.30528846e-09 
 1.96600000e-08  0.00000000e+00  1.80000000e+00  1.30528846e-09 
 1.96800000e-08  0.00000000e+00  1.80000000e+00  1.30528846e-09 
 1.97000000e-08  0.00000000e+00  1.80000000e+00  1.30528846e-09 
 1.97200000e-08  0.00000000e+00  1.80000000e+00  1.30528846e-09 
 1.97400000e-08  0.00000000e+00  1.80000000e+00  1.30528846e-09 
 1.97600000e-08  0.00000000e+00  1.80000000e+00  1.30528846e-09 
 1.97800000e-08  0.00000000e+00  1.80000000e+00  1.30528846e-09 
 1.98000000e-08  0.00000000e+00  1.80000000e+00  1.30528846e-09 
 1.98200000e-08  0.00000000e+00  1.80000000e+00  1.30528846e-09 
 1.98400000e-08  0.00000000e+00  1.80000000e+00  1.30528846e-09 
 1.98600000e-08  0.00000000e+00  1.80000000e+00  1.30528846e-09 
 1.98800000e-08  0.00000000e+00  1.80000000e+00  1.30528846e-09 
 1.99000000e-08  0.00000000e+00  1.80000000e+00  1.30528846e-09 
 1.99200000e-08  0.00000000e+00  1.80000000e+00  1.30528846e-09 
 1.99400000e-08  0.00000000e+00  1.80000000e+00  1.30528846e-09 
 1.99600000e-08  0.00000000e+00  1.80000000e+00  1.30528846e-09 
 1.99800000e-08  0.00000000e+00  1.80000000e+00  1.30528846e-09 
 2.00000000e-08  0.00000000e+00  1.80000000e+00  1.30528846e-09 
 2.00200000e-08  0.00000000e+00  1.80000000e+00  1.30528846e-09 
 2.00400000e-08  0.00000000e+00  1.80000000e+00  1.30528846e-09 
 2.00600000e-08  0.00000000e+00  1.80000000e+00  1.30528846e-09 
 2.00800000e-08  0.00000000e+00  1.80000000e+00  1.30528846e-09 
 2.01000000e-08  0.00000000e+00  1.80000000e+00  1.30528846e-09 
 2.01200000e-08  0.00000000e+00  1.80000000e+00  1.30528846e-09 
 2.01400000e-08  0.00000000e+00  1.80000000e+00  1.30528846e-09 
 2.01600000e-08  0.00000000e+00  1.80000000e+00  1.30528846e-09 
 2.01800000e-08  0.00000000e+00  1.80000000e+00  1.30528846e-09 
 2.02000000e-08  0.00000000e+00  1.80000000e+00  1.30528846e-09 
 2.02200000e-08  0.00000000e+00  1.80000000e+00  1.30528846e-09 
 2.02400000e-08  0.00000000e+00  1.80000000e+00  1.30528846e-09 
 2.02600000e-08  0.00000000e+00  1.80000000e+00  1.30528846e-09 
 2.02800000e-08  0.00000000e+00  1.80000000e+00  1.30528846e-09 
 2.03000000e-08  0.00000000e+00  1.80000000e+00  1.30528846e-09 
 2.03200000e-08  0.00000000e+00  1.80000000e+00  1.30528846e-09 
 2.03400000e-08  0.00000000e+00  1.80000000e+00  1.30528846e-09 
 2.03600000e-08  0.00000000e+00  1.80000000e+00  1.30528846e-09 
 2.03800000e-08  0.00000000e+00  1.80000000e+00  1.30528846e-09 
 2.04000000e-08  0.00000000e+00  1.80000000e+00  1.30528846e-09 
 2.04200000e-08  0.00000000e+00  1.80000000e+00  1.30528846e-09 
 2.04400000e-08  0.00000000e+00  1.80000000e+00  1.30528846e-09 
 2.04600000e-08  0.00000000e+00  1.80000000e+00  1.30528846e-09 
 2.04800000e-08  0.00000000e+00  1.80000000e+00  1.30528846e-09 
 2.05000000e-08  0.00000000e+00  1.80000000e+00  1.30528846e-09 
 2.05020000e-08  2.40000000e-02  1.80000000e+00  1.30528846e-09 
 2.05060000e-08  7.20000000e-02  1.80000000e+00  1.30528846e-09 
 2.05140000e-08  1.68000000e-01  1.80000000e+00  1.30528846e-09 
 2.05300000e-08  3.60000000e-01  1.80000000e+00  1.30528846e-09 
 2.05500000e-08  6.00000000e-01  1.80000000e+00  1.30528846e-09 
 2.05700000e-08  8.40000000e-01  1.80000000e+00  1.30528846e-09 
 2.05900000e-08  1.08000000e+00  1.80000000e+00  4.50666668e-01 
 2.06100000e-08  1.32000000e+00  1.80000000e+00  1.21548945e+00 
 2.06300000e-08  1.56000000e+00  1.80000000e+00  1.63616352e+00 
 2.06500000e-08  1.80000000e+00  1.80000000e+00  1.76596809e+00 
 2.06520000e-08  1.80000000e+00  1.80000000e+00  1.77007423e+00 
 2.06560000e-08  1.80000000e+00  1.80000000e+00  1.77730060e+00 
 2.06640000e-08  1.80000000e+00  1.80000000e+00  1.78710251e+00 
 2.06800000e-08  1.80000000e+00  1.80000000e+00  1.79628377e+00 
 2.07000000e-08  1.80000000e+00  1.80000000e+00  1.79932473e+00 
 2.07200000e-08  1.80000000e+00  1.80000000e+00  1.79987763e+00 
 2.07400000e-08  1.80000000e+00  1.80000000e+00  1.79997784e+00 
 2.07600000e-08  1.80000000e+00  1.80000000e+00  1.79999599e+00 
 2.07800000e-08  1.80000000e+00  1.80000000e+00  1.79999927e+00 
 2.08000000e-08  1.80000000e+00  1.80000000e+00  1.79999987e+00 
 2.08200000e-08  1.80000000e+00  1.80000000e+00  1.79999997e+00 
 2.08400000e-08  1.80000000e+00  1.80000000e+00  1.79999999e+00 
 2.08600000e-08  1.80000000e+00  1.80000000e+00  1.80000000e+00 
 2.08800000e-08  1.80000000e+00  1.80000000e+00  1.80000000e+00 
 2.09000000e-08  1.80000000e+00  1.80000000e+00  1.80000000e+00 
 2.09200000e-08  1.80000000e+00  1.80000000e+00  1.80000000e+00 
 2.09400000e-08  1.80000000e+00  1.80000000e+00  1.80000000e+00 
 2.09600000e-08  1.80000000e+00  1.80000000e+00  1.80000000e+00 
 2.09800000e-08  1.80000000e+00  1.80000000e+00  1.80000000e+00 
 2.10000000e-08  1.80000000e+00  1.80000000e+00  1.80000000e+00 
 2.10200000e-08  1.80000000e+00  1.80000000e+00  1.80000000e+00 
 2.10400000e-08  1.80000000e+00  1.80000000e+00  1.80000000e+00 
 2.10600000e-08  1.80000000e+00  1.80000000e+00  1.80000000e+00 
 2.10800000e-08  1.80000000e+00  1.80000000e+00  1.80000000e+00 
 2.11000000e-08  1.80000000e+00  1.80000000e+00  1.80000000e+00 
 2.11200000e-08  1.80000000e+00  1.80000000e+00  1.80000000e+00 
 2.11400000e-08  1.80000000e+00  1.80000000e+00  1.80000000e+00 
 2.11600000e-08  1.80000000e+00  1.80000000e+00  1.80000000e+00 
 2.11800000e-08  1.80000000e+00  1.80000000e+00  1.80000000e+00 
 2.12000000e-08  1.80000000e+00  1.80000000e+00  1.80000000e+00 
 2.12200000e-08  1.80000000e+00  1.80000000e+00  1.80000000e+00 
 2.12400000e-08  1.80000000e+00  1.80000000e+00  1.80000000e+00 
 2.12600000e-08  1.80000000e+00  1.80000000e+00  1.80000000e+00 
 2.12800000e-08  1.80000000e+00  1.80000000e+00  1.80000000e+00 
 2.13000000e-08  1.80000000e+00  1.80000000e+00  1.80000000e+00 
 2.13200000e-08  1.80000000e+00  1.80000000e+00  1.80000000e+00 
 2.13400000e-08  1.80000000e+00  1.80000000e+00  1.80000000e+00 
 2.13600000e-08  1.80000000e+00  1.80000000e+00  1.80000000e+00 
 2.13800000e-08  1.80000000e+00  1.80000000e+00  1.80000000e+00 
 2.14000000e-08  1.80000000e+00  1.80000000e+00  1.80000000e+00 
 2.14200000e-08  1.80000000e+00  1.80000000e+00  1.80000000e+00 
 2.14400000e-08  1.80000000e+00  1.80000000e+00  1.80000000e+00 
 2.14600000e-08  1.80000000e+00  1.80000000e+00  1.80000000e+00 
 2.14800000e-08  1.80000000e+00  1.80000000e+00  1.80000000e+00 
 2.15000000e-08  1.80000000e+00  1.80000000e+00  1.80000000e+00 
 2.15200000e-08  1.80000000e+00  1.80000000e+00  1.80000000e+00 
 2.15400000e-08  1.80000000e+00  1.80000000e+00  1.80000000e+00 
 2.15600000e-08  1.80000000e+00  1.80000000e+00  1.80000000e+00 
 2.15800000e-08  1.80000000e+00  1.80000000e+00  1.80000000e+00 
 2.16000000e-08  1.80000000e+00  1.80000000e+00  1.80000000e+00 
 2.16200000e-08  1.80000000e+00  1.80000000e+00  1.80000000e+00 
 2.16400000e-08  1.80000000e+00  1.80000000e+00  1.80000000e+00 
 2.16600000e-08  1.80000000e+00  1.80000000e+00  1.80000000e+00 
 2.16800000e-08  1.80000000e+00  1.80000000e+00  1.80000000e+00 
 2.17000000e-08  1.80000000e+00  1.80000000e+00  1.80000000e+00 
 2.17200000e-08  1.80000000e+00  1.80000000e+00  1.80000000e+00 
 2.17400000e-08  1.80000000e+00  1.80000000e+00  1.80000000e+00 
 2.17600000e-08  1.80000000e+00  1.80000000e+00  1.80000000e+00 
 2.17800000e-08  1.80000000e+00  1.80000000e+00  1.80000000e+00 
 2.18000000e-08  1.80000000e+00  1.80000000e+00  1.80000000e+00 
 2.18200000e-08  1.80000000e+00  1.80000000e+00  1.80000000e+00 
 2.18400000e-08  1.80000000e+00  1.80000000e+00  1.80000000e+00 
 2.18600000e-08  1.80000000e+00  1.80000000e+00  1.80000000e+00 
 2.18800000e-08  1.80000000e+00  1.80000000e+00  1.80000000e+00 
 2.19000000e-08  1.80000000e+00  1.80000000e+00  1.80000000e+00 
 2.19200000e-08  1.80000000e+00  1.80000000e+00  1.80000000e+00 
 2.19400000e-08  1.80000000e+00  1.80000000e+00  1.80000000e+00 
 2.19600000e-08  1.80000000e+00  1.80000000e+00  1.80000000e+00 
 2.19800000e-08  1.80000000e+00  1.80000000e+00  1.80000000e+00 
 2.20000000e-08  1.80000000e+00  1.80000000e+00  1.80000000e+00 
 2.20200000e-08  1.80000000e+00  1.80000000e+00  1.80000000e+00 
 2.20400000e-08  1.80000000e+00  1.80000000e+00  1.80000000e+00 
 2.20600000e-08  1.80000000e+00  1.80000000e+00  1.80000000e+00 
 2.20800000e-08  1.80000000e+00  1.80000000e+00  1.80000000e+00 
 2.21000000e-08  1.80000000e+00  1.80000000e+00  1.80000000e+00 
 2.21200000e-08  1.80000000e+00  1.80000000e+00  1.80000000e+00 
 2.21400000e-08  1.80000000e+00  1.80000000e+00  1.80000000e+00 
 2.21600000e-08  1.80000000e+00  1.80000000e+00  1.80000000e+00 
 2.21800000e-08  1.80000000e+00  1.80000000e+00  1.80000000e+00 
 2.22000000e-08  1.80000000e+00  1.80000000e+00  1.80000000e+00 
 2.22200000e-08  1.80000000e+00  1.80000000e+00  1.80000000e+00 
 2.22400000e-08  1.80000000e+00  1.80000000e+00  1.80000000e+00 
 2.22600000e-08  1.80000000e+00  1.80000000e+00  1.80000000e+00 
 2.22800000e-08  1.80000000e+00  1.80000000e+00  1.80000000e+00 
 2.23000000e-08  1.80000000e+00  1.80000000e+00  1.80000000e+00 
 2.23200000e-08  1.80000000e+00  1.80000000e+00  1.80000000e+00 
 2.23400000e-08  1.80000000e+00  1.80000000e+00  1.80000000e+00 
 2.23600000e-08  1.80000000e+00  1.80000000e+00  1.80000000e+00 
 2.23800000e-08  1.80000000e+00  1.80000000e+00  1.80000000e+00 
 2.24000000e-08  1.80000000e+00  1.80000000e+00  1.80000000e+00 
 2.24200000e-08  1.80000000e+00  1.80000000e+00  1.80000000e+00 
 2.24400000e-08  1.80000000e+00  1.80000000e+00  1.80000000e+00 
 2.24600000e-08  1.80000000e+00  1.80000000e+00  1.80000000e+00 
 2.24800000e-08  1.80000000e+00  1.80000000e+00  1.80000000e+00 
 2.25000000e-08  1.80000000e+00  1.80000000e+00  1.80000000e+00 
 2.25200000e-08  1.80000000e+00  1.80000000e+00  1.80000000e+00 
 2.25400000e-08  1.80000000e+00  1.80000000e+00  1.80000000e+00 
 2.25600000e-08  1.80000000e+00  1.80000000e+00  1.80000000e+00 
 2.25800000e-08  1.80000000e+00  1.80000000e+00  1.80000000e+00 
 2.26000000e-08  1.80000000e+00  1.80000000e+00  1.80000000e+00 
 2.26200000e-08  1.80000000e+00  1.80000000e+00  1.80000000e+00 
 2.26400000e-08  1.80000000e+00  1.80000000e+00  1.80000000e+00 
 2.26600000e-08  1.80000000e+00  1.80000000e+00  1.80000000e+00 
 2.26800000e-08  1.80000000e+00  1.80000000e+00  1.80000000e+00 
 2.27000000e-08  1.80000000e+00  1.80000000e+00  1.80000000e+00 
 2.27200000e-08  1.80000000e+00  1.80000000e+00  1.80000000e+00 
 2.27400000e-08  1.80000000e+00  1.80000000e+00  1.80000000e+00 
 2.27600000e-08  1.80000000e+00  1.80000000e+00  1.80000000e+00 
 2.27800000e-08  1.80000000e+00  1.80000000e+00  1.80000000e+00 
 2.28000000e-08  1.80000000e+00  1.80000000e+00  1.80000000e+00 
 2.28200000e-08  1.80000000e+00  1.80000000e+00  1.80000000e+00 
 2.28400000e-08  1.80000000e+00  1.80000000e+00  1.80000000e+00 
 2.28600000e-08  1.80000000e+00  1.80000000e+00  1.80000000e+00 
 2.28800000e-08  1.80000000e+00  1.80000000e+00  1.80000000e+00 
 2.29000000e-08  1.80000000e+00  1.80000000e+00  1.80000000e+00 
 2.29200000e-08  1.80000000e+00  1.80000000e+00  1.80000000e+00 
 2.29400000e-08  1.80000000e+00  1.80000000e+00  1.80000000e+00 
 2.29600000e-08  1.80000000e+00  1.80000000e+00  1.80000000e+00 
 2.29800000e-08  1.80000000e+00  1.80000000e+00  1.80000000e+00 
 2.30000000e-08  1.80000000e+00  1.80000000e+00  1.80000000e+00 
 2.30200000e-08  1.80000000e+00  1.80000000e+00  1.80000000e+00 
 2.30400000e-08  1.80000000e+00  1.80000000e+00  1.80000000e+00 
 2.30600000e-08  1.80000000e+00  1.80000000e+00  1.80000000e+00 
 2.30800000e-08  1.80000000e+00  1.80000000e+00  1.80000000e+00 
 2.31000000e-08  1.80000000e+00  1.80000000e+00  1.80000000e+00 
 2.31200000e-08  1.80000000e+00  1.80000000e+00  1.80000000e+00 
 2.31400000e-08  1.80000000e+00  1.80000000e+00  1.80000000e+00 
 2.31600000e-08  1.80000000e+00  1.80000000e+00  1.80000000e+00 
 2.31800000e-08  1.80000000e+00  1.80000000e+00  1.80000000e+00 
 2.32000000e-08  1.80000000e+00  1.80000000e+00  1.80000000e+00 
 2.32200000e-08  1.80000000e+00  1.80000000e+00  1.80000000e+00 
 2.32400000e-08  1.80000000e+00  1.80000000e+00  1.80000000e+00 
 2.32600000e-08  1.80000000e+00  1.80000000e+00  1.80000000e+00 
 2.32800000e-08  1.80000000e+00  1.80000000e+00  1.80000000e+00 
 2.33000000e-08  1.80000000e+00  1.80000000e+00  1.80000000e+00 
 2.33200000e-08  1.80000000e+00  1.80000000e+00  1.80000000e+00 
 2.33400000e-08  1.80000000e+00  1.80000000e+00  1.80000000e+00 
 2.33600000e-08  1.80000000e+00  1.80000000e+00  1.80000000e+00 
 2.33800000e-08  1.80000000e+00  1.80000000e+00  1.80000000e+00 
 2.34000000e-08  1.80000000e+00  1.80000000e+00  1.80000000e+00 
 2.34200000e-08  1.80000000e+00  1.80000000e+00  1.80000000e+00 
 2.34400000e-08  1.80000000e+00  1.80000000e+00  1.80000000e+00 
 2.34600000e-08  1.80000000e+00  1.80000000e+00  1.80000000e+00 
 2.34800000e-08  1.80000000e+00  1.80000000e+00  1.80000000e+00 
 2.35000000e-08  1.80000000e+00  1.80000000e+00  1.80000000e+00 
 2.35200000e-08  1.80000000e+00  1.80000000e+00  1.80000000e+00 
 2.35400000e-08  1.80000000e+00  1.80000000e+00  1.80000000e+00 
 2.35600000e-08  1.80000000e+00  1.80000000e+00  1.80000000e+00 
 2.35800000e-08  1.80000000e+00  1.80000000e+00  1.80000000e+00 
 2.36000000e-08  1.80000000e+00  1.80000000e+00  1.80000000e+00 
 2.36200000e-08  1.80000000e+00  1.80000000e+00  1.80000000e+00 
 2.36400000e-08  1.80000000e+00  1.80000000e+00  1.80000000e+00 
 2.36600000e-08  1.80000000e+00  1.80000000e+00  1.80000000e+00 
 2.36800000e-08  1.80000000e+00  1.80000000e+00  1.80000000e+00 
 2.37000000e-08  1.80000000e+00  1.80000000e+00  1.80000000e+00 
 2.37200000e-08  1.80000000e+00  1.80000000e+00  1.80000000e+00 
 2.37400000e-08  1.80000000e+00  1.80000000e+00  1.80000000e+00 
 2.37600000e-08  1.80000000e+00  1.80000000e+00  1.80000000e+00 
 2.37800000e-08  1.80000000e+00  1.80000000e+00  1.80000000e+00 
 2.38000000e-08  1.80000000e+00  1.80000000e+00  1.80000000e+00 
 2.38200000e-08  1.80000000e+00  1.80000000e+00  1.80000000e+00 
 2.38400000e-08  1.80000000e+00  1.80000000e+00  1.80000000e+00 
 2.38600000e-08  1.80000000e+00  1.80000000e+00  1.80000000e+00 
 2.38800000e-08  1.80000000e+00  1.80000000e+00  1.80000000e+00 
 2.39000000e-08  1.80000000e+00  1.80000000e+00  1.80000000e+00 
 2.39200000e-08  1.80000000e+00  1.80000000e+00  1.80000000e+00 
 2.39400000e-08  1.80000000e+00  1.80000000e+00  1.80000000e+00 
 2.39600000e-08  1.80000000e+00  1.80000000e+00  1.80000000e+00 
 2.39800000e-08  1.80000000e+00  1.80000000e+00  1.80000000e+00 
 2.40000000e-08  1.80000000e+00  1.80000000e+00  1.80000000e+00 
 2.40020000e-08  1.80000000e+00  1.79640000e+00  1.80000000e+00 
 2.40060000e-08  1.80000000e+00  1.78920000e+00  1.80000000e+00 
 2.40140000e-08  1.80000000e+00  1.77480000e+00  1.80000000e+00 
 2.40300000e-08  1.80000000e+00  1.74600000e+00  1.80000000e+00 
 2.40500000e-08  1.80000000e+00  1.71000000e+00  1.80000000e+00 
 2.40700000e-08  1.80000000e+00  1.67400000e+00  1.80000000e+00 
 2.40900000e-08  1.80000000e+00  1.63800000e+00  1.80000000e+00 
 2.41100000e-08  1.80000000e+00  1.60200000e+00  1.80000000e+00 
 2.41300000e-08  1.80000000e+00  1.56600000e+00  1.80000000e+00 
 2.41500000e-08  1.80000000e+00  1.53000000e+00  1.80000000e+00 
 2.41700000e-08  1.80000000e+00  1.49400000e+00  1.80000000e+00 
 2.41900000e-08  1.80000000e+00  1.45800000e+00  1.80000000e+00 
 2.42100000e-08  1.80000000e+00  1.42200000e+00  1.80000000e+00 
 2.42300000e-08  1.80000000e+00  1.38600000e+00  1.80000000e+00 
 2.42500000e-08  1.80000000e+00  1.35000000e+00  1.80000000e+00 
 2.42700000e-08  1.80000000e+00  1.31400000e+00  1.80000000e+00 
 2.42900000e-08  1.80000000e+00  1.27800000e+00  1.80000000e+00 
 2.43100000e-08  1.80000000e+00  1.24200000e+00  1.80000000e+00 
 2.43300000e-08  1.80000000e+00  1.20600000e+00  1.80000000e+00 
 2.43500000e-08  1.80000000e+00  1.17000000e+00  1.80000000e+00 
 2.43700000e-08  1.80000000e+00  1.13400000e+00  1.80000000e+00 
 2.43900000e-08  1.80000000e+00  1.09800000e+00  1.80000000e+00 
 2.44100000e-08  1.80000000e+00  1.06200000e+00  1.80000000e+00 
 2.44300000e-08  1.80000000e+00  1.02600000e+00  1.80000000e+00 
 2.44500000e-08  1.80000000e+00  9.90000000e-01  1.80000000e+00 
 2.44700000e-08  1.80000000e+00  9.54000000e-01  1.80000000e+00 
 2.44900000e-08  1.80000000e+00  9.18000000e-01  1.80000000e+00 
 2.45100000e-08  1.80000000e+00  8.82000000e-01  1.80000000e+00 
 2.45300000e-08  1.80000000e+00  8.46000000e-01  1.80000000e+00 
 2.45500000e-08  1.80000000e+00  8.10000000e-01  1.80000000e+00 
 2.45700000e-08  1.80000000e+00  7.74000000e-01  1.80000000e+00 
 2.45900000e-08  1.80000000e+00  7.38000000e-01  1.80000000e+00 
 2.46100000e-08  1.80000000e+00  7.02000000e-01  1.80000000e+00 
 2.46300000e-08  1.80000000e+00  6.66000000e-01  1.80000000e+00 
 2.46500000e-08  1.80000000e+00  6.30000000e-01  1.80000000e+00 
 2.46700000e-08  1.80000000e+00  5.94000000e-01  1.80000000e+00 
 2.46900000e-08  1.80000000e+00  5.58000000e-01  1.80000000e+00 
 2.47100000e-08  1.80000000e+00  5.22000000e-01  1.80000000e+00 
 2.47300000e-08  1.80000000e+00  4.86000000e-01  1.80000000e+00 
 2.47500000e-08  1.80000000e+00  4.50000000e-01  1.80000000e+00 
 2.47700000e-08  1.80000000e+00  4.14000000e-01  1.80000000e+00 
 2.47900000e-08  1.80000000e+00  3.78000000e-01  1.80000000e+00 
 2.48100000e-08  1.80000000e+00  3.42000000e-01  1.80000000e+00 
 2.48300000e-08  1.80000000e+00  3.06000000e-01  1.80000000e+00 
 2.48500000e-08  1.80000000e+00  2.70000000e-01  1.80000000e+00 
 2.48700000e-08  1.80000000e+00  2.34000000e-01  1.80000000e+00 
 2.48900000e-08  1.80000000e+00  1.98000000e-01  1.80000000e+00 
 2.49100000e-08  1.80000000e+00  1.62000000e-01  1.80000000e+00 
 2.49300000e-08  1.80000000e+00  1.26000000e-01  1.80000000e+00 
 2.49500000e-08  1.80000000e+00  9.00000000e-02  1.80000000e+00 
 2.49700000e-08  1.80000000e+00  5.40000000e-02  1.80000000e+00 
 2.49900000e-08  1.80000000e+00  1.80000000e-02  1.80000000e+00 
 2.50000000e-08  1.80000000e+00  5.99520433e-15  1.80000000e+00 
 2.50020000e-08  1.80000000e+00  0.00000000e+00  1.80000000e+00 
 2.50060000e-08  1.80000000e+00  0.00000000e+00  1.80000000e+00 
 2.50140000e-08  1.80000000e+00  0.00000000e+00  1.80000000e+00 
 2.50300000e-08  1.80000000e+00  0.00000000e+00  1.80000000e+00 
 2.50500000e-08  1.80000000e+00  0.00000000e+00  1.80000000e+00 
 2.50700000e-08  1.80000000e+00  0.00000000e+00  1.80000000e+00 
 2.50900000e-08  1.80000000e+00  0.00000000e+00  1.80000000e+00 
 2.51100000e-08  1.80000000e+00  0.00000000e+00  1.80000000e+00 
 2.51300000e-08  1.80000000e+00  0.00000000e+00  1.80000000e+00 
 2.51500000e-08  1.80000000e+00  0.00000000e+00  1.80000000e+00 
 2.51700000e-08  1.80000000e+00  0.00000000e+00  1.80000000e+00 
 2.51900000e-08  1.80000000e+00  0.00000000e+00  1.80000000e+00 
 2.52100000e-08  1.80000000e+00  0.00000000e+00  1.80000000e+00 
 2.52300000e-08  1.80000000e+00  0.00000000e+00  1.80000000e+00 
 2.52500000e-08  1.80000000e+00  0.00000000e+00  1.80000000e+00 
 2.52700000e-08  1.80000000e+00  0.00000000e+00  1.80000000e+00 
 2.52900000e-08  1.80000000e+00  0.00000000e+00  1.80000000e+00 
 2.53100000e-08  1.80000000e+00  0.00000000e+00  1.80000000e+00 
 2.53300000e-08  1.80000000e+00  0.00000000e+00  1.80000000e+00 
 2.53500000e-08  1.80000000e+00  0.00000000e+00  1.80000000e+00 
 2.53700000e-08  1.80000000e+00  0.00000000e+00  1.80000000e+00 
 2.53900000e-08  1.80000000e+00  0.00000000e+00  1.80000000e+00 
 2.54100000e-08  1.80000000e+00  0.00000000e+00  1.80000000e+00 
 2.54300000e-08  1.80000000e+00  0.00000000e+00  1.80000000e+00 
 2.54500000e-08  1.80000000e+00  0.00000000e+00  1.80000000e+00 
 2.54700000e-08  1.80000000e+00  0.00000000e+00  1.80000000e+00 
 2.54900000e-08  1.80000000e+00  0.00000000e+00  1.80000000e+00 
 2.55000000e-08  1.80000000e+00  0.00000000e+00  1.80000000e+00 
 2.55020000e-08  1.77600000e+00  0.00000000e+00  1.80000000e+00 
 2.55060000e-08  1.72800000e+00  0.00000000e+00  1.80000000e+00 
 2.55140000e-08  1.63200000e+00  0.00000000e+00  1.80000000e+00 
 2.55300000e-08  1.44000000e+00  0.00000000e+00  1.80000000e+00 
 2.55500000e-08  1.20000000e+00  0.00000000e+00  1.80000000e+00 
 2.55700000e-08  9.60000000e-01  0.00000000e+00  1.80000000e+00 
 2.55900000e-08  7.20000000e-01  0.00000000e+00  1.34933333e+00 
 2.56045492e-08  5.45409177e-01  0.00000000e+00  7.51920450e-01 
 2.56180577e-08  3.83307862e-01  0.00000000e+00  3.57303804e-01 
 2.56333682e-08  1.99582096e-01  0.00000000e+00  1.28756615e-01 
 2.56500000e-08  0.00000000e+00  0.00000000e+00  3.70994331e-02 
 2.56518495e-08  0.00000000e+00  0.00000000e+00  3.29285747e-02 
 2.56555486e-08  0.00000000e+00  0.00000000e+00  2.55175790e-02 
 2.56629467e-08  0.00000000e+00  0.00000000e+00  1.51679464e-02 
 2.56738252e-08  0.00000000e+00  0.00000000e+00  6.88765809e-03 
 2.56938252e-08  0.00000000e+00  0.00000000e+00  1.25509109e-03 
 2.57138252e-08  0.00000000e+00  0.00000000e+00  2.27557220e-04 
 2.57338252e-08  0.00000000e+00  0.00000000e+00  4.12206393e-05 
 2.57538252e-08  0.00000000e+00  0.00000000e+00  7.46283418e-06 
 2.57738252e-08  0.00000000e+00  0.00000000e+00  1.34882832e-06 
 2.57938252e-08  0.00000000e+00  0.00000000e+00  2.45220891e-07 
 2.58138252e-08  0.00000000e+00  0.00000000e+00  4.54749077e-08 
 2.58338252e-08  0.00000000e+00  0.00000000e+00  9.30437828e-09 
 2.58538252e-08  0.00000000e+00  0.00000000e+00  2.75393818e-09 
 2.58738252e-08  0.00000000e+00  0.00000000e+00  1.56764220e-09 
 2.58938252e-08  0.00000000e+00  0.00000000e+00  1.35280134e-09 
 2.59138252e-08  0.00000000e+00  0.00000000e+00  1.31389315e-09 
 2.59338252e-08  0.00000000e+00  0.00000000e+00  1.30684679e-09 
 2.59538252e-08  0.00000000e+00  0.00000000e+00  1.30557068e-09 
 2.59738252e-08  0.00000000e+00  0.00000000e+00  1.30533957e-09 
 2.59938252e-08  0.00000000e+00  0.00000000e+00  1.30529772e-09 
 2.60138252e-08  0.00000000e+00  0.00000000e+00  1.30529014e-09 
 2.60338252e-08  0.00000000e+00  0.00000000e+00  1.30528876e-09 
 2.60538252e-08  0.00000000e+00  0.00000000e+00  1.30528851e-09 
 2.60738252e-08  0.00000000e+00  0.00000000e+00  1.30528847e-09 
 2.60938252e-08  0.00000000e+00  0.00000000e+00  1.30528846e-09 
 2.61138252e-08  0.00000000e+00  0.00000000e+00  1.30528846e-09 
 2.61338252e-08  0.00000000e+00  0.00000000e+00  1.30528846e-09 
 2.61538252e-08  0.00000000e+00  0.00000000e+00  1.30528846e-09 
 2.61738252e-08  0.00000000e+00  0.00000000e+00  1.30528846e-09 
 2.61938252e-08  0.00000000e+00  0.00000000e+00  1.30528846e-09 
 2.62138252e-08  0.00000000e+00  0.00000000e+00  1.30528846e-09 
 2.62338252e-08  0.00000000e+00  0.00000000e+00  1.30528846e-09 
 2.62538252e-08  0.00000000e+00  0.00000000e+00  1.30528846e-09 
 2.62738252e-08  0.00000000e+00  0.00000000e+00  1.30528846e-09 
 2.62938252e-08  0.00000000e+00  0.00000000e+00  1.30528846e-09 
 2.63138252e-08  0.00000000e+00  0.00000000e+00  1.30528846e-09 
 2.63338252e-08  0.00000000e+00  0.00000000e+00  1.30528846e-09 
 2.63538252e-08  0.00000000e+00  0.00000000e+00  1.30528846e-09 
 2.63738252e-08  0.00000000e+00  0.00000000e+00  1.30528846e-09 
 2.63938252e-08  0.00000000e+00  0.00000000e+00  1.30528846e-09 
 2.64138252e-08  0.00000000e+00  0.00000000e+00  1.30528846e-09 
 2.64338252e-08  0.00000000e+00  0.00000000e+00  1.30528846e-09 
 2.64538252e-08  0.00000000e+00  0.00000000e+00  1.30528846e-09 
 2.64738252e-08  0.00000000e+00  0.00000000e+00  1.30528846e-09 
 2.64938252e-08  0.00000000e+00  0.00000000e+00  1.30528846e-09 
 2.65138252e-08  0.00000000e+00  0.00000000e+00  1.30528846e-09 
 2.65338252e-08  0.00000000e+00  0.00000000e+00  1.30528846e-09 
 2.65538252e-08  0.00000000e+00  0.00000000e+00  1.30528846e-09 
 2.65738252e-08  0.00000000e+00  0.00000000e+00  1.30528846e-09 
 2.65938252e-08  0.00000000e+00  0.00000000e+00  1.30528846e-09 
 2.66138252e-08  0.00000000e+00  0.00000000e+00  1.30528846e-09 
 2.66338252e-08  0.00000000e+00  0.00000000e+00  1.30528846e-09 
 2.66538252e-08  0.00000000e+00  0.00000000e+00  1.30528846e-09 
 2.66738252e-08  0.00000000e+00  0.00000000e+00  1.30528846e-09 
 2.66938252e-08  0.00000000e+00  0.00000000e+00  1.30528846e-09 
 2.67138252e-08  0.00000000e+00  0.00000000e+00  1.30528846e-09 
 2.67338252e-08  0.00000000e+00  0.00000000e+00  1.30528846e-09 
 2.67538252e-08  0.00000000e+00  0.00000000e+00  1.30528846e-09 
 2.67738252e-08  0.00000000e+00  0.00000000e+00  1.30528846e-09 
 2.67938252e-08  0.00000000e+00  0.00000000e+00  1.30528846e-09 
 2.68138252e-08  0.00000000e+00  0.00000000e+00  1.30528846e-09 
 2.68338252e-08  0.00000000e+00  0.00000000e+00  1.30528846e-09 
 2.68538252e-08  0.00000000e+00  0.00000000e+00  1.30528846e-09 
 2.68738252e-08  0.00000000e+00  0.00000000e+00  1.30528846e-09 
 2.68938252e-08  0.00000000e+00  0.00000000e+00  1.30528846e-09 
 2.69138252e-08  0.00000000e+00  0.00000000e+00  1.30528846e-09 
 2.69338252e-08  0.00000000e+00  0.00000000e+00  1.30528846e-09 
 2.69538252e-08  0.00000000e+00  0.00000000e+00  1.30528846e-09 
 2.69738252e-08  0.00000000e+00  0.00000000e+00  1.30528846e-09 
 2.69938252e-08  0.00000000e+00  0.00000000e+00  1.30528846e-09 
 2.70138252e-08  0.00000000e+00  0.00000000e+00  1.30528846e-09 
 2.70338252e-08  0.00000000e+00  0.00000000e+00  1.30528846e-09 
 2.70538252e-08  0.00000000e+00  0.00000000e+00  1.30528846e-09 
 2.70738252e-08  0.00000000e+00  0.00000000e+00  1.30528846e-09 
 2.70938252e-08  0.00000000e+00  0.00000000e+00  1.30528846e-09 
 2.71138252e-08  0.00000000e+00  0.00000000e+00  1.30528846e-09 
 2.71338252e-08  0.00000000e+00  0.00000000e+00  1.30528846e-09 
 2.71538252e-08  0.00000000e+00  0.00000000e+00  1.30528846e-09 
 2.71738252e-08  0.00000000e+00  0.00000000e+00  1.30528846e-09 
 2.71938252e-08  0.00000000e+00  0.00000000e+00  1.30528846e-09 
 2.72138252e-08  0.00000000e+00  0.00000000e+00  1.30528846e-09 
 2.72338252e-08  0.00000000e+00  0.00000000e+00  1.30528846e-09 
 2.72538252e-08  0.00000000e+00  0.00000000e+00  1.30528846e-09 
 2.72738252e-08  0.00000000e+00  0.00000000e+00  1.30528846e-09 
 2.72938252e-08  0.00000000e+00  0.00000000e+00  1.30528846e-09 
 2.73138252e-08  0.00000000e+00  0.00000000e+00  1.30528846e-09 
 2.73338252e-08  0.00000000e+00  0.00000000e+00  1.30528846e-09 
 2.73538252e-08  0.00000000e+00  0.00000000e+00  1.30528846e-09 
 2.73738252e-08  0.00000000e+00  0.00000000e+00  1.30528846e-09 
 2.73938252e-08  0.00000000e+00  0.00000000e+00  1.30528846e-09 
 2.74138252e-08  0.00000000e+00  0.00000000e+00  1.30528846e-09 
 2.74338252e-08  0.00000000e+00  0.00000000e+00  1.30528846e-09 
 2.74538252e-08  0.00000000e+00  0.00000000e+00  1.30528846e-09 
 2.74738252e-08  0.00000000e+00  0.00000000e+00  1.30528846e-09 
 2.74938252e-08  0.00000000e+00  0.00000000e+00  1.30528846e-09 
 2.75138252e-08  0.00000000e+00  0.00000000e+00  1.30528846e-09 
 2.75338252e-08  0.00000000e+00  0.00000000e+00  1.30528846e-09 
 2.75538252e-08  0.00000000e+00  0.00000000e+00  1.30528846e-09 
 2.75738252e-08  0.00000000e+00  0.00000000e+00  1.30528846e-09 
 2.75938252e-08  0.00000000e+00  0.00000000e+00  1.30528846e-09 
 2.76138252e-08  0.00000000e+00  0.00000000e+00  1.30528846e-09 
 2.76338252e-08  0.00000000e+00  0.00000000e+00  1.30528846e-09 
 2.76538252e-08  0.00000000e+00  0.00000000e+00  1.30528846e-09 
 2.76738252e-08  0.00000000e+00  0.00000000e+00  1.30528846e-09 
 2.76938252e-08  0.00000000e+00  0.00000000e+00  1.30528846e-09 
 2.77138252e-08  0.00000000e+00  0.00000000e+00  1.30528846e-09 
 2.77338252e-08  0.00000000e+00  0.00000000e+00  1.30528846e-09 
 2.77538252e-08  0.00000000e+00  0.00000000e+00  1.30528846e-09 
 2.77738252e-08  0.00000000e+00  0.00000000e+00  1.30528846e-09 
 2.77938252e-08  0.00000000e+00  0.00000000e+00  1.30528846e-09 
 2.78138252e-08  0.00000000e+00  0.00000000e+00  1.30528846e-09 
 2.78338252e-08  0.00000000e+00  0.00000000e+00  1.30528846e-09 
 2.78538252e-08  0.00000000e+00  0.00000000e+00  1.30528846e-09 
 2.78738252e-08  0.00000000e+00  0.00000000e+00  1.30528846e-09 
 2.78938252e-08  0.00000000e+00  0.00000000e+00  1.30528846e-09 
 2.79138252e-08  0.00000000e+00  0.00000000e+00  1.30528846e-09 
 2.79338252e-08  0.00000000e+00  0.00000000e+00  1.30528846e-09 
 2.79538252e-08  0.00000000e+00  0.00000000e+00  1.30528846e-09 
 2.79738252e-08  0.00000000e+00  0.00000000e+00  1.30528846e-09 
 2.79938252e-08  0.00000000e+00  0.00000000e+00  1.30528846e-09 
 2.80138252e-08  0.00000000e+00  0.00000000e+00  1.30528846e-09 
 2.80338252e-08  0.00000000e+00  0.00000000e+00  1.30528846e-09 
 2.80538252e-08  0.00000000e+00  0.00000000e+00  1.30528846e-09 
 2.80738252e-08  0.00000000e+00  0.00000000e+00  1.30528846e-09 
 2.80938252e-08  0.00000000e+00  0.00000000e+00  1.30528846e-09 
 2.81138252e-08  0.00000000e+00  0.00000000e+00  1.30528846e-09 
 2.81338252e-08  0.00000000e+00  0.00000000e+00  1.30528846e-09 
 2.81538252e-08  0.00000000e+00  0.00000000e+00  1.30528846e-09 
 2.81738252e-08  0.00000000e+00  0.00000000e+00  1.30528846e-09 
 2.81938252e-08  0.00000000e+00  0.00000000e+00  1.30528846e-09 
 2.82138252e-08  0.00000000e+00  0.00000000e+00  1.30528846e-09 
 2.82338252e-08  0.00000000e+00  0.00000000e+00  1.30528846e-09 
 2.82538252e-08  0.00000000e+00  0.00000000e+00  1.30528846e-09 
 2.82738252e-08  0.00000000e+00  0.00000000e+00  1.30528846e-09 
 2.82938252e-08  0.00000000e+00  0.00000000e+00  1.30528846e-09 
 2.83138252e-08  0.00000000e+00  0.00000000e+00  1.30528846e-09 
 2.83338252e-08  0.00000000e+00  0.00000000e+00  1.30528846e-09 
 2.83538252e-08  0.00000000e+00  0.00000000e+00  1.30528846e-09 
 2.83738252e-08  0.00000000e+00  0.00000000e+00  1.30528846e-09 
 2.83938252e-08  0.00000000e+00  0.00000000e+00  1.30528846e-09 
 2.84138252e-08  0.00000000e+00  0.00000000e+00  1.30528846e-09 
 2.84338252e-08  0.00000000e+00  0.00000000e+00  1.30528846e-09 
 2.84538252e-08  0.00000000e+00  0.00000000e+00  1.30528846e-09 
 2.84738252e-08  0.00000000e+00  0.00000000e+00  1.30528846e-09 
 2.84938252e-08  0.00000000e+00  0.00000000e+00  1.30528846e-09 
 2.85138252e-08  0.00000000e+00  0.00000000e+00  1.30528846e-09 
 2.85338252e-08  0.00000000e+00  0.00000000e+00  1.30528846e-09 
 2.85538252e-08  0.00000000e+00  0.00000000e+00  1.30528846e-09 
 2.85738252e-08  0.00000000e+00  0.00000000e+00  1.30528846e-09 
 2.85938252e-08  0.00000000e+00  0.00000000e+00  1.30528846e-09 
 2.86138252e-08  0.00000000e+00  0.00000000e+00  1.30528846e-09 
 2.86338252e-08  0.00000000e+00  0.00000000e+00  1.30528846e-09 
 2.86538252e-08  0.00000000e+00  0.00000000e+00  1.30528846e-09 
 2.86738252e-08  0.00000000e+00  0.00000000e+00  1.30528846e-09 
 2.86938252e-08  0.00000000e+00  0.00000000e+00  1.30528846e-09 
 2.87138252e-08  0.00000000e+00  0.00000000e+00  1.30528846e-09 
 2.87338252e-08  0.00000000e+00  0.00000000e+00  1.30528846e-09 
 2.87538252e-08  0.00000000e+00  0.00000000e+00  1.30528846e-09 
 2.87738252e-08  0.00000000e+00  0.00000000e+00  1.30528846e-09 
 2.87938252e-08  0.00000000e+00  0.00000000e+00  1.30528846e-09 
 2.88138252e-08  0.00000000e+00  0.00000000e+00  1.30528846e-09 
 2.88338252e-08  0.00000000e+00  0.00000000e+00  1.30528846e-09 
 2.88538252e-08  0.00000000e+00  0.00000000e+00  1.30528846e-09 
 2.88738252e-08  0.00000000e+00  0.00000000e+00  1.30528846e-09 
 2.88938252e-08  0.00000000e+00  0.00000000e+00  1.30528846e-09 
 2.89138252e-08  0.00000000e+00  0.00000000e+00  1.30528846e-09 
 2.89338252e-08  0.00000000e+00  0.00000000e+00  1.30528846e-09 
 2.89538252e-08  0.00000000e+00  0.00000000e+00  1.30528846e-09 
 2.89738252e-08  0.00000000e+00  0.00000000e+00  1.30528846e-09 
 2.89938252e-08  0.00000000e+00  0.00000000e+00  1.30528846e-09 
 2.90138252e-08  0.00000000e+00  0.00000000e+00  1.30528846e-09 
 2.90338252e-08  0.00000000e+00  0.00000000e+00  1.30528846e-09 
 2.90538252e-08  0.00000000e+00  0.00000000e+00  1.30528846e-09 
 2.90738252e-08  0.00000000e+00  0.00000000e+00  1.30528846e-09 
 2.90938252e-08  0.00000000e+00  0.00000000e+00  1.30528846e-09 
 2.91138252e-08  0.00000000e+00  0.00000000e+00  1.30528846e-09 
 2.91338252e-08  0.00000000e+00  0.00000000e+00  1.30528846e-09 
 2.91538252e-08  0.00000000e+00  0.00000000e+00  1.30528846e-09 
 2.91738252e-08  0.00000000e+00  0.00000000e+00  1.30528846e-09 
 2.91938252e-08  0.00000000e+00  0.00000000e+00  1.30528846e-09 
 2.92138252e-08  0.00000000e+00  0.00000000e+00  1.30528846e-09 
 2.92338252e-08  0.00000000e+00  0.00000000e+00  1.30528846e-09 
 2.92538252e-08  0.00000000e+00  0.00000000e+00  1.30528846e-09 
 2.92738252e-08  0.00000000e+00  0.00000000e+00  1.30528846e-09 
 2.92938252e-08  0.00000000e+00  0.00000000e+00  1.30528846e-09 
 2.93138252e-08  0.00000000e+00  0.00000000e+00  1.30528846e-09 
 2.93338252e-08  0.00000000e+00  0.00000000e+00  1.30528846e-09 
 2.93538252e-08  0.00000000e+00  0.00000000e+00  1.30528846e-09 
 2.93738252e-08  0.00000000e+00  0.00000000e+00  1.30528846e-09 
 2.93938252e-08  0.00000000e+00  0.00000000e+00  1.30528846e-09 
 2.94138252e-08  0.00000000e+00  0.00000000e+00  1.30528846e-09 
 2.94338252e-08  0.00000000e+00  0.00000000e+00  1.30528846e-09 
 2.94538252e-08  0.00000000e+00  0.00000000e+00  1.30528846e-09 
 2.94738252e-08  0.00000000e+00  0.00000000e+00  1.30528846e-09 
 2.94938252e-08  0.00000000e+00  0.00000000e+00  1.30528846e-09 
 2.95138252e-08  0.00000000e+00  0.00000000e+00  1.30528846e-09 
 2.95338252e-08  0.00000000e+00  0.00000000e+00  1.30528846e-09 
 2.95538252e-08  0.00000000e+00  0.00000000e+00  1.30528846e-09 
 2.95738252e-08  0.00000000e+00  0.00000000e+00  1.30528846e-09 
 2.95938252e-08  0.00000000e+00  0.00000000e+00  1.30528846e-09 
 2.96138252e-08  0.00000000e+00  0.00000000e+00  1.30528846e-09 
 2.96338252e-08  0.00000000e+00  0.00000000e+00  1.30528846e-09 
 2.96538252e-08  0.00000000e+00  0.00000000e+00  1.30528846e-09 
 2.96738252e-08  0.00000000e+00  0.00000000e+00  1.30528846e-09 
 2.96938252e-08  0.00000000e+00  0.00000000e+00  1.30528846e-09 
 2.97138252e-08  0.00000000e+00  0.00000000e+00  1.30528846e-09 
 2.97338252e-08  0.00000000e+00  0.00000000e+00  1.30528846e-09 
 2.97538252e-08  0.00000000e+00  0.00000000e+00  1.30528846e-09 
 2.97738252e-08  0.00000000e+00  0.00000000e+00  1.30528846e-09 
 2.97938252e-08  0.00000000e+00  0.00000000e+00  1.30528846e-09 
 2.98138252e-08  0.00000000e+00  0.00000000e+00  1.30528846e-09 
 2.98338252e-08  0.00000000e+00  0.00000000e+00  1.30528846e-09 
 2.98538252e-08  0.00000000e+00  0.00000000e+00  1.30528846e-09 
 2.98738252e-08  0.00000000e+00  0.00000000e+00  1.30528846e-09 
 2.98938252e-08  0.00000000e+00  0.00000000e+00  1.30528846e-09 
 2.99138252e-08  0.00000000e+00  0.00000000e+00  1.30528846e-09 
 2.99338252e-08  0.00000000e+00  0.00000000e+00  1.30528846e-09 
 2.99538252e-08  0.00000000e+00  0.00000000e+00  1.30528846e-09 
 2.99738252e-08  0.00000000e+00  0.00000000e+00  1.30528846e-09 
 2.99938252e-08  0.00000000e+00  0.00000000e+00  1.30528846e-09 
 3.00138252e-08  0.00000000e+00  0.00000000e+00  1.30528846e-09 
 3.00338252e-08  0.00000000e+00  0.00000000e+00  1.30528846e-09 
 3.00538252e-08  0.00000000e+00  0.00000000e+00  1.30528846e-09 
 3.00738252e-08  0.00000000e+00  0.00000000e+00  1.30528846e-09 
 3.00938252e-08  0.00000000e+00  0.00000000e+00  1.30528846e-09 
 3.01138252e-08  0.00000000e+00  0.00000000e+00  1.30528846e-09 
 3.01338252e-08  0.00000000e+00  0.00000000e+00  1.30528846e-09 
 3.01538252e-08  0.00000000e+00  0.00000000e+00  1.30528846e-09 
 3.01738252e-08  0.00000000e+00  0.00000000e+00  1.30528846e-09 
 3.01938252e-08  0.00000000e+00  0.00000000e+00  1.30528846e-09 
 3.02138252e-08  0.00000000e+00  0.00000000e+00  1.30528846e-09 
 3.02338252e-08  0.00000000e+00  0.00000000e+00  1.30528846e-09 
 3.02538252e-08  0.00000000e+00  0.00000000e+00  1.30528846e-09 
 3.02738252e-08  0.00000000e+00  0.00000000e+00  1.30528846e-09 
 3.02938252e-08  0.00000000e+00  0.00000000e+00  1.30528846e-09 
 3.03138252e-08  0.00000000e+00  0.00000000e+00  1.30528846e-09 
 3.03338252e-08  0.00000000e+00  0.00000000e+00  1.30528846e-09 
 3.03538252e-08  0.00000000e+00  0.00000000e+00  1.30528846e-09 
 3.03738252e-08  0.00000000e+00  0.00000000e+00  1.30528846e-09 
 3.03938252e-08  0.00000000e+00  0.00000000e+00  1.30528846e-09 
 3.04138252e-08  0.00000000e+00  0.00000000e+00  1.30528846e-09 
 3.04338252e-08  0.00000000e+00  0.00000000e+00  1.30528846e-09 
 3.04538252e-08  0.00000000e+00  0.00000000e+00  1.30528846e-09 
 3.04738252e-08  0.00000000e+00  0.00000000e+00  1.30528846e-09 
 3.04938252e-08  0.00000000e+00  0.00000000e+00  1.30528846e-09 
 3.05000000e-08  0.00000000e+00  0.00000000e+00  1.30528846e-09 
 3.05020000e-08  2.40000000e-02  0.00000000e+00  1.30528846e-09 
 3.05060000e-08  7.20000000e-02  0.00000000e+00  1.30528846e-09 
 3.05140000e-08  1.68000000e-01  0.00000000e+00  1.30528846e-09 
 3.05300000e-08  3.60000000e-01  0.00000000e+00  1.30528846e-09 
 3.05500000e-08  6.00000000e-01  0.00000000e+00  1.30528846e-09 
 3.05700000e-08  8.40000000e-01  0.00000000e+00  1.30528846e-09 
 3.05900000e-08  1.08000000e+00  0.00000000e+00  1.30528846e-09 
 3.06100000e-08  1.32000000e+00  0.00000000e+00  1.30528846e-09 
 3.06300000e-08  1.56000000e+00  0.00000000e+00  1.30528846e-09 
 3.06500000e-08  1.80000000e+00  0.00000000e+00  1.30528846e-09 
 3.06520000e-08  1.80000000e+00  0.00000000e+00  1.30528846e-09 
 3.06560000e-08  1.80000000e+00  0.00000000e+00  1.30528846e-09 
 3.06640000e-08  1.80000000e+00  0.00000000e+00  1.30528846e-09 
 3.06800000e-08  1.80000000e+00  0.00000000e+00  1.30528846e-09 
 3.07000000e-08  1.80000000e+00  0.00000000e+00  1.30528846e-09 
 3.07200000e-08  1.80000000e+00  0.00000000e+00  1.30528846e-09 
 3.07400000e-08  1.80000000e+00  0.00000000e+00  1.30528846e-09 
 3.07600000e-08  1.80000000e+00  0.00000000e+00  1.30528846e-09 
 3.07800000e-08  1.80000000e+00  0.00000000e+00  1.30528846e-09 
 3.08000000e-08  1.80000000e+00  0.00000000e+00  1.30528846e-09 
 3.08200000e-08  1.80000000e+00  0.00000000e+00  1.30528846e-09 
 3.08400000e-08  1.80000000e+00  0.00000000e+00  1.30528846e-09 
 3.08600000e-08  1.80000000e+00  0.00000000e+00  1.30528846e-09 
 3.08800000e-08  1.80000000e+00  0.00000000e+00  1.30528846e-09 
 3.09000000e-08  1.80000000e+00  0.00000000e+00  1.30528846e-09 
 3.09200000e-08  1.80000000e+00  0.00000000e+00  1.30528846e-09 
 3.09400000e-08  1.80000000e+00  0.00000000e+00  1.30528846e-09 
 3.09600000e-08  1.80000000e+00  0.00000000e+00  1.30528846e-09 
 3.09800000e-08  1.80000000e+00  0.00000000e+00  1.30528846e-09 
 3.10000000e-08  1.80000000e+00  0.00000000e+00  1.30528846e-09 
 3.10200000e-08  1.80000000e+00  0.00000000e+00  1.30528846e-09 
 3.10400000e-08  1.80000000e+00  0.00000000e+00  1.30528846e-09 
 3.10600000e-08  1.80000000e+00  0.00000000e+00  1.30528846e-09 
 3.10800000e-08  1.80000000e+00  0.00000000e+00  1.30528846e-09 
 3.11000000e-08  1.80000000e+00  0.00000000e+00  1.30528846e-09 
 3.11200000e-08  1.80000000e+00  0.00000000e+00  1.30528846e-09 
 3.11400000e-08  1.80000000e+00  0.00000000e+00  1.30528846e-09 
 3.11600000e-08  1.80000000e+00  0.00000000e+00  1.30528846e-09 
 3.11800000e-08  1.80000000e+00  0.00000000e+00  1.30528846e-09 
 3.12000000e-08  1.80000000e+00  0.00000000e+00  1.30528846e-09 
 3.12200000e-08  1.80000000e+00  0.00000000e+00  1.30528846e-09 
 3.12400000e-08  1.80000000e+00  0.00000000e+00  1.30528846e-09 
 3.12600000e-08  1.80000000e+00  0.00000000e+00  1.30528846e-09 
 3.12800000e-08  1.80000000e+00  0.00000000e+00  1.30528846e-09 
 3.13000000e-08  1.80000000e+00  0.00000000e+00  1.30528846e-09 
 3.13200000e-08  1.80000000e+00  0.00000000e+00  1.30528846e-09 
 3.13400000e-08  1.80000000e+00  0.00000000e+00  1.30528846e-09 
 3.13600000e-08  1.80000000e+00  0.00000000e+00  1.30528846e-09 
 3.13800000e-08  1.80000000e+00  0.00000000e+00  1.30528846e-09 
 3.14000000e-08  1.80000000e+00  0.00000000e+00  1.30528846e-09 
 3.14200000e-08  1.80000000e+00  0.00000000e+00  1.30528846e-09 
 3.14400000e-08  1.80000000e+00  0.00000000e+00  1.30528846e-09 
 3.14600000e-08  1.80000000e+00  0.00000000e+00  1.30528846e-09 
 3.14800000e-08  1.80000000e+00  0.00000000e+00  1.30528846e-09 
 3.15000000e-08  1.80000000e+00  0.00000000e+00  1.30528846e-09 
 3.15200000e-08  1.80000000e+00  0.00000000e+00  1.30528846e-09 
 3.15400000e-08  1.80000000e+00  0.00000000e+00  1.30528846e-09 
 3.15600000e-08  1.80000000e+00  0.00000000e+00  1.30528846e-09 
 3.15800000e-08  1.80000000e+00  0.00000000e+00  1.30528846e-09 
 3.16000000e-08  1.80000000e+00  0.00000000e+00  1.30528846e-09 
 3.16200000e-08  1.80000000e+00  0.00000000e+00  1.30528846e-09 
 3.16400000e-08  1.80000000e+00  0.00000000e+00  1.30528846e-09 
 3.16600000e-08  1.80000000e+00  0.00000000e+00  1.30528846e-09 
 3.16800000e-08  1.80000000e+00  0.00000000e+00  1.30528846e-09 
 3.17000000e-08  1.80000000e+00  0.00000000e+00  1.30528846e-09 
 3.17200000e-08  1.80000000e+00  0.00000000e+00  1.30528846e-09 
 3.17400000e-08  1.80000000e+00  0.00000000e+00  1.30528846e-09 
 3.17600000e-08  1.80000000e+00  0.00000000e+00  1.30528846e-09 
 3.17800000e-08  1.80000000e+00  0.00000000e+00  1.30528846e-09 
 3.18000000e-08  1.80000000e+00  0.00000000e+00  1.30528846e-09 
 3.18200000e-08  1.80000000e+00  0.00000000e+00  1.30528846e-09 
 3.18400000e-08  1.80000000e+00  0.00000000e+00  1.30528846e-09 
 3.18600000e-08  1.80000000e+00  0.00000000e+00  1.30528846e-09 
 3.18800000e-08  1.80000000e+00  0.00000000e+00  1.30528846e-09 
 3.19000000e-08  1.80000000e+00  0.00000000e+00  1.30528846e-09 
 3.19200000e-08  1.80000000e+00  0.00000000e+00  1.30528846e-09 
 3.19400000e-08  1.80000000e+00  0.00000000e+00  1.30528846e-09 
 3.19600000e-08  1.80000000e+00  0.00000000e+00  1.30528846e-09 
 3.19800000e-08  1.80000000e+00  0.00000000e+00  1.30528846e-09 
 3.20000000e-08  1.80000000e+00  0.00000000e+00  1.30528846e-09 
 3.20200000e-08  1.80000000e+00  0.00000000e+00  1.30528846e-09 
 3.20400000e-08  1.80000000e+00  0.00000000e+00  1.30528846e-09 
 3.20600000e-08  1.80000000e+00  0.00000000e+00  1.30528846e-09 
 3.20800000e-08  1.80000000e+00  0.00000000e+00  1.30528846e-09 
 3.21000000e-08  1.80000000e+00  0.00000000e+00  1.30528846e-09 
 3.21200000e-08  1.80000000e+00  0.00000000e+00  1.30528846e-09 
 3.21400000e-08  1.80000000e+00  0.00000000e+00  1.30528846e-09 
 3.21600000e-08  1.80000000e+00  0.00000000e+00  1.30528846e-09 
 3.21800000e-08  1.80000000e+00  0.00000000e+00  1.30528846e-09 
 3.22000000e-08  1.80000000e+00  0.00000000e+00  1.30528846e-09 
 3.22200000e-08  1.80000000e+00  0.00000000e+00  1.30528846e-09 
 3.22400000e-08  1.80000000e+00  0.00000000e+00  1.30528846e-09 
 3.22600000e-08  1.80000000e+00  0.00000000e+00  1.30528846e-09 
 3.22800000e-08  1.80000000e+00  0.00000000e+00  1.30528846e-09 
 3.23000000e-08  1.80000000e+00  0.00000000e+00  1.30528846e-09 
 3.23200000e-08  1.80000000e+00  0.00000000e+00  1.30528846e-09 
 3.23400000e-08  1.80000000e+00  0.00000000e+00  1.30528846e-09 
 3.23600000e-08  1.80000000e+00  0.00000000e+00  1.30528846e-09 
 3.23800000e-08  1.80000000e+00  0.00000000e+00  1.30528846e-09 
 3.24000000e-08  1.80000000e+00  0.00000000e+00  1.30528846e-09 
 3.24200000e-08  1.80000000e+00  0.00000000e+00  1.30528846e-09 
 3.24400000e-08  1.80000000e+00  0.00000000e+00  1.30528846e-09 
 3.24600000e-08  1.80000000e+00  0.00000000e+00  1.30528846e-09 
 3.24800000e-08  1.80000000e+00  0.00000000e+00  1.30528846e-09 
 3.25000000e-08  1.80000000e+00  0.00000000e+00  1.30528846e-09 
 3.25200000e-08  1.80000000e+00  0.00000000e+00  1.30528846e-09 
 3.25400000e-08  1.80000000e+00  0.00000000e+00  1.30528846e-09 
 3.25600000e-08  1.80000000e+00  0.00000000e+00  1.30528846e-09 
 3.25800000e-08  1.80000000e+00  0.00000000e+00  1.30528846e-09 
 3.26000000e-08  1.80000000e+00  0.00000000e+00  1.30528846e-09 
 3.26200000e-08  1.80000000e+00  0.00000000e+00  1.30528846e-09 
 3.26400000e-08  1.80000000e+00  0.00000000e+00  1.30528846e-09 
 3.26600000e-08  1.80000000e+00  0.00000000e+00  1.30528846e-09 
 3.26800000e-08  1.80000000e+00  0.00000000e+00  1.30528846e-09 
 3.27000000e-08  1.80000000e+00  0.00000000e+00  1.30528846e-09 
 3.27200000e-08  1.80000000e+00  0.00000000e+00  1.30528846e-09 
 3.27400000e-08  1.80000000e+00  0.00000000e+00  1.30528846e-09 
 3.27600000e-08  1.80000000e+00  0.00000000e+00  1.30528846e-09 
 3.27800000e-08  1.80000000e+00  0.00000000e+00  1.30528846e-09 
 3.28000000e-08  1.80000000e+00  0.00000000e+00  1.30528846e-09 
 3.28200000e-08  1.80000000e+00  0.00000000e+00  1.30528846e-09 
 3.28400000e-08  1.80000000e+00  0.00000000e+00  1.30528846e-09 
 3.28600000e-08  1.80000000e+00  0.00000000e+00  1.30528846e-09 
 3.28800000e-08  1.80000000e+00  0.00000000e+00  1.30528846e-09 
 3.29000000e-08  1.80000000e+00  0.00000000e+00  1.30528846e-09 
 3.29200000e-08  1.80000000e+00  0.00000000e+00  1.30528846e-09 
 3.29400000e-08  1.80000000e+00  0.00000000e+00  1.30528846e-09 
 3.29600000e-08  1.80000000e+00  0.00000000e+00  1.30528846e-09 
 3.29800000e-08  1.80000000e+00  0.00000000e+00  1.30528846e-09 
 3.30000000e-08  1.80000000e+00  0.00000000e+00  1.30528846e-09 
 3.30200000e-08  1.80000000e+00  0.00000000e+00  1.30528846e-09 
 3.30400000e-08  1.80000000e+00  0.00000000e+00  1.30528846e-09 
 3.30600000e-08  1.80000000e+00  0.00000000e+00  1.30528846e-09 
 3.30800000e-08  1.80000000e+00  0.00000000e+00  1.30528846e-09 
 3.31000000e-08  1.80000000e+00  0.00000000e+00  1.30528846e-09 
 3.31200000e-08  1.80000000e+00  0.00000000e+00  1.30528846e-09 
 3.31400000e-08  1.80000000e+00  0.00000000e+00  1.30528846e-09 
 3.31600000e-08  1.80000000e+00  0.00000000e+00  1.30528846e-09 
 3.31800000e-08  1.80000000e+00  0.00000000e+00  1.30528846e-09 
 3.32000000e-08  1.80000000e+00  0.00000000e+00  1.30528846e-09 
 3.32200000e-08  1.80000000e+00  0.00000000e+00  1.30528846e-09 
 3.32400000e-08  1.80000000e+00  0.00000000e+00  1.30528846e-09 
 3.32600000e-08  1.80000000e+00  0.00000000e+00  1.30528846e-09 
 3.32800000e-08  1.80000000e+00  0.00000000e+00  1.30528846e-09 
 3.33000000e-08  1.80000000e+00  0.00000000e+00  1.30528846e-09 
 3.33200000e-08  1.80000000e+00  0.00000000e+00  1.30528846e-09 
 3.33400000e-08  1.80000000e+00  0.00000000e+00  1.30528846e-09 
 3.33600000e-08  1.80000000e+00  0.00000000e+00  1.30528846e-09 
 3.33800000e-08  1.80000000e+00  0.00000000e+00  1.30528846e-09 
 3.34000000e-08  1.80000000e+00  0.00000000e+00  1.30528846e-09 
 3.34200000e-08  1.80000000e+00  0.00000000e+00  1.30528846e-09 
 3.34400000e-08  1.80000000e+00  0.00000000e+00  1.30528846e-09 
 3.34600000e-08  1.80000000e+00  0.00000000e+00  1.30528846e-09 
 3.34800000e-08  1.80000000e+00  0.00000000e+00  1.30528846e-09 
 3.35000000e-08  1.80000000e+00  0.00000000e+00  1.30528846e-09 
 3.35200000e-08  1.80000000e+00  0.00000000e+00  1.30528846e-09 
 3.35400000e-08  1.80000000e+00  0.00000000e+00  1.30528846e-09 
 3.35600000e-08  1.80000000e+00  0.00000000e+00  1.30528846e-09 
 3.35800000e-08  1.80000000e+00  0.00000000e+00  1.30528846e-09 
 3.36000000e-08  1.80000000e+00  0.00000000e+00  1.30528846e-09 
 3.36200000e-08  1.80000000e+00  0.00000000e+00  1.30528846e-09 
 3.36400000e-08  1.80000000e+00  0.00000000e+00  1.30528846e-09 
 3.36600000e-08  1.80000000e+00  0.00000000e+00  1.30528846e-09 
 3.36800000e-08  1.80000000e+00  0.00000000e+00  1.30528846e-09 
 3.37000000e-08  1.80000000e+00  0.00000000e+00  1.30528846e-09 
 3.37200000e-08  1.80000000e+00  0.00000000e+00  1.30528846e-09 
 3.37400000e-08  1.80000000e+00  0.00000000e+00  1.30528846e-09 
 3.37600000e-08  1.80000000e+00  0.00000000e+00  1.30528846e-09 
 3.37800000e-08  1.80000000e+00  0.00000000e+00  1.30528846e-09 
 3.38000000e-08  1.80000000e+00  0.00000000e+00  1.30528846e-09 
 3.38200000e-08  1.80000000e+00  0.00000000e+00  1.30528846e-09 
 3.38400000e-08  1.80000000e+00  0.00000000e+00  1.30528846e-09 
 3.38600000e-08  1.80000000e+00  0.00000000e+00  1.30528846e-09 
 3.38800000e-08  1.80000000e+00  0.00000000e+00  1.30528846e-09 
 3.39000000e-08  1.80000000e+00  0.00000000e+00  1.30528846e-09 
 3.39200000e-08  1.80000000e+00  0.00000000e+00  1.30528846e-09 
 3.39400000e-08  1.80000000e+00  0.00000000e+00  1.30528846e-09 
 3.39600000e-08  1.80000000e+00  0.00000000e+00  1.30528846e-09 
 3.39800000e-08  1.80000000e+00  0.00000000e+00  1.30528846e-09 
 3.40000000e-08  1.80000000e+00  0.00000000e+00  1.30528846e-09 
 3.40200000e-08  1.80000000e+00  0.00000000e+00  1.30528846e-09 
 3.40400000e-08  1.80000000e+00  0.00000000e+00  1.30528846e-09 
 3.40600000e-08  1.80000000e+00  0.00000000e+00  1.30528846e-09 
 3.40800000e-08  1.80000000e+00  0.00000000e+00  1.30528846e-09 
 3.41000000e-08  1.80000000e+00  0.00000000e+00  1.30528846e-09 
 3.41200000e-08  1.80000000e+00  0.00000000e+00  1.30528846e-09 
 3.41400000e-08  1.80000000e+00  0.00000000e+00  1.30528846e-09 
 3.41600000e-08  1.80000000e+00  0.00000000e+00  1.30528846e-09 
 3.41800000e-08  1.80000000e+00  0.00000000e+00  1.30528846e-09 
 3.42000000e-08  1.80000000e+00  0.00000000e+00  1.30528846e-09 
 3.42200000e-08  1.80000000e+00  0.00000000e+00  1.30528846e-09 
 3.42400000e-08  1.80000000e+00  0.00000000e+00  1.30528846e-09 
 3.42600000e-08  1.80000000e+00  0.00000000e+00  1.30528846e-09 
 3.42800000e-08  1.80000000e+00  0.00000000e+00  1.30528846e-09 
 3.43000000e-08  1.80000000e+00  0.00000000e+00  1.30528846e-09 
 3.43200000e-08  1.80000000e+00  0.00000000e+00  1.30528846e-09 
 3.43400000e-08  1.80000000e+00  0.00000000e+00  1.30528846e-09 
 3.43600000e-08  1.80000000e+00  0.00000000e+00  1.30528846e-09 
 3.43800000e-08  1.80000000e+00  0.00000000e+00  1.30528846e-09 
 3.44000000e-08  1.80000000e+00  0.00000000e+00  1.30528846e-09 
 3.44200000e-08  1.80000000e+00  0.00000000e+00  1.30528846e-09 
 3.44400000e-08  1.80000000e+00  0.00000000e+00  1.30528846e-09 
 3.44600000e-08  1.80000000e+00  0.00000000e+00  1.30528846e-09 
 3.44800000e-08  1.80000000e+00  0.00000000e+00  1.30528846e-09 
 3.45000000e-08  1.80000000e+00  0.00000000e+00  1.30528846e-09 
 3.45200000e-08  1.80000000e+00  0.00000000e+00  1.30528846e-09 
 3.45400000e-08  1.80000000e+00  0.00000000e+00  1.30528846e-09 
 3.45600000e-08  1.80000000e+00  0.00000000e+00  1.30528846e-09 
 3.45800000e-08  1.80000000e+00  0.00000000e+00  1.30528846e-09 
 3.46000000e-08  1.80000000e+00  0.00000000e+00  1.30528846e-09 
 3.46200000e-08  1.80000000e+00  0.00000000e+00  1.30528846e-09 
 3.46400000e-08  1.80000000e+00  0.00000000e+00  1.30528846e-09 
 3.46600000e-08  1.80000000e+00  0.00000000e+00  1.30528846e-09 
 3.46800000e-08  1.80000000e+00  0.00000000e+00  1.30528846e-09 
 3.47000000e-08  1.80000000e+00  0.00000000e+00  1.30528846e-09 
 3.47200000e-08  1.80000000e+00  0.00000000e+00  1.30528846e-09 
 3.47400000e-08  1.80000000e+00  0.00000000e+00  1.30528846e-09 
 3.47600000e-08  1.80000000e+00  0.00000000e+00  1.30528846e-09 
 3.47800000e-08  1.80000000e+00  0.00000000e+00  1.30528846e-09 
 3.48000000e-08  1.80000000e+00  0.00000000e+00  1.30528846e-09 
 3.48200000e-08  1.80000000e+00  0.00000000e+00  1.30528846e-09 
 3.48400000e-08  1.80000000e+00  0.00000000e+00  1.30528846e-09 
 3.48600000e-08  1.80000000e+00  0.00000000e+00  1.30528846e-09 
 3.48800000e-08  1.80000000e+00  0.00000000e+00  1.30528846e-09 
 3.49000000e-08  1.80000000e+00  0.00000000e+00  1.30528846e-09 
 3.49200000e-08  1.80000000e+00  0.00000000e+00  1.30528846e-09 
 3.49400000e-08  1.80000000e+00  0.00000000e+00  1.30528846e-09 
 3.49600000e-08  1.80000000e+00  0.00000000e+00  1.30528846e-09 
 3.49800000e-08  1.80000000e+00  0.00000000e+00  1.30528846e-09 
 3.50000000e-08  1.80000000e+00  0.00000000e+00  1.30528846e-09 
 3.50200000e-08  1.80000000e+00  0.00000000e+00  1.30528846e-09 
 3.50400000e-08  1.80000000e+00  0.00000000e+00  1.30528846e-09 
 3.50600000e-08  1.80000000e+00  0.00000000e+00  1.30528846e-09 
 3.50800000e-08  1.80000000e+00  0.00000000e+00  1.30528846e-09 
 3.51000000e-08  1.80000000e+00  0.00000000e+00  1.30528846e-09 
 3.51200000e-08  1.80000000e+00  0.00000000e+00  1.30528846e-09 
 3.51400000e-08  1.80000000e+00  0.00000000e+00  1.30528846e-09 
 3.51600000e-08  1.80000000e+00  0.00000000e+00  1.30528846e-09 
 3.51800000e-08  1.80000000e+00  0.00000000e+00  1.30528846e-09 
 3.52000000e-08  1.80000000e+00  0.00000000e+00  1.30528846e-09 
 3.52200000e-08  1.80000000e+00  0.00000000e+00  1.30528846e-09 
 3.52400000e-08  1.80000000e+00  0.00000000e+00  1.30528846e-09 
 3.52600000e-08  1.80000000e+00  0.00000000e+00  1.30528846e-09 
 3.52800000e-08  1.80000000e+00  0.00000000e+00  1.30528846e-09 
 3.53000000e-08  1.80000000e+00  0.00000000e+00  1.30528846e-09 
 3.53200000e-08  1.80000000e+00  0.00000000e+00  1.30528846e-09 
 3.53400000e-08  1.80000000e+00  0.00000000e+00  1.30528846e-09 
 3.53600000e-08  1.80000000e+00  0.00000000e+00  1.30528846e-09 
 3.53800000e-08  1.80000000e+00  0.00000000e+00  1.30528846e-09 
 3.54000000e-08  1.80000000e+00  0.00000000e+00  1.30528846e-09 
 3.54200000e-08  1.80000000e+00  0.00000000e+00  1.30528846e-09 
 3.54400000e-08  1.80000000e+00  0.00000000e+00  1.30528846e-09 
 3.54600000e-08  1.80000000e+00  0.00000000e+00  1.30528846e-09 
 3.54800000e-08  1.80000000e+00  0.00000000e+00  1.30528846e-09 
 3.55000000e-08  1.80000000e+00  0.00000000e+00  1.30528846e-09 
 3.55020000e-08  1.77600000e+00  0.00000000e+00  1.30528846e-09 
 3.55060000e-08  1.72800000e+00  0.00000000e+00  1.30528846e-09 
 3.55140000e-08  1.63200000e+00  0.00000000e+00  1.30528846e-09 
 3.55300000e-08  1.44000000e+00  0.00000000e+00  1.30528846e-09 
 3.55500000e-08  1.20000000e+00  0.00000000e+00  1.30528846e-09 
 3.55700000e-08  9.60000000e-01  0.00000000e+00  1.30528846e-09 
 3.55900000e-08  7.20000000e-01  0.00000000e+00  1.30528846e-09 
 3.56100000e-08  4.80000000e-01  0.00000000e+00  1.30528846e-09 
 3.56300000e-08  2.40000000e-01  0.00000000e+00  1.30528846e-09 
 3.56500000e-08  3.35287353e-14  0.00000000e+00  1.30528846e-09 
 3.56520000e-08  0.00000000e+00  0.00000000e+00  1.30528846e-09 
 3.56560000e-08  0.00000000e+00  0.00000000e+00  1.30528846e-09 
 3.56640000e-08  0.00000000e+00  0.00000000e+00  1.30528846e-09 
 3.56800000e-08  0.00000000e+00  0.00000000e+00  1.30528846e-09 
 3.57000000e-08  0.00000000e+00  0.00000000e+00  1.30528846e-09 
 3.57200000e-08  0.00000000e+00  0.00000000e+00  1.30528846e-09 
 3.57400000e-08  0.00000000e+00  0.00000000e+00  1.30528846e-09 
 3.57600000e-08  0.00000000e+00  0.00000000e+00  1.30528846e-09 
 3.57800000e-08  0.00000000e+00  0.00000000e+00  1.30528846e-09 
 3.58000000e-08  0.00000000e+00  0.00000000e+00  1.30528846e-09 
 3.58200000e-08  0.00000000e+00  0.00000000e+00  1.30528846e-09 
 3.58400000e-08  0.00000000e+00  0.00000000e+00  1.30528846e-09 
 3.58600000e-08  0.00000000e+00  0.00000000e+00  1.30528846e-09 
 3.58800000e-08  0.00000000e+00  0.00000000e+00  1.30528846e-09 
 3.59000000e-08  0.00000000e+00  0.00000000e+00  1.30528846e-09 
 3.59200000e-08  0.00000000e+00  0.00000000e+00  1.30528846e-09 
 3.59400000e-08  0.00000000e+00  0.00000000e+00  1.30528846e-09 
 3.59600000e-08  0.00000000e+00  0.00000000e+00  1.30528846e-09 
 3.59800000e-08  0.00000000e+00  0.00000000e+00  1.30528846e-09 
 3.60000000e-08  0.00000000e+00  0.00000000e+00  1.30528846e-09 
 3.60200000e-08  0.00000000e+00  0.00000000e+00  1.30528846e-09 
 3.60400000e-08  0.00000000e+00  0.00000000e+00  1.30528846e-09 
 3.60600000e-08  0.00000000e+00  0.00000000e+00  1.30528846e-09 
 3.60800000e-08  0.00000000e+00  0.00000000e+00  1.30528846e-09 
 3.61000000e-08  0.00000000e+00  0.00000000e+00  1.30528846e-09 
 3.61200000e-08  0.00000000e+00  0.00000000e+00  1.30528846e-09 
 3.61400000e-08  0.00000000e+00  0.00000000e+00  1.30528846e-09 
 3.61600000e-08  0.00000000e+00  0.00000000e+00  1.30528846e-09 
 3.61800000e-08  0.00000000e+00  0.00000000e+00  1.30528846e-09 
 3.62000000e-08  0.00000000e+00  0.00000000e+00  1.30528846e-09 
 3.62200000e-08  0.00000000e+00  0.00000000e+00  1.30528846e-09 
 3.62400000e-08  0.00000000e+00  0.00000000e+00  1.30528846e-09 
 3.62600000e-08  0.00000000e+00  0.00000000e+00  1.30528846e-09 
 3.62800000e-08  0.00000000e+00  0.00000000e+00  1.30528846e-09 
 3.63000000e-08  0.00000000e+00  0.00000000e+00  1.30528846e-09 
 3.63200000e-08  0.00000000e+00  0.00000000e+00  1.30528846e-09 
 3.63400000e-08  0.00000000e+00  0.00000000e+00  1.30528846e-09 
 3.63600000e-08  0.00000000e+00  0.00000000e+00  1.30528846e-09 
 3.63800000e-08  0.00000000e+00  0.00000000e+00  1.30528846e-09 
 3.64000000e-08  0.00000000e+00  0.00000000e+00  1.30528846e-09 
 3.64200000e-08  0.00000000e+00  0.00000000e+00  1.30528846e-09 
 3.64400000e-08  0.00000000e+00  0.00000000e+00  1.30528846e-09 
 3.64600000e-08  0.00000000e+00  0.00000000e+00  1.30528846e-09 
 3.64800000e-08  0.00000000e+00  0.00000000e+00  1.30528846e-09 
 3.65000000e-08  0.00000000e+00  0.00000000e+00  1.30528846e-09 
 3.65200000e-08  0.00000000e+00  0.00000000e+00  1.30528846e-09 
 3.65400000e-08  0.00000000e+00  0.00000000e+00  1.30528846e-09 
 3.65600000e-08  0.00000000e+00  0.00000000e+00  1.30528846e-09 
 3.65800000e-08  0.00000000e+00  0.00000000e+00  1.30528846e-09 
 3.66000000e-08  0.00000000e+00  0.00000000e+00  1.30528846e-09 
 3.66200000e-08  0.00000000e+00  0.00000000e+00  1.30528846e-09 
 3.66400000e-08  0.00000000e+00  0.00000000e+00  1.30528846e-09 
 3.66600000e-08  0.00000000e+00  0.00000000e+00  1.30528846e-09 
 3.66800000e-08  0.00000000e+00  0.00000000e+00  1.30528846e-09 
 3.67000000e-08  0.00000000e+00  0.00000000e+00  1.30528846e-09 
 3.67200000e-08  0.00000000e+00  0.00000000e+00  1.30528846e-09 
 3.67400000e-08  0.00000000e+00  0.00000000e+00  1.30528846e-09 
 3.67600000e-08  0.00000000e+00  0.00000000e+00  1.30528846e-09 
 3.67800000e-08  0.00000000e+00  0.00000000e+00  1.30528846e-09 
 3.68000000e-08  0.00000000e+00  0.00000000e+00  1.30528846e-09 
 3.68200000e-08  0.00000000e+00  0.00000000e+00  1.30528846e-09 
 3.68400000e-08  0.00000000e+00  0.00000000e+00  1.30528846e-09 
 3.68600000e-08  0.00000000e+00  0.00000000e+00  1.30528846e-09 
 3.68800000e-08  0.00000000e+00  0.00000000e+00  1.30528846e-09 
 3.69000000e-08  0.00000000e+00  0.00000000e+00  1.30528846e-09 
 3.69200000e-08  0.00000000e+00  0.00000000e+00  1.30528846e-09 
 3.69400000e-08  0.00000000e+00  0.00000000e+00  1.30528846e-09 
 3.69600000e-08  0.00000000e+00  0.00000000e+00  1.30528846e-09 
 3.69800000e-08  0.00000000e+00  0.00000000e+00  1.30528846e-09 
 3.70000000e-08  0.00000000e+00  0.00000000e+00  1.30528846e-09 
 3.70200000e-08  0.00000000e+00  0.00000000e+00  1.30528846e-09 
 3.70400000e-08  0.00000000e+00  0.00000000e+00  1.30528846e-09 
 3.70600000e-08  0.00000000e+00  0.00000000e+00  1.30528846e-09 
 3.70800000e-08  0.00000000e+00  0.00000000e+00  1.30528846e-09 
 3.71000000e-08  0.00000000e+00  0.00000000e+00  1.30528846e-09 
 3.71200000e-08  0.00000000e+00  0.00000000e+00  1.30528846e-09 
 3.71400000e-08  0.00000000e+00  0.00000000e+00  1.30528846e-09 
 3.71600000e-08  0.00000000e+00  0.00000000e+00  1.30528846e-09 
 3.71800000e-08  0.00000000e+00  0.00000000e+00  1.30528846e-09 
 3.72000000e-08  0.00000000e+00  0.00000000e+00  1.30528846e-09 
 3.72200000e-08  0.00000000e+00  0.00000000e+00  1.30528846e-09 
 3.72400000e-08  0.00000000e+00  0.00000000e+00  1.30528846e-09 
 3.72600000e-08  0.00000000e+00  0.00000000e+00  1.30528846e-09 
 3.72800000e-08  0.00000000e+00  0.00000000e+00  1.30528846e-09 
 3.73000000e-08  0.00000000e+00  0.00000000e+00  1.30528846e-09 
 3.73200000e-08  0.00000000e+00  0.00000000e+00  1.30528846e-09 
 3.73400000e-08  0.00000000e+00  0.00000000e+00  1.30528846e-09 
 3.73600000e-08  0.00000000e+00  0.00000000e+00  1.30528846e-09 
 3.73800000e-08  0.00000000e+00  0.00000000e+00  1.30528846e-09 
 3.74000000e-08  0.00000000e+00  0.00000000e+00  1.30528846e-09 
 3.74200000e-08  0.00000000e+00  0.00000000e+00  1.30528846e-09 
 3.74400000e-08  0.00000000e+00  0.00000000e+00  1.30528846e-09 
 3.74600000e-08  0.00000000e+00  0.00000000e+00  1.30528846e-09 
 3.74800000e-08  0.00000000e+00  0.00000000e+00  1.30528846e-09 
 3.75000000e-08  0.00000000e+00  0.00000000e+00  1.30528846e-09 
 3.75200000e-08  0.00000000e+00  0.00000000e+00  1.30528846e-09 
 3.75400000e-08  0.00000000e+00  0.00000000e+00  1.30528846e-09 
 3.75600000e-08  0.00000000e+00  0.00000000e+00  1.30528846e-09 
 3.75800000e-08  0.00000000e+00  0.00000000e+00  1.30528846e-09 
 3.76000000e-08  0.00000000e+00  0.00000000e+00  1.30528846e-09 
 3.76200000e-08  0.00000000e+00  0.00000000e+00  1.30528846e-09 
 3.76400000e-08  0.00000000e+00  0.00000000e+00  1.30528846e-09 
 3.76600000e-08  0.00000000e+00  0.00000000e+00  1.30528846e-09 
 3.76800000e-08  0.00000000e+00  0.00000000e+00  1.30528846e-09 
 3.77000000e-08  0.00000000e+00  0.00000000e+00  1.30528846e-09 
 3.77200000e-08  0.00000000e+00  0.00000000e+00  1.30528846e-09 
 3.77400000e-08  0.00000000e+00  0.00000000e+00  1.30528846e-09 
 3.77600000e-08  0.00000000e+00  0.00000000e+00  1.30528846e-09 
 3.77800000e-08  0.00000000e+00  0.00000000e+00  1.30528846e-09 
 3.78000000e-08  0.00000000e+00  0.00000000e+00  1.30528846e-09 
 3.78200000e-08  0.00000000e+00  0.00000000e+00  1.30528846e-09 
 3.78400000e-08  0.00000000e+00  0.00000000e+00  1.30528846e-09 
 3.78600000e-08  0.00000000e+00  0.00000000e+00  1.30528846e-09 
 3.78800000e-08  0.00000000e+00  0.00000000e+00  1.30528846e-09 
 3.79000000e-08  0.00000000e+00  0.00000000e+00  1.30528846e-09 
 3.79200000e-08  0.00000000e+00  0.00000000e+00  1.30528846e-09 
 3.79400000e-08  0.00000000e+00  0.00000000e+00  1.30528846e-09 
 3.79600000e-08  0.00000000e+00  0.00000000e+00  1.30528846e-09 
 3.79800000e-08  0.00000000e+00  0.00000000e+00  1.30528846e-09 
 3.80000000e-08  0.00000000e+00  0.00000000e+00  1.30528846e-09 
 3.80200000e-08  0.00000000e+00  0.00000000e+00  1.30528846e-09 
 3.80400000e-08  0.00000000e+00  0.00000000e+00  1.30528846e-09 
 3.80600000e-08  0.00000000e+00  0.00000000e+00  1.30528846e-09 
 3.80800000e-08  0.00000000e+00  0.00000000e+00  1.30528846e-09 
 3.81000000e-08  0.00000000e+00  0.00000000e+00  1.30528846e-09 
 3.81200000e-08  0.00000000e+00  0.00000000e+00  1.30528846e-09 
 3.81400000e-08  0.00000000e+00  0.00000000e+00  1.30528846e-09 
 3.81600000e-08  0.00000000e+00  0.00000000e+00  1.30528846e-09 
 3.81800000e-08  0.00000000e+00  0.00000000e+00  1.30528846e-09 
 3.82000000e-08  0.00000000e+00  0.00000000e+00  1.30528846e-09 
 3.82200000e-08  0.00000000e+00  0.00000000e+00  1.30528846e-09 
 3.82400000e-08  0.00000000e+00  0.00000000e+00  1.30528846e-09 
 3.82600000e-08  0.00000000e+00  0.00000000e+00  1.30528846e-09 
 3.82800000e-08  0.00000000e+00  0.00000000e+00  1.30528846e-09 
 3.83000000e-08  0.00000000e+00  0.00000000e+00  1.30528846e-09 
 3.83200000e-08  0.00000000e+00  0.00000000e+00  1.30528846e-09 
 3.83400000e-08  0.00000000e+00  0.00000000e+00  1.30528846e-09 
 3.83600000e-08  0.00000000e+00  0.00000000e+00  1.30528846e-09 
 3.83800000e-08  0.00000000e+00  0.00000000e+00  1.30528846e-09 
 3.84000000e-08  0.00000000e+00  0.00000000e+00  1.30528846e-09 
 3.84200000e-08  0.00000000e+00  0.00000000e+00  1.30528846e-09 
 3.84400000e-08  0.00000000e+00  0.00000000e+00  1.30528846e-09 
 3.84600000e-08  0.00000000e+00  0.00000000e+00  1.30528846e-09 
 3.84800000e-08  0.00000000e+00  0.00000000e+00  1.30528846e-09 
 3.85000000e-08  0.00000000e+00  0.00000000e+00  1.30528846e-09 
 3.85200000e-08  0.00000000e+00  0.00000000e+00  1.30528846e-09 
 3.85400000e-08  0.00000000e+00  0.00000000e+00  1.30528846e-09 
 3.85600000e-08  0.00000000e+00  0.00000000e+00  1.30528846e-09 
 3.85800000e-08  0.00000000e+00  0.00000000e+00  1.30528846e-09 
 3.86000000e-08  0.00000000e+00  0.00000000e+00  1.30528846e-09 
 3.86200000e-08  0.00000000e+00  0.00000000e+00  1.30528846e-09 
 3.86400000e-08  0.00000000e+00  0.00000000e+00  1.30528846e-09 
 3.86600000e-08  0.00000000e+00  0.00000000e+00  1.30528846e-09 
 3.86800000e-08  0.00000000e+00  0.00000000e+00  1.30528846e-09 
 3.87000000e-08  0.00000000e+00  0.00000000e+00  1.30528846e-09 
 3.87200000e-08  0.00000000e+00  0.00000000e+00  1.30528846e-09 
 3.87400000e-08  0.00000000e+00  0.00000000e+00  1.30528846e-09 
 3.87600000e-08  0.00000000e+00  0.00000000e+00  1.30528846e-09 
 3.87800000e-08  0.00000000e+00  0.00000000e+00  1.30528846e-09 
 3.88000000e-08  0.00000000e+00  0.00000000e+00  1.30528846e-09 
 3.88200000e-08  0.00000000e+00  0.00000000e+00  1.30528846e-09 
 3.88400000e-08  0.00000000e+00  0.00000000e+00  1.30528846e-09 
 3.88600000e-08  0.00000000e+00  0.00000000e+00  1.30528846e-09 
 3.88800000e-08  0.00000000e+00  0.00000000e+00  1.30528846e-09 
 3.89000000e-08  0.00000000e+00  0.00000000e+00  1.30528846e-09 
 3.89200000e-08  0.00000000e+00  0.00000000e+00  1.30528846e-09 
 3.89400000e-08  0.00000000e+00  0.00000000e+00  1.30528846e-09 
 3.89600000e-08  0.00000000e+00  0.00000000e+00  1.30528846e-09 
 3.89800000e-08  0.00000000e+00  0.00000000e+00  1.30528846e-09 
 3.90000000e-08  0.00000000e+00  0.00000000e+00  1.30528846e-09 
 3.90200000e-08  0.00000000e+00  0.00000000e+00  1.30528846e-09 
 3.90400000e-08  0.00000000e+00  0.00000000e+00  1.30528846e-09 
 3.90600000e-08  0.00000000e+00  0.00000000e+00  1.30528846e-09 
 3.90800000e-08  0.00000000e+00  0.00000000e+00  1.30528846e-09 
 3.91000000e-08  0.00000000e+00  0.00000000e+00  1.30528846e-09 
 3.91200000e-08  0.00000000e+00  0.00000000e+00  1.30528846e-09 
 3.91400000e-08  0.00000000e+00  0.00000000e+00  1.30528846e-09 
 3.91600000e-08  0.00000000e+00  0.00000000e+00  1.30528846e-09 
 3.91800000e-08  0.00000000e+00  0.00000000e+00  1.30528846e-09 
 3.92000000e-08  0.00000000e+00  0.00000000e+00  1.30528846e-09 
 3.92200000e-08  0.00000000e+00  0.00000000e+00  1.30528846e-09 
 3.92400000e-08  0.00000000e+00  0.00000000e+00  1.30528846e-09 
 3.92600000e-08  0.00000000e+00  0.00000000e+00  1.30528846e-09 
 3.92800000e-08  0.00000000e+00  0.00000000e+00  1.30528846e-09 
 3.93000000e-08  0.00000000e+00  0.00000000e+00  1.30528846e-09 
 3.93200000e-08  0.00000000e+00  0.00000000e+00  1.30528846e-09 
 3.93400000e-08  0.00000000e+00  0.00000000e+00  1.30528846e-09 
 3.93600000e-08  0.00000000e+00  0.00000000e+00  1.30528846e-09 
 3.93800000e-08  0.00000000e+00  0.00000000e+00  1.30528846e-09 
 3.94000000e-08  0.00000000e+00  0.00000000e+00  1.30528846e-09 
 3.94200000e-08  0.00000000e+00  0.00000000e+00  1.30528846e-09 
 3.94400000e-08  0.00000000e+00  0.00000000e+00  1.30528846e-09 
 3.94600000e-08  0.00000000e+00  0.00000000e+00  1.30528846e-09 
 3.94800000e-08  0.00000000e+00  0.00000000e+00  1.30528846e-09 
 3.95000000e-08  0.00000000e+00  0.00000000e+00  1.30528846e-09 
 3.95200000e-08  0.00000000e+00  0.00000000e+00  1.30528846e-09 
 3.95400000e-08  0.00000000e+00  0.00000000e+00  1.30528846e-09 
 3.95600000e-08  0.00000000e+00  0.00000000e+00  1.30528846e-09 
 3.95800000e-08  0.00000000e+00  0.00000000e+00  1.30528846e-09 
 3.96000000e-08  0.00000000e+00  0.00000000e+00  1.30528846e-09 
 3.96200000e-08  0.00000000e+00  0.00000000e+00  1.30528846e-09 
 3.96400000e-08  0.00000000e+00  0.00000000e+00  1.30528846e-09 
 3.96600000e-08  0.00000000e+00  0.00000000e+00  1.30528846e-09 
 3.96800000e-08  0.00000000e+00  0.00000000e+00  1.30528846e-09 
 3.97000000e-08  0.00000000e+00  0.00000000e+00  1.30528846e-09 
 3.97200000e-08  0.00000000e+00  0.00000000e+00  1.30528846e-09 
 3.97400000e-08  0.00000000e+00  0.00000000e+00  1.30528846e-09 
 3.97600000e-08  0.00000000e+00  0.00000000e+00  1.30528846e-09 
 3.97800000e-08  0.00000000e+00  0.00000000e+00  1.30528846e-09 
 3.98000000e-08  0.00000000e+00  0.00000000e+00  1.30528846e-09 
 3.98200000e-08  0.00000000e+00  0.00000000e+00  1.30528846e-09 
 3.98400000e-08  0.00000000e+00  0.00000000e+00  1.30528846e-09 
 3.98600000e-08  0.00000000e+00  0.00000000e+00  1.30528846e-09 
 3.98800000e-08  0.00000000e+00  0.00000000e+00  1.30528846e-09 
 3.99000000e-08  0.00000000e+00  0.00000000e+00  1.30528846e-09 
 3.99200000e-08  0.00000000e+00  0.00000000e+00  1.30528846e-09 
 3.99400000e-08  0.00000000e+00  0.00000000e+00  1.30528846e-09 
 3.99600000e-08  0.00000000e+00  0.00000000e+00  1.30528846e-09 
 3.99800000e-08  0.00000000e+00  0.00000000e+00  1.30528846e-09 
 4.00000000e-08  0.00000000e+00  0.00000000e+00  1.30528846e-09 
 4.00200000e-08  0.00000000e+00  0.00000000e+00  1.30528846e-09 
 4.00400000e-08  0.00000000e+00  0.00000000e+00  1.30528846e-09 
 4.00600000e-08  0.00000000e+00  0.00000000e+00  1.30528846e-09 
 4.00800000e-08  0.00000000e+00  0.00000000e+00  1.30528846e-09 
 4.01000000e-08  0.00000000e+00  0.00000000e+00  1.30528846e-09 
 4.01200000e-08  0.00000000e+00  0.00000000e+00  1.30528846e-09 
 4.01400000e-08  0.00000000e+00  0.00000000e+00  1.30528846e-09 
 4.01600000e-08  0.00000000e+00  0.00000000e+00  1.30528846e-09 
 4.01800000e-08  0.00000000e+00  0.00000000e+00  1.30528846e-09 
 4.02000000e-08  0.00000000e+00  0.00000000e+00  1.30528846e-09 
 4.02200000e-08  0.00000000e+00  0.00000000e+00  1.30528846e-09 
 4.02400000e-08  0.00000000e+00  0.00000000e+00  1.30528846e-09 
 4.02600000e-08  0.00000000e+00  0.00000000e+00  1.30528846e-09 
 4.02800000e-08  0.00000000e+00  0.00000000e+00  1.30528846e-09 
 4.03000000e-08  0.00000000e+00  0.00000000e+00  1.30528846e-09 
 4.03200000e-08  0.00000000e+00  0.00000000e+00  1.30528846e-09 
 4.03400000e-08  0.00000000e+00  0.00000000e+00  1.30528846e-09 
 4.03600000e-08  0.00000000e+00  0.00000000e+00  1.30528846e-09 
 4.03800000e-08  0.00000000e+00  0.00000000e+00  1.30528846e-09 
 4.04000000e-08  0.00000000e+00  0.00000000e+00  1.30528846e-09 
 4.04200000e-08  0.00000000e+00  0.00000000e+00  1.30528846e-09 
 4.04400000e-08  0.00000000e+00  0.00000000e+00  1.30528846e-09 
 4.04600000e-08  0.00000000e+00  0.00000000e+00  1.30528846e-09 
 4.04800000e-08  0.00000000e+00  0.00000000e+00  1.30528846e-09 
 4.05000000e-08  0.00000000e+00  0.00000000e+00  1.30528846e-09 
 4.05020000e-08  2.40000000e-02  0.00000000e+00  1.30528846e-09 
 4.05060000e-08  7.20000000e-02  0.00000000e+00  1.30528846e-09 
 4.05140000e-08  1.68000000e-01  0.00000000e+00  1.30528846e-09 
 4.05300000e-08  3.60000000e-01  0.00000000e+00  1.30528846e-09 
 4.05500000e-08  6.00000000e-01  0.00000000e+00  1.30528846e-09 
 4.05700000e-08  8.40000000e-01  0.00000000e+00  1.30528846e-09 
 4.05900000e-08  1.08000000e+00  0.00000000e+00  1.30528846e-09 
 4.06100000e-08  1.32000000e+00  0.00000000e+00  1.30528846e-09 
 4.06300000e-08  1.56000000e+00  0.00000000e+00  1.30528846e-09 
 4.06500000e-08  1.80000000e+00  0.00000000e+00  1.30528846e-09 
 4.06520000e-08  1.80000000e+00  0.00000000e+00  1.30528846e-09 
 4.06560000e-08  1.80000000e+00  0.00000000e+00  1.30528846e-09 
 4.06640000e-08  1.80000000e+00  0.00000000e+00  1.30528846e-09 
 4.06800000e-08  1.80000000e+00  0.00000000e+00  1.30528846e-09 
 4.07000000e-08  1.80000000e+00  0.00000000e+00  1.30528846e-09 
 4.07200000e-08  1.80000000e+00  0.00000000e+00  1.30528846e-09 
 4.07400000e-08  1.80000000e+00  0.00000000e+00  1.30528846e-09 
 4.07600000e-08  1.80000000e+00  0.00000000e+00  1.30528846e-09 
 4.07800000e-08  1.80000000e+00  0.00000000e+00  1.30528846e-09 
 4.08000000e-08  1.80000000e+00  0.00000000e+00  1.30528846e-09 
 4.08200000e-08  1.80000000e+00  0.00000000e+00  1.30528846e-09 
 4.08400000e-08  1.80000000e+00  0.00000000e+00  1.30528846e-09 
 4.08600000e-08  1.80000000e+00  0.00000000e+00  1.30528846e-09 
 4.08800000e-08  1.80000000e+00  0.00000000e+00  1.30528846e-09 
 4.09000000e-08  1.80000000e+00  0.00000000e+00  1.30528846e-09 
 4.09200000e-08  1.80000000e+00  0.00000000e+00  1.30528846e-09 
 4.09400000e-08  1.80000000e+00  0.00000000e+00  1.30528846e-09 
 4.09600000e-08  1.80000000e+00  0.00000000e+00  1.30528846e-09 
 4.09800000e-08  1.80000000e+00  0.00000000e+00  1.30528846e-09 
 4.10000000e-08  1.80000000e+00  0.00000000e+00  1.30528846e-09 
 4.10200000e-08  1.80000000e+00  0.00000000e+00  1.30528846e-09 
 4.10400000e-08  1.80000000e+00  0.00000000e+00  1.30528846e-09 
 4.10600000e-08  1.80000000e+00  0.00000000e+00  1.30528846e-09 
 4.10800000e-08  1.80000000e+00  0.00000000e+00  1.30528846e-09 
 4.11000000e-08  1.80000000e+00  0.00000000e+00  1.30528846e-09 
 4.11200000e-08  1.80000000e+00  0.00000000e+00  1.30528846e-09 
 4.11400000e-08  1.80000000e+00  0.00000000e+00  1.30528846e-09 
 4.11600000e-08  1.80000000e+00  0.00000000e+00  1.30528846e-09 
 4.11800000e-08  1.80000000e+00  0.00000000e+00  1.30528846e-09 
 4.12000000e-08  1.80000000e+00  0.00000000e+00  1.30528846e-09 
 4.12200000e-08  1.80000000e+00  0.00000000e+00  1.30528846e-09 
 4.12400000e-08  1.80000000e+00  0.00000000e+00  1.30528846e-09 
 4.12600000e-08  1.80000000e+00  0.00000000e+00  1.30528846e-09 
 4.12800000e-08  1.80000000e+00  0.00000000e+00  1.30528846e-09 
 4.13000000e-08  1.80000000e+00  0.00000000e+00  1.30528846e-09 
 4.13200000e-08  1.80000000e+00  0.00000000e+00  1.30528846e-09 
 4.13400000e-08  1.80000000e+00  0.00000000e+00  1.30528846e-09 
 4.13600000e-08  1.80000000e+00  0.00000000e+00  1.30528846e-09 
 4.13800000e-08  1.80000000e+00  0.00000000e+00  1.30528846e-09 
 4.14000000e-08  1.80000000e+00  0.00000000e+00  1.30528846e-09 
 4.14200000e-08  1.80000000e+00  0.00000000e+00  1.30528846e-09 
 4.14400000e-08  1.80000000e+00  0.00000000e+00  1.30528846e-09 
 4.14600000e-08  1.80000000e+00  0.00000000e+00  1.30528846e-09 
 4.14800000e-08  1.80000000e+00  0.00000000e+00  1.30528846e-09 
 4.15000000e-08  1.80000000e+00  0.00000000e+00  1.30528846e-09 
 4.15200000e-08  1.80000000e+00  0.00000000e+00  1.30528846e-09 
 4.15400000e-08  1.80000000e+00  0.00000000e+00  1.30528846e-09 
 4.15600000e-08  1.80000000e+00  0.00000000e+00  1.30528846e-09 
 4.15800000e-08  1.80000000e+00  0.00000000e+00  1.30528846e-09 
 4.16000000e-08  1.80000000e+00  0.00000000e+00  1.30528846e-09 
 4.16200000e-08  1.80000000e+00  0.00000000e+00  1.30528846e-09 
 4.16400000e-08  1.80000000e+00  0.00000000e+00  1.30528846e-09 
 4.16600000e-08  1.80000000e+00  0.00000000e+00  1.30528846e-09 
 4.16800000e-08  1.80000000e+00  0.00000000e+00  1.30528846e-09 
 4.17000000e-08  1.80000000e+00  0.00000000e+00  1.30528846e-09 
 4.17200000e-08  1.80000000e+00  0.00000000e+00  1.30528846e-09 
 4.17400000e-08  1.80000000e+00  0.00000000e+00  1.30528846e-09 
 4.17600000e-08  1.80000000e+00  0.00000000e+00  1.30528846e-09 
 4.17800000e-08  1.80000000e+00  0.00000000e+00  1.30528846e-09 
 4.18000000e-08  1.80000000e+00  0.00000000e+00  1.30528846e-09 
 4.18200000e-08  1.80000000e+00  0.00000000e+00  1.30528846e-09 
 4.18400000e-08  1.80000000e+00  0.00000000e+00  1.30528846e-09 
 4.18600000e-08  1.80000000e+00  0.00000000e+00  1.30528846e-09 
 4.18800000e-08  1.80000000e+00  0.00000000e+00  1.30528846e-09 
 4.19000000e-08  1.80000000e+00  0.00000000e+00  1.30528846e-09 
 4.19200000e-08  1.80000000e+00  0.00000000e+00  1.30528846e-09 
 4.19400000e-08  1.80000000e+00  0.00000000e+00  1.30528846e-09 
 4.19600000e-08  1.80000000e+00  0.00000000e+00  1.30528846e-09 
 4.19800000e-08  1.80000000e+00  0.00000000e+00  1.30528846e-09 
 4.20000000e-08  1.80000000e+00  0.00000000e+00  1.30528846e-09 
 4.20200000e-08  1.80000000e+00  0.00000000e+00  1.30528846e-09 
 4.20400000e-08  1.80000000e+00  0.00000000e+00  1.30528846e-09 
 4.20600000e-08  1.80000000e+00  0.00000000e+00  1.30528846e-09 
 4.20800000e-08  1.80000000e+00  0.00000000e+00  1.30528846e-09 
 4.21000000e-08  1.80000000e+00  0.00000000e+00  1.30528846e-09 
 4.21200000e-08  1.80000000e+00  0.00000000e+00  1.30528846e-09 
 4.21400000e-08  1.80000000e+00  0.00000000e+00  1.30528846e-09 
 4.21600000e-08  1.80000000e+00  0.00000000e+00  1.30528846e-09 
 4.21800000e-08  1.80000000e+00  0.00000000e+00  1.30528846e-09 
 4.22000000e-08  1.80000000e+00  0.00000000e+00  1.30528846e-09 
 4.22200000e-08  1.80000000e+00  0.00000000e+00  1.30528846e-09 
 4.22400000e-08  1.80000000e+00  0.00000000e+00  1.30528846e-09 
 4.22600000e-08  1.80000000e+00  0.00000000e+00  1.30528846e-09 
 4.22800000e-08  1.80000000e+00  0.00000000e+00  1.30528846e-09 
 4.23000000e-08  1.80000000e+00  0.00000000e+00  1.30528846e-09 
 4.23200000e-08  1.80000000e+00  0.00000000e+00  1.30528846e-09 
 4.23400000e-08  1.80000000e+00  0.00000000e+00  1.30528846e-09 
 4.23600000e-08  1.80000000e+00  0.00000000e+00  1.30528846e-09 
 4.23800000e-08  1.80000000e+00  0.00000000e+00  1.30528846e-09 
 4.24000000e-08  1.80000000e+00  0.00000000e+00  1.30528846e-09 
 4.24200000e-08  1.80000000e+00  0.00000000e+00  1.30528846e-09 
 4.24400000e-08  1.80000000e+00  0.00000000e+00  1.30528846e-09 
 4.24600000e-08  1.80000000e+00  0.00000000e+00  1.30528846e-09 
 4.24800000e-08  1.80000000e+00  0.00000000e+00  1.30528846e-09 
 4.25000000e-08  1.80000000e+00  0.00000000e+00  1.30528846e-09 
 4.25200000e-08  1.80000000e+00  0.00000000e+00  1.30528846e-09 
 4.25400000e-08  1.80000000e+00  0.00000000e+00  1.30528846e-09 
 4.25600000e-08  1.80000000e+00  0.00000000e+00  1.30528846e-09 
 4.25800000e-08  1.80000000e+00  0.00000000e+00  1.30528846e-09 
 4.26000000e-08  1.80000000e+00  0.00000000e+00  1.30528846e-09 
 4.26200000e-08  1.80000000e+00  0.00000000e+00  1.30528846e-09 
 4.26400000e-08  1.80000000e+00  0.00000000e+00  1.30528846e-09 
 4.26600000e-08  1.80000000e+00  0.00000000e+00  1.30528846e-09 
 4.26800000e-08  1.80000000e+00  0.00000000e+00  1.30528846e-09 
 4.27000000e-08  1.80000000e+00  0.00000000e+00  1.30528846e-09 
 4.27200000e-08  1.80000000e+00  0.00000000e+00  1.30528846e-09 
 4.27400000e-08  1.80000000e+00  0.00000000e+00  1.30528846e-09 
 4.27600000e-08  1.80000000e+00  0.00000000e+00  1.30528846e-09 
 4.27800000e-08  1.80000000e+00  0.00000000e+00  1.30528846e-09 
 4.28000000e-08  1.80000000e+00  0.00000000e+00  1.30528846e-09 
 4.28200000e-08  1.80000000e+00  0.00000000e+00  1.30528846e-09 
 4.28400000e-08  1.80000000e+00  0.00000000e+00  1.30528846e-09 
 4.28600000e-08  1.80000000e+00  0.00000000e+00  1.30528846e-09 
 4.28800000e-08  1.80000000e+00  0.00000000e+00  1.30528846e-09 
 4.29000000e-08  1.80000000e+00  0.00000000e+00  1.30528846e-09 
 4.29200000e-08  1.80000000e+00  0.00000000e+00  1.30528846e-09 
 4.29400000e-08  1.80000000e+00  0.00000000e+00  1.30528846e-09 
 4.29600000e-08  1.80000000e+00  0.00000000e+00  1.30528846e-09 
 4.29800000e-08  1.80000000e+00  0.00000000e+00  1.30528846e-09 
 4.30000000e-08  1.80000000e+00  0.00000000e+00  1.30528846e-09 
 4.30200000e-08  1.80000000e+00  0.00000000e+00  1.30528846e-09 
 4.30400000e-08  1.80000000e+00  0.00000000e+00  1.30528846e-09 
 4.30600000e-08  1.80000000e+00  0.00000000e+00  1.30528846e-09 
 4.30800000e-08  1.80000000e+00  0.00000000e+00  1.30528846e-09 
 4.31000000e-08  1.80000000e+00  0.00000000e+00  1.30528846e-09 
 4.31200000e-08  1.80000000e+00  0.00000000e+00  1.30528846e-09 
 4.31400000e-08  1.80000000e+00  0.00000000e+00  1.30528846e-09 
 4.31600000e-08  1.80000000e+00  0.00000000e+00  1.30528846e-09 
 4.31800000e-08  1.80000000e+00  0.00000000e+00  1.30528846e-09 
 4.32000000e-08  1.80000000e+00  0.00000000e+00  1.30528846e-09 
 4.32200000e-08  1.80000000e+00  0.00000000e+00  1.30528846e-09 
 4.32400000e-08  1.80000000e+00  0.00000000e+00  1.30528846e-09 
 4.32600000e-08  1.80000000e+00  0.00000000e+00  1.30528846e-09 
 4.32800000e-08  1.80000000e+00  0.00000000e+00  1.30528846e-09 
 4.33000000e-08  1.80000000e+00  0.00000000e+00  1.30528846e-09 
 4.33200000e-08  1.80000000e+00  0.00000000e+00  1.30528846e-09 
 4.33400000e-08  1.80000000e+00  0.00000000e+00  1.30528846e-09 
 4.33600000e-08  1.80000000e+00  0.00000000e+00  1.30528846e-09 
 4.33800000e-08  1.80000000e+00  0.00000000e+00  1.30528846e-09 
 4.34000000e-08  1.80000000e+00  0.00000000e+00  1.30528846e-09 
 4.34200000e-08  1.80000000e+00  0.00000000e+00  1.30528846e-09 
 4.34400000e-08  1.80000000e+00  0.00000000e+00  1.30528846e-09 
 4.34600000e-08  1.80000000e+00  0.00000000e+00  1.30528846e-09 
 4.34800000e-08  1.80000000e+00  0.00000000e+00  1.30528846e-09 
 4.35000000e-08  1.80000000e+00  0.00000000e+00  1.30528846e-09 
 4.35200000e-08  1.80000000e+00  0.00000000e+00  1.30528846e-09 
 4.35400000e-08  1.80000000e+00  0.00000000e+00  1.30528846e-09 
 4.35600000e-08  1.80000000e+00  0.00000000e+00  1.30528846e-09 
 4.35800000e-08  1.80000000e+00  0.00000000e+00  1.30528846e-09 
 4.36000000e-08  1.80000000e+00  0.00000000e+00  1.30528846e-09 
 4.36200000e-08  1.80000000e+00  0.00000000e+00  1.30528846e-09 
 4.36400000e-08  1.80000000e+00  0.00000000e+00  1.30528846e-09 
 4.36600000e-08  1.80000000e+00  0.00000000e+00  1.30528846e-09 
 4.36800000e-08  1.80000000e+00  0.00000000e+00  1.30528846e-09 
 4.37000000e-08  1.80000000e+00  0.00000000e+00  1.30528846e-09 
 4.37200000e-08  1.80000000e+00  0.00000000e+00  1.30528846e-09 
 4.37400000e-08  1.80000000e+00  0.00000000e+00  1.30528846e-09 
 4.37600000e-08  1.80000000e+00  0.00000000e+00  1.30528846e-09 
 4.37800000e-08  1.80000000e+00  0.00000000e+00  1.30528846e-09 
 4.38000000e-08  1.80000000e+00  0.00000000e+00  1.30528846e-09 
 4.38200000e-08  1.80000000e+00  0.00000000e+00  1.30528846e-09 
 4.38400000e-08  1.80000000e+00  0.00000000e+00  1.30528846e-09 
 4.38600000e-08  1.80000000e+00  0.00000000e+00  1.30528846e-09 
 4.38800000e-08  1.80000000e+00  0.00000000e+00  1.30528846e-09 
 4.39000000e-08  1.80000000e+00  0.00000000e+00  1.30528846e-09 
 4.39200000e-08  1.80000000e+00  0.00000000e+00  1.30528846e-09 
 4.39400000e-08  1.80000000e+00  0.00000000e+00  1.30528846e-09 
 4.39600000e-08  1.80000000e+00  0.00000000e+00  1.30528846e-09 
 4.39800000e-08  1.80000000e+00  0.00000000e+00  1.30528846e-09 
 4.40000000e-08  1.80000000e+00  0.00000000e+00  1.30528846e-09 
 4.40200000e-08  1.80000000e+00  0.00000000e+00  1.30528846e-09 
 4.40400000e-08  1.80000000e+00  0.00000000e+00  1.30528846e-09 
 4.40600000e-08  1.80000000e+00  0.00000000e+00  1.30528846e-09 
 4.40800000e-08  1.80000000e+00  0.00000000e+00  1.30528846e-09 
 4.41000000e-08  1.80000000e+00  0.00000000e+00  1.30528846e-09 
 4.41200000e-08  1.80000000e+00  0.00000000e+00  1.30528846e-09 
 4.41400000e-08  1.80000000e+00  0.00000000e+00  1.30528846e-09 
 4.41600000e-08  1.80000000e+00  0.00000000e+00  1.30528846e-09 
 4.41800000e-08  1.80000000e+00  0.00000000e+00  1.30528846e-09 
 4.42000000e-08  1.80000000e+00  0.00000000e+00  1.30528846e-09 
 4.42200000e-08  1.80000000e+00  0.00000000e+00  1.30528846e-09 
 4.42400000e-08  1.80000000e+00  0.00000000e+00  1.30528846e-09 
 4.42600000e-08  1.80000000e+00  0.00000000e+00  1.30528846e-09 
 4.42800000e-08  1.80000000e+00  0.00000000e+00  1.30528846e-09 
 4.43000000e-08  1.80000000e+00  0.00000000e+00  1.30528846e-09 
 4.43200000e-08  1.80000000e+00  0.00000000e+00  1.30528846e-09 
 4.43400000e-08  1.80000000e+00  0.00000000e+00  1.30528846e-09 
 4.43600000e-08  1.80000000e+00  0.00000000e+00  1.30528846e-09 
 4.43800000e-08  1.80000000e+00  0.00000000e+00  1.30528846e-09 
 4.44000000e-08  1.80000000e+00  0.00000000e+00  1.30528846e-09 
 4.44200000e-08  1.80000000e+00  0.00000000e+00  1.30528846e-09 
 4.44400000e-08  1.80000000e+00  0.00000000e+00  1.30528846e-09 
 4.44600000e-08  1.80000000e+00  0.00000000e+00  1.30528846e-09 
 4.44800000e-08  1.80000000e+00  0.00000000e+00  1.30528846e-09 
 4.45000000e-08  1.80000000e+00  0.00000000e+00  1.30528846e-09 
 4.45200000e-08  1.80000000e+00  0.00000000e+00  1.30528846e-09 
 4.45400000e-08  1.80000000e+00  0.00000000e+00  1.30528846e-09 
 4.45600000e-08  1.80000000e+00  0.00000000e+00  1.30528846e-09 
 4.45800000e-08  1.80000000e+00  0.00000000e+00  1.30528846e-09 
 4.46000000e-08  1.80000000e+00  0.00000000e+00  1.30528846e-09 
 4.46200000e-08  1.80000000e+00  0.00000000e+00  1.30528846e-09 
 4.46400000e-08  1.80000000e+00  0.00000000e+00  1.30528846e-09 
 4.46600000e-08  1.80000000e+00  0.00000000e+00  1.30528846e-09 
 4.46800000e-08  1.80000000e+00  0.00000000e+00  1.30528846e-09 
 4.47000000e-08  1.80000000e+00  0.00000000e+00  1.30528846e-09 
 4.47200000e-08  1.80000000e+00  0.00000000e+00  1.30528846e-09 
 4.47400000e-08  1.80000000e+00  0.00000000e+00  1.30528846e-09 
 4.47600000e-08  1.80000000e+00  0.00000000e+00  1.30528846e-09 
 4.47800000e-08  1.80000000e+00  0.00000000e+00  1.30528846e-09 
 4.48000000e-08  1.80000000e+00  0.00000000e+00  1.30528846e-09 
 4.48200000e-08  1.80000000e+00  0.00000000e+00  1.30528846e-09 
 4.48400000e-08  1.80000000e+00  0.00000000e+00  1.30528846e-09 
 4.48600000e-08  1.80000000e+00  0.00000000e+00  1.30528846e-09 
 4.48800000e-08  1.80000000e+00  0.00000000e+00  1.30528846e-09 
 4.49000000e-08  1.80000000e+00  0.00000000e+00  1.30528846e-09 
 4.49200000e-08  1.80000000e+00  0.00000000e+00  1.30528846e-09 
 4.49400000e-08  1.80000000e+00  0.00000000e+00  1.30528846e-09 
 4.49600000e-08  1.80000000e+00  0.00000000e+00  1.30528846e-09 
 4.49800000e-08  1.80000000e+00  0.00000000e+00  1.30528846e-09 
 4.50000000e-08  1.80000000e+00  0.00000000e+00  1.30528846e-09 
 4.50200000e-08  1.80000000e+00  0.00000000e+00  1.30528846e-09 
 4.50400000e-08  1.80000000e+00  0.00000000e+00  1.30528846e-09 
 4.50600000e-08  1.80000000e+00  0.00000000e+00  1.30528846e-09 
 4.50800000e-08  1.80000000e+00  0.00000000e+00  1.30528846e-09 
 4.51000000e-08  1.80000000e+00  0.00000000e+00  1.30528846e-09 
 4.51200000e-08  1.80000000e+00  0.00000000e+00  1.30528846e-09 
 4.51400000e-08  1.80000000e+00  0.00000000e+00  1.30528846e-09 
 4.51600000e-08  1.80000000e+00  0.00000000e+00  1.30528846e-09 
 4.51800000e-08  1.80000000e+00  0.00000000e+00  1.30528846e-09 
 4.52000000e-08  1.80000000e+00  0.00000000e+00  1.30528846e-09 
 4.52200000e-08  1.80000000e+00  0.00000000e+00  1.30528846e-09 
 4.52400000e-08  1.80000000e+00  0.00000000e+00  1.30528846e-09 
 4.52600000e-08  1.80000000e+00  0.00000000e+00  1.30528846e-09 
 4.52800000e-08  1.80000000e+00  0.00000000e+00  1.30528846e-09 
 4.53000000e-08  1.80000000e+00  0.00000000e+00  1.30528846e-09 
 4.53200000e-08  1.80000000e+00  0.00000000e+00  1.30528846e-09 
 4.53400000e-08  1.80000000e+00  0.00000000e+00  1.30528846e-09 
 4.53600000e-08  1.80000000e+00  0.00000000e+00  1.30528846e-09 
 4.53800000e-08  1.80000000e+00  0.00000000e+00  1.30528846e-09 
 4.54000000e-08  1.80000000e+00  0.00000000e+00  1.30528846e-09 
 4.54200000e-08  1.80000000e+00  0.00000000e+00  1.30528846e-09 
 4.54400000e-08  1.80000000e+00  0.00000000e+00  1.30528846e-09 
 4.54600000e-08  1.80000000e+00  0.00000000e+00  1.30528846e-09 
 4.54800000e-08  1.80000000e+00  0.00000000e+00  1.30528846e-09 
 4.55000000e-08  1.80000000e+00  0.00000000e+00  1.30528846e-09 
 4.55020000e-08  1.77600000e+00  0.00000000e+00  1.30528846e-09 
 4.55060000e-08  1.72800000e+00  0.00000000e+00  1.30528846e-09 
 4.55140000e-08  1.63200000e+00  0.00000000e+00  1.30528846e-09 
 4.55300000e-08  1.44000000e+00  0.00000000e+00  1.30528846e-09 
 4.55500000e-08  1.20000000e+00  0.00000000e+00  1.30528846e-09 
 4.55700000e-08  9.60000000e-01  0.00000000e+00  1.30528846e-09 
 4.55900000e-08  7.20000000e-01  0.00000000e+00  1.30528846e-09 
 4.56100000e-08  4.80000000e-01  0.00000000e+00  1.30528846e-09 
 4.56300000e-08  2.40000000e-01  0.00000000e+00  1.30528846e-09 
 4.56500000e-08  3.35287353e-14  0.00000000e+00  1.30528846e-09 
 4.56520000e-08  0.00000000e+00  0.00000000e+00  1.30528846e-09 
 4.56560000e-08  0.00000000e+00  0.00000000e+00  1.30528846e-09 
 4.56640000e-08  0.00000000e+00  0.00000000e+00  1.30528846e-09 
 4.56800000e-08  0.00000000e+00  0.00000000e+00  1.30528846e-09 
 4.57000000e-08  0.00000000e+00  0.00000000e+00  1.30528846e-09 
 4.57200000e-08  0.00000000e+00  0.00000000e+00  1.30528846e-09 
 4.57400000e-08  0.00000000e+00  0.00000000e+00  1.30528846e-09 
 4.57600000e-08  0.00000000e+00  0.00000000e+00  1.30528846e-09 
 4.57800000e-08  0.00000000e+00  0.00000000e+00  1.30528846e-09 
 4.58000000e-08  0.00000000e+00  0.00000000e+00  1.30528846e-09 
 4.58200000e-08  0.00000000e+00  0.00000000e+00  1.30528846e-09 
 4.58400000e-08  0.00000000e+00  0.00000000e+00  1.30528846e-09 
 4.58600000e-08  0.00000000e+00  0.00000000e+00  1.30528846e-09 
 4.58800000e-08  0.00000000e+00  0.00000000e+00  1.30528846e-09 
 4.59000000e-08  0.00000000e+00  0.00000000e+00  1.30528846e-09 
 4.59200000e-08  0.00000000e+00  0.00000000e+00  1.30528846e-09 
 4.59400000e-08  0.00000000e+00  0.00000000e+00  1.30528846e-09 
 4.59600000e-08  0.00000000e+00  0.00000000e+00  1.30528846e-09 
 4.59800000e-08  0.00000000e+00  0.00000000e+00  1.30528846e-09 
 4.60000000e-08  0.00000000e+00  0.00000000e+00  1.30528846e-09 
 4.60200000e-08  0.00000000e+00  0.00000000e+00  1.30528846e-09 
 4.60400000e-08  0.00000000e+00  0.00000000e+00  1.30528846e-09 
 4.60600000e-08  0.00000000e+00  0.00000000e+00  1.30528846e-09 
 4.60800000e-08  0.00000000e+00  0.00000000e+00  1.30528846e-09 
 4.61000000e-08  0.00000000e+00  0.00000000e+00  1.30528846e-09 
 4.61200000e-08  0.00000000e+00  0.00000000e+00  1.30528846e-09 
 4.61400000e-08  0.00000000e+00  0.00000000e+00  1.30528846e-09 
 4.61600000e-08  0.00000000e+00  0.00000000e+00  1.30528846e-09 
 4.61800000e-08  0.00000000e+00  0.00000000e+00  1.30528846e-09 
 4.62000000e-08  0.00000000e+00  0.00000000e+00  1.30528846e-09 
 4.62200000e-08  0.00000000e+00  0.00000000e+00  1.30528846e-09 
 4.62400000e-08  0.00000000e+00  0.00000000e+00  1.30528846e-09 
 4.62600000e-08  0.00000000e+00  0.00000000e+00  1.30528846e-09 
 4.62800000e-08  0.00000000e+00  0.00000000e+00  1.30528846e-09 
 4.63000000e-08  0.00000000e+00  0.00000000e+00  1.30528846e-09 
 4.63200000e-08  0.00000000e+00  0.00000000e+00  1.30528846e-09 
 4.63400000e-08  0.00000000e+00  0.00000000e+00  1.30528846e-09 
 4.63600000e-08  0.00000000e+00  0.00000000e+00  1.30528846e-09 
 4.63800000e-08  0.00000000e+00  0.00000000e+00  1.30528846e-09 
 4.64000000e-08  0.00000000e+00  0.00000000e+00  1.30528846e-09 
 4.64200000e-08  0.00000000e+00  0.00000000e+00  1.30528846e-09 
 4.64400000e-08  0.00000000e+00  0.00000000e+00  1.30528846e-09 
 4.64600000e-08  0.00000000e+00  0.00000000e+00  1.30528846e-09 
 4.64800000e-08  0.00000000e+00  0.00000000e+00  1.30528846e-09 
 4.65000000e-08  0.00000000e+00  0.00000000e+00  1.30528846e-09 
 4.65200000e-08  0.00000000e+00  0.00000000e+00  1.30528846e-09 
 4.65400000e-08  0.00000000e+00  0.00000000e+00  1.30528846e-09 
 4.65600000e-08  0.00000000e+00  0.00000000e+00  1.30528846e-09 
 4.65800000e-08  0.00000000e+00  0.00000000e+00  1.30528846e-09 
 4.66000000e-08  0.00000000e+00  0.00000000e+00  1.30528846e-09 
 4.66200000e-08  0.00000000e+00  0.00000000e+00  1.30528846e-09 
 4.66400000e-08  0.00000000e+00  0.00000000e+00  1.30528846e-09 
 4.66600000e-08  0.00000000e+00  0.00000000e+00  1.30528846e-09 
 4.66800000e-08  0.00000000e+00  0.00000000e+00  1.30528846e-09 
 4.67000000e-08  0.00000000e+00  0.00000000e+00  1.30528846e-09 
 4.67200000e-08  0.00000000e+00  0.00000000e+00  1.30528846e-09 
 4.67400000e-08  0.00000000e+00  0.00000000e+00  1.30528846e-09 
 4.67600000e-08  0.00000000e+00  0.00000000e+00  1.30528846e-09 
 4.67800000e-08  0.00000000e+00  0.00000000e+00  1.30528846e-09 
 4.68000000e-08  0.00000000e+00  0.00000000e+00  1.30528846e-09 
 4.68200000e-08  0.00000000e+00  0.00000000e+00  1.30528846e-09 
 4.68400000e-08  0.00000000e+00  0.00000000e+00  1.30528846e-09 
 4.68600000e-08  0.00000000e+00  0.00000000e+00  1.30528846e-09 
 4.68800000e-08  0.00000000e+00  0.00000000e+00  1.30528846e-09 
 4.69000000e-08  0.00000000e+00  0.00000000e+00  1.30528846e-09 
 4.69200000e-08  0.00000000e+00  0.00000000e+00  1.30528846e-09 
 4.69400000e-08  0.00000000e+00  0.00000000e+00  1.30528846e-09 
 4.69600000e-08  0.00000000e+00  0.00000000e+00  1.30528846e-09 
 4.69800000e-08  0.00000000e+00  0.00000000e+00  1.30528846e-09 
 4.70000000e-08  0.00000000e+00  0.00000000e+00  1.30528846e-09 
 4.70200000e-08  0.00000000e+00  0.00000000e+00  1.30528846e-09 
 4.70400000e-08  0.00000000e+00  0.00000000e+00  1.30528846e-09 
 4.70600000e-08  0.00000000e+00  0.00000000e+00  1.30528846e-09 
 4.70800000e-08  0.00000000e+00  0.00000000e+00  1.30528846e-09 
 4.71000000e-08  0.00000000e+00  0.00000000e+00  1.30528846e-09 
 4.71200000e-08  0.00000000e+00  0.00000000e+00  1.30528846e-09 
 4.71400000e-08  0.00000000e+00  0.00000000e+00  1.30528846e-09 
 4.71600000e-08  0.00000000e+00  0.00000000e+00  1.30528846e-09 
 4.71800000e-08  0.00000000e+00  0.00000000e+00  1.30528846e-09 
 4.72000000e-08  0.00000000e+00  0.00000000e+00  1.30528846e-09 
 4.72200000e-08  0.00000000e+00  0.00000000e+00  1.30528846e-09 
 4.72400000e-08  0.00000000e+00  0.00000000e+00  1.30528846e-09 
 4.72600000e-08  0.00000000e+00  0.00000000e+00  1.30528846e-09 
 4.72800000e-08  0.00000000e+00  0.00000000e+00  1.30528846e-09 
 4.73000000e-08  0.00000000e+00  0.00000000e+00  1.30528846e-09 
 4.73200000e-08  0.00000000e+00  0.00000000e+00  1.30528846e-09 
 4.73400000e-08  0.00000000e+00  0.00000000e+00  1.30528846e-09 
 4.73600000e-08  0.00000000e+00  0.00000000e+00  1.30528846e-09 
 4.73800000e-08  0.00000000e+00  0.00000000e+00  1.30528846e-09 
 4.74000000e-08  0.00000000e+00  0.00000000e+00  1.30528846e-09 
 4.74200000e-08  0.00000000e+00  0.00000000e+00  1.30528846e-09 
 4.74400000e-08  0.00000000e+00  0.00000000e+00  1.30528846e-09 
 4.74600000e-08  0.00000000e+00  0.00000000e+00  1.30528846e-09 
 4.74800000e-08  0.00000000e+00  0.00000000e+00  1.30528846e-09 
 4.75000000e-08  0.00000000e+00  0.00000000e+00  1.30528846e-09 
 4.75200000e-08  0.00000000e+00  0.00000000e+00  1.30528846e-09 
 4.75400000e-08  0.00000000e+00  0.00000000e+00  1.30528846e-09 
 4.75600000e-08  0.00000000e+00  0.00000000e+00  1.30528846e-09 
 4.75800000e-08  0.00000000e+00  0.00000000e+00  1.30528846e-09 
 4.76000000e-08  0.00000000e+00  0.00000000e+00  1.30528846e-09 
 4.76200000e-08  0.00000000e+00  0.00000000e+00  1.30528846e-09 
 4.76400000e-08  0.00000000e+00  0.00000000e+00  1.30528846e-09 
 4.76600000e-08  0.00000000e+00  0.00000000e+00  1.30528846e-09 
 4.76800000e-08  0.00000000e+00  0.00000000e+00  1.30528846e-09 
 4.77000000e-08  0.00000000e+00  0.00000000e+00  1.30528846e-09 
 4.77200000e-08  0.00000000e+00  0.00000000e+00  1.30528846e-09 
 4.77400000e-08  0.00000000e+00  0.00000000e+00  1.30528846e-09 
 4.77600000e-08  0.00000000e+00  0.00000000e+00  1.30528846e-09 
 4.77800000e-08  0.00000000e+00  0.00000000e+00  1.30528846e-09 
 4.78000000e-08  0.00000000e+00  0.00000000e+00  1.30528846e-09 
 4.78200000e-08  0.00000000e+00  0.00000000e+00  1.30528846e-09 
 4.78400000e-08  0.00000000e+00  0.00000000e+00  1.30528846e-09 
 4.78600000e-08  0.00000000e+00  0.00000000e+00  1.30528846e-09 
 4.78800000e-08  0.00000000e+00  0.00000000e+00  1.30528846e-09 
 4.79000000e-08  0.00000000e+00  0.00000000e+00  1.30528846e-09 
 4.79200000e-08  0.00000000e+00  0.00000000e+00  1.30528846e-09 
 4.79400000e-08  0.00000000e+00  0.00000000e+00  1.30528846e-09 
 4.79600000e-08  0.00000000e+00  0.00000000e+00  1.30528846e-09 
 4.79800000e-08  0.00000000e+00  0.00000000e+00  1.30528846e-09 
 4.80000000e-08  0.00000000e+00  0.00000000e+00  1.30528846e-09 
 4.80200000e-08  0.00000000e+00  0.00000000e+00  1.30528846e-09 
 4.80400000e-08  0.00000000e+00  0.00000000e+00  1.30528846e-09 
 4.80600000e-08  0.00000000e+00  0.00000000e+00  1.30528846e-09 
 4.80800000e-08  0.00000000e+00  0.00000000e+00  1.30528846e-09 
 4.81000000e-08  0.00000000e+00  0.00000000e+00  1.30528846e-09 
 4.81200000e-08  0.00000000e+00  0.00000000e+00  1.30528846e-09 
 4.81400000e-08  0.00000000e+00  0.00000000e+00  1.30528846e-09 
 4.81600000e-08  0.00000000e+00  0.00000000e+00  1.30528846e-09 
 4.81800000e-08  0.00000000e+00  0.00000000e+00  1.30528846e-09 
 4.82000000e-08  0.00000000e+00  0.00000000e+00  1.30528846e-09 
 4.82200000e-08  0.00000000e+00  0.00000000e+00  1.30528846e-09 
 4.82400000e-08  0.00000000e+00  0.00000000e+00  1.30528846e-09 
 4.82600000e-08  0.00000000e+00  0.00000000e+00  1.30528846e-09 
 4.82800000e-08  0.00000000e+00  0.00000000e+00  1.30528846e-09 
 4.83000000e-08  0.00000000e+00  0.00000000e+00  1.30528846e-09 
 4.83200000e-08  0.00000000e+00  0.00000000e+00  1.30528846e-09 
 4.83400000e-08  0.00000000e+00  0.00000000e+00  1.30528846e-09 
 4.83600000e-08  0.00000000e+00  0.00000000e+00  1.30528846e-09 
 4.83800000e-08  0.00000000e+00  0.00000000e+00  1.30528846e-09 
 4.84000000e-08  0.00000000e+00  0.00000000e+00  1.30528846e-09 
 4.84200000e-08  0.00000000e+00  0.00000000e+00  1.30528846e-09 
 4.84400000e-08  0.00000000e+00  0.00000000e+00  1.30528846e-09 
 4.84600000e-08  0.00000000e+00  0.00000000e+00  1.30528846e-09 
 4.84800000e-08  0.00000000e+00  0.00000000e+00  1.30528846e-09 
 4.85000000e-08  0.00000000e+00  0.00000000e+00  1.30528846e-09 
 4.85200000e-08  0.00000000e+00  0.00000000e+00  1.30528846e-09 
 4.85400000e-08  0.00000000e+00  0.00000000e+00  1.30528846e-09 
 4.85600000e-08  0.00000000e+00  0.00000000e+00  1.30528846e-09 
 4.85800000e-08  0.00000000e+00  0.00000000e+00  1.30528846e-09 
 4.86000000e-08  0.00000000e+00  0.00000000e+00  1.30528846e-09 
 4.86200000e-08  0.00000000e+00  0.00000000e+00  1.30528846e-09 
 4.86400000e-08  0.00000000e+00  0.00000000e+00  1.30528846e-09 
 4.86600000e-08  0.00000000e+00  0.00000000e+00  1.30528846e-09 
 4.86800000e-08  0.00000000e+00  0.00000000e+00  1.30528846e-09 
 4.87000000e-08  0.00000000e+00  0.00000000e+00  1.30528846e-09 
 4.87200000e-08  0.00000000e+00  0.00000000e+00  1.30528846e-09 
 4.87400000e-08  0.00000000e+00  0.00000000e+00  1.30528846e-09 
 4.87600000e-08  0.00000000e+00  0.00000000e+00  1.30528846e-09 
 4.87800000e-08  0.00000000e+00  0.00000000e+00  1.30528846e-09 
 4.88000000e-08  0.00000000e+00  0.00000000e+00  1.30528846e-09 
 4.88200000e-08  0.00000000e+00  0.00000000e+00  1.30528846e-09 
 4.88400000e-08  0.00000000e+00  0.00000000e+00  1.30528846e-09 
 4.88600000e-08  0.00000000e+00  0.00000000e+00  1.30528846e-09 
 4.88800000e-08  0.00000000e+00  0.00000000e+00  1.30528846e-09 
 4.89000000e-08  0.00000000e+00  0.00000000e+00  1.30528846e-09 
 4.89200000e-08  0.00000000e+00  0.00000000e+00  1.30528846e-09 
 4.89400000e-08  0.00000000e+00  0.00000000e+00  1.30528846e-09 
 4.89600000e-08  0.00000000e+00  0.00000000e+00  1.30528846e-09 
 4.89800000e-08  0.00000000e+00  0.00000000e+00  1.30528846e-09 
 4.90000000e-08  0.00000000e+00  0.00000000e+00  1.30528846e-09 
 4.90200000e-08  0.00000000e+00  0.00000000e+00  1.30528846e-09 
 4.90400000e-08  0.00000000e+00  0.00000000e+00  1.30528846e-09 
 4.90600000e-08  0.00000000e+00  0.00000000e+00  1.30528846e-09 
 4.90800000e-08  0.00000000e+00  0.00000000e+00  1.30528846e-09 
 4.91000000e-08  0.00000000e+00  0.00000000e+00  1.30528846e-09 
 4.91200000e-08  0.00000000e+00  0.00000000e+00  1.30528846e-09 
 4.91400000e-08  0.00000000e+00  0.00000000e+00  1.30528846e-09 
 4.91600000e-08  0.00000000e+00  0.00000000e+00  1.30528846e-09 
 4.91800000e-08  0.00000000e+00  0.00000000e+00  1.30528846e-09 
 4.92000000e-08  0.00000000e+00  0.00000000e+00  1.30528846e-09 
 4.92200000e-08  0.00000000e+00  0.00000000e+00  1.30528846e-09 
 4.92400000e-08  0.00000000e+00  0.00000000e+00  1.30528846e-09 
 4.92600000e-08  0.00000000e+00  0.00000000e+00  1.30528846e-09 
 4.92800000e-08  0.00000000e+00  0.00000000e+00  1.30528846e-09 
 4.93000000e-08  0.00000000e+00  0.00000000e+00  1.30528846e-09 
 4.93200000e-08  0.00000000e+00  0.00000000e+00  1.30528846e-09 
 4.93400000e-08  0.00000000e+00  0.00000000e+00  1.30528846e-09 
 4.93600000e-08  0.00000000e+00  0.00000000e+00  1.30528846e-09 
 4.93800000e-08  0.00000000e+00  0.00000000e+00  1.30528846e-09 
 4.94000000e-08  0.00000000e+00  0.00000000e+00  1.30528846e-09 
 4.94200000e-08  0.00000000e+00  0.00000000e+00  1.30528846e-09 
 4.94400000e-08  0.00000000e+00  0.00000000e+00  1.30528846e-09 
 4.94600000e-08  0.00000000e+00  0.00000000e+00  1.30528846e-09 
 4.94800000e-08  0.00000000e+00  0.00000000e+00  1.30528846e-09 
 4.95000000e-08  0.00000000e+00  0.00000000e+00  1.30528846e-09 
 4.95200000e-08  0.00000000e+00  0.00000000e+00  1.30528846e-09 
 4.95400000e-08  0.00000000e+00  0.00000000e+00  1.30528846e-09 
 4.95600000e-08  0.00000000e+00  0.00000000e+00  1.30528846e-09 
 4.95800000e-08  0.00000000e+00  0.00000000e+00  1.30528846e-09 
 4.96000000e-08  0.00000000e+00  0.00000000e+00  1.30528846e-09 
 4.96200000e-08  0.00000000e+00  0.00000000e+00  1.30528846e-09 
 4.96400000e-08  0.00000000e+00  0.00000000e+00  1.30528846e-09 
 4.96600000e-08  0.00000000e+00  0.00000000e+00  1.30528846e-09 
 4.96800000e-08  0.00000000e+00  0.00000000e+00  1.30528846e-09 
 4.97000000e-08  0.00000000e+00  0.00000000e+00  1.30528846e-09 
 4.97200000e-08  0.00000000e+00  0.00000000e+00  1.30528846e-09 
 4.97400000e-08  0.00000000e+00  0.00000000e+00  1.30528846e-09 
 4.97600000e-08  0.00000000e+00  0.00000000e+00  1.30528846e-09 
 4.97800000e-08  0.00000000e+00  0.00000000e+00  1.30528846e-09 
 4.98000000e-08  0.00000000e+00  0.00000000e+00  1.30528846e-09 
 4.98200000e-08  0.00000000e+00  0.00000000e+00  1.30528846e-09 
 4.98400000e-08  0.00000000e+00  0.00000000e+00  1.30528846e-09 
 4.98600000e-08  0.00000000e+00  0.00000000e+00  1.30528846e-09 
 4.98800000e-08  0.00000000e+00  0.00000000e+00  1.30528846e-09 
 4.99000000e-08  0.00000000e+00  0.00000000e+00  1.30528846e-09 
 4.99200000e-08  0.00000000e+00  0.00000000e+00  1.30528846e-09 
 4.99400000e-08  0.00000000e+00  0.00000000e+00  1.30528846e-09 
 4.99600000e-08  0.00000000e+00  0.00000000e+00  1.30528846e-09 
 4.99800000e-08  0.00000000e+00  0.00000000e+00  1.30528846e-09 
 5.00000000e-08  0.00000000e+00  0.00000000e+00  1.30528846e-09 
 5.00200000e-08  0.00000000e+00  0.00000000e+00  1.30528846e-09 
 5.00400000e-08  0.00000000e+00  0.00000000e+00  1.30528846e-09 
 5.00600000e-08  0.00000000e+00  0.00000000e+00  1.30528846e-09 
 5.00800000e-08  0.00000000e+00  0.00000000e+00  1.30528846e-09 
 5.01000000e-08  0.00000000e+00  0.00000000e+00  1.30528846e-09 
 5.01200000e-08  0.00000000e+00  0.00000000e+00  1.30528846e-09 
 5.01400000e-08  0.00000000e+00  0.00000000e+00  1.30528846e-09 
 5.01600000e-08  0.00000000e+00  0.00000000e+00  1.30528846e-09 
 5.01800000e-08  0.00000000e+00  0.00000000e+00  1.30528846e-09 
 5.02000000e-08  0.00000000e+00  0.00000000e+00  1.30528846e-09 
 5.02200000e-08  0.00000000e+00  0.00000000e+00  1.30528846e-09 
 5.02400000e-08  0.00000000e+00  0.00000000e+00  1.30528846e-09 
 5.02600000e-08  0.00000000e+00  0.00000000e+00  1.30528846e-09 
 5.02800000e-08  0.00000000e+00  0.00000000e+00  1.30528846e-09 
 5.03000000e-08  0.00000000e+00  0.00000000e+00  1.30528846e-09 
 5.03200000e-08  0.00000000e+00  0.00000000e+00  1.30528846e-09 
 5.03400000e-08  0.00000000e+00  0.00000000e+00  1.30528846e-09 
 5.03600000e-08  0.00000000e+00  0.00000000e+00  1.30528846e-09 
 5.03800000e-08  0.00000000e+00  0.00000000e+00  1.30528846e-09 
 5.04000000e-08  0.00000000e+00  0.00000000e+00  1.30528846e-09 
 5.04200000e-08  0.00000000e+00  0.00000000e+00  1.30528846e-09 
 5.04400000e-08  0.00000000e+00  0.00000000e+00  1.30528846e-09 
 5.04600000e-08  0.00000000e+00  0.00000000e+00  1.30528846e-09 
 5.04800000e-08  0.00000000e+00  0.00000000e+00  1.30528846e-09 
 5.05000000e-08  0.00000000e+00  0.00000000e+00  1.30528846e-09 
 5.05020000e-08  2.40000000e-02  0.00000000e+00  1.30528846e-09 
 5.05060000e-08  7.20000000e-02  0.00000000e+00  1.30528846e-09 
 5.05140000e-08  1.68000000e-01  0.00000000e+00  1.30528846e-09 
 5.05300000e-08  3.60000000e-01  0.00000000e+00  1.30528846e-09 
 5.05500000e-08  6.00000000e-01  0.00000000e+00  1.30528846e-09 
 5.05700000e-08  8.40000000e-01  0.00000000e+00  1.30528846e-09 
 5.05900000e-08  1.08000000e+00  0.00000000e+00  1.30528846e-09 
 5.06100000e-08  1.32000000e+00  0.00000000e+00  1.30528846e-09 
 5.06300000e-08  1.56000000e+00  0.00000000e+00  1.30528846e-09 
 5.06500000e-08  1.80000000e+00  0.00000000e+00  1.30528846e-09 
 5.06520000e-08  1.80000000e+00  0.00000000e+00  1.30528846e-09 
 5.06560000e-08  1.80000000e+00  0.00000000e+00  1.30528846e-09 
 5.06640000e-08  1.80000000e+00  0.00000000e+00  1.30528846e-09 
 5.06800000e-08  1.80000000e+00  0.00000000e+00  1.30528846e-09 
 5.07000000e-08  1.80000000e+00  0.00000000e+00  1.30528846e-09 
 5.07200000e-08  1.80000000e+00  0.00000000e+00  1.30528846e-09 
 5.07400000e-08  1.80000000e+00  0.00000000e+00  1.30528846e-09 
 5.07600000e-08  1.80000000e+00  0.00000000e+00  1.30528846e-09 
 5.07800000e-08  1.80000000e+00  0.00000000e+00  1.30528846e-09 
 5.08000000e-08  1.80000000e+00  0.00000000e+00  1.30528846e-09 
 5.08200000e-08  1.80000000e+00  0.00000000e+00  1.30528846e-09 
 5.08400000e-08  1.80000000e+00  0.00000000e+00  1.30528846e-09 
 5.08600000e-08  1.80000000e+00  0.00000000e+00  1.30528846e-09 
 5.08800000e-08  1.80000000e+00  0.00000000e+00  1.30528846e-09 
 5.09000000e-08  1.80000000e+00  0.00000000e+00  1.30528846e-09 
 5.09200000e-08  1.80000000e+00  0.00000000e+00  1.30528846e-09 
 5.09400000e-08  1.80000000e+00  0.00000000e+00  1.30528846e-09 
 5.09600000e-08  1.80000000e+00  0.00000000e+00  1.30528846e-09 
 5.09800000e-08  1.80000000e+00  0.00000000e+00  1.30528846e-09 
 5.10000000e-08  1.80000000e+00  0.00000000e+00  1.30528846e-09 
 5.10200000e-08  1.80000000e+00  0.00000000e+00  1.30528846e-09 
 5.10400000e-08  1.80000000e+00  0.00000000e+00  1.30528846e-09 
 5.10600000e-08  1.80000000e+00  0.00000000e+00  1.30528846e-09 
 5.10800000e-08  1.80000000e+00  0.00000000e+00  1.30528846e-09 
 5.11000000e-08  1.80000000e+00  0.00000000e+00  1.30528846e-09 
 5.11200000e-08  1.80000000e+00  0.00000000e+00  1.30528846e-09 
 5.11400000e-08  1.80000000e+00  0.00000000e+00  1.30528846e-09 
 5.11600000e-08  1.80000000e+00  0.00000000e+00  1.30528846e-09 
 5.11800000e-08  1.80000000e+00  0.00000000e+00  1.30528846e-09 
 5.12000000e-08  1.80000000e+00  0.00000000e+00  1.30528846e-09 
 5.12200000e-08  1.80000000e+00  0.00000000e+00  1.30528846e-09 
 5.12400000e-08  1.80000000e+00  0.00000000e+00  1.30528846e-09 
 5.12600000e-08  1.80000000e+00  0.00000000e+00  1.30528846e-09 
 5.12800000e-08  1.80000000e+00  0.00000000e+00  1.30528846e-09 
 5.13000000e-08  1.80000000e+00  0.00000000e+00  1.30528846e-09 
 5.13200000e-08  1.80000000e+00  0.00000000e+00  1.30528846e-09 
 5.13400000e-08  1.80000000e+00  0.00000000e+00  1.30528846e-09 
 5.13600000e-08  1.80000000e+00  0.00000000e+00  1.30528846e-09 
 5.13800000e-08  1.80000000e+00  0.00000000e+00  1.30528846e-09 
 5.14000000e-08  1.80000000e+00  0.00000000e+00  1.30528846e-09 
 5.14200000e-08  1.80000000e+00  0.00000000e+00  1.30528846e-09 
 5.14400000e-08  1.80000000e+00  0.00000000e+00  1.30528846e-09 
 5.14600000e-08  1.80000000e+00  0.00000000e+00  1.30528846e-09 
 5.14800000e-08  1.80000000e+00  0.00000000e+00  1.30528846e-09 
 5.15000000e-08  1.80000000e+00  0.00000000e+00  1.30528846e-09 
 5.15200000e-08  1.80000000e+00  0.00000000e+00  1.30528846e-09 
 5.15400000e-08  1.80000000e+00  0.00000000e+00  1.30528846e-09 
 5.15600000e-08  1.80000000e+00  0.00000000e+00  1.30528846e-09 
 5.15800000e-08  1.80000000e+00  0.00000000e+00  1.30528846e-09 
 5.16000000e-08  1.80000000e+00  0.00000000e+00  1.30528846e-09 
 5.16200000e-08  1.80000000e+00  0.00000000e+00  1.30528846e-09 
 5.16400000e-08  1.80000000e+00  0.00000000e+00  1.30528846e-09 
 5.16600000e-08  1.80000000e+00  0.00000000e+00  1.30528846e-09 
 5.16800000e-08  1.80000000e+00  0.00000000e+00  1.30528846e-09 
 5.17000000e-08  1.80000000e+00  0.00000000e+00  1.30528846e-09 
 5.17200000e-08  1.80000000e+00  0.00000000e+00  1.30528846e-09 
 5.17400000e-08  1.80000000e+00  0.00000000e+00  1.30528846e-09 
 5.17600000e-08  1.80000000e+00  0.00000000e+00  1.30528846e-09 
 5.17800000e-08  1.80000000e+00  0.00000000e+00  1.30528846e-09 
 5.18000000e-08  1.80000000e+00  0.00000000e+00  1.30528846e-09 
 5.18200000e-08  1.80000000e+00  0.00000000e+00  1.30528846e-09 
 5.18400000e-08  1.80000000e+00  0.00000000e+00  1.30528846e-09 
 5.18600000e-08  1.80000000e+00  0.00000000e+00  1.30528846e-09 
 5.18800000e-08  1.80000000e+00  0.00000000e+00  1.30528846e-09 
 5.19000000e-08  1.80000000e+00  0.00000000e+00  1.30528846e-09 
 5.19200000e-08  1.80000000e+00  0.00000000e+00  1.30528846e-09 
 5.19400000e-08  1.80000000e+00  0.00000000e+00  1.30528846e-09 
 5.19600000e-08  1.80000000e+00  0.00000000e+00  1.30528846e-09 
 5.19800000e-08  1.80000000e+00  0.00000000e+00  1.30528846e-09 
 5.20000000e-08  1.80000000e+00  0.00000000e+00  1.30528846e-09 
 5.20200000e-08  1.80000000e+00  0.00000000e+00  1.30528846e-09 
 5.20400000e-08  1.80000000e+00  0.00000000e+00  1.30528846e-09 
 5.20600000e-08  1.80000000e+00  0.00000000e+00  1.30528846e-09 
 5.20800000e-08  1.80000000e+00  0.00000000e+00  1.30528846e-09 
 5.21000000e-08  1.80000000e+00  0.00000000e+00  1.30528846e-09 
 5.21200000e-08  1.80000000e+00  0.00000000e+00  1.30528846e-09 
 5.21400000e-08  1.80000000e+00  0.00000000e+00  1.30528846e-09 
 5.21600000e-08  1.80000000e+00  0.00000000e+00  1.30528846e-09 
 5.21800000e-08  1.80000000e+00  0.00000000e+00  1.30528846e-09 
 5.22000000e-08  1.80000000e+00  0.00000000e+00  1.30528846e-09 
 5.22200000e-08  1.80000000e+00  0.00000000e+00  1.30528846e-09 
 5.22400000e-08  1.80000000e+00  0.00000000e+00  1.30528846e-09 
 5.22600000e-08  1.80000000e+00  0.00000000e+00  1.30528846e-09 
 5.22800000e-08  1.80000000e+00  0.00000000e+00  1.30528846e-09 
 5.23000000e-08  1.80000000e+00  0.00000000e+00  1.30528846e-09 
 5.23200000e-08  1.80000000e+00  0.00000000e+00  1.30528846e-09 
 5.23400000e-08  1.80000000e+00  0.00000000e+00  1.30528846e-09 
 5.23600000e-08  1.80000000e+00  0.00000000e+00  1.30528846e-09 
 5.23800000e-08  1.80000000e+00  0.00000000e+00  1.30528846e-09 
 5.24000000e-08  1.80000000e+00  0.00000000e+00  1.30528846e-09 
 5.24200000e-08  1.80000000e+00  0.00000000e+00  1.30528846e-09 
 5.24400000e-08  1.80000000e+00  0.00000000e+00  1.30528846e-09 
 5.24600000e-08  1.80000000e+00  0.00000000e+00  1.30528846e-09 
 5.24800000e-08  1.80000000e+00  0.00000000e+00  1.30528846e-09 
 5.25000000e-08  1.80000000e+00  0.00000000e+00  1.30528846e-09 
 5.25200000e-08  1.80000000e+00  0.00000000e+00  1.30528846e-09 
 5.25400000e-08  1.80000000e+00  0.00000000e+00  1.30528846e-09 
 5.25600000e-08  1.80000000e+00  0.00000000e+00  1.30528846e-09 
 5.25800000e-08  1.80000000e+00  0.00000000e+00  1.30528846e-09 
 5.26000000e-08  1.80000000e+00  0.00000000e+00  1.30528846e-09 
 5.26200000e-08  1.80000000e+00  0.00000000e+00  1.30528846e-09 
 5.26400000e-08  1.80000000e+00  0.00000000e+00  1.30528846e-09 
 5.26600000e-08  1.80000000e+00  0.00000000e+00  1.30528846e-09 
 5.26800000e-08  1.80000000e+00  0.00000000e+00  1.30528846e-09 
 5.27000000e-08  1.80000000e+00  0.00000000e+00  1.30528846e-09 
 5.27200000e-08  1.80000000e+00  0.00000000e+00  1.30528846e-09 
 5.27400000e-08  1.80000000e+00  0.00000000e+00  1.30528846e-09 
 5.27600000e-08  1.80000000e+00  0.00000000e+00  1.30528846e-09 
 5.27800000e-08  1.80000000e+00  0.00000000e+00  1.30528846e-09 
 5.28000000e-08  1.80000000e+00  0.00000000e+00  1.30528846e-09 
 5.28200000e-08  1.80000000e+00  0.00000000e+00  1.30528846e-09 
 5.28400000e-08  1.80000000e+00  0.00000000e+00  1.30528846e-09 
 5.28600000e-08  1.80000000e+00  0.00000000e+00  1.30528846e-09 
 5.28800000e-08  1.80000000e+00  0.00000000e+00  1.30528846e-09 
 5.29000000e-08  1.80000000e+00  0.00000000e+00  1.30528846e-09 
 5.29200000e-08  1.80000000e+00  0.00000000e+00  1.30528846e-09 
 5.29400000e-08  1.80000000e+00  0.00000000e+00  1.30528846e-09 
 5.29600000e-08  1.80000000e+00  0.00000000e+00  1.30528846e-09 
 5.29800000e-08  1.80000000e+00  0.00000000e+00  1.30528846e-09 
 5.30000000e-08  1.80000000e+00  0.00000000e+00  1.30528846e-09 
 5.30200000e-08  1.80000000e+00  0.00000000e+00  1.30528846e-09 
 5.30400000e-08  1.80000000e+00  0.00000000e+00  1.30528846e-09 
 5.30600000e-08  1.80000000e+00  0.00000000e+00  1.30528846e-09 
 5.30800000e-08  1.80000000e+00  0.00000000e+00  1.30528846e-09 
 5.31000000e-08  1.80000000e+00  0.00000000e+00  1.30528846e-09 
 5.31200000e-08  1.80000000e+00  0.00000000e+00  1.30528846e-09 
 5.31400000e-08  1.80000000e+00  0.00000000e+00  1.30528846e-09 
 5.31600000e-08  1.80000000e+00  0.00000000e+00  1.30528846e-09 
 5.31800000e-08  1.80000000e+00  0.00000000e+00  1.30528846e-09 
 5.32000000e-08  1.80000000e+00  0.00000000e+00  1.30528846e-09 
 5.32200000e-08  1.80000000e+00  0.00000000e+00  1.30528846e-09 
 5.32400000e-08  1.80000000e+00  0.00000000e+00  1.30528846e-09 
 5.32600000e-08  1.80000000e+00  0.00000000e+00  1.30528846e-09 
 5.32800000e-08  1.80000000e+00  0.00000000e+00  1.30528846e-09 
 5.33000000e-08  1.80000000e+00  0.00000000e+00  1.30528846e-09 
 5.33200000e-08  1.80000000e+00  0.00000000e+00  1.30528846e-09 
 5.33400000e-08  1.80000000e+00  0.00000000e+00  1.30528846e-09 
 5.33600000e-08  1.80000000e+00  0.00000000e+00  1.30528846e-09 
 5.33800000e-08  1.80000000e+00  0.00000000e+00  1.30528846e-09 
 5.34000000e-08  1.80000000e+00  0.00000000e+00  1.30528846e-09 
 5.34200000e-08  1.80000000e+00  0.00000000e+00  1.30528846e-09 
 5.34400000e-08  1.80000000e+00  0.00000000e+00  1.30528846e-09 
 5.34600000e-08  1.80000000e+00  0.00000000e+00  1.30528846e-09 
 5.34800000e-08  1.80000000e+00  0.00000000e+00  1.30528846e-09 
 5.35000000e-08  1.80000000e+00  0.00000000e+00  1.30528846e-09 
 5.35200000e-08  1.80000000e+00  0.00000000e+00  1.30528846e-09 
 5.35400000e-08  1.80000000e+00  0.00000000e+00  1.30528846e-09 
 5.35600000e-08  1.80000000e+00  0.00000000e+00  1.30528846e-09 
 5.35800000e-08  1.80000000e+00  0.00000000e+00  1.30528846e-09 
 5.36000000e-08  1.80000000e+00  0.00000000e+00  1.30528846e-09 
 5.36200000e-08  1.80000000e+00  0.00000000e+00  1.30528846e-09 
 5.36400000e-08  1.80000000e+00  0.00000000e+00  1.30528846e-09 
 5.36600000e-08  1.80000000e+00  0.00000000e+00  1.30528846e-09 
 5.36800000e-08  1.80000000e+00  0.00000000e+00  1.30528846e-09 
 5.37000000e-08  1.80000000e+00  0.00000000e+00  1.30528846e-09 
 5.37200000e-08  1.80000000e+00  0.00000000e+00  1.30528846e-09 
 5.37400000e-08  1.80000000e+00  0.00000000e+00  1.30528846e-09 
 5.37600000e-08  1.80000000e+00  0.00000000e+00  1.30528846e-09 
 5.37800000e-08  1.80000000e+00  0.00000000e+00  1.30528846e-09 
 5.38000000e-08  1.80000000e+00  0.00000000e+00  1.30528846e-09 
 5.38200000e-08  1.80000000e+00  0.00000000e+00  1.30528846e-09 
 5.38400000e-08  1.80000000e+00  0.00000000e+00  1.30528846e-09 
 5.38600000e-08  1.80000000e+00  0.00000000e+00  1.30528846e-09 
 5.38800000e-08  1.80000000e+00  0.00000000e+00  1.30528846e-09 
 5.39000000e-08  1.80000000e+00  0.00000000e+00  1.30528846e-09 
 5.39200000e-08  1.80000000e+00  0.00000000e+00  1.30528846e-09 
 5.39400000e-08  1.80000000e+00  0.00000000e+00  1.30528846e-09 
 5.39600000e-08  1.80000000e+00  0.00000000e+00  1.30528846e-09 
 5.39800000e-08  1.80000000e+00  0.00000000e+00  1.30528846e-09 
 5.40000000e-08  1.80000000e+00  1.19114008e-14  1.30528846e-09 
 5.40020000e-08  1.80000000e+00  3.60000000e-03  1.30528846e-09 
 5.40060000e-08  1.80000000e+00  1.08000000e-02  1.30528846e-09 
 5.40140000e-08  1.80000000e+00  2.52000000e-02  1.30528846e-09 
 5.40300000e-08  1.80000000e+00  5.40000000e-02  1.30528846e-09 
 5.40500000e-08  1.80000000e+00  9.00000000e-02  1.30528846e-09 
 5.40700000e-08  1.80000000e+00  1.26000000e-01  1.30528846e-09 
 5.40900000e-08  1.80000000e+00  1.62000000e-01  1.30528846e-09 
 5.41100000e-08  1.80000000e+00  1.98000000e-01  1.30528846e-09 
 5.41300000e-08  1.80000000e+00  2.34000000e-01  1.30528846e-09 
 5.41500000e-08  1.80000000e+00  2.70000000e-01  1.30528846e-09 
 5.41700000e-08  1.80000000e+00  3.06000000e-01  1.30528846e-09 
 5.41900000e-08  1.80000000e+00  3.42000000e-01  1.30528846e-09 
 5.42100000e-08  1.80000000e+00  3.78000000e-01  1.30528846e-09 
 5.42300000e-08  1.80000000e+00  4.14000000e-01  1.30528846e-09 
 5.42500000e-08  1.80000000e+00  4.50000000e-01  1.30528846e-09 
 5.42700000e-08  1.80000000e+00  4.86000000e-01  1.30528846e-09 
 5.42900000e-08  1.80000000e+00  5.22000000e-01  1.30528846e-09 
 5.43100000e-08  1.80000000e+00  5.58000000e-01  1.30528846e-09 
 5.43300000e-08  1.80000000e+00  5.94000000e-01  1.30528846e-09 
 5.43500000e-08  1.80000000e+00  6.30000000e-01  1.30528846e-09 
 5.43700000e-08  1.80000000e+00  6.66000000e-01  1.30528846e-09 
 5.43900000e-08  1.80000000e+00  7.02000000e-01  1.30528846e-09 
 5.44100000e-08  1.80000000e+00  7.38000000e-01  1.30528846e-09 
 5.44300000e-08  1.80000000e+00  7.74000000e-01  1.30528846e-09 
 5.44500000e-08  1.80000000e+00  8.10000000e-01  1.30528846e-09 
 5.44700000e-08  1.80000000e+00  8.46000000e-01  1.30528846e-09 
 5.44900000e-08  1.80000000e+00  8.82000000e-01  1.30528846e-09 
 5.45100000e-08  1.80000000e+00  9.18000000e-01  1.30528846e-09 
 5.45300000e-08  1.80000000e+00  9.54000000e-01  1.30528846e-09 
 5.45500000e-08  1.80000000e+00  9.90000000e-01  1.30528846e-09 
 5.45700000e-08  1.80000000e+00  1.02600000e+00  1.30528846e-09 
 5.45900000e-08  1.80000000e+00  1.06200000e+00  1.30528846e-09 
 5.46100000e-08  1.80000000e+00  1.09800000e+00  1.30528846e-09 
 5.46300000e-08  1.80000000e+00  1.13400000e+00  1.30528846e-09 
 5.46500000e-08  1.80000000e+00  1.17000000e+00  1.30528846e-09 
 5.46700000e-08  1.80000000e+00  1.20600000e+00  1.30528846e-09 
 5.46900000e-08  1.80000000e+00  1.24200000e+00  1.30528846e-09 
 5.47100000e-08  1.80000000e+00  1.27800000e+00  1.30528846e-09 
 5.47300000e-08  1.80000000e+00  1.31400000e+00  1.30528846e-09 
 5.47500000e-08  1.80000000e+00  1.35000000e+00  1.30528846e-09 
 5.47700000e-08  1.80000000e+00  1.38600000e+00  1.30528846e-09 
 5.47900000e-08  1.80000000e+00  1.42200000e+00  1.30528846e-09 
 5.48100000e-08  1.80000000e+00  1.45800000e+00  1.30528846e-09 
 5.48300000e-08  1.80000000e+00  1.49400000e+00  1.30528846e-09 
 5.48500000e-08  1.80000000e+00  1.53000000e+00  1.30528846e-09 
 5.48700000e-08  1.80000000e+00  1.56600000e+00  1.30528846e-09 
 5.48900000e-08  1.80000000e+00  1.60200000e+00  1.30528846e-09 
 5.49100000e-08  1.80000000e+00  1.63800000e+00  1.30528846e-09 
 5.49300000e-08  1.80000000e+00  1.67400000e+00  1.30528846e-09 
 5.49500000e-08  1.80000000e+00  1.71000000e+00  1.30528846e-09 
 5.49700000e-08  1.80000000e+00  1.74600000e+00  1.30528846e-09 
 5.49900000e-08  1.80000000e+00  1.78200000e+00  1.30528846e-09 
 5.50000000e-08  1.80000000e+00  1.80000000e+00  1.30528846e-09 
 5.50020000e-08  1.80000000e+00  1.80000000e+00  1.30528846e-09 
 5.50060000e-08  1.80000000e+00  1.80000000e+00  1.30528846e-09 
 5.50140000e-08  1.80000000e+00  1.80000000e+00  1.30528846e-09 
 5.50300000e-08  1.80000000e+00  1.80000000e+00  1.30528846e-09 
 5.50500000e-08  1.80000000e+00  1.80000000e+00  1.30528846e-09 
 5.50700000e-08  1.80000000e+00  1.80000000e+00  1.30528846e-09 
 5.50900000e-08  1.80000000e+00  1.80000000e+00  1.30528846e-09 
 5.51100000e-08  1.80000000e+00  1.80000000e+00  1.30528846e-09 
 5.51300000e-08  1.80000000e+00  1.80000000e+00  1.30528846e-09 
 5.51500000e-08  1.80000000e+00  1.80000000e+00  1.30528846e-09 
 5.51700000e-08  1.80000000e+00  1.80000000e+00  1.30528846e-09 
 5.51900000e-08  1.80000000e+00  1.80000000e+00  1.30528846e-09 
 5.52100000e-08  1.80000000e+00  1.80000000e+00  1.30528846e-09 
 5.52300000e-08  1.80000000e+00  1.80000000e+00  1.30528846e-09 
 5.52500000e-08  1.80000000e+00  1.80000000e+00  1.30528846e-09 
 5.52700000e-08  1.80000000e+00  1.80000000e+00  1.30528846e-09 
 5.52900000e-08  1.80000000e+00  1.80000000e+00  1.30528846e-09 
 5.53100000e-08  1.80000000e+00  1.80000000e+00  1.30528846e-09 
 5.53300000e-08  1.80000000e+00  1.80000000e+00  1.30528846e-09 
 5.53500000e-08  1.80000000e+00  1.80000000e+00  1.30528846e-09 
 5.53700000e-08  1.80000000e+00  1.80000000e+00  1.30528846e-09 
 5.53900000e-08  1.80000000e+00  1.80000000e+00  1.30528846e-09 
 5.54100000e-08  1.80000000e+00  1.80000000e+00  1.30528846e-09 
 5.54300000e-08  1.80000000e+00  1.80000000e+00  1.30528846e-09 
 5.54500000e-08  1.80000000e+00  1.80000000e+00  1.30528846e-09 
 5.54700000e-08  1.80000000e+00  1.80000000e+00  1.30528846e-09 
 5.54900000e-08  1.80000000e+00  1.80000000e+00  1.30528846e-09 
 5.55000000e-08  1.80000000e+00  1.80000000e+00  1.30528846e-09 
 5.55020000e-08  1.77600000e+00  1.80000000e+00  1.30528846e-09 
 5.55060000e-08  1.72800000e+00  1.80000000e+00  1.30528846e-09 
 5.55140000e-08  1.63200000e+00  1.80000000e+00  1.30528846e-09 
 5.55300000e-08  1.44000000e+00  1.80000000e+00  1.30528846e-09 
 5.55500000e-08  1.20000000e+00  1.80000000e+00  1.30528846e-09 
 5.55700000e-08  9.60000000e-01  1.80000000e+00  1.30528846e-09 
 5.55900000e-08  7.20000000e-01  1.80000000e+00  1.30528846e-09 
 5.56045492e-08  5.45409177e-01  1.80000000e+00  1.30528846e-09 
 5.56180577e-08  3.83307862e-01  1.80000000e+00  1.30528846e-09 
 5.56380577e-08  1.43307862e-01  1.80000000e+00  1.30528846e-09 
 5.56500000e-08  3.35287353e-14  1.80000000e+00  1.30528846e-09 
 5.56520000e-08  0.00000000e+00  1.80000000e+00  1.30528846e-09 
 5.56560000e-08  0.00000000e+00  1.80000000e+00  1.30528846e-09 
 5.56640000e-08  0.00000000e+00  1.80000000e+00  1.30528846e-09 
 5.56755885e-08  0.00000000e+00  1.80000000e+00  1.30528846e-09 
 5.56955885e-08  0.00000000e+00  1.80000000e+00  1.30528846e-09 
 5.57155885e-08  0.00000000e+00  1.80000000e+00  1.30528846e-09 
 5.57355885e-08  0.00000000e+00  1.80000000e+00  1.30528846e-09 
 5.57555885e-08  0.00000000e+00  1.80000000e+00  1.30528846e-09 
 5.57755885e-08  0.00000000e+00  1.80000000e+00  1.30528846e-09 
 5.57955885e-08  0.00000000e+00  1.80000000e+00  1.30528846e-09 
 5.58155885e-08  0.00000000e+00  1.80000000e+00  1.30528846e-09 
 5.58355885e-08  0.00000000e+00  1.80000000e+00  1.30528846e-09 
 5.58555885e-08  0.00000000e+00  1.80000000e+00  1.30528846e-09 
 5.58755885e-08  0.00000000e+00  1.80000000e+00  1.30528846e-09 
 5.58955885e-08  0.00000000e+00  1.80000000e+00  1.30528846e-09 
 5.59155885e-08  0.00000000e+00  1.80000000e+00  1.30528846e-09 
 5.59355885e-08  0.00000000e+00  1.80000000e+00  1.30528846e-09 
 5.59555885e-08  0.00000000e+00  1.80000000e+00  1.30528846e-09 
 5.59755885e-08  0.00000000e+00  1.80000000e+00  1.30528846e-09 
 5.59955885e-08  0.00000000e+00  1.80000000e+00  1.30528846e-09 
 5.60155885e-08  0.00000000e+00  1.80000000e+00  1.30528846e-09 
 5.60355885e-08  0.00000000e+00  1.80000000e+00  1.30528846e-09 
 5.60555885e-08  0.00000000e+00  1.80000000e+00  1.30528846e-09 
 5.60755885e-08  0.00000000e+00  1.80000000e+00  1.30528846e-09 
 5.60955885e-08  0.00000000e+00  1.80000000e+00  1.30528846e-09 
 5.61155885e-08  0.00000000e+00  1.80000000e+00  1.30528846e-09 
 5.61355885e-08  0.00000000e+00  1.80000000e+00  1.30528846e-09 
 5.61555885e-08  0.00000000e+00  1.80000000e+00  1.30528846e-09 
 5.61755885e-08  0.00000000e+00  1.80000000e+00  1.30528846e-09 
 5.61955885e-08  0.00000000e+00  1.80000000e+00  1.30528846e-09 
 5.62155885e-08  0.00000000e+00  1.80000000e+00  1.30528846e-09 
 5.62355885e-08  0.00000000e+00  1.80000000e+00  1.30528846e-09 
 5.62555885e-08  0.00000000e+00  1.80000000e+00  1.30528846e-09 
 5.62755885e-08  0.00000000e+00  1.80000000e+00  1.30528846e-09 
 5.62955885e-08  0.00000000e+00  1.80000000e+00  1.30528846e-09 
 5.63155885e-08  0.00000000e+00  1.80000000e+00  1.30528846e-09 
 5.63355885e-08  0.00000000e+00  1.80000000e+00  1.30528846e-09 
 5.63555885e-08  0.00000000e+00  1.80000000e+00  1.30528846e-09 
 5.63755885e-08  0.00000000e+00  1.80000000e+00  1.30528846e-09 
 5.63955885e-08  0.00000000e+00  1.80000000e+00  1.30528846e-09 
 5.64155885e-08  0.00000000e+00  1.80000000e+00  1.30528846e-09 
 5.64355885e-08  0.00000000e+00  1.80000000e+00  1.30528846e-09 
 5.64555885e-08  0.00000000e+00  1.80000000e+00  1.30528846e-09 
 5.64755885e-08  0.00000000e+00  1.80000000e+00  1.30528846e-09 
 5.64955885e-08  0.00000000e+00  1.80000000e+00  1.30528846e-09 
 5.65155885e-08  0.00000000e+00  1.80000000e+00  1.30528846e-09 
 5.65355885e-08  0.00000000e+00  1.80000000e+00  1.30528846e-09 
 5.65555885e-08  0.00000000e+00  1.80000000e+00  1.30528846e-09 
 5.65755885e-08  0.00000000e+00  1.80000000e+00  1.30528846e-09 
 5.65955885e-08  0.00000000e+00  1.80000000e+00  1.30528846e-09 
 5.66155885e-08  0.00000000e+00  1.80000000e+00  1.30528846e-09 
 5.66355885e-08  0.00000000e+00  1.80000000e+00  1.30528846e-09 
 5.66555885e-08  0.00000000e+00  1.80000000e+00  1.30528846e-09 
 5.66755885e-08  0.00000000e+00  1.80000000e+00  1.30528846e-09 
 5.66955885e-08  0.00000000e+00  1.80000000e+00  1.30528846e-09 
 5.67155885e-08  0.00000000e+00  1.80000000e+00  1.30528846e-09 
 5.67355885e-08  0.00000000e+00  1.80000000e+00  1.30528846e-09 
 5.67555885e-08  0.00000000e+00  1.80000000e+00  1.30528846e-09 
 5.67755885e-08  0.00000000e+00  1.80000000e+00  1.30528846e-09 
 5.67955885e-08  0.00000000e+00  1.80000000e+00  1.30528846e-09 
 5.68155885e-08  0.00000000e+00  1.80000000e+00  1.30528846e-09 
 5.68355885e-08  0.00000000e+00  1.80000000e+00  1.30528846e-09 
 5.68555885e-08  0.00000000e+00  1.80000000e+00  1.30528846e-09 
 5.68755885e-08  0.00000000e+00  1.80000000e+00  1.30528846e-09 
 5.68955885e-08  0.00000000e+00  1.80000000e+00  1.30528846e-09 
 5.69155885e-08  0.00000000e+00  1.80000000e+00  1.30528846e-09 
 5.69355885e-08  0.00000000e+00  1.80000000e+00  1.30528846e-09 
 5.69555885e-08  0.00000000e+00  1.80000000e+00  1.30528846e-09 
 5.69755885e-08  0.00000000e+00  1.80000000e+00  1.30528846e-09 
 5.69955885e-08  0.00000000e+00  1.80000000e+00  1.30528846e-09 
 5.70155885e-08  0.00000000e+00  1.80000000e+00  1.30528846e-09 
 5.70355885e-08  0.00000000e+00  1.80000000e+00  1.30528846e-09 
 5.70555885e-08  0.00000000e+00  1.80000000e+00  1.30528846e-09 
 5.70755885e-08  0.00000000e+00  1.80000000e+00  1.30528846e-09 
 5.70955885e-08  0.00000000e+00  1.80000000e+00  1.30528846e-09 
 5.71155885e-08  0.00000000e+00  1.80000000e+00  1.30528846e-09 
 5.71355885e-08  0.00000000e+00  1.80000000e+00  1.30528846e-09 
 5.71555885e-08  0.00000000e+00  1.80000000e+00  1.30528846e-09 
 5.71755885e-08  0.00000000e+00  1.80000000e+00  1.30528846e-09 
 5.71955885e-08  0.00000000e+00  1.80000000e+00  1.30528846e-09 
 5.72155885e-08  0.00000000e+00  1.80000000e+00  1.30528846e-09 
 5.72355885e-08  0.00000000e+00  1.80000000e+00  1.30528846e-09 
 5.72555885e-08  0.00000000e+00  1.80000000e+00  1.30528846e-09 
 5.72755885e-08  0.00000000e+00  1.80000000e+00  1.30528846e-09 
 5.72955885e-08  0.00000000e+00  1.80000000e+00  1.30528846e-09 
 5.73155885e-08  0.00000000e+00  1.80000000e+00  1.30528846e-09 
 5.73355885e-08  0.00000000e+00  1.80000000e+00  1.30528846e-09 
 5.73555885e-08  0.00000000e+00  1.80000000e+00  1.30528846e-09 
 5.73755885e-08  0.00000000e+00  1.80000000e+00  1.30528846e-09 
 5.73955885e-08  0.00000000e+00  1.80000000e+00  1.30528846e-09 
 5.74155885e-08  0.00000000e+00  1.80000000e+00  1.30528846e-09 
 5.74355885e-08  0.00000000e+00  1.80000000e+00  1.30528846e-09 
 5.74555885e-08  0.00000000e+00  1.80000000e+00  1.30528846e-09 
 5.74755885e-08  0.00000000e+00  1.80000000e+00  1.30528846e-09 
 5.74955885e-08  0.00000000e+00  1.80000000e+00  1.30528846e-09 
 5.75155885e-08  0.00000000e+00  1.80000000e+00  1.30528846e-09 
 5.75355885e-08  0.00000000e+00  1.80000000e+00  1.30528846e-09 
 5.75555885e-08  0.00000000e+00  1.80000000e+00  1.30528846e-09 
 5.75755885e-08  0.00000000e+00  1.80000000e+00  1.30528846e-09 
 5.75955885e-08  0.00000000e+00  1.80000000e+00  1.30528846e-09 
 5.76155885e-08  0.00000000e+00  1.80000000e+00  1.30528846e-09 
 5.76355885e-08  0.00000000e+00  1.80000000e+00  1.30528846e-09 
 5.76555885e-08  0.00000000e+00  1.80000000e+00  1.30528846e-09 
 5.76755885e-08  0.00000000e+00  1.80000000e+00  1.30528846e-09 
 5.76955885e-08  0.00000000e+00  1.80000000e+00  1.30528846e-09 
 5.77155885e-08  0.00000000e+00  1.80000000e+00  1.30528846e-09 
 5.77355885e-08  0.00000000e+00  1.80000000e+00  1.30528846e-09 
 5.77555885e-08  0.00000000e+00  1.80000000e+00  1.30528846e-09 
 5.77755885e-08  0.00000000e+00  1.80000000e+00  1.30528846e-09 
 5.77955885e-08  0.00000000e+00  1.80000000e+00  1.30528846e-09 
 5.78155885e-08  0.00000000e+00  1.80000000e+00  1.30528846e-09 
 5.78355885e-08  0.00000000e+00  1.80000000e+00  1.30528846e-09 
 5.78555885e-08  0.00000000e+00  1.80000000e+00  1.30528846e-09 
 5.78755885e-08  0.00000000e+00  1.80000000e+00  1.30528846e-09 
 5.78955885e-08  0.00000000e+00  1.80000000e+00  1.30528846e-09 
 5.79155885e-08  0.00000000e+00  1.80000000e+00  1.30528846e-09 
 5.79355885e-08  0.00000000e+00  1.80000000e+00  1.30528846e-09 
 5.79555885e-08  0.00000000e+00  1.80000000e+00  1.30528846e-09 
 5.79755885e-08  0.00000000e+00  1.80000000e+00  1.30528846e-09 
 5.79955885e-08  0.00000000e+00  1.80000000e+00  1.30528846e-09 
 5.80155885e-08  0.00000000e+00  1.80000000e+00  1.30528846e-09 
 5.80355885e-08  0.00000000e+00  1.80000000e+00  1.30528846e-09 
 5.80555885e-08  0.00000000e+00  1.80000000e+00  1.30528846e-09 
 5.80755885e-08  0.00000000e+00  1.80000000e+00  1.30528846e-09 
 5.80955885e-08  0.00000000e+00  1.80000000e+00  1.30528846e-09 
 5.81155885e-08  0.00000000e+00  1.80000000e+00  1.30528846e-09 
 5.81355885e-08  0.00000000e+00  1.80000000e+00  1.30528846e-09 
 5.81555885e-08  0.00000000e+00  1.80000000e+00  1.30528846e-09 
 5.81755885e-08  0.00000000e+00  1.80000000e+00  1.30528846e-09 
 5.81955885e-08  0.00000000e+00  1.80000000e+00  1.30528846e-09 
 5.82155885e-08  0.00000000e+00  1.80000000e+00  1.30528846e-09 
 5.82355885e-08  0.00000000e+00  1.80000000e+00  1.30528846e-09 
 5.82555885e-08  0.00000000e+00  1.80000000e+00  1.30528846e-09 
 5.82755885e-08  0.00000000e+00  1.80000000e+00  1.30528846e-09 
 5.82955885e-08  0.00000000e+00  1.80000000e+00  1.30528846e-09 
 5.83155885e-08  0.00000000e+00  1.80000000e+00  1.30528846e-09 
 5.83355885e-08  0.00000000e+00  1.80000000e+00  1.30528846e-09 
 5.83555885e-08  0.00000000e+00  1.80000000e+00  1.30528846e-09 
 5.83755885e-08  0.00000000e+00  1.80000000e+00  1.30528846e-09 
 5.83955885e-08  0.00000000e+00  1.80000000e+00  1.30528846e-09 
 5.84155885e-08  0.00000000e+00  1.80000000e+00  1.30528846e-09 
 5.84355885e-08  0.00000000e+00  1.80000000e+00  1.30528846e-09 
 5.84555885e-08  0.00000000e+00  1.80000000e+00  1.30528846e-09 
 5.84755885e-08  0.00000000e+00  1.80000000e+00  1.30528846e-09 
 5.84955885e-08  0.00000000e+00  1.80000000e+00  1.30528846e-09 
 5.85155885e-08  0.00000000e+00  1.80000000e+00  1.30528846e-09 
 5.85355885e-08  0.00000000e+00  1.80000000e+00  1.30528846e-09 
 5.85555885e-08  0.00000000e+00  1.80000000e+00  1.30528846e-09 
 5.85755885e-08  0.00000000e+00  1.80000000e+00  1.30528846e-09 
 5.85955885e-08  0.00000000e+00  1.80000000e+00  1.30528846e-09 
 5.86155885e-08  0.00000000e+00  1.80000000e+00  1.30528846e-09 
 5.86355885e-08  0.00000000e+00  1.80000000e+00  1.30528846e-09 
 5.86555885e-08  0.00000000e+00  1.80000000e+00  1.30528846e-09 
 5.86755885e-08  0.00000000e+00  1.80000000e+00  1.30528846e-09 
 5.86955885e-08  0.00000000e+00  1.80000000e+00  1.30528846e-09 
 5.87155885e-08  0.00000000e+00  1.80000000e+00  1.30528846e-09 
 5.87355885e-08  0.00000000e+00  1.80000000e+00  1.30528846e-09 
 5.87555885e-08  0.00000000e+00  1.80000000e+00  1.30528846e-09 
 5.87755885e-08  0.00000000e+00  1.80000000e+00  1.30528846e-09 
 5.87955885e-08  0.00000000e+00  1.80000000e+00  1.30528846e-09 
 5.88155885e-08  0.00000000e+00  1.80000000e+00  1.30528846e-09 
 5.88355885e-08  0.00000000e+00  1.80000000e+00  1.30528846e-09 
 5.88555885e-08  0.00000000e+00  1.80000000e+00  1.30528846e-09 
 5.88755885e-08  0.00000000e+00  1.80000000e+00  1.30528846e-09 
 5.88955885e-08  0.00000000e+00  1.80000000e+00  1.30528846e-09 
 5.89155885e-08  0.00000000e+00  1.80000000e+00  1.30528846e-09 
 5.89355885e-08  0.00000000e+00  1.80000000e+00  1.30528846e-09 
 5.89555885e-08  0.00000000e+00  1.80000000e+00  1.30528846e-09 
 5.89755885e-08  0.00000000e+00  1.80000000e+00  1.30528846e-09 
 5.89955885e-08  0.00000000e+00  1.80000000e+00  1.30528846e-09 
 5.90155885e-08  0.00000000e+00  1.80000000e+00  1.30528846e-09 
 5.90355885e-08  0.00000000e+00  1.80000000e+00  1.30528846e-09 
 5.90555885e-08  0.00000000e+00  1.80000000e+00  1.30528846e-09 
 5.90755885e-08  0.00000000e+00  1.80000000e+00  1.30528846e-09 
 5.90955885e-08  0.00000000e+00  1.80000000e+00  1.30528846e-09 
 5.91155885e-08  0.00000000e+00  1.80000000e+00  1.30528846e-09 
 5.91355885e-08  0.00000000e+00  1.80000000e+00  1.30528846e-09 
 5.91555885e-08  0.00000000e+00  1.80000000e+00  1.30528846e-09 
 5.91755885e-08  0.00000000e+00  1.80000000e+00  1.30528846e-09 
 5.91955885e-08  0.00000000e+00  1.80000000e+00  1.30528846e-09 
 5.92155885e-08  0.00000000e+00  1.80000000e+00  1.30528846e-09 
 5.92355885e-08  0.00000000e+00  1.80000000e+00  1.30528846e-09 
 5.92555885e-08  0.00000000e+00  1.80000000e+00  1.30528846e-09 
 5.92755885e-08  0.00000000e+00  1.80000000e+00  1.30528846e-09 
 5.92955885e-08  0.00000000e+00  1.80000000e+00  1.30528846e-09 
 5.93155885e-08  0.00000000e+00  1.80000000e+00  1.30528846e-09 
 5.93355885e-08  0.00000000e+00  1.80000000e+00  1.30528846e-09 
 5.93555885e-08  0.00000000e+00  1.80000000e+00  1.30528846e-09 
 5.93755885e-08  0.00000000e+00  1.80000000e+00  1.30528846e-09 
 5.93955885e-08  0.00000000e+00  1.80000000e+00  1.30528846e-09 
 5.94155885e-08  0.00000000e+00  1.80000000e+00  1.30528846e-09 
 5.94355885e-08  0.00000000e+00  1.80000000e+00  1.30528846e-09 
 5.94555885e-08  0.00000000e+00  1.80000000e+00  1.30528846e-09 
 5.94755885e-08  0.00000000e+00  1.80000000e+00  1.30528846e-09 
 5.94955885e-08  0.00000000e+00  1.80000000e+00  1.30528846e-09 
 5.95155885e-08  0.00000000e+00  1.80000000e+00  1.30528846e-09 
 5.95355885e-08  0.00000000e+00  1.80000000e+00  1.30528846e-09 
 5.95555885e-08  0.00000000e+00  1.80000000e+00  1.30528846e-09 
 5.95755885e-08  0.00000000e+00  1.80000000e+00  1.30528846e-09 
 5.95955885e-08  0.00000000e+00  1.80000000e+00  1.30528846e-09 
 5.96155885e-08  0.00000000e+00  1.80000000e+00  1.30528846e-09 
 5.96355885e-08  0.00000000e+00  1.80000000e+00  1.30528846e-09 
 5.96555885e-08  0.00000000e+00  1.80000000e+00  1.30528846e-09 
 5.96755885e-08  0.00000000e+00  1.80000000e+00  1.30528846e-09 
 5.96955885e-08  0.00000000e+00  1.80000000e+00  1.30528846e-09 
 5.97155885e-08  0.00000000e+00  1.80000000e+00  1.30528846e-09 
 5.97355885e-08  0.00000000e+00  1.80000000e+00  1.30528846e-09 
 5.97555885e-08  0.00000000e+00  1.80000000e+00  1.30528846e-09 
 5.97755885e-08  0.00000000e+00  1.80000000e+00  1.30528846e-09 
 5.97955885e-08  0.00000000e+00  1.80000000e+00  1.30528846e-09 
 5.98155885e-08  0.00000000e+00  1.80000000e+00  1.30528846e-09 
 5.98355885e-08  0.00000000e+00  1.80000000e+00  1.30528846e-09 
 5.98555885e-08  0.00000000e+00  1.80000000e+00  1.30528846e-09 
 5.98755885e-08  0.00000000e+00  1.80000000e+00  1.30528846e-09 
 5.98955885e-08  0.00000000e+00  1.80000000e+00  1.30528846e-09 
 5.99155885e-08  0.00000000e+00  1.80000000e+00  1.30528846e-09 
 5.99355885e-08  0.00000000e+00  1.80000000e+00  1.30528846e-09 
 5.99555885e-08  0.00000000e+00  1.80000000e+00  1.30528846e-09 
 5.99755885e-08  0.00000000e+00  1.80000000e+00  1.30528846e-09 
 5.99955885e-08  0.00000000e+00  1.80000000e+00  1.30528846e-09 
 6.00155885e-08  0.00000000e+00  1.80000000e+00  1.30528846e-09 
 6.00355885e-08  0.00000000e+00  1.80000000e+00  1.30528846e-09 
 6.00555885e-08  0.00000000e+00  1.80000000e+00  1.30528846e-09 
 6.00755885e-08  0.00000000e+00  1.80000000e+00  1.30528846e-09 
 6.00955885e-08  0.00000000e+00  1.80000000e+00  1.30528846e-09 
 6.01155885e-08  0.00000000e+00  1.80000000e+00  1.30528846e-09 
 6.01355885e-08  0.00000000e+00  1.80000000e+00  1.30528846e-09 
 6.01555885e-08  0.00000000e+00  1.80000000e+00  1.30528846e-09 
 6.01755885e-08  0.00000000e+00  1.80000000e+00  1.30528846e-09 
 6.01955885e-08  0.00000000e+00  1.80000000e+00  1.30528846e-09 
 6.02155885e-08  0.00000000e+00  1.80000000e+00  1.30528846e-09 
 6.02355885e-08  0.00000000e+00  1.80000000e+00  1.30528846e-09 
 6.02555885e-08  0.00000000e+00  1.80000000e+00  1.30528846e-09 
 6.02755885e-08  0.00000000e+00  1.80000000e+00  1.30528846e-09 
 6.02955885e-08  0.00000000e+00  1.80000000e+00  1.30528846e-09 
 6.03155885e-08  0.00000000e+00  1.80000000e+00  1.30528846e-09 
 6.03355885e-08  0.00000000e+00  1.80000000e+00  1.30528846e-09 
 6.03555885e-08  0.00000000e+00  1.80000000e+00  1.30528846e-09 
 6.03755885e-08  0.00000000e+00  1.80000000e+00  1.30528846e-09 
 6.03955885e-08  0.00000000e+00  1.80000000e+00  1.30528846e-09 
 6.04155885e-08  0.00000000e+00  1.80000000e+00  1.30528846e-09 
 6.04355885e-08  0.00000000e+00  1.80000000e+00  1.30528846e-09 
 6.04555885e-08  0.00000000e+00  1.80000000e+00  1.30528846e-09 
 6.04755885e-08  0.00000000e+00  1.80000000e+00  1.30528846e-09 
 6.04955885e-08  0.00000000e+00  1.80000000e+00  1.30528846e-09 
 6.05000000e-08  0.00000000e+00  1.80000000e+00  1.30528846e-09 
 6.05020000e-08  2.40000000e-02  1.80000000e+00  1.30528846e-09 
 6.05060000e-08  7.20000000e-02  1.80000000e+00  1.30528846e-09 
 6.05140000e-08  1.68000000e-01  1.80000000e+00  1.30528846e-09 
 6.05300000e-08  3.60000000e-01  1.80000000e+00  1.30528846e-09 
 6.05500000e-08  6.00000000e-01  1.80000000e+00  1.30528846e-09 
 6.05700000e-08  8.40000000e-01  1.80000000e+00  1.30528846e-09 
 6.05900000e-08  1.08000000e+00  1.80000000e+00  4.50666668e-01 
 6.06100000e-08  1.32000000e+00  1.80000000e+00  1.21548945e+00 
 6.06300000e-08  1.56000000e+00  1.80000000e+00  1.63616352e+00 
 6.06500000e-08  1.80000000e+00  1.80000000e+00  1.76596809e+00 
 6.06520000e-08  1.80000000e+00  1.80000000e+00  1.77007423e+00 
 6.06560000e-08  1.80000000e+00  1.80000000e+00  1.77730060e+00 
 6.06640000e-08  1.80000000e+00  1.80000000e+00  1.78710251e+00 
 6.06800000e-08  1.80000000e+00  1.80000000e+00  1.79628377e+00 
 6.07000000e-08  1.80000000e+00  1.80000000e+00  1.79932473e+00 
 6.07200000e-08  1.80000000e+00  1.80000000e+00  1.79987763e+00 
 6.07400000e-08  1.80000000e+00  1.80000000e+00  1.79997784e+00 
 6.07600000e-08  1.80000000e+00  1.80000000e+00  1.79999599e+00 
 6.07800000e-08  1.80000000e+00  1.80000000e+00  1.79999927e+00 
 6.08000000e-08  1.80000000e+00  1.80000000e+00  1.79999987e+00 
 6.08200000e-08  1.80000000e+00  1.80000000e+00  1.79999997e+00 
 6.08400000e-08  1.80000000e+00  1.80000000e+00  1.79999999e+00 
 6.08600000e-08  1.80000000e+00  1.80000000e+00  1.80000000e+00 
 6.08800000e-08  1.80000000e+00  1.80000000e+00  1.80000000e+00 
 6.09000000e-08  1.80000000e+00  1.80000000e+00  1.80000000e+00 
 6.09200000e-08  1.80000000e+00  1.80000000e+00  1.80000000e+00 
 6.09400000e-08  1.80000000e+00  1.80000000e+00  1.80000000e+00 
 6.09600000e-08  1.80000000e+00  1.80000000e+00  1.80000000e+00 
 6.09800000e-08  1.80000000e+00  1.80000000e+00  1.80000000e+00 
 6.10000000e-08  1.80000000e+00  1.80000000e+00  1.80000000e+00 
 6.10200000e-08  1.80000000e+00  1.80000000e+00  1.80000000e+00 
 6.10400000e-08  1.80000000e+00  1.80000000e+00  1.80000000e+00 
 6.10600000e-08  1.80000000e+00  1.80000000e+00  1.80000000e+00 
 6.10800000e-08  1.80000000e+00  1.80000000e+00  1.80000000e+00 
 6.11000000e-08  1.80000000e+00  1.80000000e+00  1.80000000e+00 
 6.11200000e-08  1.80000000e+00  1.80000000e+00  1.80000000e+00 
 6.11400000e-08  1.80000000e+00  1.80000000e+00  1.80000000e+00 
 6.11600000e-08  1.80000000e+00  1.80000000e+00  1.80000000e+00 
 6.11800000e-08  1.80000000e+00  1.80000000e+00  1.80000000e+00 
 6.12000000e-08  1.80000000e+00  1.80000000e+00  1.80000000e+00 
 6.12200000e-08  1.80000000e+00  1.80000000e+00  1.80000000e+00 
 6.12400000e-08  1.80000000e+00  1.80000000e+00  1.80000000e+00 
 6.12600000e-08  1.80000000e+00  1.80000000e+00  1.80000000e+00 
 6.12800000e-08  1.80000000e+00  1.80000000e+00  1.80000000e+00 
 6.13000000e-08  1.80000000e+00  1.80000000e+00  1.80000000e+00 
 6.13200000e-08  1.80000000e+00  1.80000000e+00  1.80000000e+00 
 6.13400000e-08  1.80000000e+00  1.80000000e+00  1.80000000e+00 
 6.13600000e-08  1.80000000e+00  1.80000000e+00  1.80000000e+00 
 6.13800000e-08  1.80000000e+00  1.80000000e+00  1.80000000e+00 
 6.14000000e-08  1.80000000e+00  1.80000000e+00  1.80000000e+00 
 6.14200000e-08  1.80000000e+00  1.80000000e+00  1.80000000e+00 
 6.14400000e-08  1.80000000e+00  1.80000000e+00  1.80000000e+00 
 6.14600000e-08  1.80000000e+00  1.80000000e+00  1.80000000e+00 
 6.14800000e-08  1.80000000e+00  1.80000000e+00  1.80000000e+00 
 6.15000000e-08  1.80000000e+00  1.80000000e+00  1.80000000e+00 
 6.15200000e-08  1.80000000e+00  1.80000000e+00  1.80000000e+00 
 6.15400000e-08  1.80000000e+00  1.80000000e+00  1.80000000e+00 
 6.15600000e-08  1.80000000e+00  1.80000000e+00  1.80000000e+00 
 6.15800000e-08  1.80000000e+00  1.80000000e+00  1.80000000e+00 
 6.16000000e-08  1.80000000e+00  1.80000000e+00  1.80000000e+00 
 6.16200000e-08  1.80000000e+00  1.80000000e+00  1.80000000e+00 
 6.16400000e-08  1.80000000e+00  1.80000000e+00  1.80000000e+00 
 6.16600000e-08  1.80000000e+00  1.80000000e+00  1.80000000e+00 
 6.16800000e-08  1.80000000e+00  1.80000000e+00  1.80000000e+00 
 6.17000000e-08  1.80000000e+00  1.80000000e+00  1.80000000e+00 
 6.17200000e-08  1.80000000e+00  1.80000000e+00  1.80000000e+00 
 6.17400000e-08  1.80000000e+00  1.80000000e+00  1.80000000e+00 
 6.17600000e-08  1.80000000e+00  1.80000000e+00  1.80000000e+00 
 6.17800000e-08  1.80000000e+00  1.80000000e+00  1.80000000e+00 
 6.18000000e-08  1.80000000e+00  1.80000000e+00  1.80000000e+00 
 6.18200000e-08  1.80000000e+00  1.80000000e+00  1.80000000e+00 
 6.18400000e-08  1.80000000e+00  1.80000000e+00  1.80000000e+00 
 6.18600000e-08  1.80000000e+00  1.80000000e+00  1.80000000e+00 
 6.18800000e-08  1.80000000e+00  1.80000000e+00  1.80000000e+00 
 6.19000000e-08  1.80000000e+00  1.80000000e+00  1.80000000e+00 
 6.19200000e-08  1.80000000e+00  1.80000000e+00  1.80000000e+00 
 6.19400000e-08  1.80000000e+00  1.80000000e+00  1.80000000e+00 
 6.19600000e-08  1.80000000e+00  1.80000000e+00  1.80000000e+00 
 6.19800000e-08  1.80000000e+00  1.80000000e+00  1.80000000e+00 
 6.20000000e-08  1.80000000e+00  1.80000000e+00  1.80000000e+00 
 6.20200000e-08  1.80000000e+00  1.80000000e+00  1.80000000e+00 
 6.20400000e-08  1.80000000e+00  1.80000000e+00  1.80000000e+00 
 6.20600000e-08  1.80000000e+00  1.80000000e+00  1.80000000e+00 
 6.20800000e-08  1.80000000e+00  1.80000000e+00  1.80000000e+00 
 6.21000000e-08  1.80000000e+00  1.80000000e+00  1.80000000e+00 
 6.21200000e-08  1.80000000e+00  1.80000000e+00  1.80000000e+00 
 6.21400000e-08  1.80000000e+00  1.80000000e+00  1.80000000e+00 
 6.21600000e-08  1.80000000e+00  1.80000000e+00  1.80000000e+00 
 6.21800000e-08  1.80000000e+00  1.80000000e+00  1.80000000e+00 
 6.22000000e-08  1.80000000e+00  1.80000000e+00  1.80000000e+00 
 6.22200000e-08  1.80000000e+00  1.80000000e+00  1.80000000e+00 
 6.22400000e-08  1.80000000e+00  1.80000000e+00  1.80000000e+00 
 6.22600000e-08  1.80000000e+00  1.80000000e+00  1.80000000e+00 
 6.22800000e-08  1.80000000e+00  1.80000000e+00  1.80000000e+00 
 6.23000000e-08  1.80000000e+00  1.80000000e+00  1.80000000e+00 
 6.23200000e-08  1.80000000e+00  1.80000000e+00  1.80000000e+00 
 6.23400000e-08  1.80000000e+00  1.80000000e+00  1.80000000e+00 
 6.23600000e-08  1.80000000e+00  1.80000000e+00  1.80000000e+00 
 6.23800000e-08  1.80000000e+00  1.80000000e+00  1.80000000e+00 
 6.24000000e-08  1.80000000e+00  1.80000000e+00  1.80000000e+00 
 6.24200000e-08  1.80000000e+00  1.80000000e+00  1.80000000e+00 
 6.24400000e-08  1.80000000e+00  1.80000000e+00  1.80000000e+00 
 6.24600000e-08  1.80000000e+00  1.80000000e+00  1.80000000e+00 
 6.24800000e-08  1.80000000e+00  1.80000000e+00  1.80000000e+00 
 6.25000000e-08  1.80000000e+00  1.80000000e+00  1.80000000e+00 
 6.25200000e-08  1.80000000e+00  1.80000000e+00  1.80000000e+00 
 6.25400000e-08  1.80000000e+00  1.80000000e+00  1.80000000e+00 
 6.25600000e-08  1.80000000e+00  1.80000000e+00  1.80000000e+00 
 6.25800000e-08  1.80000000e+00  1.80000000e+00  1.80000000e+00 
 6.26000000e-08  1.80000000e+00  1.80000000e+00  1.80000000e+00 
 6.26200000e-08  1.80000000e+00  1.80000000e+00  1.80000000e+00 
 6.26400000e-08  1.80000000e+00  1.80000000e+00  1.80000000e+00 
 6.26600000e-08  1.80000000e+00  1.80000000e+00  1.80000000e+00 
 6.26800000e-08  1.80000000e+00  1.80000000e+00  1.80000000e+00 
 6.27000000e-08  1.80000000e+00  1.80000000e+00  1.80000000e+00 
 6.27200000e-08  1.80000000e+00  1.80000000e+00  1.80000000e+00 
 6.27400000e-08  1.80000000e+00  1.80000000e+00  1.80000000e+00 
 6.27600000e-08  1.80000000e+00  1.80000000e+00  1.80000000e+00 
 6.27800000e-08  1.80000000e+00  1.80000000e+00  1.80000000e+00 
 6.28000000e-08  1.80000000e+00  1.80000000e+00  1.80000000e+00 
 6.28200000e-08  1.80000000e+00  1.80000000e+00  1.80000000e+00 
 6.28400000e-08  1.80000000e+00  1.80000000e+00  1.80000000e+00 
 6.28600000e-08  1.80000000e+00  1.80000000e+00  1.80000000e+00 
 6.28800000e-08  1.80000000e+00  1.80000000e+00  1.80000000e+00 
 6.29000000e-08  1.80000000e+00  1.80000000e+00  1.80000000e+00 
 6.29200000e-08  1.80000000e+00  1.80000000e+00  1.80000000e+00 
 6.29400000e-08  1.80000000e+00  1.80000000e+00  1.80000000e+00 
 6.29600000e-08  1.80000000e+00  1.80000000e+00  1.80000000e+00 
 6.29800000e-08  1.80000000e+00  1.80000000e+00  1.80000000e+00 
 6.30000000e-08  1.80000000e+00  1.80000000e+00  1.80000000e+00 
 6.30200000e-08  1.80000000e+00  1.80000000e+00  1.80000000e+00 
 6.30400000e-08  1.80000000e+00  1.80000000e+00  1.80000000e+00 
 6.30600000e-08  1.80000000e+00  1.80000000e+00  1.80000000e+00 
 6.30800000e-08  1.80000000e+00  1.80000000e+00  1.80000000e+00 
 6.31000000e-08  1.80000000e+00  1.80000000e+00  1.80000000e+00 
 6.31200000e-08  1.80000000e+00  1.80000000e+00  1.80000000e+00 
 6.31400000e-08  1.80000000e+00  1.80000000e+00  1.80000000e+00 
 6.31600000e-08  1.80000000e+00  1.80000000e+00  1.80000000e+00 
 6.31800000e-08  1.80000000e+00  1.80000000e+00  1.80000000e+00 
 6.32000000e-08  1.80000000e+00  1.80000000e+00  1.80000000e+00 
 6.32200000e-08  1.80000000e+00  1.80000000e+00  1.80000000e+00 
 6.32400000e-08  1.80000000e+00  1.80000000e+00  1.80000000e+00 
 6.32600000e-08  1.80000000e+00  1.80000000e+00  1.80000000e+00 
 6.32800000e-08  1.80000000e+00  1.80000000e+00  1.80000000e+00 
 6.33000000e-08  1.80000000e+00  1.80000000e+00  1.80000000e+00 
 6.33200000e-08  1.80000000e+00  1.80000000e+00  1.80000000e+00 
 6.33400000e-08  1.80000000e+00  1.80000000e+00  1.80000000e+00 
 6.33600000e-08  1.80000000e+00  1.80000000e+00  1.80000000e+00 
 6.33800000e-08  1.80000000e+00  1.80000000e+00  1.80000000e+00 
 6.34000000e-08  1.80000000e+00  1.80000000e+00  1.80000000e+00 
 6.34200000e-08  1.80000000e+00  1.80000000e+00  1.80000000e+00 
 6.34400000e-08  1.80000000e+00  1.80000000e+00  1.80000000e+00 
 6.34600000e-08  1.80000000e+00  1.80000000e+00  1.80000000e+00 
 6.34800000e-08  1.80000000e+00  1.80000000e+00  1.80000000e+00 
 6.35000000e-08  1.80000000e+00  1.80000000e+00  1.80000000e+00 
 6.35200000e-08  1.80000000e+00  1.80000000e+00  1.80000000e+00 
 6.35400000e-08  1.80000000e+00  1.80000000e+00  1.80000000e+00 
 6.35600000e-08  1.80000000e+00  1.80000000e+00  1.80000000e+00 
 6.35800000e-08  1.80000000e+00  1.80000000e+00  1.80000000e+00 
 6.36000000e-08  1.80000000e+00  1.80000000e+00  1.80000000e+00 
 6.36200000e-08  1.80000000e+00  1.80000000e+00  1.80000000e+00 
 6.36400000e-08  1.80000000e+00  1.80000000e+00  1.80000000e+00 
 6.36600000e-08  1.80000000e+00  1.80000000e+00  1.80000000e+00 
 6.36800000e-08  1.80000000e+00  1.80000000e+00  1.80000000e+00 
 6.37000000e-08  1.80000000e+00  1.80000000e+00  1.80000000e+00 
 6.37200000e-08  1.80000000e+00  1.80000000e+00  1.80000000e+00 
 6.37400000e-08  1.80000000e+00  1.80000000e+00  1.80000000e+00 
 6.37600000e-08  1.80000000e+00  1.80000000e+00  1.80000000e+00 
 6.37800000e-08  1.80000000e+00  1.80000000e+00  1.80000000e+00 
 6.38000000e-08  1.80000000e+00  1.80000000e+00  1.80000000e+00 
 6.38200000e-08  1.80000000e+00  1.80000000e+00  1.80000000e+00 
 6.38400000e-08  1.80000000e+00  1.80000000e+00  1.80000000e+00 
 6.38600000e-08  1.80000000e+00  1.80000000e+00  1.80000000e+00 
 6.38800000e-08  1.80000000e+00  1.80000000e+00  1.80000000e+00 
 6.39000000e-08  1.80000000e+00  1.80000000e+00  1.80000000e+00 
 6.39200000e-08  1.80000000e+00  1.80000000e+00  1.80000000e+00 
 6.39400000e-08  1.80000000e+00  1.80000000e+00  1.80000000e+00 
 6.39600000e-08  1.80000000e+00  1.80000000e+00  1.80000000e+00 
 6.39800000e-08  1.80000000e+00  1.80000000e+00  1.80000000e+00 
 6.40000000e-08  1.80000000e+00  1.80000000e+00  1.80000000e+00 
 6.40200000e-08  1.80000000e+00  1.80000000e+00  1.80000000e+00 
 6.40400000e-08  1.80000000e+00  1.80000000e+00  1.80000000e+00 
 6.40600000e-08  1.80000000e+00  1.80000000e+00  1.80000000e+00 
 6.40800000e-08  1.80000000e+00  1.80000000e+00  1.80000000e+00 
 6.41000000e-08  1.80000000e+00  1.80000000e+00  1.80000000e+00 
 6.41200000e-08  1.80000000e+00  1.80000000e+00  1.80000000e+00 
 6.41400000e-08  1.80000000e+00  1.80000000e+00  1.80000000e+00 
 6.41600000e-08  1.80000000e+00  1.80000000e+00  1.80000000e+00 
 6.41800000e-08  1.80000000e+00  1.80000000e+00  1.80000000e+00 
 6.42000000e-08  1.80000000e+00  1.80000000e+00  1.80000000e+00 
 6.42200000e-08  1.80000000e+00  1.80000000e+00  1.80000000e+00 
 6.42400000e-08  1.80000000e+00  1.80000000e+00  1.80000000e+00 
 6.42600000e-08  1.80000000e+00  1.80000000e+00  1.80000000e+00 
 6.42800000e-08  1.80000000e+00  1.80000000e+00  1.80000000e+00 
 6.43000000e-08  1.80000000e+00  1.80000000e+00  1.80000000e+00 
 6.43200000e-08  1.80000000e+00  1.80000000e+00  1.80000000e+00 
 6.43400000e-08  1.80000000e+00  1.80000000e+00  1.80000000e+00 
 6.43600000e-08  1.80000000e+00  1.80000000e+00  1.80000000e+00 
 6.43800000e-08  1.80000000e+00  1.80000000e+00  1.80000000e+00 
 6.44000000e-08  1.80000000e+00  1.80000000e+00  1.80000000e+00 
 6.44200000e-08  1.80000000e+00  1.80000000e+00  1.80000000e+00 
 6.44400000e-08  1.80000000e+00  1.80000000e+00  1.80000000e+00 
 6.44600000e-08  1.80000000e+00  1.80000000e+00  1.80000000e+00 
 6.44800000e-08  1.80000000e+00  1.80000000e+00  1.80000000e+00 
 6.45000000e-08  1.80000000e+00  1.80000000e+00  1.80000000e+00 
 6.45200000e-08  1.80000000e+00  1.80000000e+00  1.80000000e+00 
 6.45400000e-08  1.80000000e+00  1.80000000e+00  1.80000000e+00 
 6.45600000e-08  1.80000000e+00  1.80000000e+00  1.80000000e+00 
 6.45800000e-08  1.80000000e+00  1.80000000e+00  1.80000000e+00 
 6.46000000e-08  1.80000000e+00  1.80000000e+00  1.80000000e+00 
 6.46200000e-08  1.80000000e+00  1.80000000e+00  1.80000000e+00 
 6.46400000e-08  1.80000000e+00  1.80000000e+00  1.80000000e+00 
 6.46600000e-08  1.80000000e+00  1.80000000e+00  1.80000000e+00 
 6.46800000e-08  1.80000000e+00  1.80000000e+00  1.80000000e+00 
 6.47000000e-08  1.80000000e+00  1.80000000e+00  1.80000000e+00 
 6.47200000e-08  1.80000000e+00  1.80000000e+00  1.80000000e+00 
 6.47400000e-08  1.80000000e+00  1.80000000e+00  1.80000000e+00 
 6.47600000e-08  1.80000000e+00  1.80000000e+00  1.80000000e+00 
 6.47800000e-08  1.80000000e+00  1.80000000e+00  1.80000000e+00 
 6.48000000e-08  1.80000000e+00  1.80000000e+00  1.80000000e+00 
 6.48200000e-08  1.80000000e+00  1.80000000e+00  1.80000000e+00 
 6.48400000e-08  1.80000000e+00  1.80000000e+00  1.80000000e+00 
 6.48600000e-08  1.80000000e+00  1.80000000e+00  1.80000000e+00 
 6.48800000e-08  1.80000000e+00  1.80000000e+00  1.80000000e+00 
 6.49000000e-08  1.80000000e+00  1.80000000e+00  1.80000000e+00 
 6.49200000e-08  1.80000000e+00  1.80000000e+00  1.80000000e+00 
 6.49400000e-08  1.80000000e+00  1.80000000e+00  1.80000000e+00 
 6.49600000e-08  1.80000000e+00  1.80000000e+00  1.80000000e+00 
 6.49800000e-08  1.80000000e+00  1.80000000e+00  1.80000000e+00 
 6.50000000e-08  1.80000000e+00  1.80000000e+00  1.80000000e+00 
 6.50200000e-08  1.80000000e+00  1.80000000e+00  1.80000000e+00 
 6.50400000e-08  1.80000000e+00  1.80000000e+00  1.80000000e+00 
 6.50600000e-08  1.80000000e+00  1.80000000e+00  1.80000000e+00 
 6.50800000e-08  1.80000000e+00  1.80000000e+00  1.80000000e+00 
 6.51000000e-08  1.80000000e+00  1.80000000e+00  1.80000000e+00 
 6.51200000e-08  1.80000000e+00  1.80000000e+00  1.80000000e+00 
 6.51400000e-08  1.80000000e+00  1.80000000e+00  1.80000000e+00 
 6.51600000e-08  1.80000000e+00  1.80000000e+00  1.80000000e+00 
 6.51800000e-08  1.80000000e+00  1.80000000e+00  1.80000000e+00 
 6.52000000e-08  1.80000000e+00  1.80000000e+00  1.80000000e+00 
 6.52200000e-08  1.80000000e+00  1.80000000e+00  1.80000000e+00 
 6.52400000e-08  1.80000000e+00  1.80000000e+00  1.80000000e+00 
 6.52600000e-08  1.80000000e+00  1.80000000e+00  1.80000000e+00 
 6.52800000e-08  1.80000000e+00  1.80000000e+00  1.80000000e+00 
 6.53000000e-08  1.80000000e+00  1.80000000e+00  1.80000000e+00 
 6.53200000e-08  1.80000000e+00  1.80000000e+00  1.80000000e+00 
 6.53400000e-08  1.80000000e+00  1.80000000e+00  1.80000000e+00 
 6.53600000e-08  1.80000000e+00  1.80000000e+00  1.80000000e+00 
 6.53800000e-08  1.80000000e+00  1.80000000e+00  1.80000000e+00 
 6.54000000e-08  1.80000000e+00  1.80000000e+00  1.80000000e+00 
 6.54200000e-08  1.80000000e+00  1.80000000e+00  1.80000000e+00 
 6.54400000e-08  1.80000000e+00  1.80000000e+00  1.80000000e+00 
 6.54600000e-08  1.80000000e+00  1.80000000e+00  1.80000000e+00 
 6.54800000e-08  1.80000000e+00  1.80000000e+00  1.80000000e+00 
 6.55000000e-08  1.80000000e+00  1.80000000e+00  1.80000000e+00 
 6.55020000e-08  1.77600000e+00  1.80000000e+00  1.80000000e+00 
 6.55060000e-08  1.72800000e+00  1.80000000e+00  1.80000000e+00 
 6.55140000e-08  1.63200000e+00  1.80000000e+00  1.80000000e+00 
 6.55300000e-08  1.44000000e+00  1.80000000e+00  1.80000000e+00 
 6.55500000e-08  1.20000000e+00  1.80000000e+00  1.80000000e+00 
 6.55700000e-08  9.60000000e-01  1.80000000e+00  1.80000000e+00 
 6.55900000e-08  7.20000000e-01  1.80000000e+00  1.34933333e+00 
 6.56100000e-08  4.80000000e-01  1.80000000e+00  5.84510552e-01 
 6.56238714e-08  3.13543372e-01  1.80000000e+00  2.55735760e-01 
 6.56391025e-08  1.30769841e-01  1.80000000e+00  8.87259424e-02 
 6.56500000e-08  0.00000000e+00  1.80000000e+00  4.10752279e-02 
 6.56520000e-08  0.00000000e+00  1.80000000e+00  3.61335688e-02 
 6.56560000e-08  0.00000000e+00  1.80000000e+00  2.74285361e-02 
 6.56640000e-08  0.00000000e+00  1.80000000e+00  1.55984510e-02 
 6.56800000e-08  0.00000000e+00  1.80000000e+00  4.50006157e-03 
 6.57000000e-08  0.00000000e+00  1.80000000e+00  8.18267237e-04 
 6.57200000e-08  0.00000000e+00  1.80000000e+00  1.48300062e-04 
 6.57400000e-08  0.00000000e+00  1.80000000e+00  2.68621370e-05 
 6.57600000e-08  0.00000000e+00  1.80000000e+00  4.86442548e-06 
 6.57800000e-08  0.00000000e+00  1.80000000e+00  8.80423365e-07 
 6.58000000e-08  0.00000000e+00  1.80000000e+00  1.60462995e-07 
 6.58200000e-08  0.00000000e+00  1.80000000e+00  3.01273966e-08 
 6.58400000e-08  0.00000000e+00  1.80000000e+00  6.52498391e-09 
 6.58600000e-08  0.00000000e+00  1.80000000e+00  2.25058579e-09 
 6.58800000e-08  0.00000000e+00  1.80000000e+00  1.47648398e-09 
 6.59000000e-08  0.00000000e+00  1.80000000e+00  1.33629237e-09 
 6.59200000e-08  0.00000000e+00  1.80000000e+00  1.31090334e-09 
 6.59400000e-08  0.00000000e+00  1.80000000e+00  1.30630533e-09 
 6.59600000e-08  0.00000000e+00  1.80000000e+00  1.30547262e-09 
 6.59800000e-08  0.00000000e+00  1.80000000e+00  1.30532181e-09 
 6.60000000e-08  0.00000000e+00  1.80000000e+00  1.30529450e-09 
 6.60200000e-08  0.00000000e+00  1.80000000e+00  1.30528955e-09 
 6.60400000e-08  0.00000000e+00  1.80000000e+00  1.30528866e-09 
 6.60600000e-08  0.00000000e+00  1.80000000e+00  1.30528850e-09 
 6.60800000e-08  0.00000000e+00  1.80000000e+00  1.30528847e-09 
 6.61000000e-08  0.00000000e+00  1.80000000e+00  1.30528846e-09 
 6.61200000e-08  0.00000000e+00  1.80000000e+00  1.30528846e-09 
 6.61400000e-08  0.00000000e+00  1.80000000e+00  1.30528846e-09 
 6.61600000e-08  0.00000000e+00  1.80000000e+00  1.30528846e-09 
 6.61800000e-08  0.00000000e+00  1.80000000e+00  1.30528846e-09 
 6.62000000e-08  0.00000000e+00  1.80000000e+00  1.30528846e-09 
 6.62200000e-08  0.00000000e+00  1.80000000e+00  1.30528846e-09 
 6.62400000e-08  0.00000000e+00  1.80000000e+00  1.30528846e-09 
 6.62600000e-08  0.00000000e+00  1.80000000e+00  1.30528846e-09 
 6.62800000e-08  0.00000000e+00  1.80000000e+00  1.30528846e-09 
 6.63000000e-08  0.00000000e+00  1.80000000e+00  1.30528846e-09 
 6.63200000e-08  0.00000000e+00  1.80000000e+00  1.30528846e-09 
 6.63400000e-08  0.00000000e+00  1.80000000e+00  1.30528846e-09 
 6.63600000e-08  0.00000000e+00  1.80000000e+00  1.30528846e-09 
 6.63800000e-08  0.00000000e+00  1.80000000e+00  1.30528846e-09 
 6.64000000e-08  0.00000000e+00  1.80000000e+00  1.30528846e-09 
 6.64200000e-08  0.00000000e+00  1.80000000e+00  1.30528846e-09 
 6.64400000e-08  0.00000000e+00  1.80000000e+00  1.30528846e-09 
 6.64600000e-08  0.00000000e+00  1.80000000e+00  1.30528846e-09 
 6.64800000e-08  0.00000000e+00  1.80000000e+00  1.30528846e-09 
 6.65000000e-08  0.00000000e+00  1.80000000e+00  1.30528846e-09 
 6.65200000e-08  0.00000000e+00  1.80000000e+00  1.30528846e-09 
 6.65400000e-08  0.00000000e+00  1.80000000e+00  1.30528846e-09 
 6.65600000e-08  0.00000000e+00  1.80000000e+00  1.30528846e-09 
 6.65800000e-08  0.00000000e+00  1.80000000e+00  1.30528846e-09 
 6.66000000e-08  0.00000000e+00  1.80000000e+00  1.30528846e-09 
 6.66200000e-08  0.00000000e+00  1.80000000e+00  1.30528846e-09 
 6.66400000e-08  0.00000000e+00  1.80000000e+00  1.30528846e-09 
 6.66600000e-08  0.00000000e+00  1.80000000e+00  1.30528846e-09 
 6.66800000e-08  0.00000000e+00  1.80000000e+00  1.30528846e-09 
 6.67000000e-08  0.00000000e+00  1.80000000e+00  1.30528846e-09 
 6.67200000e-08  0.00000000e+00  1.80000000e+00  1.30528846e-09 
 6.67400000e-08  0.00000000e+00  1.80000000e+00  1.30528846e-09 
 6.67600000e-08  0.00000000e+00  1.80000000e+00  1.30528846e-09 
 6.67800000e-08  0.00000000e+00  1.80000000e+00  1.30528846e-09 
 6.68000000e-08  0.00000000e+00  1.80000000e+00  1.30528846e-09 
 6.68200000e-08  0.00000000e+00  1.80000000e+00  1.30528846e-09 
 6.68400000e-08  0.00000000e+00  1.80000000e+00  1.30528846e-09 
 6.68600000e-08  0.00000000e+00  1.80000000e+00  1.30528846e-09 
 6.68800000e-08  0.00000000e+00  1.80000000e+00  1.30528846e-09 
 6.69000000e-08  0.00000000e+00  1.80000000e+00  1.30528846e-09 
 6.69200000e-08  0.00000000e+00  1.80000000e+00  1.30528846e-09 
 6.69400000e-08  0.00000000e+00  1.80000000e+00  1.30528846e-09 
 6.69600000e-08  0.00000000e+00  1.80000000e+00  1.30528846e-09 
 6.69800000e-08  0.00000000e+00  1.80000000e+00  1.30528846e-09 
 6.70000000e-08  0.00000000e+00  1.80000000e+00  1.30528846e-09 
 6.70200000e-08  0.00000000e+00  1.80000000e+00  1.30528846e-09 
 6.70400000e-08  0.00000000e+00  1.80000000e+00  1.30528846e-09 
 6.70600000e-08  0.00000000e+00  1.80000000e+00  1.30528846e-09 
 6.70800000e-08  0.00000000e+00  1.80000000e+00  1.30528846e-09 
 6.71000000e-08  0.00000000e+00  1.80000000e+00  1.30528846e-09 
 6.71200000e-08  0.00000000e+00  1.80000000e+00  1.30528846e-09 
 6.71400000e-08  0.00000000e+00  1.80000000e+00  1.30528846e-09 
 6.71600000e-08  0.00000000e+00  1.80000000e+00  1.30528846e-09 
 6.71800000e-08  0.00000000e+00  1.80000000e+00  1.30528846e-09 
 6.72000000e-08  0.00000000e+00  1.80000000e+00  1.30528846e-09 
 6.72200000e-08  0.00000000e+00  1.80000000e+00  1.30528846e-09 
 6.72400000e-08  0.00000000e+00  1.80000000e+00  1.30528846e-09 
 6.72600000e-08  0.00000000e+00  1.80000000e+00  1.30528846e-09 
 6.72800000e-08  0.00000000e+00  1.80000000e+00  1.30528846e-09 
 6.73000000e-08  0.00000000e+00  1.80000000e+00  1.30528846e-09 
 6.73200000e-08  0.00000000e+00  1.80000000e+00  1.30528846e-09 
 6.73400000e-08  0.00000000e+00  1.80000000e+00  1.30528846e-09 
 6.73600000e-08  0.00000000e+00  1.80000000e+00  1.30528846e-09 
 6.73800000e-08  0.00000000e+00  1.80000000e+00  1.30528846e-09 
 6.74000000e-08  0.00000000e+00  1.80000000e+00  1.30528846e-09 
 6.74200000e-08  0.00000000e+00  1.80000000e+00  1.30528846e-09 
 6.74400000e-08  0.00000000e+00  1.80000000e+00  1.30528846e-09 
 6.74600000e-08  0.00000000e+00  1.80000000e+00  1.30528846e-09 
 6.74800000e-08  0.00000000e+00  1.80000000e+00  1.30528846e-09 
 6.75000000e-08  0.00000000e+00  1.80000000e+00  1.30528846e-09 
 6.75200000e-08  0.00000000e+00  1.80000000e+00  1.30528846e-09 
 6.75400000e-08  0.00000000e+00  1.80000000e+00  1.30528846e-09 
 6.75600000e-08  0.00000000e+00  1.80000000e+00  1.30528846e-09 
 6.75800000e-08  0.00000000e+00  1.80000000e+00  1.30528846e-09 
 6.76000000e-08  0.00000000e+00  1.80000000e+00  1.30528846e-09 
 6.76200000e-08  0.00000000e+00  1.80000000e+00  1.30528846e-09 
 6.76400000e-08  0.00000000e+00  1.80000000e+00  1.30528846e-09 
 6.76600000e-08  0.00000000e+00  1.80000000e+00  1.30528846e-09 
 6.76800000e-08  0.00000000e+00  1.80000000e+00  1.30528846e-09 
 6.77000000e-08  0.00000000e+00  1.80000000e+00  1.30528846e-09 
 6.77200000e-08  0.00000000e+00  1.80000000e+00  1.30528846e-09 
 6.77400000e-08  0.00000000e+00  1.80000000e+00  1.30528846e-09 
 6.77600000e-08  0.00000000e+00  1.80000000e+00  1.30528846e-09 
 6.77800000e-08  0.00000000e+00  1.80000000e+00  1.30528846e-09 
 6.78000000e-08  0.00000000e+00  1.80000000e+00  1.30528846e-09 
 6.78200000e-08  0.00000000e+00  1.80000000e+00  1.30528846e-09 
 6.78400000e-08  0.00000000e+00  1.80000000e+00  1.30528846e-09 
 6.78600000e-08  0.00000000e+00  1.80000000e+00  1.30528846e-09 
 6.78800000e-08  0.00000000e+00  1.80000000e+00  1.30528846e-09 
 6.79000000e-08  0.00000000e+00  1.80000000e+00  1.30528846e-09 
 6.79200000e-08  0.00000000e+00  1.80000000e+00  1.30528846e-09 
 6.79400000e-08  0.00000000e+00  1.80000000e+00  1.30528846e-09 
 6.79600000e-08  0.00000000e+00  1.80000000e+00  1.30528846e-09 
 6.79800000e-08  0.00000000e+00  1.80000000e+00  1.30528846e-09 
 6.80000000e-08  0.00000000e+00  1.80000000e+00  1.30528846e-09 
 6.80200000e-08  0.00000000e+00  1.80000000e+00  1.30528846e-09 
 6.80400000e-08  0.00000000e+00  1.80000000e+00  1.30528846e-09 
 6.80600000e-08  0.00000000e+00  1.80000000e+00  1.30528846e-09 
 6.80800000e-08  0.00000000e+00  1.80000000e+00  1.30528846e-09 
 6.81000000e-08  0.00000000e+00  1.80000000e+00  1.30528846e-09 
 6.81200000e-08  0.00000000e+00  1.80000000e+00  1.30528846e-09 
 6.81400000e-08  0.00000000e+00  1.80000000e+00  1.30528846e-09 
 6.81600000e-08  0.00000000e+00  1.80000000e+00  1.30528846e-09 
 6.81800000e-08  0.00000000e+00  1.80000000e+00  1.30528846e-09 
 6.82000000e-08  0.00000000e+00  1.80000000e+00  1.30528846e-09 
 6.82200000e-08  0.00000000e+00  1.80000000e+00  1.30528846e-09 
 6.82400000e-08  0.00000000e+00  1.80000000e+00  1.30528846e-09 
 6.82600000e-08  0.00000000e+00  1.80000000e+00  1.30528846e-09 
 6.82800000e-08  0.00000000e+00  1.80000000e+00  1.30528846e-09 
 6.83000000e-08  0.00000000e+00  1.80000000e+00  1.30528846e-09 
 6.83200000e-08  0.00000000e+00  1.80000000e+00  1.30528846e-09 
 6.83400000e-08  0.00000000e+00  1.80000000e+00  1.30528846e-09 
 6.83600000e-08  0.00000000e+00  1.80000000e+00  1.30528846e-09 
 6.83800000e-08  0.00000000e+00  1.80000000e+00  1.30528846e-09 
 6.84000000e-08  0.00000000e+00  1.80000000e+00  1.30528846e-09 
 6.84200000e-08  0.00000000e+00  1.80000000e+00  1.30528846e-09 
 6.84400000e-08  0.00000000e+00  1.80000000e+00  1.30528846e-09 
 6.84600000e-08  0.00000000e+00  1.80000000e+00  1.30528846e-09 
 6.84800000e-08  0.00000000e+00  1.80000000e+00  1.30528846e-09 
 6.85000000e-08  0.00000000e+00  1.80000000e+00  1.30528846e-09 
 6.85200000e-08  0.00000000e+00  1.80000000e+00  1.30528846e-09 
 6.85400000e-08  0.00000000e+00  1.80000000e+00  1.30528846e-09 
 6.85600000e-08  0.00000000e+00  1.80000000e+00  1.30528846e-09 
 6.85800000e-08  0.00000000e+00  1.80000000e+00  1.30528846e-09 
 6.86000000e-08  0.00000000e+00  1.80000000e+00  1.30528846e-09 
 6.86200000e-08  0.00000000e+00  1.80000000e+00  1.30528846e-09 
 6.86400000e-08  0.00000000e+00  1.80000000e+00  1.30528846e-09 
 6.86600000e-08  0.00000000e+00  1.80000000e+00  1.30528846e-09 
 6.86800000e-08  0.00000000e+00  1.80000000e+00  1.30528846e-09 
 6.87000000e-08  0.00000000e+00  1.80000000e+00  1.30528846e-09 
 6.87200000e-08  0.00000000e+00  1.80000000e+00  1.30528846e-09 
 6.87400000e-08  0.00000000e+00  1.80000000e+00  1.30528846e-09 
 6.87600000e-08  0.00000000e+00  1.80000000e+00  1.30528846e-09 
 6.87800000e-08  0.00000000e+00  1.80000000e+00  1.30528846e-09 
 6.88000000e-08  0.00000000e+00  1.80000000e+00  1.30528846e-09 
 6.88200000e-08  0.00000000e+00  1.80000000e+00  1.30528846e-09 
 6.88400000e-08  0.00000000e+00  1.80000000e+00  1.30528846e-09 
 6.88600000e-08  0.00000000e+00  1.80000000e+00  1.30528846e-09 
 6.88800000e-08  0.00000000e+00  1.80000000e+00  1.30528846e-09 
 6.89000000e-08  0.00000000e+00  1.80000000e+00  1.30528846e-09 
 6.89200000e-08  0.00000000e+00  1.80000000e+00  1.30528846e-09 
 6.89400000e-08  0.00000000e+00  1.80000000e+00  1.30528846e-09 
 6.89600000e-08  0.00000000e+00  1.80000000e+00  1.30528846e-09 
 6.89800000e-08  0.00000000e+00  1.80000000e+00  1.30528846e-09 
 6.90000000e-08  0.00000000e+00  1.80000000e+00  1.30528846e-09 
 6.90200000e-08  0.00000000e+00  1.80000000e+00  1.30528846e-09 
 6.90400000e-08  0.00000000e+00  1.80000000e+00  1.30528846e-09 
 6.90600000e-08  0.00000000e+00  1.80000000e+00  1.30528846e-09 
 6.90800000e-08  0.00000000e+00  1.80000000e+00  1.30528846e-09 
 6.91000000e-08  0.00000000e+00  1.80000000e+00  1.30528846e-09 
 6.91200000e-08  0.00000000e+00  1.80000000e+00  1.30528846e-09 
 6.91400000e-08  0.00000000e+00  1.80000000e+00  1.30528846e-09 
 6.91600000e-08  0.00000000e+00  1.80000000e+00  1.30528846e-09 
 6.91800000e-08  0.00000000e+00  1.80000000e+00  1.30528846e-09 
 6.92000000e-08  0.00000000e+00  1.80000000e+00  1.30528846e-09 
 6.92200000e-08  0.00000000e+00  1.80000000e+00  1.30528846e-09 
 6.92400000e-08  0.00000000e+00  1.80000000e+00  1.30528846e-09 
 6.92600000e-08  0.00000000e+00  1.80000000e+00  1.30528846e-09 
 6.92800000e-08  0.00000000e+00  1.80000000e+00  1.30528846e-09 
 6.93000000e-08  0.00000000e+00  1.80000000e+00  1.30528846e-09 
 6.93200000e-08  0.00000000e+00  1.80000000e+00  1.30528846e-09 
 6.93400000e-08  0.00000000e+00  1.80000000e+00  1.30528846e-09 
 6.93600000e-08  0.00000000e+00  1.80000000e+00  1.30528846e-09 
 6.93800000e-08  0.00000000e+00  1.80000000e+00  1.30528846e-09 
 6.94000000e-08  0.00000000e+00  1.80000000e+00  1.30528846e-09 
 6.94200000e-08  0.00000000e+00  1.80000000e+00  1.30528846e-09 
 6.94400000e-08  0.00000000e+00  1.80000000e+00  1.30528846e-09 
 6.94600000e-08  0.00000000e+00  1.80000000e+00  1.30528846e-09 
 6.94800000e-08  0.00000000e+00  1.80000000e+00  1.30528846e-09 
 6.95000000e-08  0.00000000e+00  1.80000000e+00  1.30528846e-09 
 6.95200000e-08  0.00000000e+00  1.80000000e+00  1.30528846e-09 
 6.95400000e-08  0.00000000e+00  1.80000000e+00  1.30528846e-09 
 6.95600000e-08  0.00000000e+00  1.80000000e+00  1.30528846e-09 
 6.95800000e-08  0.00000000e+00  1.80000000e+00  1.30528846e-09 
 6.96000000e-08  0.00000000e+00  1.80000000e+00  1.30528846e-09 
 6.96200000e-08  0.00000000e+00  1.80000000e+00  1.30528846e-09 
 6.96400000e-08  0.00000000e+00  1.80000000e+00  1.30528846e-09 
 6.96600000e-08  0.00000000e+00  1.80000000e+00  1.30528846e-09 
 6.96800000e-08  0.00000000e+00  1.80000000e+00  1.30528846e-09 
 6.97000000e-08  0.00000000e+00  1.80000000e+00  1.30528846e-09 
 6.97200000e-08  0.00000000e+00  1.80000000e+00  1.30528846e-09 
 6.97400000e-08  0.00000000e+00  1.80000000e+00  1.30528846e-09 
 6.97600000e-08  0.00000000e+00  1.80000000e+00  1.30528846e-09 
 6.97800000e-08  0.00000000e+00  1.80000000e+00  1.30528846e-09 
 6.98000000e-08  0.00000000e+00  1.80000000e+00  1.30528846e-09 
 6.98200000e-08  0.00000000e+00  1.80000000e+00  1.30528846e-09 
 6.98400000e-08  0.00000000e+00  1.80000000e+00  1.30528846e-09 
 6.98600000e-08  0.00000000e+00  1.80000000e+00  1.30528846e-09 
 6.98800000e-08  0.00000000e+00  1.80000000e+00  1.30528846e-09 
 6.99000000e-08  0.00000000e+00  1.80000000e+00  1.30528846e-09 
 6.99200000e-08  0.00000000e+00  1.80000000e+00  1.30528846e-09 
 6.99400000e-08  0.00000000e+00  1.80000000e+00  1.30528846e-09 
 6.99600000e-08  0.00000000e+00  1.80000000e+00  1.30528846e-09 
 6.99800000e-08  0.00000000e+00  1.80000000e+00  1.30528846e-09 
 7.00000000e-08  0.00000000e+00  1.80000000e+00  1.30528846e-09 
 7.00200000e-08  0.00000000e+00  1.80000000e+00  1.30528846e-09 
 7.00400000e-08  0.00000000e+00  1.80000000e+00  1.30528846e-09 
 7.00600000e-08  0.00000000e+00  1.80000000e+00  1.30528846e-09 
 7.00800000e-08  0.00000000e+00  1.80000000e+00  1.30528846e-09 
 7.01000000e-08  0.00000000e+00  1.80000000e+00  1.30528846e-09 
 7.01200000e-08  0.00000000e+00  1.80000000e+00  1.30528846e-09 
 7.01400000e-08  0.00000000e+00  1.80000000e+00  1.30528846e-09 
 7.01600000e-08  0.00000000e+00  1.80000000e+00  1.30528846e-09 
 7.01800000e-08  0.00000000e+00  1.80000000e+00  1.30528846e-09 
 7.02000000e-08  0.00000000e+00  1.80000000e+00  1.30528846e-09 
 7.02200000e-08  0.00000000e+00  1.80000000e+00  1.30528846e-09 
 7.02400000e-08  0.00000000e+00  1.80000000e+00  1.30528846e-09 
 7.02600000e-08  0.00000000e+00  1.80000000e+00  1.30528846e-09 
 7.02800000e-08  0.00000000e+00  1.80000000e+00  1.30528846e-09 
 7.03000000e-08  0.00000000e+00  1.80000000e+00  1.30528846e-09 
 7.03200000e-08  0.00000000e+00  1.80000000e+00  1.30528846e-09 
 7.03400000e-08  0.00000000e+00  1.80000000e+00  1.30528846e-09 
 7.03600000e-08  0.00000000e+00  1.80000000e+00  1.30528846e-09 
 7.03800000e-08  0.00000000e+00  1.80000000e+00  1.30528846e-09 
 7.04000000e-08  0.00000000e+00  1.80000000e+00  1.30528846e-09 
 7.04200000e-08  0.00000000e+00  1.80000000e+00  1.30528846e-09 
 7.04400000e-08  0.00000000e+00  1.80000000e+00  1.30528846e-09 
 7.04600000e-08  0.00000000e+00  1.80000000e+00  1.30528846e-09 
 7.04800000e-08  0.00000000e+00  1.80000000e+00  1.30528846e-09 
 7.05000000e-08  0.00000000e+00  1.80000000e+00  1.30528846e-09 
 7.05020000e-08  2.40000000e-02  1.80000000e+00  1.30528846e-09 
 7.05060000e-08  7.20000000e-02  1.80000000e+00  1.30528846e-09 
 7.05140000e-08  1.68000000e-01  1.80000000e+00  1.30528846e-09 
 7.05300000e-08  3.60000000e-01  1.80000000e+00  1.30528846e-09 
 7.05500000e-08  6.00000000e-01  1.80000000e+00  1.30528846e-09 
 7.05700000e-08  8.40000000e-01  1.80000000e+00  1.30528846e-09 
 7.05900000e-08  1.08000000e+00  1.80000000e+00  4.50666668e-01 
 7.06100000e-08  1.32000000e+00  1.80000000e+00  1.21548945e+00 
 7.06300000e-08  1.56000000e+00  1.80000000e+00  1.63616352e+00 
 7.06500000e-08  1.80000000e+00  1.80000000e+00  1.76596809e+00 
 7.06520000e-08  1.80000000e+00  1.80000000e+00  1.77007423e+00 
 7.06560000e-08  1.80000000e+00  1.80000000e+00  1.77730060e+00 
 7.06640000e-08  1.80000000e+00  1.80000000e+00  1.78710251e+00 
 7.06800000e-08  1.80000000e+00  1.80000000e+00  1.79628377e+00 
 7.07000000e-08  1.80000000e+00  1.80000000e+00  1.79932473e+00 
 7.07200000e-08  1.80000000e+00  1.80000000e+00  1.79987763e+00 
 7.07400000e-08  1.80000000e+00  1.80000000e+00  1.79997784e+00 
 7.07600000e-08  1.80000000e+00  1.80000000e+00  1.79999599e+00 
 7.07800000e-08  1.80000000e+00  1.80000000e+00  1.79999927e+00 
 7.08000000e-08  1.80000000e+00  1.80000000e+00  1.79999987e+00 
 7.08200000e-08  1.80000000e+00  1.80000000e+00  1.79999997e+00 
 7.08400000e-08  1.80000000e+00  1.80000000e+00  1.79999999e+00 
 7.08600000e-08  1.80000000e+00  1.80000000e+00  1.80000000e+00 
 7.08800000e-08  1.80000000e+00  1.80000000e+00  1.80000000e+00 
 7.09000000e-08  1.80000000e+00  1.80000000e+00  1.80000000e+00 
 7.09200000e-08  1.80000000e+00  1.80000000e+00  1.80000000e+00 
 7.09400000e-08  1.80000000e+00  1.80000000e+00  1.80000000e+00 
 7.09600000e-08  1.80000000e+00  1.80000000e+00  1.80000000e+00 
 7.09800000e-08  1.80000000e+00  1.80000000e+00  1.80000000e+00 
 7.10000000e-08  1.80000000e+00  1.80000000e+00  1.80000000e+00 
 7.10200000e-08  1.80000000e+00  1.80000000e+00  1.80000000e+00 
 7.10400000e-08  1.80000000e+00  1.80000000e+00  1.80000000e+00 
 7.10600000e-08  1.80000000e+00  1.80000000e+00  1.80000000e+00 
 7.10800000e-08  1.80000000e+00  1.80000000e+00  1.80000000e+00 
 7.11000000e-08  1.80000000e+00  1.80000000e+00  1.80000000e+00 
 7.11200000e-08  1.80000000e+00  1.80000000e+00  1.80000000e+00 
 7.11400000e-08  1.80000000e+00  1.80000000e+00  1.80000000e+00 
 7.11600000e-08  1.80000000e+00  1.80000000e+00  1.80000000e+00 
 7.11800000e-08  1.80000000e+00  1.80000000e+00  1.80000000e+00 
 7.12000000e-08  1.80000000e+00  1.80000000e+00  1.80000000e+00 
 7.12200000e-08  1.80000000e+00  1.80000000e+00  1.80000000e+00 
 7.12400000e-08  1.80000000e+00  1.80000000e+00  1.80000000e+00 
 7.12600000e-08  1.80000000e+00  1.80000000e+00  1.80000000e+00 
 7.12800000e-08  1.80000000e+00  1.80000000e+00  1.80000000e+00 
 7.13000000e-08  1.80000000e+00  1.80000000e+00  1.80000000e+00 
 7.13200000e-08  1.80000000e+00  1.80000000e+00  1.80000000e+00 
 7.13400000e-08  1.80000000e+00  1.80000000e+00  1.80000000e+00 
 7.13600000e-08  1.80000000e+00  1.80000000e+00  1.80000000e+00 
 7.13800000e-08  1.80000000e+00  1.80000000e+00  1.80000000e+00 
 7.14000000e-08  1.80000000e+00  1.80000000e+00  1.80000000e+00 
 7.14200000e-08  1.80000000e+00  1.80000000e+00  1.80000000e+00 
 7.14400000e-08  1.80000000e+00  1.80000000e+00  1.80000000e+00 
 7.14600000e-08  1.80000000e+00  1.80000000e+00  1.80000000e+00 
 7.14800000e-08  1.80000000e+00  1.80000000e+00  1.80000000e+00 
 7.15000000e-08  1.80000000e+00  1.80000000e+00  1.80000000e+00 
 7.15200000e-08  1.80000000e+00  1.80000000e+00  1.80000000e+00 
 7.15400000e-08  1.80000000e+00  1.80000000e+00  1.80000000e+00 
 7.15600000e-08  1.80000000e+00  1.80000000e+00  1.80000000e+00 
 7.15800000e-08  1.80000000e+00  1.80000000e+00  1.80000000e+00 
 7.16000000e-08  1.80000000e+00  1.80000000e+00  1.80000000e+00 
 7.16200000e-08  1.80000000e+00  1.80000000e+00  1.80000000e+00 
 7.16400000e-08  1.80000000e+00  1.80000000e+00  1.80000000e+00 
 7.16600000e-08  1.80000000e+00  1.80000000e+00  1.80000000e+00 
 7.16800000e-08  1.80000000e+00  1.80000000e+00  1.80000000e+00 
 7.17000000e-08  1.80000000e+00  1.80000000e+00  1.80000000e+00 
 7.17200000e-08  1.80000000e+00  1.80000000e+00  1.80000000e+00 
 7.17400000e-08  1.80000000e+00  1.80000000e+00  1.80000000e+00 
 7.17600000e-08  1.80000000e+00  1.80000000e+00  1.80000000e+00 
 7.17800000e-08  1.80000000e+00  1.80000000e+00  1.80000000e+00 
 7.18000000e-08  1.80000000e+00  1.80000000e+00  1.80000000e+00 
 7.18200000e-08  1.80000000e+00  1.80000000e+00  1.80000000e+00 
 7.18400000e-08  1.80000000e+00  1.80000000e+00  1.80000000e+00 
 7.18600000e-08  1.80000000e+00  1.80000000e+00  1.80000000e+00 
 7.18800000e-08  1.80000000e+00  1.80000000e+00  1.80000000e+00 
 7.19000000e-08  1.80000000e+00  1.80000000e+00  1.80000000e+00 
 7.19200000e-08  1.80000000e+00  1.80000000e+00  1.80000000e+00 
 7.19400000e-08  1.80000000e+00  1.80000000e+00  1.80000000e+00 
 7.19600000e-08  1.80000000e+00  1.80000000e+00  1.80000000e+00 
 7.19800000e-08  1.80000000e+00  1.80000000e+00  1.80000000e+00 
 7.20000000e-08  1.80000000e+00  1.80000000e+00  1.80000000e+00 
 7.20200000e-08  1.80000000e+00  1.80000000e+00  1.80000000e+00 
 7.20400000e-08  1.80000000e+00  1.80000000e+00  1.80000000e+00 
 7.20600000e-08  1.80000000e+00  1.80000000e+00  1.80000000e+00 
 7.20800000e-08  1.80000000e+00  1.80000000e+00  1.80000000e+00 
 7.21000000e-08  1.80000000e+00  1.80000000e+00  1.80000000e+00 
 7.21200000e-08  1.80000000e+00  1.80000000e+00  1.80000000e+00 
 7.21400000e-08  1.80000000e+00  1.80000000e+00  1.80000000e+00 
 7.21600000e-08  1.80000000e+00  1.80000000e+00  1.80000000e+00 
 7.21800000e-08  1.80000000e+00  1.80000000e+00  1.80000000e+00 
 7.22000000e-08  1.80000000e+00  1.80000000e+00  1.80000000e+00 
 7.22200000e-08  1.80000000e+00  1.80000000e+00  1.80000000e+00 
 7.22400000e-08  1.80000000e+00  1.80000000e+00  1.80000000e+00 
 7.22600000e-08  1.80000000e+00  1.80000000e+00  1.80000000e+00 
 7.22800000e-08  1.80000000e+00  1.80000000e+00  1.80000000e+00 
 7.23000000e-08  1.80000000e+00  1.80000000e+00  1.80000000e+00 
 7.23200000e-08  1.80000000e+00  1.80000000e+00  1.80000000e+00 
 7.23400000e-08  1.80000000e+00  1.80000000e+00  1.80000000e+00 
 7.23600000e-08  1.80000000e+00  1.80000000e+00  1.80000000e+00 
 7.23800000e-08  1.80000000e+00  1.80000000e+00  1.80000000e+00 
 7.24000000e-08  1.80000000e+00  1.80000000e+00  1.80000000e+00 
 7.24200000e-08  1.80000000e+00  1.80000000e+00  1.80000000e+00 
 7.24400000e-08  1.80000000e+00  1.80000000e+00  1.80000000e+00 
 7.24600000e-08  1.80000000e+00  1.80000000e+00  1.80000000e+00 
 7.24800000e-08  1.80000000e+00  1.80000000e+00  1.80000000e+00 
 7.25000000e-08  1.80000000e+00  1.80000000e+00  1.80000000e+00 
 7.25200000e-08  1.80000000e+00  1.80000000e+00  1.80000000e+00 
 7.25400000e-08  1.80000000e+00  1.80000000e+00  1.80000000e+00 
 7.25600000e-08  1.80000000e+00  1.80000000e+00  1.80000000e+00 
 7.25800000e-08  1.80000000e+00  1.80000000e+00  1.80000000e+00 
 7.26000000e-08  1.80000000e+00  1.80000000e+00  1.80000000e+00 
 7.26200000e-08  1.80000000e+00  1.80000000e+00  1.80000000e+00 
 7.26400000e-08  1.80000000e+00  1.80000000e+00  1.80000000e+00 
 7.26600000e-08  1.80000000e+00  1.80000000e+00  1.80000000e+00 
 7.26800000e-08  1.80000000e+00  1.80000000e+00  1.80000000e+00 
 7.27000000e-08  1.80000000e+00  1.80000000e+00  1.80000000e+00 
 7.27200000e-08  1.80000000e+00  1.80000000e+00  1.80000000e+00 
 7.27400000e-08  1.80000000e+00  1.80000000e+00  1.80000000e+00 
 7.27600000e-08  1.80000000e+00  1.80000000e+00  1.80000000e+00 
 7.27800000e-08  1.80000000e+00  1.80000000e+00  1.80000000e+00 
 7.28000000e-08  1.80000000e+00  1.80000000e+00  1.80000000e+00 
 7.28200000e-08  1.80000000e+00  1.80000000e+00  1.80000000e+00 
 7.28400000e-08  1.80000000e+00  1.80000000e+00  1.80000000e+00 
 7.28600000e-08  1.80000000e+00  1.80000000e+00  1.80000000e+00 
 7.28800000e-08  1.80000000e+00  1.80000000e+00  1.80000000e+00 
 7.29000000e-08  1.80000000e+00  1.80000000e+00  1.80000000e+00 
 7.29200000e-08  1.80000000e+00  1.80000000e+00  1.80000000e+00 
 7.29400000e-08  1.80000000e+00  1.80000000e+00  1.80000000e+00 
 7.29600000e-08  1.80000000e+00  1.80000000e+00  1.80000000e+00 
 7.29800000e-08  1.80000000e+00  1.80000000e+00  1.80000000e+00 
 7.30000000e-08  1.80000000e+00  1.80000000e+00  1.80000000e+00 
 7.30200000e-08  1.80000000e+00  1.80000000e+00  1.80000000e+00 
 7.30400000e-08  1.80000000e+00  1.80000000e+00  1.80000000e+00 
 7.30600000e-08  1.80000000e+00  1.80000000e+00  1.80000000e+00 
 7.30800000e-08  1.80000000e+00  1.80000000e+00  1.80000000e+00 
 7.31000000e-08  1.80000000e+00  1.80000000e+00  1.80000000e+00 
 7.31200000e-08  1.80000000e+00  1.80000000e+00  1.80000000e+00 
 7.31400000e-08  1.80000000e+00  1.80000000e+00  1.80000000e+00 
 7.31600000e-08  1.80000000e+00  1.80000000e+00  1.80000000e+00 
 7.31800000e-08  1.80000000e+00  1.80000000e+00  1.80000000e+00 
 7.32000000e-08  1.80000000e+00  1.80000000e+00  1.80000000e+00 
 7.32200000e-08  1.80000000e+00  1.80000000e+00  1.80000000e+00 
 7.32400000e-08  1.80000000e+00  1.80000000e+00  1.80000000e+00 
 7.32600000e-08  1.80000000e+00  1.80000000e+00  1.80000000e+00 
 7.32800000e-08  1.80000000e+00  1.80000000e+00  1.80000000e+00 
 7.33000000e-08  1.80000000e+00  1.80000000e+00  1.80000000e+00 
 7.33200000e-08  1.80000000e+00  1.80000000e+00  1.80000000e+00 
 7.33400000e-08  1.80000000e+00  1.80000000e+00  1.80000000e+00 
 7.33600000e-08  1.80000000e+00  1.80000000e+00  1.80000000e+00 
 7.33800000e-08  1.80000000e+00  1.80000000e+00  1.80000000e+00 
 7.34000000e-08  1.80000000e+00  1.80000000e+00  1.80000000e+00 
 7.34200000e-08  1.80000000e+00  1.80000000e+00  1.80000000e+00 
 7.34400000e-08  1.80000000e+00  1.80000000e+00  1.80000000e+00 
 7.34600000e-08  1.80000000e+00  1.80000000e+00  1.80000000e+00 
 7.34800000e-08  1.80000000e+00  1.80000000e+00  1.80000000e+00 
 7.35000000e-08  1.80000000e+00  1.80000000e+00  1.80000000e+00 
 7.35200000e-08  1.80000000e+00  1.80000000e+00  1.80000000e+00 
 7.35400000e-08  1.80000000e+00  1.80000000e+00  1.80000000e+00 
 7.35600000e-08  1.80000000e+00  1.80000000e+00  1.80000000e+00 
 7.35800000e-08  1.80000000e+00  1.80000000e+00  1.80000000e+00 
 7.36000000e-08  1.80000000e+00  1.80000000e+00  1.80000000e+00 
 7.36200000e-08  1.80000000e+00  1.80000000e+00  1.80000000e+00 
 7.36400000e-08  1.80000000e+00  1.80000000e+00  1.80000000e+00 
 7.36600000e-08  1.80000000e+00  1.80000000e+00  1.80000000e+00 
 7.36800000e-08  1.80000000e+00  1.80000000e+00  1.80000000e+00 
 7.37000000e-08  1.80000000e+00  1.80000000e+00  1.80000000e+00 
 7.37200000e-08  1.80000000e+00  1.80000000e+00  1.80000000e+00 
 7.37400000e-08  1.80000000e+00  1.80000000e+00  1.80000000e+00 
 7.37600000e-08  1.80000000e+00  1.80000000e+00  1.80000000e+00 
 7.37800000e-08  1.80000000e+00  1.80000000e+00  1.80000000e+00 
 7.38000000e-08  1.80000000e+00  1.80000000e+00  1.80000000e+00 
 7.38200000e-08  1.80000000e+00  1.80000000e+00  1.80000000e+00 
 7.38400000e-08  1.80000000e+00  1.80000000e+00  1.80000000e+00 
 7.38600000e-08  1.80000000e+00  1.80000000e+00  1.80000000e+00 
 7.38800000e-08  1.80000000e+00  1.80000000e+00  1.80000000e+00 
 7.39000000e-08  1.80000000e+00  1.80000000e+00  1.80000000e+00 
 7.39200000e-08  1.80000000e+00  1.80000000e+00  1.80000000e+00 
 7.39400000e-08  1.80000000e+00  1.80000000e+00  1.80000000e+00 
 7.39600000e-08  1.80000000e+00  1.80000000e+00  1.80000000e+00 
 7.39800000e-08  1.80000000e+00  1.80000000e+00  1.80000000e+00 
 7.40000000e-08  1.80000000e+00  1.80000000e+00  1.80000000e+00 
 7.40200000e-08  1.80000000e+00  1.80000000e+00  1.80000000e+00 
 7.40400000e-08  1.80000000e+00  1.80000000e+00  1.80000000e+00 
 7.40600000e-08  1.80000000e+00  1.80000000e+00  1.80000000e+00 
 7.40800000e-08  1.80000000e+00  1.80000000e+00  1.80000000e+00 
 7.41000000e-08  1.80000000e+00  1.80000000e+00  1.80000000e+00 
 7.41200000e-08  1.80000000e+00  1.80000000e+00  1.80000000e+00 
 7.41400000e-08  1.80000000e+00  1.80000000e+00  1.80000000e+00 
 7.41600000e-08  1.80000000e+00  1.80000000e+00  1.80000000e+00 
 7.41800000e-08  1.80000000e+00  1.80000000e+00  1.80000000e+00 
 7.42000000e-08  1.80000000e+00  1.80000000e+00  1.80000000e+00 
 7.42200000e-08  1.80000000e+00  1.80000000e+00  1.80000000e+00 
 7.42400000e-08  1.80000000e+00  1.80000000e+00  1.80000000e+00 
 7.42600000e-08  1.80000000e+00  1.80000000e+00  1.80000000e+00 
 7.42800000e-08  1.80000000e+00  1.80000000e+00  1.80000000e+00 
 7.43000000e-08  1.80000000e+00  1.80000000e+00  1.80000000e+00 
 7.43200000e-08  1.80000000e+00  1.80000000e+00  1.80000000e+00 
 7.43400000e-08  1.80000000e+00  1.80000000e+00  1.80000000e+00 
 7.43600000e-08  1.80000000e+00  1.80000000e+00  1.80000000e+00 
 7.43800000e-08  1.80000000e+00  1.80000000e+00  1.80000000e+00 
 7.44000000e-08  1.80000000e+00  1.80000000e+00  1.80000000e+00 
 7.44200000e-08  1.80000000e+00  1.80000000e+00  1.80000000e+00 
 7.44400000e-08  1.80000000e+00  1.80000000e+00  1.80000000e+00 
 7.44600000e-08  1.80000000e+00  1.80000000e+00  1.80000000e+00 
 7.44800000e-08  1.80000000e+00  1.80000000e+00  1.80000000e+00 
 7.45000000e-08  1.80000000e+00  1.80000000e+00  1.80000000e+00 
 7.45200000e-08  1.80000000e+00  1.80000000e+00  1.80000000e+00 
 7.45400000e-08  1.80000000e+00  1.80000000e+00  1.80000000e+00 
 7.45600000e-08  1.80000000e+00  1.80000000e+00  1.80000000e+00 
 7.45800000e-08  1.80000000e+00  1.80000000e+00  1.80000000e+00 
 7.46000000e-08  1.80000000e+00  1.80000000e+00  1.80000000e+00 
 7.46200000e-08  1.80000000e+00  1.80000000e+00  1.80000000e+00 
 7.46400000e-08  1.80000000e+00  1.80000000e+00  1.80000000e+00 
 7.46600000e-08  1.80000000e+00  1.80000000e+00  1.80000000e+00 
 7.46800000e-08  1.80000000e+00  1.80000000e+00  1.80000000e+00 
 7.47000000e-08  1.80000000e+00  1.80000000e+00  1.80000000e+00 
 7.47200000e-08  1.80000000e+00  1.80000000e+00  1.80000000e+00 
 7.47400000e-08  1.80000000e+00  1.80000000e+00  1.80000000e+00 
 7.47600000e-08  1.80000000e+00  1.80000000e+00  1.80000000e+00 
 7.47800000e-08  1.80000000e+00  1.80000000e+00  1.80000000e+00 
 7.48000000e-08  1.80000000e+00  1.80000000e+00  1.80000000e+00 
 7.48200000e-08  1.80000000e+00  1.80000000e+00  1.80000000e+00 
 7.48400000e-08  1.80000000e+00  1.80000000e+00  1.80000000e+00 
 7.48600000e-08  1.80000000e+00  1.80000000e+00  1.80000000e+00 
 7.48800000e-08  1.80000000e+00  1.80000000e+00  1.80000000e+00 
 7.49000000e-08  1.80000000e+00  1.80000000e+00  1.80000000e+00 
 7.49200000e-08  1.80000000e+00  1.80000000e+00  1.80000000e+00 
 7.49400000e-08  1.80000000e+00  1.80000000e+00  1.80000000e+00 
 7.49600000e-08  1.80000000e+00  1.80000000e+00  1.80000000e+00 
 7.49800000e-08  1.80000000e+00  1.80000000e+00  1.80000000e+00 
 7.50000000e-08  1.80000000e+00  1.80000000e+00  1.80000000e+00 
 7.50200000e-08  1.80000000e+00  1.80000000e+00  1.80000000e+00 
 7.50400000e-08  1.80000000e+00  1.80000000e+00  1.80000000e+00 
 7.50600000e-08  1.80000000e+00  1.80000000e+00  1.80000000e+00 
 7.50800000e-08  1.80000000e+00  1.80000000e+00  1.80000000e+00 
 7.51000000e-08  1.80000000e+00  1.80000000e+00  1.80000000e+00 
 7.51200000e-08  1.80000000e+00  1.80000000e+00  1.80000000e+00 
 7.51400000e-08  1.80000000e+00  1.80000000e+00  1.80000000e+00 
 7.51600000e-08  1.80000000e+00  1.80000000e+00  1.80000000e+00 
 7.51800000e-08  1.80000000e+00  1.80000000e+00  1.80000000e+00 
 7.52000000e-08  1.80000000e+00  1.80000000e+00  1.80000000e+00 
 7.52200000e-08  1.80000000e+00  1.80000000e+00  1.80000000e+00 
 7.52400000e-08  1.80000000e+00  1.80000000e+00  1.80000000e+00 
 7.52600000e-08  1.80000000e+00  1.80000000e+00  1.80000000e+00 
 7.52800000e-08  1.80000000e+00  1.80000000e+00  1.80000000e+00 
 7.53000000e-08  1.80000000e+00  1.80000000e+00  1.80000000e+00 
 7.53200000e-08  1.80000000e+00  1.80000000e+00  1.80000000e+00 
 7.53400000e-08  1.80000000e+00  1.80000000e+00  1.80000000e+00 
 7.53600000e-08  1.80000000e+00  1.80000000e+00  1.80000000e+00 
 7.53800000e-08  1.80000000e+00  1.80000000e+00  1.80000000e+00 
 7.54000000e-08  1.80000000e+00  1.80000000e+00  1.80000000e+00 
 7.54200000e-08  1.80000000e+00  1.80000000e+00  1.80000000e+00 
 7.54400000e-08  1.80000000e+00  1.80000000e+00  1.80000000e+00 
 7.54600000e-08  1.80000000e+00  1.80000000e+00  1.80000000e+00 
 7.54800000e-08  1.80000000e+00  1.80000000e+00  1.80000000e+00 
 7.55000000e-08  1.80000000e+00  1.80000000e+00  1.80000000e+00 
 7.55200000e-08  1.56000000e+00  1.80000000e+00  1.80000000e+00 
 7.55400000e-08  1.32000000e+00  1.80000000e+00  1.80000000e+00 
 7.55600000e-08  1.08000000e+00  1.80000000e+00  1.80000000e+00 
 7.55800000e-08  8.40000000e-01  1.80000000e+00  1.34933333e+00 
 7.56000000e-08  6.00000000e-01  1.80000000e+00  5.84510552e-01 
 7.56138714e-08  4.33543372e-01  1.80000000e+00  2.55735760e-01 
 7.56291025e-08  2.50769841e-01  1.80000000e+00  8.87259424e-02 
 7.56491025e-08  1.07698406e-02  1.80000000e+00  1.73501691e-02 
 7.56500000e-08  0.00000000e+00  1.80000000e+00  1.63095180e-02 
 7.56517950e-08  0.00000000e+00  1.80000000e+00  1.45133843e-02 
 7.56553849e-08  0.00000000e+00  1.80000000e+00  1.13151807e-02 
 7.56625648e-08  0.00000000e+00  1.80000000e+00  6.81810049e-03 
 7.56769246e-08  0.00000000e+00  1.80000000e+00  2.29217035e-03 
 7.56969246e-08  0.00000000e+00  1.80000000e+00  4.15973187e-04 
 7.57169246e-08  0.00000000e+00  1.80000000e+00  7.53629377e-05 
 7.57369246e-08  0.00000000e+00  1.80000000e+00  1.36503986e-05 
 7.57569246e-08  0.00000000e+00  1.80000000e+00  2.47281646e-06 
 7.57769246e-08  0.00000000e+00  1.80000000e+00  4.48487427e-07 
 7.57969246e-08  0.00000000e+00  1.80000000e+00  8.22774355e-08 
 7.58169246e-08  0.00000000e+00  1.80000000e+00  1.59690895e-08 
 7.58369246e-08  0.00000000e+00  1.80000000e+00  3.96092286e-09 
 7.58569246e-08  0.00000000e+00  1.80000000e+00  1.78622964e-09 
 7.58769246e-08  0.00000000e+00  1.80000000e+00  1.39238803e-09 
 7.58969246e-08  0.00000000e+00  1.80000000e+00  1.32106240e-09 
 7.59169246e-08  0.00000000e+00  1.80000000e+00  1.30814516e-09 
 7.59369246e-08  0.00000000e+00  1.80000000e+00  1.30580581e-09 
 7.59569246e-08  0.00000000e+00  1.80000000e+00  1.30538215e-09 
 7.59769246e-08  0.00000000e+00  1.80000000e+00  1.30530543e-09 
 7.59969246e-08  0.00000000e+00  1.80000000e+00  1.30529153e-09 
 7.60169246e-08  0.00000000e+00  1.80000000e+00  1.30528902e-09 
 7.60369246e-08  0.00000000e+00  1.80000000e+00  1.30528856e-09 
 7.60569246e-08  0.00000000e+00  1.80000000e+00  1.30528848e-09 
 7.60769246e-08  0.00000000e+00  1.80000000e+00  1.30528846e-09 
 7.60969246e-08  0.00000000e+00  1.80000000e+00  1.30528846e-09 
 7.61169246e-08  0.00000000e+00  1.80000000e+00  1.30528846e-09 
 7.61369246e-08  0.00000000e+00  1.80000000e+00  1.30528846e-09 
 7.61569246e-08  0.00000000e+00  1.80000000e+00  1.30528846e-09 
 7.61769246e-08  0.00000000e+00  1.80000000e+00  1.30528846e-09 
 7.61969246e-08  0.00000000e+00  1.80000000e+00  1.30528846e-09 
 7.62169246e-08  0.00000000e+00  1.80000000e+00  1.30528846e-09 
 7.62369246e-08  0.00000000e+00  1.80000000e+00  1.30528846e-09 
 7.62569246e-08  0.00000000e+00  1.80000000e+00  1.30528846e-09 
 7.62769246e-08  0.00000000e+00  1.80000000e+00  1.30528846e-09 
 7.62969246e-08  0.00000000e+00  1.80000000e+00  1.30528846e-09 
 7.63169246e-08  0.00000000e+00  1.80000000e+00  1.30528846e-09 
 7.63369246e-08  0.00000000e+00  1.80000000e+00  1.30528846e-09 
 7.63569246e-08  0.00000000e+00  1.80000000e+00  1.30528846e-09 
 7.63769246e-08  0.00000000e+00  1.80000000e+00  1.30528846e-09 
 7.63969246e-08  0.00000000e+00  1.80000000e+00  1.30528846e-09 
 7.64169246e-08  0.00000000e+00  1.80000000e+00  1.30528846e-09 
 7.64369246e-08  0.00000000e+00  1.80000000e+00  1.30528846e-09 
 7.64569246e-08  0.00000000e+00  1.80000000e+00  1.30528846e-09 
 7.64769246e-08  0.00000000e+00  1.80000000e+00  1.30528846e-09 
 7.64969246e-08  0.00000000e+00  1.80000000e+00  1.30528846e-09 
 7.65169246e-08  0.00000000e+00  1.80000000e+00  1.30528846e-09 
 7.65369246e-08  0.00000000e+00  1.80000000e+00  1.30528846e-09 
 7.65569246e-08  0.00000000e+00  1.80000000e+00  1.30528846e-09 
 7.65769246e-08  0.00000000e+00  1.80000000e+00  1.30528846e-09 
 7.65969246e-08  0.00000000e+00  1.80000000e+00  1.30528846e-09 
 7.66169246e-08  0.00000000e+00  1.80000000e+00  1.30528846e-09 
 7.66369246e-08  0.00000000e+00  1.80000000e+00  1.30528846e-09 
 7.66569246e-08  0.00000000e+00  1.80000000e+00  1.30528846e-09 
 7.66769246e-08  0.00000000e+00  1.80000000e+00  1.30528846e-09 
 7.66969246e-08  0.00000000e+00  1.80000000e+00  1.30528846e-09 
 7.67169246e-08  0.00000000e+00  1.80000000e+00  1.30528846e-09 
 7.67369246e-08  0.00000000e+00  1.80000000e+00  1.30528846e-09 
 7.67569246e-08  0.00000000e+00  1.80000000e+00  1.30528846e-09 
 7.67769246e-08  0.00000000e+00  1.80000000e+00  1.30528846e-09 
 7.67969246e-08  0.00000000e+00  1.80000000e+00  1.30528846e-09 
 7.68169246e-08  0.00000000e+00  1.80000000e+00  1.30528846e-09 
 7.68369246e-08  0.00000000e+00  1.80000000e+00  1.30528846e-09 
 7.68569246e-08  0.00000000e+00  1.80000000e+00  1.30528846e-09 
 7.68769246e-08  0.00000000e+00  1.80000000e+00  1.30528846e-09 
 7.68969246e-08  0.00000000e+00  1.80000000e+00  1.30528846e-09 
 7.69169246e-08  0.00000000e+00  1.80000000e+00  1.30528846e-09 
 7.69369246e-08  0.00000000e+00  1.80000000e+00  1.30528846e-09 
 7.69569246e-08  0.00000000e+00  1.80000000e+00  1.30528846e-09 
 7.69769246e-08  0.00000000e+00  1.80000000e+00  1.30528846e-09 
 7.69969246e-08  0.00000000e+00  1.80000000e+00  1.30528846e-09 
 7.70169246e-08  0.00000000e+00  1.80000000e+00  1.30528846e-09 
 7.70369246e-08  0.00000000e+00  1.80000000e+00  1.30528846e-09 
 7.70569246e-08  0.00000000e+00  1.80000000e+00  1.30528846e-09 
 7.70769246e-08  0.00000000e+00  1.80000000e+00  1.30528846e-09 
 7.70969246e-08  0.00000000e+00  1.80000000e+00  1.30528846e-09 
 7.71169246e-08  0.00000000e+00  1.80000000e+00  1.30528846e-09 
 7.71369246e-08  0.00000000e+00  1.80000000e+00  1.30528846e-09 
 7.71569246e-08  0.00000000e+00  1.80000000e+00  1.30528846e-09 
 7.71769246e-08  0.00000000e+00  1.80000000e+00  1.30528846e-09 
 7.71969246e-08  0.00000000e+00  1.80000000e+00  1.30528846e-09 
 7.72169246e-08  0.00000000e+00  1.80000000e+00  1.30528846e-09 
 7.72369246e-08  0.00000000e+00  1.80000000e+00  1.30528846e-09 
 7.72569246e-08  0.00000000e+00  1.80000000e+00  1.30528846e-09 
 7.72769246e-08  0.00000000e+00  1.80000000e+00  1.30528846e-09 
 7.72969246e-08  0.00000000e+00  1.80000000e+00  1.30528846e-09 
 7.73169246e-08  0.00000000e+00  1.80000000e+00  1.30528846e-09 
 7.73369246e-08  0.00000000e+00  1.80000000e+00  1.30528846e-09 
 7.73569246e-08  0.00000000e+00  1.80000000e+00  1.30528846e-09 
 7.73769246e-08  0.00000000e+00  1.80000000e+00  1.30528846e-09 
 7.73969246e-08  0.00000000e+00  1.80000000e+00  1.30528846e-09 
 7.74169246e-08  0.00000000e+00  1.80000000e+00  1.30528846e-09 
 7.74369246e-08  0.00000000e+00  1.80000000e+00  1.30528846e-09 
 7.74569246e-08  0.00000000e+00  1.80000000e+00  1.30528846e-09 
 7.74769246e-08  0.00000000e+00  1.80000000e+00  1.30528846e-09 
 7.74969246e-08  0.00000000e+00  1.80000000e+00  1.30528846e-09 
 7.75169246e-08  0.00000000e+00  1.80000000e+00  1.30528846e-09 
 7.75369246e-08  0.00000000e+00  1.80000000e+00  1.30528846e-09 
 7.75569246e-08  0.00000000e+00  1.80000000e+00  1.30528846e-09 
 7.75769246e-08  0.00000000e+00  1.80000000e+00  1.30528846e-09 
 7.75969246e-08  0.00000000e+00  1.80000000e+00  1.30528846e-09 
 7.76169246e-08  0.00000000e+00  1.80000000e+00  1.30528846e-09 
 7.76369246e-08  0.00000000e+00  1.80000000e+00  1.30528846e-09 
 7.76569246e-08  0.00000000e+00  1.80000000e+00  1.30528846e-09 
 7.76769246e-08  0.00000000e+00  1.80000000e+00  1.30528846e-09 
 7.76969246e-08  0.00000000e+00  1.80000000e+00  1.30528846e-09 
 7.77169246e-08  0.00000000e+00  1.80000000e+00  1.30528846e-09 
 7.77369246e-08  0.00000000e+00  1.80000000e+00  1.30528846e-09 
 7.77569246e-08  0.00000000e+00  1.80000000e+00  1.30528846e-09 
 7.77769246e-08  0.00000000e+00  1.80000000e+00  1.30528846e-09 
 7.77969246e-08  0.00000000e+00  1.80000000e+00  1.30528846e-09 
 7.78169246e-08  0.00000000e+00  1.80000000e+00  1.30528846e-09 
 7.78369246e-08  0.00000000e+00  1.80000000e+00  1.30528846e-09 
 7.78569246e-08  0.00000000e+00  1.80000000e+00  1.30528846e-09 
 7.78769246e-08  0.00000000e+00  1.80000000e+00  1.30528846e-09 
 7.78969246e-08  0.00000000e+00  1.80000000e+00  1.30528846e-09 
 7.79169246e-08  0.00000000e+00  1.80000000e+00  1.30528846e-09 
 7.79369246e-08  0.00000000e+00  1.80000000e+00  1.30528846e-09 
 7.79569246e-08  0.00000000e+00  1.80000000e+00  1.30528846e-09 
 7.79769246e-08  0.00000000e+00  1.80000000e+00  1.30528846e-09 
 7.79969246e-08  0.00000000e+00  1.80000000e+00  1.30528846e-09 
 7.80169246e-08  0.00000000e+00  1.80000000e+00  1.30528846e-09 
 7.80369246e-08  0.00000000e+00  1.80000000e+00  1.30528846e-09 
 7.80569246e-08  0.00000000e+00  1.80000000e+00  1.30528846e-09 
 7.80769246e-08  0.00000000e+00  1.80000000e+00  1.30528846e-09 
 7.80969246e-08  0.00000000e+00  1.80000000e+00  1.30528846e-09 
 7.81169246e-08  0.00000000e+00  1.80000000e+00  1.30528846e-09 
 7.81369246e-08  0.00000000e+00  1.80000000e+00  1.30528846e-09 
 7.81569246e-08  0.00000000e+00  1.80000000e+00  1.30528846e-09 
 7.81769246e-08  0.00000000e+00  1.80000000e+00  1.30528846e-09 
 7.81969246e-08  0.00000000e+00  1.80000000e+00  1.30528846e-09 
 7.82169246e-08  0.00000000e+00  1.80000000e+00  1.30528846e-09 
 7.82369246e-08  0.00000000e+00  1.80000000e+00  1.30528846e-09 
 7.82569246e-08  0.00000000e+00  1.80000000e+00  1.30528846e-09 
 7.82769246e-08  0.00000000e+00  1.80000000e+00  1.30528846e-09 
 7.82969246e-08  0.00000000e+00  1.80000000e+00  1.30528846e-09 
 7.83169246e-08  0.00000000e+00  1.80000000e+00  1.30528846e-09 
 7.83369246e-08  0.00000000e+00  1.80000000e+00  1.30528846e-09 
 7.83569246e-08  0.00000000e+00  1.80000000e+00  1.30528846e-09 
 7.83769246e-08  0.00000000e+00  1.80000000e+00  1.30528846e-09 
 7.83969246e-08  0.00000000e+00  1.80000000e+00  1.30528846e-09 
 7.84169246e-08  0.00000000e+00  1.80000000e+00  1.30528846e-09 
 7.84369246e-08  0.00000000e+00  1.80000000e+00  1.30528846e-09 
 7.84569246e-08  0.00000000e+00  1.80000000e+00  1.30528846e-09 
 7.84769246e-08  0.00000000e+00  1.80000000e+00  1.30528846e-09 
 7.84969246e-08  0.00000000e+00  1.80000000e+00  1.30528846e-09 
 7.85169246e-08  0.00000000e+00  1.80000000e+00  1.30528846e-09 
 7.85369246e-08  0.00000000e+00  1.80000000e+00  1.30528846e-09 
 7.85569246e-08  0.00000000e+00  1.80000000e+00  1.30528846e-09 
 7.85769246e-08  0.00000000e+00  1.80000000e+00  1.30528846e-09 
 7.85969246e-08  0.00000000e+00  1.80000000e+00  1.30528846e-09 
 7.86169246e-08  0.00000000e+00  1.80000000e+00  1.30528846e-09 
 7.86369246e-08  0.00000000e+00  1.80000000e+00  1.30528846e-09 
 7.86569246e-08  0.00000000e+00  1.80000000e+00  1.30528846e-09 
 7.86769246e-08  0.00000000e+00  1.80000000e+00  1.30528846e-09 
 7.86969246e-08  0.00000000e+00  1.80000000e+00  1.30528846e-09 
 7.87169246e-08  0.00000000e+00  1.80000000e+00  1.30528846e-09 
 7.87369246e-08  0.00000000e+00  1.80000000e+00  1.30528846e-09 
 7.87569246e-08  0.00000000e+00  1.80000000e+00  1.30528846e-09 
 7.87769246e-08  0.00000000e+00  1.80000000e+00  1.30528846e-09 
 7.87969246e-08  0.00000000e+00  1.80000000e+00  1.30528846e-09 
 7.88169246e-08  0.00000000e+00  1.80000000e+00  1.30528846e-09 
 7.88369246e-08  0.00000000e+00  1.80000000e+00  1.30528846e-09 
 7.88569246e-08  0.00000000e+00  1.80000000e+00  1.30528846e-09 
 7.88769246e-08  0.00000000e+00  1.80000000e+00  1.30528846e-09 
 7.88969246e-08  0.00000000e+00  1.80000000e+00  1.30528846e-09 
 7.89169246e-08  0.00000000e+00  1.80000000e+00  1.30528846e-09 
 7.89369246e-08  0.00000000e+00  1.80000000e+00  1.30528846e-09 
 7.89569246e-08  0.00000000e+00  1.80000000e+00  1.30528846e-09 
 7.89769246e-08  0.00000000e+00  1.80000000e+00  1.30528846e-09 
 7.89969246e-08  0.00000000e+00  1.80000000e+00  1.30528846e-09 
 7.90169246e-08  0.00000000e+00  1.80000000e+00  1.30528846e-09 
 7.90369246e-08  0.00000000e+00  1.80000000e+00  1.30528846e-09 
 7.90569246e-08  0.00000000e+00  1.80000000e+00  1.30528846e-09 
 7.90769246e-08  0.00000000e+00  1.80000000e+00  1.30528846e-09 
 7.90969246e-08  0.00000000e+00  1.80000000e+00  1.30528846e-09 
 7.91169246e-08  0.00000000e+00  1.80000000e+00  1.30528846e-09 
 7.91369246e-08  0.00000000e+00  1.80000000e+00  1.30528846e-09 
 7.91569246e-08  0.00000000e+00  1.80000000e+00  1.30528846e-09 
 7.91769246e-08  0.00000000e+00  1.80000000e+00  1.30528846e-09 
 7.91969246e-08  0.00000000e+00  1.80000000e+00  1.30528846e-09 
 7.92169246e-08  0.00000000e+00  1.80000000e+00  1.30528846e-09 
 7.92369246e-08  0.00000000e+00  1.80000000e+00  1.30528846e-09 
 7.92569246e-08  0.00000000e+00  1.80000000e+00  1.30528846e-09 
 7.92769246e-08  0.00000000e+00  1.80000000e+00  1.30528846e-09 
 7.92969246e-08  0.00000000e+00  1.80000000e+00  1.30528846e-09 
 7.93169246e-08  0.00000000e+00  1.80000000e+00  1.30528846e-09 
 7.93369246e-08  0.00000000e+00  1.80000000e+00  1.30528846e-09 
 7.93569246e-08  0.00000000e+00  1.80000000e+00  1.30528846e-09 
 7.93769246e-08  0.00000000e+00  1.80000000e+00  1.30528846e-09 
 7.93969246e-08  0.00000000e+00  1.80000000e+00  1.30528846e-09 
 7.94169246e-08  0.00000000e+00  1.80000000e+00  1.30528846e-09 
 7.94369246e-08  0.00000000e+00  1.80000000e+00  1.30528846e-09 
 7.94569246e-08  0.00000000e+00  1.80000000e+00  1.30528846e-09 
 7.94769246e-08  0.00000000e+00  1.80000000e+00  1.30528846e-09 
 7.94969246e-08  0.00000000e+00  1.80000000e+00  1.30528846e-09 
 7.95169246e-08  0.00000000e+00  1.80000000e+00  1.30528846e-09 
 7.95369246e-08  0.00000000e+00  1.80000000e+00  1.30528846e-09 
 7.95569246e-08  0.00000000e+00  1.80000000e+00  1.30528846e-09 
 7.95769246e-08  0.00000000e+00  1.80000000e+00  1.30528846e-09 
 7.95969246e-08  0.00000000e+00  1.80000000e+00  1.30528846e-09 
 7.96169246e-08  0.00000000e+00  1.80000000e+00  1.30528846e-09 
 7.96369246e-08  0.00000000e+00  1.80000000e+00  1.30528846e-09 
 7.96569246e-08  0.00000000e+00  1.80000000e+00  1.30528846e-09 
 7.96769246e-08  0.00000000e+00  1.80000000e+00  1.30528846e-09 
 7.96969246e-08  0.00000000e+00  1.80000000e+00  1.30528846e-09 
 7.97169246e-08  0.00000000e+00  1.80000000e+00  1.30528846e-09 
 7.97369246e-08  0.00000000e+00  1.80000000e+00  1.30528846e-09 
 7.97569246e-08  0.00000000e+00  1.80000000e+00  1.30528846e-09 
 7.97769246e-08  0.00000000e+00  1.80000000e+00  1.30528846e-09 
 7.97969246e-08  0.00000000e+00  1.80000000e+00  1.30528846e-09 
 7.98169246e-08  0.00000000e+00  1.80000000e+00  1.30528846e-09 
 7.98369246e-08  0.00000000e+00  1.80000000e+00  1.30528846e-09 
 7.98569246e-08  0.00000000e+00  1.80000000e+00  1.30528846e-09 
 7.98769246e-08  0.00000000e+00  1.80000000e+00  1.30528846e-09 
 7.98969246e-08  0.00000000e+00  1.80000000e+00  1.30528846e-09 
 7.99169246e-08  0.00000000e+00  1.80000000e+00  1.30528846e-09 
 7.99369246e-08  0.00000000e+00  1.80000000e+00  1.30528846e-09 
 7.99569246e-08  0.00000000e+00  1.80000000e+00  1.30528846e-09 
 7.99769246e-08  0.00000000e+00  1.80000000e+00  1.30528846e-09 
 7.99969246e-08  0.00000000e+00  1.80000000e+00  1.30528846e-09 
 8.00000000e-08  0.00000000e+00  1.80000000e+00  1.30528846e-09 
