#! 
:ivl_version "14.0 (devel)" "(s20260301-391-g64f13540a-dirty)";
:ivl_delay_selection "TYPICAL";
:vpi_time_precision - 12;
:vpi_module "E:\oss-cad-suite-windows-x64-20260827\oss-cad-suite\lib\ivl\system.vpi";
:vpi_module "E:\oss-cad-suite-windows-x64-20260827\oss-cad-suite\lib\ivl\vhdl_sys.vpi";
:vpi_module "E:\oss-cad-suite-windows-x64-20260827\oss-cad-suite\lib\ivl\vhdl_textio.vpi";
:vpi_module "E:\oss-cad-suite-windows-x64-20260827\oss-cad-suite\lib\ivl\v2005_math.vpi";
:vpi_module "E:\oss-cad-suite-windows-x64-20260827\oss-cad-suite\lib\ivl\va_math.vpi";
:vpi_module "E:\oss-cad-suite-windows-x64-20260827\oss-cad-suite\lib\ivl\v2009.vpi";
S_000001936995e970 .scope package, "$unit" "$unit" 2 1;
 .timescale 0 0;
S_000001936996e4d0 .scope module, "tb_top" "tb_top" 3 7;
 .timescale -9 -12;
P_00000193698594e0 .param/l "NUM_PES" 1 3 9, +C4<00000000000000000000000000010000>;
P_0000019369859518 .param/l "VEC_WIDTH" 1 3 10, +C4<00000000000000000000000000010000>;
v00000193699ea570_0 .var "accum_en", 0 0;
v00000193699e9850_0 .net "accum_valid", 0 0, v00000193699d3a20_0;  1 drivers
v00000193699e8270_0 .net "accumulated_sum", 8 0, v00000193699d2940_0;  1 drivers
v00000193699e8d10_0 .var "activations_flat", 255 0;
v00000193699e9490_0 .var "acts", 255 0;
v00000193699ea610_0 .var "clk", 0 0;
v00000193699e8f90_0 .var "direct_weights_flat", 255 0;
v00000193699e9030_0 .net "double_error_detected", 0 0, v00000193699cd990_0;  1 drivers
v00000193699ea6b0_0 .var/2s "failed_tests", 31 0;
v00000193699e8810_0 .var "fault_inject_en", 0 0;
v00000193699e9d50_0 .var "fault_mask", 21 0;
v00000193699e84f0_0 .net "keyword_detected", 0 0, L_0000019369a48380;  1 drivers
v00000193699ea7f0_0 .var/2s "passed_tests", 31 0;
v00000193699e90d0_0 .net "pe_active", 15 0, L_0000019369a444b0;  1 drivers
v00000193699e81d0_0 .var "rd_addr", 3 0;
v00000193699e9b70_0 .var "rst_n", 0 0;
v00000193699e9530_0 .var "rthr", 8 0;
v00000193699e9170_0 .var "rw", 15 0;
v00000193699e9350_0 .net "single_error_corrected", 0 0, v00000193699cf790_0;  1 drivers
v00000193699e8090_0 .var "threshold", 8 0;
v00000193699e8310_0 .var/2s "total_tests", 31 0;
v00000193699e83b0_0 .var "wr_addr", 3 0;
v00000193699e8450_0 .var "wr_data", 15 0;
v00000193699e8590_0 .var "wr_en", 0 0;
S_0000019369970d40 .scope begin, "$ivl_for_loop6" "$ivl_for_loop6" 3 300, 3 300 0, S_000001936996e4d0;
 .timescale -9 -12;
v0000019369958ce0_0 .var/2s "b", 31 0;
S_000001936978d3f0 .scope begin, "$unm_blk_41" "$unm_blk_41" 3 300, 3 300 0, S_0000019369970d40;
 .timescale -9 -12;
v0000019369959aa0_0 .var/str "tname";
S_000001936978d580 .scope begin, "$ivl_for_loop7" "$ivl_for_loop7" 3 312, 3 312 0, S_000001936996e4d0;
 .timescale -9 -12;
v000001936995a180_0 .var/2s "i", 31 0;
S_000001936978d710 .scope begin, "$ivl_for_loop8" "$ivl_for_loop8" 3 313, 3 313 0, S_000001936996e4d0;
 .timescale -9 -12;
v0000019369958380_0 .var/2s "i", 31 0;
S_00000193697ed6f0 .scope begin, "$ivl_for_loop9" "$ivl_for_loop9" 3 322, 3 322 0, S_000001936996e4d0;
 .timescale -9 -12;
v0000019369959140_0 .var/2s "i", 31 0;
S_00000193697ed880 .scope begin, "$unm_blk_42" "$unm_blk_42" 3 339, 3 339 0, S_000001936996e4d0;
 .timescale -9 -12;
v0000019369958b00_0 .var/2s "r", 31 0;
v0000019369958c40_0 .var/str "rname";
v0000019369959f00_0 .var/i "rseed", 31 0;
S_00000193697eda10 .scope begin, "$ivl_for_loop10" "$ivl_for_loop10" 3 346, 3 346 0, S_00000193697ed880;
 .timescale -9 -12;
v00000193699595a0_0 .var/2s "i", 31 0;
S_0000019369836e40 .scope autofunction.vec4.s256, "all_act" "all_act" 3 264, 3 264 0, S_000001936996e4d0;
 .timescale -9 -12;
; Variable all_act is vec4 return value of scope S_0000019369836e40
v0000019369959d20_0 .var "f", 255 0;
v0000019369959dc0_0 .var "v", 15 0;
TD_tb_top.all_act ;
    %fork t_1, S_0000019369836fd0;
    %jmp t_0;
    .scope S_0000019369836fd0;
t_1 ;
    %pushi/vec4 0, 0, 32;
    %store/vec4 v0000019369959be0_0, 0, 32;
T_0.0 ; Top of for-loop
    %load/vec4 v0000019369959be0_0;
    %cmpi/s 16, 0, 32;
	  %jmp/0xz T_0.1, 5;
    %load/vec4 v0000019369959dc0_0;
    %load/vec4 v0000019369959be0_0;
    %muli 16, 0, 32;
    %ix/vec4/s 4;
    %store/vec4 v0000019369959d20_0, 4, 16;
T_0.2 ; for-loop step statement
    ; show_stmt_assign_vector: Get l-value for compressed += operand
    %load/vec4 v0000019369959be0_0;
    %pushi/vec4 1, 0, 32;
    %add;
    %cast2;
    %store/vec4 v0000019369959be0_0, 0, 32;
    %jmp T_0.0;
T_0.1 ; for-loop exit label
    %end;
    .scope S_0000019369836e40;
t_0 %join;
    %load/vec4 v0000019369959d20_0;
    %ret/vec4 0, 0, 256;  Assign to all_act (store_vec4_to_lval)
    %disable/flow S_0000019369836e40;
    %end;
S_0000019369836fd0 .scope autobegin, "$ivl_for_loop5" "$ivl_for_loop5" 3 266, 3 266 0, S_0000019369836e40;
 .timescale -9 -12;
v0000019369959be0_0 .var/2s "i", 31 0;
S_0000019369837160 .scope task, "apply_reset" "apply_reset" 3 91, 3 91 0, S_000001936996e4d0;
 .timescale -9 -12;
E_000001936993d3a0 .event posedge, v00000193699d2120_0;
TD_tb_top.apply_reset ;
    %pushi/vec4 0, 0, 1;
    %store/vec4 v00000193699e9b70_0, 0, 1;
    %pushi/vec4 0, 0, 256;
    %store/vec4 v00000193699e8d10_0, 0, 256;
    %pushi/vec4 8, 0, 9;
    %store/vec4 v00000193699e8090_0, 0, 9;
    %pushi/vec4 0, 0, 1;
    %store/vec4 v00000193699ea570_0, 0, 1;
    %pushi/vec4 0, 0, 1;
    %store/vec4 v00000193699e8590_0, 0, 1;
    %pushi/vec4 0, 0, 4;
    %store/vec4 v00000193699e83b0_0, 0, 4;
    %pushi/vec4 0, 0, 16;
    %store/vec4 v00000193699e8450_0, 0, 16;
    %pushi/vec4 0, 0, 4;
    %store/vec4 v00000193699e81d0_0, 0, 4;
    %pushi/vec4 0, 0, 256;
    %store/vec4 v00000193699e8f90_0, 0, 256;
    %pushi/vec4 0, 0, 1;
    %store/vec4 v00000193699e8810_0, 0, 1;
    %pushi/vec4 0, 0, 22;
    %store/vec4 v00000193699e9d50_0, 0, 22;
    %pushi/vec4 4, 0, 32;
T_1.3 %dup/vec4;
    %cmpi/s 0, 0, 32;
    %jmp/1xz T_1.4, 5;
    %jmp/1 T_1.4, 4;
    %subi 1, 0, 32;
    %wait E_000001936993d3a0;
    %jmp T_1.3;
T_1.4 ;
    %pop/vec4 1;
    %delay 1000, 0;
    %pushi/vec4 1, 0, 1;
    %store/vec4 v00000193699e9b70_0, 0, 1;
    %wait E_000001936993d3a0;
    %delay 1000, 0;
    %vpi_call/w 3 106 "$display", "[TB] Reset complete." {0 0 0};
    %end;
S_00000193697edc70 .scope module, "dut" "are_ubnn_kws_top" 3 41, 4 7 0, S_000001936996e4d0;
 .timescale 0 0;
    .port_info 0 /INPUT 1 "clk";
    .port_info 1 /INPUT 1 "rst_n";
    .port_info 2 /INPUT 256 "activations_flat";
    .port_info 3 /INPUT 9 "threshold";
    .port_info 4 /INPUT 1 "accum_en";
    .port_info 5 /INPUT 1 "wr_en";
    .port_info 6 /INPUT 4 "wr_addr";
    .port_info 7 /INPUT 16 "wr_data";
    .port_info 8 /INPUT 4 "rd_addr";
    .port_info 9 /INPUT 256 "direct_weights_flat";
    .port_info 10 /INPUT 1 "fault_inject_en";
    .port_info 11 /INPUT 22 "fault_mask";
    .port_info 12 /OUTPUT 1 "keyword_detected";
    .port_info 13 /OUTPUT 9 "accumulated_sum";
    .port_info 14 /OUTPUT 16 "pe_active";
    .port_info 15 /OUTPUT 1 "single_error_corrected";
    .port_info 16 /OUTPUT 1 "double_error_detected";
    .port_info 17 /OUTPUT 1 "accum_valid";
P_00000193697ede00 .param/l "ACCUM_W" 0 4 11, +C4<00000000000000000000000000001001>;
P_00000193697ede38 .param/l "ENABLE_ENHANCED" 0 4 14, +C4<00000000000000000000000000000001>;
P_00000193697ede70 .param/l "MEM_ADDR_W" 0 4 13, +C4<00000000000000000000000000000100>;
P_00000193697edea8 .param/l "MEM_DEPTH" 0 4 12, +C4<00000000000000000000000000010000>;
P_00000193697edee0 .param/l "NUM_PES" 0 4 8, +C4<00000000000000000000000000010000>;
P_00000193697edf18 .param/l "PE_RESULT_W" 0 4 10, +C4<00000000000000000000000000000101>;
P_00000193697edf50 .param/l "VEC_WIDTH" 0 4 9, +C4<00000000000000000000000000010000>;
L_0000019369a444b0 .functor BUFZ 16, L_00000193699f68b0, C4<0000000000000000>, C4<0000000000000000>, C4<0000000000000000>;
v00000193699eb1f0_0 .net "accum_en", 0 0, v00000193699ea570_0;  1 drivers
v00000193699eb510_0 .net "accum_valid", 0 0, v00000193699d3a20_0;  alias, 1 drivers
v00000193699eb5b0_0 .net "accumulated_sum", 8 0, v00000193699d2940_0;  alias, 1 drivers
v00000193699eb330_0 .net "activations_flat", 255 0, v00000193699e8d10_0;  1 drivers
v00000193699ebd30_0 .net "clk", 0 0, v00000193699ea610_0;  1 drivers
v00000193699eae30_0 .net "corrected_weight_single", 15 0, L_00000193699f7170;  1 drivers
v00000193699eb650_0 .net "direct_weights_flat", 255 0, v00000193699e8f90_0;  1 drivers
v00000193699eb830_0 .net "double_error_detected", 0 0, v00000193699cd990_0;  alias, 1 drivers
v00000193699eba10_0 .net "fault_inject_en", 0 0, v00000193699e8810_0;  1 drivers
v00000193699eaa70_0 .net "fault_mask", 21 0, v00000193699e9d50_0;  1 drivers
v00000193699eb8d0_0 .net "keyword_detected", 0 0, L_0000019369a48380;  alias, 1 drivers
v00000193699ebb50_0 .net "pe_active", 15 0, L_0000019369a444b0;  alias, 1 drivers
v00000193699ebdd0_0 .net "pe_active_internal", 15 0, L_00000193699f68b0;  1 drivers
v00000193699ebc90_0 .net "pe_results_flat", 79 0, L_00000193699fb090;  1 drivers
v00000193699eb010_0 .net "rd_addr", 3 0, v00000193699e81d0_0;  1 drivers
v00000193699eb790_0 .net "rst_n", 0 0, v00000193699e9b70_0;  1 drivers
v00000193699eab10_0 .net "single_error_corrected", 0 0, v00000193699cf790_0;  alias, 1 drivers
v00000193699ebe70_0 .net "threshold", 8 0, v00000193699e8090_0;  1 drivers
v00000193699ebf10_0 .net "weights_to_pe", 255 0, L_00000193699f8d90;  1 drivers
v00000193699ea890_0 .net "wr_addr", 3 0, v00000193699e83b0_0;  1 drivers
v00000193699ead90_0 .net "wr_data", 15 0, v00000193699e8450_0;  1 drivers
v00000193699ea930_0 .net "wr_en", 0 0, v00000193699e8590_0;  1 drivers
LS_00000193699f8d90_0_0 .concat8 [ 16 16 16 16], L_0000019369a45710, L_0000019369a44980, L_0000019369a44830, L_0000019369a44590;
LS_00000193699f8d90_0_4 .concat8 [ 16 16 16 16], L_0000019369a45a20, L_0000019369a44e50, L_0000019369a45080, L_0000019369a44360;
LS_00000193699f8d90_0_8 .concat8 [ 16 16 16 16], L_0000019369a44b40, L_0000019369a45be0, L_0000019369a454e0, L_0000019369a440c0;
LS_00000193699f8d90_0_12 .concat8 [ 16 16 16 16], L_0000019369a44750, L_0000019369a45240, L_0000019369a457f0, L_0000019369a44440;
L_00000193699f8d90 .concat8 [ 64 64 64 64], LS_00000193699f8d90_0_0, LS_00000193699f8d90_0_4, LS_00000193699f8d90_0_8, LS_00000193699f8d90_0_12;
S_00000193697edf90 .scope generate, "gen_enhanced_weight" "gen_enhanced_weight" 4 45, 4 45 0, S_00000193697edc70;
 .timescale 0 0;
S_00000193699c4fa0 .scope generate, "gen_weight_bcast[0]" "gen_weight_bcast[0]" 4 67, 4 67 0, S_00000193697edf90;
 .timescale 0 0;
P_000001936993eae0 .param/l "g" 1 4 67, +C4<00>;
L_0000019369a45710 .functor BUFZ 16, L_00000193699f7170, C4<0000000000000000>, C4<0000000000000000>, C4<0000000000000000>;
v0000019369959000_0 .net *"_ivl_1", 15 0, L_0000019369a45710;  1 drivers
S_00000193699c5130 .scope generate, "gen_weight_bcast[1]" "gen_weight_bcast[1]" 4 67, 4 67 0, S_00000193697edf90;
 .timescale 0 0;
P_0000019369941260 .param/l "g" 1 4 67, +C4<01>;
L_0000019369a44980 .functor BUFZ 16, L_00000193699f7170, C4<0000000000000000>, C4<0000000000000000>, C4<0000000000000000>;
v0000019369959fa0_0 .net *"_ivl_1", 15 0, L_0000019369a44980;  1 drivers
S_00000193699c52c0 .scope generate, "gen_weight_bcast[2]" "gen_weight_bcast[2]" 4 67, 4 67 0, S_00000193697edf90;
 .timescale 0 0;
P_0000019369940e60 .param/l "g" 1 4 67, +C4<010>;
L_0000019369a44830 .functor BUFZ 16, L_00000193699f7170, C4<0000000000000000>, C4<0000000000000000>, C4<0000000000000000>;
v0000019369959280_0 .net *"_ivl_1", 15 0, L_0000019369a44830;  1 drivers
S_00000193699c5450 .scope generate, "gen_weight_bcast[3]" "gen_weight_bcast[3]" 4 67, 4 67 0, S_00000193697edf90;
 .timescale 0 0;
P_00000193699412e0 .param/l "g" 1 4 67, +C4<011>;
L_0000019369a44590 .functor BUFZ 16, L_00000193699f7170, C4<0000000000000000>, C4<0000000000000000>, C4<0000000000000000>;
v00000193699593c0_0 .net *"_ivl_1", 15 0, L_0000019369a44590;  1 drivers
S_00000193699c5900 .scope generate, "gen_weight_bcast[4]" "gen_weight_bcast[4]" 4 67, 4 67 0, S_00000193697edf90;
 .timescale 0 0;
P_00000193699403a0 .param/l "g" 1 4 67, +C4<0100>;
L_0000019369a45a20 .functor BUFZ 16, L_00000193699f7170, C4<0000000000000000>, C4<0000000000000000>, C4<0000000000000000>;
v00000193699596e0_0 .net *"_ivl_1", 15 0, L_0000019369a45a20;  1 drivers
S_00000193699c55e0 .scope generate, "gen_weight_bcast[5]" "gen_weight_bcast[5]" 4 67, 4 67 0, S_00000193697edf90;
 .timescale 0 0;
P_0000019369940b20 .param/l "g" 1 4 67, +C4<0101>;
L_0000019369a44e50 .functor BUFZ 16, L_00000193699f7170, C4<0000000000000000>, C4<0000000000000000>, C4<0000000000000000>;
v000001936995a040_0 .net *"_ivl_1", 15 0, L_0000019369a44e50;  1 drivers
S_00000193699c5c20 .scope generate, "gen_weight_bcast[6]" "gen_weight_bcast[6]" 4 67, 4 67 0, S_00000193697edf90;
 .timescale 0 0;
P_0000019369940d60 .param/l "g" 1 4 67, +C4<0110>;
L_0000019369a45080 .functor BUFZ 16, L_00000193699f7170, C4<0000000000000000>, C4<0000000000000000>, C4<0000000000000000>;
v000001936995a220_0 .net *"_ivl_1", 15 0, L_0000019369a45080;  1 drivers
S_00000193699c5770 .scope generate, "gen_weight_bcast[7]" "gen_weight_bcast[7]" 4 67, 4 67 0, S_00000193697edf90;
 .timescale 0 0;
P_00000193699403e0 .param/l "g" 1 4 67, +C4<0111>;
L_0000019369a44360 .functor BUFZ 16, L_00000193699f7170, C4<0000000000000000>, C4<0000000000000000>, C4<0000000000000000>;
v00000193699584c0_0 .net *"_ivl_1", 15 0, L_0000019369a44360;  1 drivers
S_00000193699c5a90 .scope generate, "gen_weight_bcast[8]" "gen_weight_bcast[8]" 4 67, 4 67 0, S_00000193697edf90;
 .timescale 0 0;
P_0000019369940b60 .param/l "g" 1 4 67, +C4<01000>;
L_0000019369a44b40 .functor BUFZ 16, L_00000193699f7170, C4<0000000000000000>, C4<0000000000000000>, C4<0000000000000000>;
v0000019369958560_0 .net *"_ivl_1", 15 0, L_0000019369a44b40;  1 drivers
S_00000193699c5db0 .scope generate, "gen_weight_bcast[9]" "gen_weight_bcast[9]" 4 67, 4 67 0, S_00000193697edf90;
 .timescale 0 0;
P_0000019369940ee0 .param/l "g" 1 4 67, +C4<01001>;
L_0000019369a45be0 .functor BUFZ 16, L_00000193699f7170, C4<0000000000000000>, C4<0000000000000000>, C4<0000000000000000>;
v0000019369959460_0 .net *"_ivl_1", 15 0, L_0000019369a45be0;  1 drivers
S_00000193699c6aa0 .scope generate, "gen_weight_bcast[10]" "gen_weight_bcast[10]" 4 67, 4 67 0, S_00000193697edf90;
 .timescale 0 0;
P_0000019369940be0 .param/l "g" 1 4 67, +C4<01010>;
L_0000019369a454e0 .functor BUFZ 16, L_00000193699f7170, C4<0000000000000000>, C4<0000000000000000>, C4<0000000000000000>;
v0000019369958920_0 .net *"_ivl_1", 15 0, L_0000019369a454e0;  1 drivers
S_00000193699c6460 .scope generate, "gen_weight_bcast[11]" "gen_weight_bcast[11]" 4 67, 4 67 0, S_00000193697edf90;
 .timescale 0 0;
P_0000019369940420 .param/l "g" 1 4 67, +C4<01011>;
L_0000019369a440c0 .functor BUFZ 16, L_00000193699f7170, C4<0000000000000000>, C4<0000000000000000>, C4<0000000000000000>;
v0000019369959500_0 .net *"_ivl_1", 15 0, L_0000019369a440c0;  1 drivers
S_00000193699c7d60 .scope generate, "gen_weight_bcast[12]" "gen_weight_bcast[12]" 4 67, 4 67 0, S_00000193697edf90;
 .timescale 0 0;
P_0000019369940da0 .param/l "g" 1 4 67, +C4<01100>;
L_0000019369a44750 .functor BUFZ 16, L_00000193699f7170, C4<0000000000000000>, C4<0000000000000000>, C4<0000000000000000>;
v00000193699587e0_0 .net *"_ivl_1", 15 0, L_0000019369a44750;  1 drivers
S_00000193699c65f0 .scope generate, "gen_weight_bcast[13]" "gen_weight_bcast[13]" 4 67, 4 67 0, S_00000193697edf90;
 .timescale 0 0;
P_0000019369940c20 .param/l "g" 1 4 67, +C4<01101>;
L_0000019369a45240 .functor BUFZ 16, L_00000193699f7170, C4<0000000000000000>, C4<0000000000000000>, C4<0000000000000000>;
v0000019369959780_0 .net *"_ivl_1", 15 0, L_0000019369a45240;  1 drivers
S_00000193699c6dc0 .scope generate, "gen_weight_bcast[14]" "gen_weight_bcast[14]" 4 67, 4 67 0, S_00000193697edf90;
 .timescale 0 0;
P_0000019369940460 .param/l "g" 1 4 67, +C4<01110>;
L_0000019369a457f0 .functor BUFZ 16, L_00000193699f7170, C4<0000000000000000>, C4<0000000000000000>, C4<0000000000000000>;
v00000193699589c0_0 .net *"_ivl_1", 15 0, L_0000019369a457f0;  1 drivers
S_00000193699c6c30 .scope generate, "gen_weight_bcast[15]" "gen_weight_bcast[15]" 4 67, 4 67 0, S_00000193697edf90;
 .timescale 0 0;
P_0000019369940660 .param/l "g" 1 4 67, +C4<01111>;
L_0000019369a44440 .functor BUFZ 16, L_00000193699f7170, C4<0000000000000000>, C4<0000000000000000>, C4<0000000000000000>;
v0000019369959820_0 .net *"_ivl_1", 15 0, L_0000019369a44440;  1 drivers
S_00000193699c5fb0 .scope module, "u_act_detect" "activation_detector" 4 75, 5 32 0, S_00000193697edf90;
 .timescale 0 0;
    .port_info 0 /INPUT 256 "activations_flat";
    .port_info 1 /OUTPUT 16 "pe_active";
P_000001936985b060 .param/l "NUM_PES" 0 5 33, +C4<00000000000000000000000000010000>;
P_000001936985b098 .param/l "VEC_WIDTH" 0 5 34, +C4<00000000000000000000000000010000>;
v00000193699c8c40_0 .net "activations_flat", 255 0, v00000193699e8d10_0;  alias, 1 drivers
v00000193699c8a60_0 .net "pe_active", 15 0, L_00000193699f68b0;  alias, 1 drivers
L_00000193699f82f0 .part v00000193699e8d10_0, 0, 16;
L_00000193699f8890 .part v00000193699e8d10_0, 16, 16;
L_00000193699f7350 .part v00000193699e8d10_0, 32, 16;
L_00000193699f6950 .part v00000193699e8d10_0, 48, 16;
L_00000193699f8c50 .part v00000193699e8d10_0, 64, 16;
L_00000193699f8930 .part v00000193699e8d10_0, 80, 16;
L_00000193699f81b0 .part v00000193699e8d10_0, 96, 16;
L_00000193699f8750 .part v00000193699e8d10_0, 112, 16;
L_00000193699f78f0 .part v00000193699e8d10_0, 128, 16;
L_00000193699f6a90 .part v00000193699e8d10_0, 144, 16;
L_00000193699f86b0 .part v00000193699e8d10_0, 160, 16;
L_00000193699f8390 .part v00000193699e8d10_0, 176, 16;
L_00000193699f7210 .part v00000193699e8d10_0, 192, 16;
L_00000193699f8bb0 .part v00000193699e8d10_0, 208, 16;
L_00000193699f6c70 .part v00000193699e8d10_0, 224, 16;
LS_00000193699f68b0_0_0 .concat8 [ 1 1 1 1], L_00000193699f72b0, L_00000193699f8a70, L_00000193699f77b0, L_00000193699f7d50;
LS_00000193699f68b0_0_4 .concat8 [ 1 1 1 1], L_00000193699f7fd0, L_00000193699f69f0, L_00000193699f7850, L_00000193699f87f0;
LS_00000193699f68b0_0_8 .concat8 [ 1 1 1 1], L_00000193699f7df0, L_00000193699f7b70, L_00000193699f6b30, L_00000193699f7990;
LS_00000193699f68b0_0_12 .concat8 [ 1 1 1 1], L_00000193699f8b10, L_00000193699f8cf0, L_00000193699f8430, L_00000193699f7e90;
L_00000193699f68b0 .concat8 [ 4 4 4 4], LS_00000193699f68b0_0_0, LS_00000193699f68b0_0_4, LS_00000193699f68b0_0_8, LS_00000193699f68b0_0_12;
L_00000193699f7ad0 .part v00000193699e8d10_0, 240, 16;
S_00000193699c6f50 .scope generate, "gen_detect[0]" "gen_detect[0]" 5 43, 5 43 0, S_00000193699c5fb0;
 .timescale 0 0;
P_00000193699408e0 .param/l "g" 1 5 43, +C4<00>;
v0000019369927c70_0 .net *"_ivl_0", 15 0, L_00000193699f82f0;  1 drivers
v0000019369927130_0 .net *"_ivl_2", 0 0, L_00000193699f72b0;  1 drivers
L_00000193699f72b0 .reduce/or L_00000193699f82f0;
S_00000193699c70e0 .scope generate, "gen_detect[1]" "gen_detect[1]" 5 43, 5 43 0, S_00000193699c5fb0;
 .timescale 0 0;
P_0000019369940f20 .param/l "g" 1 5 43, +C4<01>;
v0000019369927db0_0 .net *"_ivl_0", 15 0, L_00000193699f8890;  1 drivers
v0000019369926690_0 .net *"_ivl_2", 0 0, L_00000193699f8a70;  1 drivers
L_00000193699f8a70 .reduce/or L_00000193699f8890;
S_00000193699c62d0 .scope generate, "gen_detect[2]" "gen_detect[2]" 5 43, 5 43 0, S_00000193699c5fb0;
 .timescale 0 0;
P_00000193699404e0 .param/l "g" 1 5 43, +C4<010>;
v0000019369927e50_0 .net *"_ivl_0", 15 0, L_00000193699f7350;  1 drivers
v0000019369926af0_0 .net *"_ivl_2", 0 0, L_00000193699f77b0;  1 drivers
L_00000193699f77b0 .reduce/or L_00000193699f7350;
S_00000193699c7590 .scope generate, "gen_detect[3]" "gen_detect[3]" 5 43, 5 43 0, S_00000193699c5fb0;
 .timescale 0 0;
P_0000019369940560 .param/l "g" 1 5 43, +C4<011>;
v00000193699271d0_0 .net *"_ivl_0", 15 0, L_00000193699f6950;  1 drivers
v0000019369927ef0_0 .net *"_ivl_2", 0 0, L_00000193699f7d50;  1 drivers
L_00000193699f7d50 .reduce/or L_00000193699f6950;
S_00000193699c6910 .scope generate, "gen_detect[4]" "gen_detect[4]" 5 43, 5 43 0, S_00000193699c5fb0;
 .timescale 0 0;
P_00000193699405a0 .param/l "g" 1 5 43, +C4<0100>;
v0000019369926b90_0 .net *"_ivl_0", 15 0, L_00000193699f8c50;  1 drivers
v0000019369926c30_0 .net *"_ivl_2", 0 0, L_00000193699f7fd0;  1 drivers
L_00000193699f7fd0 .reduce/or L_00000193699f8c50;
S_00000193699c6780 .scope generate, "gen_detect[5]" "gen_detect[5]" 5 43, 5 43 0, S_00000193699c5fb0;
 .timescale 0 0;
P_0000019369940f60 .param/l "g" 1 5 43, +C4<0101>;
v0000019369927f90_0 .net *"_ivl_0", 15 0, L_00000193699f8930;  1 drivers
v0000019369926730_0 .net *"_ivl_2", 0 0, L_00000193699f69f0;  1 drivers
L_00000193699f69f0 .reduce/or L_00000193699f8930;
S_00000193699c7720 .scope generate, "gen_detect[6]" "gen_detect[6]" 5 43, 5 43 0, S_00000193699c5fb0;
 .timescale 0 0;
P_00000193699405e0 .param/l "g" 1 5 43, +C4<0110>;
v00000193698c77a0_0 .net *"_ivl_0", 15 0, L_00000193699f81b0;  1 drivers
v00000193698c8ba0_0 .net *"_ivl_2", 0 0, L_00000193699f7850;  1 drivers
L_00000193699f7850 .reduce/or L_00000193699f81b0;
S_00000193699c7bd0 .scope generate, "gen_detect[7]" "gen_detect[7]" 5 43, 5 43 0, S_00000193699c5fb0;
 .timescale 0 0;
P_0000019369940620 .param/l "g" 1 5 43, +C4<0111>;
v00000193698c73e0_0 .net *"_ivl_0", 15 0, L_00000193699f8750;  1 drivers
v00000193698c8100_0 .net *"_ivl_2", 0 0, L_00000193699f87f0;  1 drivers
L_00000193699f87f0 .reduce/or L_00000193699f8750;
S_00000193699c78b0 .scope generate, "gen_detect[8]" "gen_detect[8]" 5 43, 5 43 0, S_00000193699c5fb0;
 .timescale 0 0;
P_0000019369940920 .param/l "g" 1 5 43, +C4<01000>;
v00000193698c75c0_0 .net *"_ivl_0", 15 0, L_00000193699f78f0;  1 drivers
v00000193698c7840_0 .net *"_ivl_2", 0 0, L_00000193699f7df0;  1 drivers
L_00000193699f7df0 .reduce/or L_00000193699f78f0;
S_00000193699c6140 .scope generate, "gen_detect[9]" "gen_detect[9]" 5 43, 5 43 0, S_00000193699c5fb0;
 .timescale 0 0;
P_00000193699406a0 .param/l "g" 1 5 43, +C4<01001>;
v00000193698c82e0_0 .net *"_ivl_0", 15 0, L_00000193699f6a90;  1 drivers
v00000193698c70c0_0 .net *"_ivl_2", 0 0, L_00000193699f7b70;  1 drivers
L_00000193699f7b70 .reduce/or L_00000193699f6a90;
S_00000193699c7270 .scope generate, "gen_detect[10]" "gen_detect[10]" 5 43, 5 43 0, S_00000193699c5fb0;
 .timescale 0 0;
P_0000019369940960 .param/l "g" 1 5 43, +C4<01010>;
v00000193698c7200_0 .net *"_ivl_0", 15 0, L_00000193699f86b0;  1 drivers
v00000193698c78e0_0 .net *"_ivl_2", 0 0, L_00000193699f6b30;  1 drivers
L_00000193699f6b30 .reduce/or L_00000193699f86b0;
S_00000193699c7400 .scope generate, "gen_detect[11]" "gen_detect[11]" 5 43, 5 43 0, S_00000193699c5fb0;
 .timescale 0 0;
P_00000193699409a0 .param/l "g" 1 5 43, +C4<01011>;
v00000193698663f0_0 .net *"_ivl_0", 15 0, L_00000193699f8390;  1 drivers
v000001936990c120_0 .net *"_ivl_2", 0 0, L_00000193699f7990;  1 drivers
L_00000193699f7990 .reduce/or L_00000193699f8390;
S_00000193699c7a40 .scope generate, "gen_detect[12]" "gen_detect[12]" 5 43, 5 43 0, S_00000193699c5fb0;
 .timescale 0 0;
P_0000019369941960 .param/l "g" 1 5 43, +C4<01100>;
v00000193699c89c0_0 .net *"_ivl_0", 15 0, L_00000193699f7210;  1 drivers
v00000193699c91e0_0 .net *"_ivl_2", 0 0, L_00000193699f8b10;  1 drivers
L_00000193699f8b10 .reduce/or L_00000193699f7210;
S_00000193699c9fd0 .scope generate, "gen_detect[13]" "gen_detect[13]" 5 43, 5 43 0, S_00000193699c5fb0;
 .timescale 0 0;
P_0000019369941620 .param/l "g" 1 5 43, +C4<01101>;
v00000193699c9280_0 .net *"_ivl_0", 15 0, L_00000193699f8bb0;  1 drivers
v00000193699c9960_0 .net *"_ivl_2", 0 0, L_00000193699f8cf0;  1 drivers
L_00000193699f8cf0 .reduce/or L_00000193699f8bb0;
S_00000193699cb290 .scope generate, "gen_detect[14]" "gen_detect[14]" 5 43, 5 43 0, S_00000193699c5fb0;
 .timescale 0 0;
P_00000193699418e0 .param/l "g" 1 5 43, +C4<01110>;
v00000193699c9820_0 .net *"_ivl_0", 15 0, L_00000193699f6c70;  1 drivers
v00000193699c98c0_0 .net *"_ivl_2", 0 0, L_00000193699f8430;  1 drivers
L_00000193699f8430 .reduce/or L_00000193699f6c70;
S_00000193699cbbf0 .scope generate, "gen_detect[15]" "gen_detect[15]" 5 43, 5 43 0, S_00000193699c5fb0;
 .timescale 0 0;
P_0000019369941b60 .param/l "g" 1 5 43, +C4<01111>;
v00000193699c82e0_0 .net *"_ivl_0", 15 0, L_00000193699f7ad0;  1 drivers
v00000193699c8380_0 .net *"_ivl_2", 0 0, L_00000193699f7e90;  1 drivers
L_00000193699f7e90 .reduce/or L_00000193699f7ad0;
S_00000193699ca160 .scope module, "u_weight_mem" "protected_weight_memory" 4 52, 6 49 0, S_00000193697edf90;
 .timescale 0 0;
    .port_info 0 /INPUT 1 "clk";
    .port_info 1 /INPUT 1 "rst_n";
    .port_info 2 /INPUT 1 "wr_en";
    .port_info 3 /INPUT 4 "wr_addr";
    .port_info 4 /INPUT 16 "wr_data";
    .port_info 5 /INPUT 4 "rd_addr";
    .port_info 6 /OUTPUT 16 "corrected_weight";
    .port_info 7 /OUTPUT 1 "single_error_corrected";
    .port_info 8 /OUTPUT 1 "double_error_detected";
    .port_info 9 /INPUT 1 "fault_inject_en";
    .port_info 10 /INPUT 22 "fault_mask";
P_000001936988eee0 .param/l "ADDR_W" 0 6 53, +C4<00000000000000000000000000000100>;
P_000001936988ef18 .param/l "CW_W" 0 6 52, +C4<00000000000000000000000000010110>;
P_000001936988ef50 .param/l "DATA_W" 0 6 51, +C4<00000000000000000000000000010000>;
P_000001936988ef88 .param/l "DEPTH" 0 6 50, +C4<00000000000000000000000000010000>;
L_000001936994c260 .functor BUFZ 22, L_00000193699f5a50, C4<0000000000000000000000>, C4<0000000000000000000000>, C4<0000000000000000000000>;
L_000001936994bf50 .functor XOR 22, L_000001936994c260, v00000193699e9d50_0, C4<0000000000000000000000>, C4<0000000000000000000000>;
v00000193699d06e0_0 .net *"_ivl_0", 21 0, L_00000193699f5a50;  1 drivers
v00000193699d0780_0 .net *"_ivl_2", 5 0, L_00000193699f6310;  1 drivers
L_00000193699fc068 .functor BUFT 1, C4<00>, C4<0>, C4<0>, C4<0>;
v00000193699d0140_0 .net *"_ivl_5", 1 0, L_00000193699fc068;  1 drivers
v00000193699d0e60_0 .net *"_ivl_8", 21 0, L_000001936994bf50;  1 drivers
v00000193699d2120_0 .net "clk", 0 0, v00000193699ea610_0;  alias, 1 drivers
v00000193699d1720_0 .net "corrected_weight", 15 0, L_00000193699f7170;  alias, 1 drivers
v00000193699d1cc0_0 .net "double_error_detected", 0 0, v00000193699cd990_0;  alias, 1 drivers
v00000193699d1d60_0 .net "encoded_codeword", 21 0, L_00000193699f54b0;  1 drivers
v00000193699d14a0_0 .net "fault_inject_en", 0 0, v00000193699e8810_0;  alias, 1 drivers
v00000193699d2440_0 .net "fault_mask", 21 0, v00000193699e9d50_0;  alias, 1 drivers
v00000193699d2620_0 .net "faulted_codeword", 21 0, L_00000193699f5f50;  1 drivers
v00000193699d26c0 .array "mem", 15 0, 21 0;
v00000193699d2760_0 .var/2s "mem_rst_idx", 31 0;
v00000193699d1540_0 .net "raw_codeword", 21 0, L_000001936994c260;  1 drivers
v00000193699d00a0_0 .net "rd_addr", 3 0, v00000193699e81d0_0;  alias, 1 drivers
v00000193699d17c0_0 .net "rst_n", 0 0, v00000193699e9b70_0;  alias, 1 drivers
v00000193699d1860_0 .net "single_error_corrected", 0 0, v00000193699cf790_0;  alias, 1 drivers
v00000193699d01e0_0 .net "wr_addr", 3 0, v00000193699e83b0_0;  alias, 1 drivers
v00000193699d0000_0 .net "wr_data", 15 0, v00000193699e8450_0;  alias, 1 drivers
v00000193699d1900_0 .net "wr_en", 0 0, v00000193699e8590_0;  alias, 1 drivers
L_00000193699f5a50 .array/port v00000193699d26c0, L_00000193699f6310;
L_00000193699f6310 .concat [ 4 2 0 0], v00000193699e81d0_0, L_00000193699fc068;
L_00000193699f5f50 .functor MUXZ 22, L_000001936994c260, L_000001936994bf50, v00000193699e8810_0, C4<>;
S_00000193699cbd80 .scope module, "u_decoder" "secded_decoder" 6 121, 7 22 0, S_00000193699ca160;
 .timescale 0 0;
    .port_info 0 /INPUT 22 "codeword";
    .port_info 1 /OUTPUT 16 "corrected_data";
    .port_info 2 /OUTPUT 1 "single_error_corrected";
    .port_info 3 /OUTPUT 1 "double_error_detected";
L_0000019369866ff0 .functor XOR 1, L_00000193699f5ff0, L_00000193699f4d30, C4<0>, C4<0>;
L_00000193698678b0 .functor XOR 1, L_0000019369866ff0, L_00000193699f4330, C4<0>, C4<0>;
L_0000019369867990 .functor XOR 1, L_00000193698678b0, L_00000193699f45b0, C4<0>, C4<0>;
L_0000019369867530 .functor XOR 1, L_0000019369867990, L_00000193699f5b90, C4<0>, C4<0>;
L_0000019369866c00 .functor XOR 1, L_0000019369867530, L_00000193699f5d70, C4<0>, C4<0>;
L_0000019369867680 .functor XOR 1, L_0000019369866c00, L_00000193699f48d0, C4<0>, C4<0>;
L_0000019369866ce0 .functor XOR 1, L_0000019369867680, L_00000193699f5690, C4<0>, C4<0>;
L_0000019369866d50 .functor XOR 1, L_0000019369866ce0, L_00000193699f5050, C4<0>, C4<0>;
L_0000019369866dc0 .functor XOR 1, L_0000019369866d50, L_00000193699f6630, C4<0>, C4<0>;
L_0000019369866e30 .functor XOR 1, L_0000019369866dc0, L_00000193699f4c90, C4<0>, C4<0>;
L_00000193698f21d0 .functor XOR 1, L_00000193699f6770, L_00000193699f6810, C4<0>, C4<0>;
L_00000193698f2240 .functor XOR 1, L_00000193698f21d0, L_00000193699f4f10, C4<0>, C4<0>;
L_00000193698f2320 .functor XOR 1, L_00000193698f2240, L_00000193699f4970, C4<0>, C4<0>;
L_00000193698f22b0 .functor XOR 1, L_00000193698f2320, L_00000193699f64f0, C4<0>, C4<0>;
L_00000193698f2470 .functor XOR 1, L_00000193698f22b0, L_00000193699f6090, C4<0>, C4<0>;
L_00000193698f0870 .functor XOR 1, L_00000193698f2470, L_00000193699f4650, C4<0>, C4<0>;
L_0000019369a449f0 .functor XOR 1, L_00000193698f0870, L_00000193699f4290, C4<0>, C4<0>;
L_0000019369a45390 .functor XOR 1, L_0000019369a449f0, L_00000193699f4150, C4<0>, C4<0>;
L_0000019369a44d00 .functor XOR 1, L_0000019369a45390, L_00000193699f4b50, C4<0>, C4<0>;
L_0000019369a44210 .functor XOR 1, L_00000193699f4ab0, L_00000193699f5910, C4<0>, C4<0>;
L_0000019369a45550 .functor XOR 1, L_0000019369a44210, L_00000193699f4dd0, C4<0>, C4<0>;
L_0000019369a45320 .functor XOR 1, L_0000019369a45550, L_00000193699f46f0, C4<0>, C4<0>;
L_0000019369a44670 .functor XOR 1, L_0000019369a45320, L_00000193699f4470, C4<0>, C4<0>;
L_0000019369a458d0 .functor XOR 1, L_0000019369a44670, L_00000193699f6130, C4<0>, C4<0>;
L_0000019369a44280 .functor XOR 1, L_0000019369a458d0, L_00000193699f4bf0, C4<0>, C4<0>;
L_0000019369a441a0 .functor XOR 1, L_0000019369a44280, L_00000193699f5550, C4<0>, C4<0>;
L_0000019369a45b00 .functor XOR 1, L_0000019369a441a0, L_00000193699f5230, C4<0>, C4<0>;
L_0000019369a44ad0 .functor XOR 1, L_0000019369a45b00, L_00000193699f5870, C4<0>, C4<0>;
L_0000019369a451d0 .functor XOR 1, L_00000193699f4e70, L_00000193699f4fb0, C4<0>, C4<0>;
L_0000019369a45010 .functor XOR 1, L_0000019369a451d0, L_00000193699f57d0, C4<0>, C4<0>;
L_0000019369a456a0 .functor XOR 1, L_0000019369a45010, L_00000193699f5730, C4<0>, C4<0>;
L_0000019369a45940 .functor XOR 1, L_0000019369a456a0, L_00000193699f59b0, C4<0>, C4<0>;
L_0000019369a443d0 .functor XOR 1, L_0000019369a45940, L_00000193699f52d0, C4<0>, C4<0>;
L_0000019369a44c20 .functor XOR 1, L_0000019369a443d0, L_00000193699f5c30, C4<0>, C4<0>;
L_0000019369a44d70 .functor XOR 1, L_0000019369a44c20, L_00000193699f66d0, C4<0>, C4<0>;
L_0000019369a459b0 .functor XOR 1, L_00000193699f55f0, L_00000193699f6270, C4<0>, C4<0>;
L_0000019369a442f0 .functor XOR 1, L_0000019369a459b0, L_00000193699f5eb0, C4<0>, C4<0>;
L_0000019369a45630 .functor XOR 1, L_0000019369a442f0, L_00000193699f6590, C4<0>, C4<0>;
L_0000019369a45b70 .functor XOR 1, L_0000019369a45630, L_00000193699f50f0, C4<0>, C4<0>;
L_0000019369a44c90 .functor XOR 1, L_0000019369a45b70, L_00000193699f5190, C4<0>, C4<0>;
v00000193699c8f60_0 .net *"_ivl_1", 0 0, L_00000193699f5ff0;  1 drivers
v00000193699c8ec0_0 .net *"_ivl_100", 0 0, L_0000019369a458d0;  1 drivers
v00000193699c9a00_0 .net *"_ivl_103", 0 0, L_00000193699f4bf0;  1 drivers
v00000193699c9be0_0 .net *"_ivl_104", 0 0, L_0000019369a44280;  1 drivers
v00000193699c86a0_0 .net *"_ivl_107", 0 0, L_00000193699f5550;  1 drivers
v00000193699c9320_0 .net *"_ivl_108", 0 0, L_0000019369a441a0;  1 drivers
v00000193699c8ce0_0 .net *"_ivl_11", 0 0, L_00000193699f45b0;  1 drivers
v00000193699c9000_0 .net *"_ivl_111", 0 0, L_00000193699f5230;  1 drivers
v00000193699c93c0_0 .net *"_ivl_112", 0 0, L_0000019369a45b00;  1 drivers
v00000193699c9140_0 .net *"_ivl_115", 0 0, L_00000193699f5870;  1 drivers
v00000193699c9780_0 .net *"_ivl_119", 0 0, L_00000193699f4e70;  1 drivers
v00000193699c87e0_0 .net *"_ivl_12", 0 0, L_0000019369867990;  1 drivers
v00000193699c84c0_0 .net *"_ivl_121", 0 0, L_00000193699f4fb0;  1 drivers
v00000193699c81a0_0 .net *"_ivl_122", 0 0, L_0000019369a451d0;  1 drivers
v00000193699c96e0_0 .net *"_ivl_125", 0 0, L_00000193699f57d0;  1 drivers
v00000193699c8100_0 .net *"_ivl_126", 0 0, L_0000019369a45010;  1 drivers
v00000193699c8420_0 .net *"_ivl_129", 0 0, L_00000193699f5730;  1 drivers
v00000193699c9460_0 .net *"_ivl_130", 0 0, L_0000019369a456a0;  1 drivers
v00000193699c8060_0 .net *"_ivl_133", 0 0, L_00000193699f59b0;  1 drivers
v00000193699c8b00_0 .net *"_ivl_134", 0 0, L_0000019369a45940;  1 drivers
v00000193699c8d80_0 .net *"_ivl_137", 0 0, L_00000193699f52d0;  1 drivers
v00000193699c9aa0_0 .net *"_ivl_138", 0 0, L_0000019369a443d0;  1 drivers
v00000193699c9500_0 .net *"_ivl_141", 0 0, L_00000193699f5c30;  1 drivers
v00000193699c8e20_0 .net *"_ivl_142", 0 0, L_0000019369a44c20;  1 drivers
v00000193699c90a0_0 .net *"_ivl_145", 0 0, L_00000193699f66d0;  1 drivers
v00000193699c8600_0 .net *"_ivl_149", 0 0, L_00000193699f55f0;  1 drivers
v00000193699c95a0_0 .net *"_ivl_15", 0 0, L_00000193699f5b90;  1 drivers
v00000193699c9b40_0 .net *"_ivl_151", 0 0, L_00000193699f6270;  1 drivers
v00000193699c9640_0 .net *"_ivl_152", 0 0, L_0000019369a459b0;  1 drivers
v00000193699c8ba0_0 .net *"_ivl_155", 0 0, L_00000193699f5eb0;  1 drivers
v00000193699c8740_0 .net *"_ivl_156", 0 0, L_0000019369a442f0;  1 drivers
v00000193699c9c80_0 .net *"_ivl_159", 0 0, L_00000193699f6590;  1 drivers
v00000193699c9d20_0 .net *"_ivl_16", 0 0, L_0000019369867530;  1 drivers
v00000193699c9dc0_0 .net *"_ivl_160", 0 0, L_0000019369a45630;  1 drivers
v00000193699c9e60_0 .net *"_ivl_163", 0 0, L_00000193699f50f0;  1 drivers
v00000193699c8560_0 .net *"_ivl_164", 0 0, L_0000019369a45b70;  1 drivers
v00000193699c7fc0_0 .net *"_ivl_167", 0 0, L_00000193699f5190;  1 drivers
v00000193699c8240_0 .net *"_ivl_177", 0 0, L_00000193699f5410;  1 drivers
v00000193699c8880_0 .net *"_ivl_181", 0 0, L_00000193699f4830;  1 drivers
v00000193699c8920_0 .net *"_ivl_185", 0 0, L_00000193699f43d0;  1 drivers
v00000193699ce110_0 .net *"_ivl_189", 0 0, L_00000193699f5cd0;  1 drivers
v00000193699cd530_0 .net *"_ivl_19", 0 0, L_00000193699f5d70;  1 drivers
v00000193699cd210_0 .net *"_ivl_193", 0 0, L_00000193699f5e10;  1 drivers
v00000193699cdcb0_0 .net *"_ivl_197", 0 0, L_00000193699f63b0;  1 drivers
v00000193699ccef0_0 .net *"_ivl_20", 0 0, L_0000019369866c00;  1 drivers
v00000193699cdf30_0 .net *"_ivl_201", 0 0, L_00000193699f40b0;  1 drivers
v00000193699ce2f0_0 .net *"_ivl_205", 0 0, L_00000193699f4510;  1 drivers
v00000193699cde90_0 .net *"_ivl_209", 0 0, L_00000193699f4790;  1 drivers
v00000193699cda30_0 .net *"_ivl_213", 0 0, L_00000193699f8610;  1 drivers
v00000193699cd170_0 .net *"_ivl_217", 0 0, L_00000193699f70d0;  1 drivers
v00000193699cdb70_0 .net *"_ivl_221", 0 0, L_00000193699f6bd0;  1 drivers
v00000193699ce250_0 .net *"_ivl_225", 0 0, L_00000193699f7a30;  1 drivers
v00000193699cc310_0 .net *"_ivl_229", 0 0, L_00000193699f7cb0;  1 drivers
v00000193699cd3f0_0 .net *"_ivl_23", 0 0, L_00000193699f48d0;  1 drivers
v00000193699cddf0_0 .net *"_ivl_233", 0 0, L_00000193699f89d0;  1 drivers
v00000193699cca90_0 .net *"_ivl_238", 0 0, L_00000193699f6e50;  1 drivers
v00000193699ccf90_0 .net *"_ivl_24", 0 0, L_0000019369867680;  1 drivers
v00000193699cd5d0_0 .net *"_ivl_27", 0 0, L_00000193699f5690;  1 drivers
v00000193699cd670_0 .net *"_ivl_28", 0 0, L_0000019369866ce0;  1 drivers
v00000193699ce4d0_0 .net *"_ivl_3", 0 0, L_00000193699f4d30;  1 drivers
v00000193699ce390_0 .net *"_ivl_31", 0 0, L_00000193699f5050;  1 drivers
v00000193699cc950_0 .net *"_ivl_32", 0 0, L_0000019369866d50;  1 drivers
v00000193699ccbd0_0 .net *"_ivl_35", 0 0, L_00000193699f6630;  1 drivers
v00000193699ce430_0 .net *"_ivl_36", 0 0, L_0000019369866dc0;  1 drivers
v00000193699cc9f0_0 .net *"_ivl_39", 0 0, L_00000193699f4c90;  1 drivers
v00000193699ccb30_0 .net *"_ivl_4", 0 0, L_0000019369866ff0;  1 drivers
v00000193699cd2b0_0 .net *"_ivl_43", 0 0, L_00000193699f6770;  1 drivers
v00000193699ccdb0_0 .net *"_ivl_45", 0 0, L_00000193699f6810;  1 drivers
v00000193699ccc70_0 .net *"_ivl_46", 0 0, L_00000193698f21d0;  1 drivers
v00000193699cc6d0_0 .net *"_ivl_49", 0 0, L_00000193699f4f10;  1 drivers
v00000193699cc3b0_0 .net *"_ivl_50", 0 0, L_00000193698f2240;  1 drivers
v00000193699cdd50_0 .net *"_ivl_53", 0 0, L_00000193699f4970;  1 drivers
v00000193699cdfd0_0 .net *"_ivl_54", 0 0, L_00000193698f2320;  1 drivers
v00000193699cdad0_0 .net *"_ivl_57", 0 0, L_00000193699f64f0;  1 drivers
v00000193699cc590_0 .net *"_ivl_58", 0 0, L_00000193698f22b0;  1 drivers
v00000193699cd0d0_0 .net *"_ivl_61", 0 0, L_00000193699f6090;  1 drivers
v00000193699ccd10_0 .net *"_ivl_62", 0 0, L_00000193698f2470;  1 drivers
v00000193699cc810_0 .net *"_ivl_65", 0 0, L_00000193699f4650;  1 drivers
v00000193699ce1b0_0 .net *"_ivl_66", 0 0, L_00000193698f0870;  1 drivers
v00000193699ce570_0 .net *"_ivl_69", 0 0, L_00000193699f4290;  1 drivers
v00000193699ce610_0 .net *"_ivl_7", 0 0, L_00000193699f4330;  1 drivers
v00000193699cce50_0 .net *"_ivl_70", 0 0, L_0000019369a449f0;  1 drivers
v00000193699cc090_0 .net *"_ivl_73", 0 0, L_00000193699f4150;  1 drivers
v00000193699cd490_0 .net *"_ivl_74", 0 0, L_0000019369a45390;  1 drivers
v00000193699cdc10_0 .net *"_ivl_77", 0 0, L_00000193699f4b50;  1 drivers
v00000193699ce070_0 .net *"_ivl_8", 0 0, L_00000193698678b0;  1 drivers
v00000193699cd350_0 .net *"_ivl_81", 0 0, L_00000193699f4ab0;  1 drivers
v00000193699ce6b0_0 .net *"_ivl_83", 0 0, L_00000193699f5910;  1 drivers
v00000193699cc8b0_0 .net *"_ivl_84", 0 0, L_0000019369a44210;  1 drivers
v00000193699ce750_0 .net *"_ivl_87", 0 0, L_00000193699f4dd0;  1 drivers
v00000193699cbff0_0 .net *"_ivl_88", 0 0, L_0000019369a45550;  1 drivers
v00000193699cc130_0 .net *"_ivl_91", 0 0, L_00000193699f46f0;  1 drivers
v00000193699cc1d0_0 .net *"_ivl_92", 0 0, L_0000019369a45320;  1 drivers
v00000193699cd710_0 .net *"_ivl_95", 0 0, L_00000193699f4470;  1 drivers
v00000193699cd030_0 .net *"_ivl_96", 0 0, L_0000019369a44670;  1 drivers
v00000193699cd7b0_0 .net *"_ivl_99", 0 0, L_00000193699f6130;  1 drivers
v00000193699cd850_0 .net "codeword", 21 0, L_00000193699f5f50;  alias, 1 drivers
v00000193699cc770_0 .var "corrected_cw", 21 0;
v00000193699cd8f0_0 .net "corrected_data", 15 0, L_00000193699f7170;  alias, 1 drivers
v00000193699cd990_0 .var "double_error_detected", 0 0;
v00000193699cc270_0 .net "p_overall", 0 0, L_00000193699f5370;  1 drivers
v00000193699cc450_0 .net "s0", 0 0, L_0000019369866e30;  1 drivers
v00000193699cc4f0_0 .net "s1", 0 0, L_0000019369a44d00;  1 drivers
v00000193699cc630_0 .net "s2", 0 0, L_0000019369a44ad0;  1 drivers
v00000193699cf330_0 .net "s3", 0 0, L_0000019369a44d70;  1 drivers
v00000193699ce890_0 .net "s4", 0 0, L_0000019369a44c90;  1 drivers
v00000193699cf790_0 .var "single_error_corrected", 0 0;
v00000193699cf8d0_0 .net "syndrome", 4 0, L_00000193699f5af0;  1 drivers
E_00000193699413e0 .event anyedge, v00000193699cd850_0, v00000193699cf8d0_0, v00000193699cc270_0;
L_00000193699f5ff0 .part L_00000193699f5f50, 0, 1;
L_00000193699f4d30 .part L_00000193699f5f50, 2, 1;
L_00000193699f4330 .part L_00000193699f5f50, 4, 1;
L_00000193699f45b0 .part L_00000193699f5f50, 6, 1;
L_00000193699f5b90 .part L_00000193699f5f50, 8, 1;
L_00000193699f5d70 .part L_00000193699f5f50, 10, 1;
L_00000193699f48d0 .part L_00000193699f5f50, 12, 1;
L_00000193699f5690 .part L_00000193699f5f50, 14, 1;
L_00000193699f5050 .part L_00000193699f5f50, 16, 1;
L_00000193699f6630 .part L_00000193699f5f50, 18, 1;
L_00000193699f4c90 .part L_00000193699f5f50, 20, 1;
L_00000193699f6770 .part L_00000193699f5f50, 1, 1;
L_00000193699f6810 .part L_00000193699f5f50, 2, 1;
L_00000193699f4f10 .part L_00000193699f5f50, 5, 1;
L_00000193699f4970 .part L_00000193699f5f50, 6, 1;
L_00000193699f64f0 .part L_00000193699f5f50, 9, 1;
L_00000193699f6090 .part L_00000193699f5f50, 10, 1;
L_00000193699f4650 .part L_00000193699f5f50, 13, 1;
L_00000193699f4290 .part L_00000193699f5f50, 14, 1;
L_00000193699f4150 .part L_00000193699f5f50, 17, 1;
L_00000193699f4b50 .part L_00000193699f5f50, 18, 1;
L_00000193699f4ab0 .part L_00000193699f5f50, 3, 1;
L_00000193699f5910 .part L_00000193699f5f50, 4, 1;
L_00000193699f4dd0 .part L_00000193699f5f50, 5, 1;
L_00000193699f46f0 .part L_00000193699f5f50, 6, 1;
L_00000193699f4470 .part L_00000193699f5f50, 11, 1;
L_00000193699f6130 .part L_00000193699f5f50, 12, 1;
L_00000193699f4bf0 .part L_00000193699f5f50, 13, 1;
L_00000193699f5550 .part L_00000193699f5f50, 14, 1;
L_00000193699f5230 .part L_00000193699f5f50, 19, 1;
L_00000193699f5870 .part L_00000193699f5f50, 20, 1;
L_00000193699f4e70 .part L_00000193699f5f50, 7, 1;
L_00000193699f4fb0 .part L_00000193699f5f50, 8, 1;
L_00000193699f57d0 .part L_00000193699f5f50, 9, 1;
L_00000193699f5730 .part L_00000193699f5f50, 10, 1;
L_00000193699f59b0 .part L_00000193699f5f50, 11, 1;
L_00000193699f52d0 .part L_00000193699f5f50, 12, 1;
L_00000193699f5c30 .part L_00000193699f5f50, 13, 1;
L_00000193699f66d0 .part L_00000193699f5f50, 14, 1;
L_00000193699f55f0 .part L_00000193699f5f50, 15, 1;
L_00000193699f6270 .part L_00000193699f5f50, 16, 1;
L_00000193699f5eb0 .part L_00000193699f5f50, 17, 1;
L_00000193699f6590 .part L_00000193699f5f50, 18, 1;
L_00000193699f50f0 .part L_00000193699f5f50, 19, 1;
L_00000193699f5190 .part L_00000193699f5f50, 20, 1;
LS_00000193699f5af0_0_0 .concat [ 1 1 1 1], L_0000019369866e30, L_0000019369a44d00, L_0000019369a44ad0, L_0000019369a44d70;
LS_00000193699f5af0_0_4 .concat [ 1 0 0 0], L_0000019369a44c90;
L_00000193699f5af0 .concat [ 4 1 0 0], LS_00000193699f5af0_0_0, LS_00000193699f5af0_0_4;
L_00000193699f5370 .reduce/xor L_00000193699f5f50;
L_00000193699f5410 .part v00000193699cc770_0, 2, 1;
L_00000193699f4830 .part v00000193699cc770_0, 4, 1;
L_00000193699f43d0 .part v00000193699cc770_0, 5, 1;
L_00000193699f5cd0 .part v00000193699cc770_0, 6, 1;
L_00000193699f5e10 .part v00000193699cc770_0, 8, 1;
L_00000193699f63b0 .part v00000193699cc770_0, 9, 1;
L_00000193699f40b0 .part v00000193699cc770_0, 10, 1;
L_00000193699f4510 .part v00000193699cc770_0, 11, 1;
L_00000193699f4790 .part v00000193699cc770_0, 12, 1;
L_00000193699f8610 .part v00000193699cc770_0, 13, 1;
L_00000193699f70d0 .part v00000193699cc770_0, 14, 1;
L_00000193699f6bd0 .part v00000193699cc770_0, 16, 1;
L_00000193699f7a30 .part v00000193699cc770_0, 17, 1;
L_00000193699f7cb0 .part v00000193699cc770_0, 18, 1;
L_00000193699f89d0 .part v00000193699cc770_0, 19, 1;
LS_00000193699f7170_0_0 .concat8 [ 1 1 1 1], L_00000193699f5410, L_00000193699f4830, L_00000193699f43d0, L_00000193699f5cd0;
LS_00000193699f7170_0_4 .concat8 [ 1 1 1 1], L_00000193699f5e10, L_00000193699f63b0, L_00000193699f40b0, L_00000193699f4510;
LS_00000193699f7170_0_8 .concat8 [ 1 1 1 1], L_00000193699f4790, L_00000193699f8610, L_00000193699f70d0, L_00000193699f6bd0;
LS_00000193699f7170_0_12 .concat8 [ 1 1 1 1], L_00000193699f7a30, L_00000193699f7cb0, L_00000193699f89d0, L_00000193699f6e50;
L_00000193699f7170 .concat8 [ 4 4 4 4], LS_00000193699f7170_0_0, LS_00000193699f7170_0_4, LS_00000193699f7170_0_8, LS_00000193699f7170_0_12;
L_00000193699f6e50 .part v00000193699cc770_0, 20, 1;
S_00000193699cb420 .scope module, "u_encoder" "secded_encoder" 6 84, 8 33 0, S_00000193699ca160;
 .timescale 0 0;
    .port_info 0 /INPUT 16 "data_in";
    .port_info 1 /OUTPUT 22 "codeword";
L_000001936994a430 .functor XOR 1, L_00000193699e9e90, L_00000193699e9df0, C4<0>, C4<0>;
L_000001936994b460 .functor XOR 1, L_000001936994a430, L_00000193699e8630, C4<0>, C4<0>;
L_000001936994b930 .functor XOR 1, L_000001936994b460, L_00000193699e93f0, C4<0>, C4<0>;
L_000001936994b310 .functor XOR 1, L_000001936994b930, L_00000193699ea110, C4<0>, C4<0>;
L_000001936994ab30 .functor XOR 1, L_000001936994b310, L_00000193699e9670, C4<0>, C4<0>;
L_000001936994ac80 .functor XOR 1, L_000001936994ab30, L_00000193699e9710, C4<0>, C4<0>;
L_000001936994aeb0 .functor XOR 1, L_000001936994ac80, L_00000193699e98f0, C4<0>, C4<0>;
L_000001936994b380 .functor XOR 1, L_000001936994aeb0, L_00000193699e9fd0, C4<0>, C4<0>;
L_000001936994a660 .functor XOR 1, L_000001936994b380, L_00000193699f4a10, C4<0>, C4<0>;
L_000001936994aba0 .functor XOR 1, L_00000193699e9e90, L_00000193699e9cb0, C4<0>, C4<0>;
L_000001936994b540 .functor XOR 1, L_000001936994aba0, L_00000193699e8630, C4<0>, C4<0>;
L_000001936994bbd0 .functor XOR 1, L_000001936994b540, L_00000193699e86d0, C4<0>, C4<0>;
L_000001936994b000 .functor XOR 1, L_000001936994bbd0, L_00000193699ea110, C4<0>, C4<0>;
L_000001936994af90 .functor XOR 1, L_000001936994b000, L_00000193699e9f30, C4<0>, C4<0>;
L_000001936994b850 .functor XOR 1, L_000001936994af90, L_00000193699e9710, C4<0>, C4<0>;
L_000001936994b9a0 .functor XOR 1, L_000001936994b850, L_00000193699e9990, C4<0>, C4<0>;
L_000001936994bd90 .functor XOR 1, L_000001936994b9a0, L_00000193699e9fd0, C4<0>, C4<0>;
L_000001936994acf0 .functor XOR 1, L_00000193699e9df0, L_00000193699e9cb0, C4<0>, C4<0>;
L_000001936994a9e0 .functor XOR 1, L_000001936994acf0, L_00000193699e8630, C4<0>, C4<0>;
L_000001936994be00 .functor XOR 1, L_000001936994a9e0, L_00000193699e8770, C4<0>, C4<0>;
L_000001936994be70 .functor XOR 1, L_000001936994be00, L_00000193699e9670, C4<0>, C4<0>;
L_000001936994bee0 .functor XOR 1, L_000001936994be70, L_00000193699e9f30, C4<0>, C4<0>;
L_000001936994a6d0 .functor XOR 1, L_000001936994bee0, L_00000193699e9710, C4<0>, C4<0>;
L_000001936994add0 .functor XOR 1, L_000001936994a6d0, L_0000019369958d80, C4<0>, C4<0>;
L_000001936994b070 .functor XOR 1, L_000001936994add0, L_00000193699f4a10, C4<0>, C4<0>;
L_000001936994b7e0 .functor XOR 1, L_00000193699e93f0, L_00000193699e86d0, C4<0>, C4<0>;
L_000001936994b0e0 .functor XOR 1, L_000001936994b7e0, L_00000193699ea110, C4<0>, C4<0>;
L_000001936994b150 .functor XOR 1, L_000001936994b0e0, L_00000193699e8770, C4<0>, C4<0>;
L_000001936994a900 .functor XOR 1, L_000001936994b150, L_00000193699e9670, C4<0>, C4<0>;
L_000001936994a4a0 .functor XOR 1, L_000001936994a900, L_00000193699e9f30, C4<0>, C4<0>;
L_000001936994b1c0 .functor XOR 1, L_000001936994a4a0, L_00000193699e9710, C4<0>, C4<0>;
L_000001936994ba10 .functor XOR 1, L_00000193699e98f0, L_00000193699e9990, C4<0>, C4<0>;
L_000001936994b3f0 .functor XOR 1, L_000001936994ba10, L_00000193699e9fd0, C4<0>, C4<0>;
L_000001936994bc40 .functor XOR 1, L_000001936994b3f0, L_0000019369958d80, C4<0>, C4<0>;
L_000001936994a7b0 .functor XOR 1, L_000001936994bc40, L_00000193699f4a10, C4<0>, C4<0>;
L_000001936994bcb0 .functor BUFZ 1, L_000001936994a660, C4<0>, C4<0>, C4<0>;
L_000001936994b230 .functor BUFZ 1, L_000001936994bd90, C4<0>, C4<0>, C4<0>;
L_000001936994b4d0 .functor BUFZ 1, L_00000193699e9e90, C4<0>, C4<0>, C4<0>;
L_000001936994a350 .functor BUFZ 1, L_000001936994b070, C4<0>, C4<0>, C4<0>;
L_000001936994a580 .functor BUFZ 1, L_00000193699e9df0, C4<0>, C4<0>, C4<0>;
L_000001936994b5b0 .functor BUFZ 1, L_00000193699e9cb0, C4<0>, C4<0>, C4<0>;
L_000001936994b620 .functor BUFZ 1, L_00000193699e8630, C4<0>, C4<0>, C4<0>;
L_000001936994b690 .functor BUFZ 1, L_000001936994b1c0, C4<0>, C4<0>, C4<0>;
L_000001936994b700 .functor BUFZ 1, L_00000193699e93f0, C4<0>, C4<0>, C4<0>;
L_000001936994a5f0 .functor BUFZ 1, L_00000193699e86d0, C4<0>, C4<0>, C4<0>;
L_000001936994b770 .functor BUFZ 1, L_00000193699ea110, C4<0>, C4<0>, C4<0>;
L_000001936994a740 .functor BUFZ 1, L_00000193699e8770, C4<0>, C4<0>, C4<0>;
L_000001936994a820 .functor BUFZ 1, L_00000193699e9670, C4<0>, C4<0>, C4<0>;
L_000001936994a890 .functor BUFZ 1, L_00000193699e9f30, C4<0>, C4<0>, C4<0>;
L_000001936994a970 .functor BUFZ 1, L_00000193699e9710, C4<0>, C4<0>, C4<0>;
L_000001936994bfc0 .functor BUFZ 1, L_000001936994a7b0, C4<0>, C4<0>, C4<0>;
L_000001936994c110 .functor BUFZ 1, L_00000193699e98f0, C4<0>, C4<0>, C4<0>;
L_000001936994c030 .functor BUFZ 1, L_00000193699e9990, C4<0>, C4<0>, C4<0>;
L_000001936994c0a0 .functor BUFZ 1, L_00000193699e9fd0, C4<0>, C4<0>, C4<0>;
L_000001936994c1f0 .functor BUFZ 1, L_0000019369958d80, C4<0>, C4<0>, C4<0>;
L_000001936994c180 .functor BUFZ 1, L_00000193699f4a10, C4<0>, C4<0>, C4<0>;
v00000193699cf830_0 .net *"_ivl_105", 0 0, L_000001936994bcb0;  1 drivers
v00000193699cec50_0 .net *"_ivl_109", 0 0, L_000001936994b230;  1 drivers
v00000193699cfe70_0 .net *"_ivl_113", 0 0, L_000001936994b4d0;  1 drivers
v00000193699cecf0_0 .net *"_ivl_117", 0 0, L_000001936994a350;  1 drivers
v00000193699cf470_0 .net *"_ivl_121", 0 0, L_000001936994a580;  1 drivers
v00000193699ced90_0 .net *"_ivl_125", 0 0, L_000001936994b5b0;  1 drivers
v00000193699cf0b0_0 .net *"_ivl_129", 0 0, L_000001936994b620;  1 drivers
v00000193699cf510_0 .net *"_ivl_133", 0 0, L_000001936994b690;  1 drivers
v00000193699cf5b0_0 .net *"_ivl_137", 0 0, L_000001936994b700;  1 drivers
v00000193699cf1f0_0 .net *"_ivl_141", 0 0, L_000001936994a5f0;  1 drivers
v00000193699ce930_0 .net *"_ivl_145", 0 0, L_000001936994b770;  1 drivers
v00000193699ce9d0_0 .net *"_ivl_149", 0 0, L_000001936994a740;  1 drivers
v00000193699cf150_0 .net *"_ivl_153", 0 0, L_000001936994a820;  1 drivers
v00000193699ce7f0_0 .net *"_ivl_157", 0 0, L_000001936994a890;  1 drivers
v00000193699cf970_0 .net *"_ivl_161", 0 0, L_000001936994a970;  1 drivers
v00000193699cfdd0_0 .net *"_ivl_165", 0 0, L_000001936994bfc0;  1 drivers
v00000193699cf650_0 .net *"_ivl_169", 0 0, L_000001936994c110;  1 drivers
v00000193699cea70_0 .net *"_ivl_173", 0 0, L_000001936994c030;  1 drivers
v00000193699cfd30_0 .net *"_ivl_177", 0 0, L_000001936994c0a0;  1 drivers
v00000193699ceb10_0 .net *"_ivl_181", 0 0, L_000001936994c1f0;  1 drivers
v00000193699cebb0_0 .net *"_ivl_186", 0 0, L_000001936994c180;  1 drivers
v00000193699cee30_0 .net *"_ivl_32", 0 0, L_000001936994a430;  1 drivers
v00000193699ceed0_0 .net *"_ivl_34", 0 0, L_000001936994b460;  1 drivers
v00000193699cf6f0_0 .net *"_ivl_36", 0 0, L_000001936994b930;  1 drivers
v00000193699cfa10_0 .net *"_ivl_38", 0 0, L_000001936994b310;  1 drivers
v00000193699cfab0_0 .net *"_ivl_40", 0 0, L_000001936994ab30;  1 drivers
v00000193699cf290_0 .net *"_ivl_42", 0 0, L_000001936994ac80;  1 drivers
v00000193699cfb50_0 .net *"_ivl_44", 0 0, L_000001936994aeb0;  1 drivers
v00000193699cfbf0_0 .net *"_ivl_46", 0 0, L_000001936994b380;  1 drivers
v00000193699cef70_0 .net *"_ivl_50", 0 0, L_000001936994aba0;  1 drivers
v00000193699cf3d0_0 .net *"_ivl_52", 0 0, L_000001936994b540;  1 drivers
v00000193699cf010_0 .net *"_ivl_54", 0 0, L_000001936994bbd0;  1 drivers
v00000193699cfc90_0 .net *"_ivl_56", 0 0, L_000001936994b000;  1 drivers
v00000193699d0460_0 .net *"_ivl_58", 0 0, L_000001936994af90;  1 drivers
v00000193699d21c0_0 .net *"_ivl_60", 0 0, L_000001936994b850;  1 drivers
v00000193699d0fa0_0 .net *"_ivl_62", 0 0, L_000001936994b9a0;  1 drivers
v00000193699d1ea0_0 .net *"_ivl_66", 0 0, L_000001936994acf0;  1 drivers
v00000193699d0d20_0 .net *"_ivl_68", 0 0, L_000001936994a9e0;  1 drivers
v00000193699d19a0_0 .net *"_ivl_70", 0 0, L_000001936994be00;  1 drivers
v00000193699d0820_0 .net *"_ivl_72", 0 0, L_000001936994be70;  1 drivers
v00000193699d0f00_0 .net *"_ivl_74", 0 0, L_000001936994bee0;  1 drivers
v00000193699d1400_0 .net *"_ivl_76", 0 0, L_000001936994a6d0;  1 drivers
v00000193699d05a0_0 .net *"_ivl_78", 0 0, L_000001936994add0;  1 drivers
v00000193699d1180_0 .net *"_ivl_82", 0 0, L_000001936994b7e0;  1 drivers
v00000193699d03c0_0 .net *"_ivl_84", 0 0, L_000001936994b0e0;  1 drivers
v00000193699d1e00_0 .net *"_ivl_86", 0 0, L_000001936994b150;  1 drivers
v00000193699d0a00_0 .net *"_ivl_88", 0 0, L_000001936994a900;  1 drivers
v00000193699d1f40_0 .net *"_ivl_90", 0 0, L_000001936994a4a0;  1 drivers
v00000193699d15e0_0 .net *"_ivl_94", 0 0, L_000001936994ba10;  1 drivers
v00000193699d1a40_0 .net *"_ivl_96", 0 0, L_000001936994b3f0;  1 drivers
v00000193699d1040_0 .net *"_ivl_98", 0 0, L_000001936994bc40;  1 drivers
v00000193699d0640_0 .net "codeword", 21 0, L_00000193699f54b0;  alias, 1 drivers
v00000193699d1ae0_0 .net "cw21", 20 0, L_00000193699f41f0;  1 drivers
v00000193699d1fe0_0 .net "d0", 0 0, L_00000193699e9e90;  1 drivers
v00000193699d2260_0 .net "d1", 0 0, L_00000193699e9df0;  1 drivers
v00000193699d23a0_0 .net "d10", 0 0, L_00000193699e9710;  1 drivers
v00000193699d10e0_0 .net "d11", 0 0, L_00000193699e98f0;  1 drivers
v00000193699d1680_0 .net "d12", 0 0, L_00000193699e9990;  1 drivers
v00000193699d24e0_0 .net "d13", 0 0, L_00000193699e9fd0;  1 drivers
v00000193699d0aa0_0 .net "d14", 0 0, L_0000019369958d80;  1 drivers
v00000193699d0500_0 .net "d15", 0 0, L_00000193699f4a10;  1 drivers
v00000193699d2580_0 .net "d2", 0 0, L_00000193699e9cb0;  1 drivers
v00000193699d0960_0 .net "d3", 0 0, L_00000193699e8630;  1 drivers
v00000193699d1220_0 .net "d4", 0 0, L_00000193699e93f0;  1 drivers
v00000193699d0b40_0 .net "d5", 0 0, L_00000193699e86d0;  1 drivers
v00000193699d1360_0 .net "d6", 0 0, L_00000193699ea110;  1 drivers
v00000193699d2300_0 .net "d7", 0 0, L_00000193699e8770;  1 drivers
v00000193699d1b80_0 .net "d8", 0 0, L_00000193699e9670;  1 drivers
v00000193699d0be0_0 .net "d9", 0 0, L_00000193699e9f30;  1 drivers
v00000193699d2080_0 .net "data_in", 15 0, v00000193699e8450_0;  alias, 1 drivers
v00000193699d0dc0_0 .net "p1", 0 0, L_000001936994a660;  1 drivers
v00000193699d1c20_0 .net "p16", 0 0, L_000001936994a7b0;  1 drivers
v00000193699d0c80_0 .net "p2", 0 0, L_000001936994bd90;  1 drivers
v00000193699d08c0_0 .net "p4", 0 0, L_000001936994b070;  1 drivers
v00000193699d0320_0 .net "p8", 0 0, L_000001936994b1c0;  1 drivers
v00000193699d12c0_0 .net "p_overall", 0 0, L_00000193699f61d0;  1 drivers
L_00000193699e9e90 .part v00000193699e8450_0, 0, 1;
L_00000193699e9df0 .part v00000193699e8450_0, 1, 1;
L_00000193699e9cb0 .part v00000193699e8450_0, 2, 1;
L_00000193699e8630 .part v00000193699e8450_0, 3, 1;
L_00000193699e93f0 .part v00000193699e8450_0, 4, 1;
L_00000193699e86d0 .part v00000193699e8450_0, 5, 1;
L_00000193699ea110 .part v00000193699e8450_0, 6, 1;
L_00000193699e8770 .part v00000193699e8450_0, 7, 1;
L_00000193699e9670 .part v00000193699e8450_0, 8, 1;
L_00000193699e9f30 .part v00000193699e8450_0, 9, 1;
L_00000193699e9710 .part v00000193699e8450_0, 10, 1;
L_00000193699e98f0 .part v00000193699e8450_0, 11, 1;
L_00000193699e9990 .part v00000193699e8450_0, 12, 1;
L_00000193699e9fd0 .part v00000193699e8450_0, 13, 1;
L_0000019369958d80 .part v00000193699e8450_0, 14, 1;
L_00000193699f4a10 .part v00000193699e8450_0, 15, 1;
LS_00000193699f41f0_0_0 .concat8 [ 1 1 1 1], L_000001936994bcb0, L_000001936994b230, L_000001936994b4d0, L_000001936994a350;
LS_00000193699f41f0_0_4 .concat8 [ 1 1 1 1], L_000001936994a580, L_000001936994b5b0, L_000001936994b620, L_000001936994b690;
LS_00000193699f41f0_0_8 .concat8 [ 1 1 1 1], L_000001936994b700, L_000001936994a5f0, L_000001936994b770, L_000001936994a740;
LS_00000193699f41f0_0_12 .concat8 [ 1 1 1 1], L_000001936994a820, L_000001936994a890, L_000001936994a970, L_000001936994bfc0;
LS_00000193699f41f0_0_16 .concat8 [ 1 1 1 1], L_000001936994c110, L_000001936994c030, L_000001936994c0a0, L_000001936994c1f0;
LS_00000193699f41f0_0_20 .concat8 [ 1 0 0 0], L_000001936994c180;
LS_00000193699f41f0_1_0 .concat8 [ 4 4 4 4], LS_00000193699f41f0_0_0, LS_00000193699f41f0_0_4, LS_00000193699f41f0_0_8, LS_00000193699f41f0_0_12;
LS_00000193699f41f0_1_4 .concat8 [ 4 1 0 0], LS_00000193699f41f0_0_16, LS_00000193699f41f0_0_20;
L_00000193699f41f0 .concat8 [ 16 5 0 0], LS_00000193699f41f0_1_0, LS_00000193699f41f0_1_4;
L_00000193699f61d0 .reduce/xor L_00000193699f41f0;
L_00000193699f54b0 .concat [ 21 1 0 0], L_00000193699f41f0, L_00000193699f61d0;
S_00000193699cb5b0 .scope module, "u_accum" "accumulator" 4 116, 9 39 0, S_00000193697edc70;
 .timescale 0 0;
    .port_info 0 /INPUT 1 "clk";
    .port_info 1 /INPUT 1 "rst_n";
    .port_info 2 /INPUT 1 "en";
    .port_info 3 /INPUT 80 "pe_results";
    .port_info 4 /OUTPUT 9 "accum_out";
    .port_info 5 /OUTPUT 1 "valid_out";
P_0000019369832260 .param/l "ACCUM_W" 0 9 42, +C4<00000000000000000000000000001001>;
P_0000019369832298 .param/l "NUM_PES" 0 9 40, +C4<00000000000000000000000000010000>;
P_00000193698322d0 .param/l "PE_RESULT_W" 0 9 41, +C4<00000000000000000000000000000101>;
v00000193699d2940_0 .var "accum_out", 8 0;
v00000193699d37a0_0 .net "clk", 0 0, v00000193699ea610_0;  alias, 1 drivers
v00000193699d3520_0 .net "en", 0 0, v00000193699ea570_0;  alias, 1 drivers
v00000193699d28a0_0 .net "pe_results", 79 0, L_00000193699fb090;  alias, 1 drivers
v00000193699d3020_0 .net "rst_n", 0 0, v00000193699e9b70_0;  alias, 1 drivers
v00000193699d3160_0 .var "sum_comb", 8 0;
v00000193699d3a20_0 .var "valid_out", 0 0;
E_0000019369941460 .event anyedge, v00000193699d28a0_0;
S_00000193699cb100 .scope begin, "$ivl_for_loop1" "$ivl_for_loop1" 9 60, 9 60 0, S_00000193699cb5b0;
 .timescale 0 0;
v00000193699d3ca0_0 .var/2s "i", 31 0;
S_00000193699cb740 .scope module, "u_pe_array" "pe_array" 4 100, 10 46 0, S_00000193697edc70;
 .timescale 0 0;
    .port_info 0 /INPUT 1 "clk";
    .port_info 1 /INPUT 1 "rst_n";
    .port_info 2 /INPUT 256 "activations_flat";
    .port_info 3 /INPUT 256 "weights_flat";
    .port_info 4 /INPUT 16 "pe_active";
    .port_info 5 /OUTPUT 80 "pe_results_flat";
P_00000193698314a0 .param/l "NUM_PES" 0 10 47, +C4<00000000000000000000000000010000>;
P_00000193698314d8 .param/l "PE_RESULT_W" 0 10 49, +C4<00000000000000000000000000000101>;
P_0000019369831510 .param/l "VEC_WIDTH" 0 10 48, +C4<00000000000000000000000000010000>;
v00000193699d9720_0 .net "activations_flat", 255 0, v00000193699e8d10_0;  alias, 1 drivers
v00000193699eb470_0 .net "clk", 0 0, v00000193699ea610_0;  alias, 1 drivers
v00000193699eacf0_0 .net "pe_active", 15 0, L_00000193699f68b0;  alias, 1 drivers
v00000193699eb290 .array "pe_comb", 15 0;
v00000193699eb290_0 .net v00000193699eb290 0, 4 0, v00000193699d2c60_0; 1 drivers
v00000193699eb290_1 .net v00000193699eb290 1, 4 0, v00000193699d2ee0_0; 1 drivers
v00000193699eb290_2 .net v00000193699eb290 2, 4 0, v00000193699d8320_0; 1 drivers
v00000193699eb290_3 .net v00000193699eb290 3, 4 0, v00000193699d6160_0; 1 drivers
v00000193699eb290_4 .net v00000193699eb290 4, 4 0, v00000193699d7060_0; 1 drivers
v00000193699eb290_5 .net v00000193699eb290 5, 4 0, v00000193699d83c0_0; 1 drivers
v00000193699eb290_6 .net v00000193699eb290 6, 4 0, v00000193699d86e0_0; 1 drivers
v00000193699eb290_7 .net v00000193699eb290 7, 4 0, v00000193699d7ba0_0; 1 drivers
v00000193699eb290_8 .net v00000193699eb290 8, 4 0, v00000193699d6ca0_0; 1 drivers
v00000193699eb290_9 .net v00000193699eb290 9, 4 0, v00000193699d77e0_0; 1 drivers
v00000193699eb290_10 .net v00000193699eb290 10, 4 0, v00000193699d67a0_0; 1 drivers
v00000193699eb290_11 .net v00000193699eb290 11, 4 0, v00000193699d8aa0_0; 1 drivers
v00000193699eb290_12 .net v00000193699eb290 12, 4 0, v00000193699d9b80_0; 1 drivers
v00000193699eb290_13 .net v00000193699eb290 13, 4 0, v00000193699d8960_0; 1 drivers
v00000193699eb290_14 .net v00000193699eb290 14, 4 0, v00000193699d9220_0; 1 drivers
v00000193699eb290_15 .net v00000193699eb290 15, 4 0, v00000193699d99a0_0; 1 drivers
v00000193699ebab0 .array "pe_result_reg", 15 0, 4 0;
v00000193699ebbf0_0 .net "pe_results_flat", 79 0, L_00000193699fb090;  alias, 1 drivers
v00000193699eb970_0 .net "rst_n", 0 0, v00000193699e9b70_0;  alias, 1 drivers
v00000193699eaed0_0 .net "weights_flat", 255 0, L_00000193699f8d90;  alias, 1 drivers
L_00000193699f8f70 .part v00000193699e8d10_0, 0, 16;
L_00000193699f9010 .part L_00000193699f8d90, 0, 16;
L_00000193699f7710 .part v00000193699e8d10_0, 16, 16;
L_00000193699f6d10 .part L_00000193699f8d90, 16, 16;
L_00000193699f84d0 .part v00000193699e8d10_0, 32, 16;
L_00000193699f7c10 .part L_00000193699f8d90, 32, 16;
L_00000193699f6db0 .part v00000193699e8d10_0, 48, 16;
L_00000193699f7f30 .part L_00000193699f8d90, 48, 16;
L_00000193699f8070 .part v00000193699e8d10_0, 64, 16;
L_00000193699f6ef0 .part L_00000193699f8d90, 64, 16;
L_00000193699f75d0 .part v00000193699e8d10_0, 80, 16;
L_00000193699f8e30 .part L_00000193699f8d90, 80, 16;
L_00000193699f8110 .part v00000193699e8d10_0, 96, 16;
L_00000193699f6f90 .part L_00000193699f8d90, 96, 16;
L_00000193699f7030 .part v00000193699e8d10_0, 112, 16;
L_00000193699f73f0 .part L_00000193699f8d90, 112, 16;
L_00000193699f7490 .part v00000193699e8d10_0, 128, 16;
L_00000193699f8ed0 .part L_00000193699f8d90, 128, 16;
L_00000193699f7670 .part v00000193699e8d10_0, 144, 16;
L_00000193699f8570 .part L_00000193699f8d90, 144, 16;
L_00000193699f8250 .part v00000193699e8d10_0, 160, 16;
L_00000193699f7530 .part L_00000193699f8d90, 160, 16;
L_00000193699fb810 .part v00000193699e8d10_0, 176, 16;
L_00000193699f9e70 .part L_00000193699f8d90, 176, 16;
L_00000193699f9290 .part v00000193699e8d10_0, 192, 16;
L_00000193699f91f0 .part L_00000193699f8d90, 192, 16;
L_00000193699faaf0 .part v00000193699e8d10_0, 208, 16;
L_00000193699fa690 .part L_00000193699f8d90, 208, 16;
L_00000193699f9470 .part v00000193699e8d10_0, 224, 16;
L_00000193699f98d0 .part L_00000193699f8d90, 224, 16;
L_00000193699f9b50 .part v00000193699e8d10_0, 240, 16;
L_00000193699faeb0 .part L_00000193699f8d90, 240, 16;
v00000193699ebab0_0 .array/port v00000193699ebab0, 0;
v00000193699ebab0_1 .array/port v00000193699ebab0, 1;
v00000193699ebab0_2 .array/port v00000193699ebab0, 2;
v00000193699ebab0_3 .array/port v00000193699ebab0, 3;
LS_00000193699fb090_0_0 .concat8 [ 5 5 5 5], v00000193699ebab0_0, v00000193699ebab0_1, v00000193699ebab0_2, v00000193699ebab0_3;
v00000193699ebab0_4 .array/port v00000193699ebab0, 4;
v00000193699ebab0_5 .array/port v00000193699ebab0, 5;
v00000193699ebab0_6 .array/port v00000193699ebab0, 6;
v00000193699ebab0_7 .array/port v00000193699ebab0, 7;
LS_00000193699fb090_0_4 .concat8 [ 5 5 5 5], v00000193699ebab0_4, v00000193699ebab0_5, v00000193699ebab0_6, v00000193699ebab0_7;
v00000193699ebab0_8 .array/port v00000193699ebab0, 8;
v00000193699ebab0_9 .array/port v00000193699ebab0, 9;
v00000193699ebab0_10 .array/port v00000193699ebab0, 10;
v00000193699ebab0_11 .array/port v00000193699ebab0, 11;
LS_00000193699fb090_0_8 .concat8 [ 5 5 5 5], v00000193699ebab0_8, v00000193699ebab0_9, v00000193699ebab0_10, v00000193699ebab0_11;
v00000193699ebab0_12 .array/port v00000193699ebab0, 12;
v00000193699ebab0_13 .array/port v00000193699ebab0, 13;
v00000193699ebab0_14 .array/port v00000193699ebab0, 14;
v00000193699ebab0_15 .array/port v00000193699ebab0, 15;
LS_00000193699fb090_0_12 .concat8 [ 5 5 5 5], v00000193699ebab0_12, v00000193699ebab0_13, v00000193699ebab0_14, v00000193699ebab0_15;
L_00000193699fb090 .concat8 [ 20 20 20 20], LS_00000193699fb090_0_0, LS_00000193699fb090_0_4, LS_00000193699fb090_0_8, LS_00000193699fb090_0_12;
S_00000193699cac50 .scope generate, "gen_pack[0]" "gen_pack[0]" 10 122, 10 122 0, S_00000193699cb740;
 .timescale 0 0;
P_0000019369942020 .param/l "g" 1 10 122, +C4<00>;
v00000193699d3ac0_0 .net *"_ivl_2", 4 0, v00000193699ebab0_0;  1 drivers
S_00000193699cb8d0 .scope generate, "gen_pack[1]" "gen_pack[1]" 10 122, 10 122 0, S_00000193699cb740;
 .timescale 0 0;
P_0000019369941aa0 .param/l "g" 1 10 122, +C4<01>;
v00000193699d29e0_0 .net *"_ivl_2", 4 0, v00000193699ebab0_1;  1 drivers
S_00000193699caac0 .scope generate, "gen_pack[2]" "gen_pack[2]" 10 122, 10 122 0, S_00000193699cb740;
 .timescale 0 0;
P_00000193699413a0 .param/l "g" 1 10 122, +C4<010>;
v00000193699d3200_0 .net *"_ivl_2", 4 0, v00000193699ebab0_2;  1 drivers
S_00000193699ca2f0 .scope generate, "gen_pack[3]" "gen_pack[3]" 10 122, 10 122 0, S_00000193699cb740;
 .timescale 0 0;
P_00000193699420e0 .param/l "g" 1 10 122, +C4<011>;
v00000193699d38e0_0 .net *"_ivl_2", 4 0, v00000193699ebab0_3;  1 drivers
S_00000193699ca480 .scope generate, "gen_pack[4]" "gen_pack[4]" 10 122, 10 122 0, S_00000193699cb740;
 .timescale 0 0;
P_00000193699419e0 .param/l "g" 1 10 122, +C4<0100>;
v00000193699d3980_0 .net *"_ivl_2", 4 0, v00000193699ebab0_4;  1 drivers
S_00000193699cade0 .scope generate, "gen_pack[5]" "gen_pack[5]" 10 122, 10 122 0, S_00000193699cb740;
 .timescale 0 0;
P_0000019369941920 .param/l "g" 1 10 122, +C4<0101>;
v00000193699d2a80_0 .net *"_ivl_2", 4 0, v00000193699ebab0_5;  1 drivers
S_00000193699ca7a0 .scope generate, "gen_pack[6]" "gen_pack[6]" 10 122, 10 122 0, S_00000193699cb740;
 .timescale 0 0;
P_0000019369941ba0 .param/l "g" 1 10 122, +C4<0110>;
v00000193699d3b60_0 .net *"_ivl_2", 4 0, v00000193699ebab0_6;  1 drivers
S_00000193699cba60 .scope generate, "gen_pack[7]" "gen_pack[7]" 10 122, 10 122 0, S_00000193699cb740;
 .timescale 0 0;
P_0000019369941be0 .param/l "g" 1 10 122, +C4<0111>;
v00000193699d2800_0 .net *"_ivl_2", 4 0, v00000193699ebab0_7;  1 drivers
S_00000193699ca930 .scope generate, "gen_pack[8]" "gen_pack[8]" 10 122, 10 122 0, S_00000193699cb740;
 .timescale 0 0;
P_00000193699417a0 .param/l "g" 1 10 122, +C4<01000>;
v00000193699d2b20_0 .net *"_ivl_2", 4 0, v00000193699ebab0_8;  1 drivers
S_00000193699ca610 .scope generate, "gen_pack[9]" "gen_pack[9]" 10 122, 10 122 0, S_00000193699cb740;
 .timescale 0 0;
P_00000193699414e0 .param/l "g" 1 10 122, +C4<01001>;
v00000193699d33e0_0 .net *"_ivl_2", 4 0, v00000193699ebab0_9;  1 drivers
S_00000193699caf70 .scope generate, "gen_pack[10]" "gen_pack[10]" 10 122, 10 122 0, S_00000193699cb740;
 .timescale 0 0;
P_0000019369942160 .param/l "g" 1 10 122, +C4<01010>;
v00000193699d3340_0 .net *"_ivl_2", 4 0, v00000193699ebab0_10;  1 drivers
S_00000193699d4640 .scope generate, "gen_pack[11]" "gen_pack[11]" 10 122, 10 122 0, S_00000193699cb740;
 .timescale 0 0;
P_0000019369941720 .param/l "g" 1 10 122, +C4<01011>;
v00000193699d3d40_0 .net *"_ivl_2", 4 0, v00000193699ebab0_11;  1 drivers
S_00000193699d5130 .scope generate, "gen_pack[12]" "gen_pack[12]" 10 122, 10 122 0, S_00000193699cb740;
 .timescale 0 0;
P_00000193699419a0 .param/l "g" 1 10 122, +C4<01100>;
v00000193699d3de0_0 .net *"_ivl_2", 4 0, v00000193699ebab0_12;  1 drivers
S_00000193699d5770 .scope generate, "gen_pack[13]" "gen_pack[13]" 10 122, 10 122 0, S_00000193699cb740;
 .timescale 0 0;
P_00000193699421a0 .param/l "g" 1 10 122, +C4<01101>;
v00000193699d2bc0_0 .net *"_ivl_2", 4 0, v00000193699ebab0_13;  1 drivers
S_00000193699d4190 .scope generate, "gen_pack[14]" "gen_pack[14]" 10 122, 10 122 0, S_00000193699cb740;
 .timescale 0 0;
P_0000019369941520 .param/l "g" 1 10 122, +C4<01110>;
v00000193699d30c0_0 .net *"_ivl_2", 4 0, v00000193699ebab0_14;  1 drivers
S_00000193699d5c20 .scope generate, "gen_pack[15]" "gen_pack[15]" 10 122, 10 122 0, S_00000193699cb740;
 .timescale 0 0;
P_0000019369942320 .param/l "g" 1 10 122, +C4<01111>;
v00000193699d3840_0 .net *"_ivl_2", 4 0, v00000193699ebab0_15;  1 drivers
S_00000193699d5a90 .scope generate, "gen_pe[0]" "gen_pe[0]" 10 73, 10 73 0, S_00000193699cb740;
 .timescale 0 0;
P_0000019369941660 .param/l "g" 1 10 73, +C4<00>;
S_00000193699d5900 .scope module, "u_pe" "unipolar_pe" 10 77, 11 37 0, S_00000193699d5a90;
 .timescale 0 0;
    .port_info 0 /INPUT 16 "activation";
    .port_info 1 /INPUT 16 "weight";
    .port_info 2 /OUTPUT 5 "result";
P_000001936985b0e0 .param/l "RESULT_W" 0 11 39, +C4<00000000000000000000000000000101>;
P_000001936985b118 .param/l "VEC_WIDTH" 0 11 38, +C4<00000000000000000000000000010000>;
L_0000019369a45780 .functor AND 16, L_00000193699f8f70, L_00000193699f9010, C4<1111111111111111>, C4<1111111111111111>;
v00000193699d2d00_0 .net "activation", 15 0, L_00000193699f8f70;  1 drivers
v00000193699d2da0_0 .net "bitwise_and", 15 0, L_0000019369a45780;  1 drivers
v00000193699d3660_0 .net "result", 4 0, v00000193699d2c60_0;  alias, 1 drivers
v00000193699d3700_0 .net "weight", 15 0, L_00000193699f9010;  1 drivers
S_00000193699d4c80 .scope module, "u_popcount" "popcount" 11 57, 12 33 0, S_00000193699d5900;
 .timescale 0 0;
    .port_info 0 /INPUT 16 "data_in";
    .port_info 1 /OUTPUT 5 "count";
P_000001936985ac60 .param/l "OUT_W" 0 12 35, +C4<00000000000000000000000000000101>;
P_000001936985ac98 .param/l "WIDTH" 0 12 34, +C4<00000000000000000000000000010000>;
v00000193699d2c60_0 .var "count", 4 0;
v00000193699d35c0_0 .net "data_in", 15 0, L_0000019369a45780;  alias, 1 drivers
E_0000019369941c20 .event anyedge, v00000193699d35c0_0;
S_00000193699d5db0 .scope begin, "$ivl_for_loop0" "$ivl_for_loop0" 12 61, 12 61 0, S_00000193699d4c80;
 .timescale 0 0;
v00000193699d32a0_0 .var/2s "i", 31 0;
S_00000193699d4000 .scope generate, "gen_pe[1]" "gen_pe[1]" 10 73, 10 73 0, S_00000193699cb740;
 .timescale 0 0;
P_00000193699416e0 .param/l "g" 1 10 73, +C4<01>;
S_00000193699d4fa0 .scope module, "u_pe" "unipolar_pe" 10 77, 11 37 0, S_00000193699d4000;
 .timescale 0 0;
    .port_info 0 /INPUT 16 "activation";
    .port_info 1 /INPUT 16 "weight";
    .port_info 2 /OUTPUT 5 "result";
P_0000019369859760 .param/l "RESULT_W" 0 11 39, +C4<00000000000000000000000000000101>;
P_0000019369859798 .param/l "VEC_WIDTH" 0 11 38, +C4<00000000000000000000000000010000>;
L_0000019369a45860 .functor AND 16, L_00000193699f7710, L_00000193699f6d10, C4<1111111111111111>, C4<1111111111111111>;
v00000193699d3e80_0 .net "activation", 15 0, L_00000193699f7710;  1 drivers
v00000193699d2f80_0 .net "bitwise_and", 15 0, L_0000019369a45860;  1 drivers
v00000193699d7100_0 .net "result", 4 0, v00000193699d2ee0_0;  alias, 1 drivers
v00000193699d62a0_0 .net "weight", 15 0, L_00000193699f6d10;  1 drivers
S_00000193699d4320 .scope module, "u_popcount" "popcount" 11 57, 12 33 0, S_00000193699d4fa0;
 .timescale 0 0;
    .port_info 0 /INPUT 16 "data_in";
    .port_info 1 /OUTPUT 5 "count";
P_000001936985a5e0 .param/l "OUT_W" 0 12 35, +C4<00000000000000000000000000000101>;
P_000001936985a618 .param/l "WIDTH" 0 12 34, +C4<00000000000000000000000000010000>;
v00000193699d2ee0_0 .var "count", 4 0;
v00000193699d3c00_0 .net "data_in", 15 0, L_0000019369a45860;  alias, 1 drivers
E_00000193699416a0 .event anyedge, v00000193699d3c00_0;
S_00000193699d44b0 .scope begin, "$ivl_for_loop0" "$ivl_for_loop0" 12 61, 12 61 0, S_00000193699d4320;
 .timescale 0 0;
v00000193699d2e40_0 .var/2s "i", 31 0;
S_00000193699d5450 .scope generate, "gen_pe[2]" "gen_pe[2]" 10 73, 10 73 0, S_00000193699cb740;
 .timescale 0 0;
P_0000019369941c60 .param/l "g" 1 10 73, +C4<010>;
S_00000193699d4af0 .scope module, "u_pe" "unipolar_pe" 10 77, 11 37 0, S_00000193699d5450;
 .timescale 0 0;
    .port_info 0 /INPUT 16 "activation";
    .port_info 1 /INPUT 16 "weight";
    .port_info 2 /OUTPUT 5 "result";
P_000001936985b160 .param/l "RESULT_W" 0 11 39, +C4<00000000000000000000000000000101>;
P_000001936985b198 .param/l "VEC_WIDTH" 0 11 38, +C4<00000000000000000000000000010000>;
L_0000019369a45a90 .functor AND 16, L_00000193699f84d0, L_00000193699f7c10, C4<1111111111111111>, C4<1111111111111111>;
v00000193699d7ec0_0 .net "activation", 15 0, L_00000193699f84d0;  1 drivers
v00000193699d8280_0 .net "bitwise_and", 15 0, L_0000019369a45a90;  1 drivers
v00000193699d6980_0 .net "result", 4 0, v00000193699d8320_0;  alias, 1 drivers
v00000193699d76a0_0 .net "weight", 15 0, L_00000193699f7c10;  1 drivers
S_00000193699d47d0 .scope module, "u_popcount" "popcount" 11 57, 12 33 0, S_00000193699d4af0;
 .timescale 0 0;
    .port_info 0 /INPUT 16 "data_in";
    .port_info 1 /OUTPUT 5 "count";
P_000001936985b360 .param/l "OUT_W" 0 12 35, +C4<00000000000000000000000000000101>;
P_000001936985b398 .param/l "WIDTH" 0 12 34, +C4<00000000000000000000000000010000>;
v00000193699d8320_0 .var "count", 4 0;
v00000193699d7f60_0 .net "data_in", 15 0, L_0000019369a45a90;  alias, 1 drivers
E_0000019369941ce0 .event anyedge, v00000193699d7f60_0;
S_00000193699d4e10 .scope begin, "$ivl_for_loop0" "$ivl_for_loop0" 12 61, 12 61 0, S_00000193699d47d0;
 .timescale 0 0;
v00000193699d6de0_0 .var/2s "i", 31 0;
S_00000193699d55e0 .scope generate, "gen_pe[3]" "gen_pe[3]" 10 73, 10 73 0, S_00000193699cb740;
 .timescale 0 0;
P_0000019369941760 .param/l "g" 1 10 73, +C4<011>;
S_00000193699d4960 .scope module, "u_pe" "unipolar_pe" 10 77, 11 37 0, S_00000193699d55e0;
 .timescale 0 0;
    .port_info 0 /INPUT 16 "activation";
    .port_info 1 /INPUT 16 "weight";
    .port_info 2 /OUTPUT 5 "result";
P_000001936985b1e0 .param/l "RESULT_W" 0 11 39, +C4<00000000000000000000000000000101>;
P_000001936985b218 .param/l "VEC_WIDTH" 0 11 38, +C4<00000000000000000000000000010000>;
L_0000019369a44a60 .functor AND 16, L_00000193699f6db0, L_00000193699f7f30, C4<1111111111111111>, C4<1111111111111111>;
v00000193699d65c0_0 .net "activation", 15 0, L_00000193699f6db0;  1 drivers
v00000193699d7d80_0 .net "bitwise_and", 15 0, L_0000019369a44a60;  1 drivers
v00000193699d6660_0 .net "result", 4 0, v00000193699d6160_0;  alias, 1 drivers
v00000193699d8140_0 .net "weight", 15 0, L_00000193699f7f30;  1 drivers
S_00000193699d52c0 .scope module, "u_popcount" "popcount" 11 57, 12 33 0, S_00000193699d4960;
 .timescale 0 0;
    .port_info 0 /INPUT 16 "data_in";
    .port_info 1 /OUTPUT 5 "count";
P_000001936985ad60 .param/l "OUT_W" 0 12 35, +C4<00000000000000000000000000000101>;
P_000001936985ad98 .param/l "WIDTH" 0 12 34, +C4<00000000000000000000000000010000>;
v00000193699d6160_0 .var "count", 4 0;
v00000193699d6a20_0 .net "data_in", 15 0, L_0000019369a44a60;  alias, 1 drivers
E_0000019369941ca0 .event anyedge, v00000193699d6a20_0;
S_00000193699dc4e0 .scope begin, "$ivl_for_loop0" "$ivl_for_loop0" 12 61, 12 61 0, S_00000193699d52c0;
 .timescale 0 0;
v00000193699d6520_0 .var/2s "i", 31 0;
S_00000193699dd7a0 .scope generate, "gen_pe[4]" "gen_pe[4]" 10 73, 10 73 0, S_00000193699cb740;
 .timescale 0 0;
P_0000019369941820 .param/l "g" 1 10 73, +C4<0100>;
S_00000193699dd480 .scope module, "u_pe" "unipolar_pe" 10 77, 11 37 0, S_00000193699dd7a0;
 .timescale 0 0;
    .port_info 0 /INPUT 16 "activation";
    .port_info 1 /INPUT 16 "weight";
    .port_info 2 /OUTPUT 5 "result";
P_000001936985a7e0 .param/l "RESULT_W" 0 11 39, +C4<00000000000000000000000000000101>;
P_000001936985a818 .param/l "VEC_WIDTH" 0 11 38, +C4<00000000000000000000000000010000>;
L_0000019369a455c0 .functor AND 16, L_00000193699f8070, L_00000193699f6ef0, C4<1111111111111111>, C4<1111111111111111>;
v00000193699d6340_0 .net "activation", 15 0, L_00000193699f8070;  1 drivers
v00000193699d6ac0_0 .net "bitwise_and", 15 0, L_0000019369a455c0;  1 drivers
v00000193699d8460_0 .net "result", 4 0, v00000193699d7060_0;  alias, 1 drivers
v00000193699d80a0_0 .net "weight", 15 0, L_00000193699f6ef0;  1 drivers
S_00000193699dccb0 .scope module, "u_popcount" "popcount" 11 57, 12 33 0, S_00000193699dd480;
 .timescale 0 0;
    .port_info 0 /INPUT 16 "data_in";
    .port_info 1 /OUTPUT 5 "count";
P_00000193698597e0 .param/l "OUT_W" 0 12 35, +C4<00000000000000000000000000000101>;
P_0000019369859818 .param/l "WIDTH" 0 12 34, +C4<00000000000000000000000000010000>;
v00000193699d7060_0 .var "count", 4 0;
v00000193699d74c0_0 .net "data_in", 15 0, L_0000019369a455c0;  alias, 1 drivers
E_00000193699414a0 .event anyedge, v00000193699d74c0_0;
S_00000193699dd930 .scope begin, "$ivl_for_loop0" "$ivl_for_loop0" 12 61, 12 61 0, S_00000193699dccb0;
 .timescale 0 0;
v00000193699d8000_0 .var/2s "i", 31 0;
S_00000193699dcb20 .scope generate, "gen_pe[5]" "gen_pe[5]" 10 73, 10 73 0, S_00000193699cb740;
 .timescale 0 0;
P_0000019369941a60 .param/l "g" 1 10 73, +C4<0101>;
S_00000193699ddac0 .scope module, "u_pe" "unipolar_pe" 10 77, 11 37 0, S_00000193699dcb20;
 .timescale 0 0;
    .port_info 0 /INPUT 16 "activation";
    .port_info 1 /INPUT 16 "weight";
    .port_info 2 /OUTPUT 5 "result";
P_0000019369859ee0 .param/l "RESULT_W" 0 11 39, +C4<00000000000000000000000000000101>;
P_0000019369859f18 .param/l "VEC_WIDTH" 0 11 38, +C4<00000000000000000000000000010000>;
L_0000019369a45c50 .functor AND 16, L_00000193699f75d0, L_00000193699f8e30, C4<1111111111111111>, C4<1111111111111111>;
v00000193699d71a0_0 .net "activation", 15 0, L_00000193699f75d0;  1 drivers
v00000193699d8500_0 .net "bitwise_and", 15 0, L_0000019369a45c50;  1 drivers
v00000193699d6e80_0 .net "result", 4 0, v00000193699d83c0_0;  alias, 1 drivers
v00000193699d6480_0 .net "weight", 15 0, L_00000193699f8e30;  1 drivers
S_00000193699dc670 .scope module, "u_popcount" "popcount" 11 57, 12 33 0, S_00000193699ddac0;
 .timescale 0 0;
    .port_info 0 /INPUT 16 "data_in";
    .port_info 1 /OUTPUT 5 "count";
P_0000019369859560 .param/l "OUT_W" 0 12 35, +C4<00000000000000000000000000000101>;
P_0000019369859598 .param/l "WIDTH" 0 12 34, +C4<00000000000000000000000000010000>;
v00000193699d83c0_0 .var "count", 4 0;
v00000193699d63e0_0 .net "data_in", 15 0, L_0000019369a45c50;  alias, 1 drivers
E_0000019369941da0 .event anyedge, v00000193699d63e0_0;
S_00000193699ddc50 .scope begin, "$ivl_for_loop0" "$ivl_for_loop0" 12 61, 12 61 0, S_00000193699dc670;
 .timescale 0 0;
v00000193699d6700_0 .var/2s "i", 31 0;
S_00000193699ddde0 .scope generate, "gen_pe[6]" "gen_pe[6]" 10 73, 10 73 0, S_00000193699cb740;
 .timescale 0 0;
P_0000019369941d20 .param/l "g" 1 10 73, +C4<0110>;
S_00000193699dcfd0 .scope module, "u_pe" "unipolar_pe" 10 77, 11 37 0, S_00000193699ddde0;
 .timescale 0 0;
    .port_info 0 /INPUT 16 "activation";
    .port_info 1 /INPUT 16 "weight";
    .port_info 2 /OUTPUT 5 "result";
P_0000019369859660 .param/l "RESULT_W" 0 11 39, +C4<00000000000000000000000000000101>;
P_0000019369859698 .param/l "VEC_WIDTH" 0 11 38, +C4<00000000000000000000000000010000>;
L_0000019369a44bb0 .functor AND 16, L_00000193699f8110, L_00000193699f6f90, C4<1111111111111111>, C4<1111111111111111>;
v00000193699d81e0_0 .net "activation", 15 0, L_00000193699f8110;  1 drivers
v00000193699d6f20_0 .net "bitwise_and", 15 0, L_0000019369a44bb0;  1 drivers
v00000193699d85a0_0 .net "result", 4 0, v00000193699d86e0_0;  alias, 1 drivers
v00000193699d8640_0 .net "weight", 15 0, L_00000193699f6f90;  1 drivers
S_00000193699dc030 .scope module, "u_popcount" "popcount" 11 57, 12 33 0, S_00000193699dcfd0;
 .timescale 0 0;
    .port_info 0 /INPUT 16 "data_in";
    .port_info 1 /OUTPUT 5 "count";
P_000001936985a560 .param/l "OUT_W" 0 12 35, +C4<00000000000000000000000000000101>;
P_000001936985a598 .param/l "WIDTH" 0 12 34, +C4<00000000000000000000000000010000>;
v00000193699d86e0_0 .var "count", 4 0;
v00000193699d7560_0 .net "data_in", 15 0, L_0000019369a44bb0;  alias, 1 drivers
E_0000019369941ea0 .event anyedge, v00000193699d7560_0;
S_00000193699dc800 .scope begin, "$ivl_for_loop0" "$ivl_for_loop0" 12 61, 12 61 0, S_00000193699dc030;
 .timescale 0 0;
v00000193699d79c0_0 .var/2s "i", 31 0;
S_00000193699dc1c0 .scope generate, "gen_pe[7]" "gen_pe[7]" 10 73, 10 73 0, S_00000193699cb740;
 .timescale 0 0;
P_00000193699415e0 .param/l "g" 1 10 73, +C4<0111>;
S_00000193699dc990 .scope module, "u_pe" "unipolar_pe" 10 77, 11 37 0, S_00000193699dc1c0;
 .timescale 0 0;
    .port_info 0 /INPUT 16 "activation";
    .port_info 1 /INPUT 16 "weight";
    .port_info 2 /OUTPUT 5 "result";
P_00000193698596e0 .param/l "RESULT_W" 0 11 39, +C4<00000000000000000000000000000101>;
P_0000019369859718 .param/l "VEC_WIDTH" 0 11 38, +C4<00000000000000000000000000010000>;
L_0000019369a44130 .functor AND 16, L_00000193699f7030, L_00000193699f73f0, C4<1111111111111111>, C4<1111111111111111>;
v00000193699d6fc0_0 .net "activation", 15 0, L_00000193699f7030;  1 drivers
v00000193699d7e20_0 .net "bitwise_and", 15 0, L_0000019369a44130;  1 drivers
v00000193699d7880_0 .net "result", 4 0, v00000193699d7ba0_0;  alias, 1 drivers
v00000193699d7ce0_0 .net "weight", 15 0, L_00000193699f73f0;  1 drivers
S_00000193699dd160 .scope module, "u_popcount" "popcount" 11 57, 12 33 0, S_00000193699dc990;
 .timescale 0 0;
    .port_info 0 /INPUT 16 "data_in";
    .port_info 1 /OUTPUT 5 "count";
P_00000193698598e0 .param/l "OUT_W" 0 12 35, +C4<00000000000000000000000000000101>;
P_0000019369859918 .param/l "WIDTH" 0 12 34, +C4<00000000000000000000000000010000>;
v00000193699d7ba0_0 .var "count", 4 0;
v00000193699d6840_0 .net "data_in", 15 0, L_0000019369a44130;  alias, 1 drivers
E_0000019369942220 .event anyedge, v00000193699d6840_0;
S_00000193699dce40 .scope begin, "$ivl_for_loop0" "$ivl_for_loop0" 12 61, 12 61 0, S_00000193699dd160;
 .timescale 0 0;
v00000193699d6c00_0 .var/2s "i", 31 0;
S_00000193699dc350 .scope generate, "gen_pe[8]" "gen_pe[8]" 10 73, 10 73 0, S_00000193699cb740;
 .timescale 0 0;
P_0000019369941de0 .param/l "g" 1 10 73, +C4<01000>;
S_00000193699dd2f0 .scope module, "u_pe" "unipolar_pe" 10 77, 11 37 0, S_00000193699dc350;
 .timescale 0 0;
    .port_info 0 /INPUT 16 "activation";
    .port_info 1 /INPUT 16 "weight";
    .port_info 2 /OUTPUT 5 "result";
P_0000019369859960 .param/l "RESULT_W" 0 11 39, +C4<00000000000000000000000000000101>;
P_0000019369859998 .param/l "VEC_WIDTH" 0 11 38, +C4<00000000000000000000000000010000>;
L_0000019369a44520 .functor AND 16, L_00000193699f7490, L_00000193699f8ed0, C4<1111111111111111>, C4<1111111111111111>;
v00000193699d8780_0 .net "activation", 15 0, L_00000193699f7490;  1 drivers
v00000193699d7920_0 .net "bitwise_and", 15 0, L_0000019369a44520;  1 drivers
v00000193699d7740_0 .net "result", 4 0, v00000193699d6ca0_0;  alias, 1 drivers
v00000193699d7420_0 .net "weight", 15 0, L_00000193699f8ed0;  1 drivers
S_00000193699dd610 .scope module, "u_popcount" "popcount" 11 57, 12 33 0, S_00000193699dd2f0;
 .timescale 0 0;
    .port_info 0 /INPUT 16 "data_in";
    .port_info 1 /OUTPUT 5 "count";
P_000001936985a1e0 .param/l "OUT_W" 0 12 35, +C4<00000000000000000000000000000101>;
P_000001936985a218 .param/l "WIDTH" 0 12 34, +C4<00000000000000000000000000010000>;
v00000193699d6ca0_0 .var "count", 4 0;
v00000193699d7240_0 .net "data_in", 15 0, L_0000019369a44520;  alias, 1 drivers
E_0000019369941d60 .event anyedge, v00000193699d7240_0;
S_00000193699dee50 .scope begin, "$ivl_for_loop0" "$ivl_for_loop0" 12 61, 12 61 0, S_00000193699dd610;
 .timescale 0 0;
v00000193699d68e0_0 .var/2s "i", 31 0;
S_00000193699defe0 .scope generate, "gen_pe[9]" "gen_pe[9]" 10 73, 10 73 0, S_00000193699cb740;
 .timescale 0 0;
P_0000019369942260 .param/l "g" 1 10 73, +C4<01001>;
S_00000193699de1d0 .scope module, "u_pe" "unipolar_pe" 10 77, 11 37 0, S_00000193699defe0;
 .timescale 0 0;
    .port_info 0 /INPUT 16 "activation";
    .port_info 1 /INPUT 16 "weight";
    .port_info 2 /OUTPUT 5 "result";
P_00000193698599e0 .param/l "RESULT_W" 0 11 39, +C4<00000000000000000000000000000101>;
P_0000019369859a18 .param/l "VEC_WIDTH" 0 11 38, +C4<00000000000000000000000000010000>;
L_0000019369a452b0 .functor AND 16, L_00000193699f7670, L_00000193699f8570, C4<1111111111111111>, C4<1111111111111111>;
v00000193699d72e0_0 .net "activation", 15 0, L_00000193699f7670;  1 drivers
v00000193699d6020_0 .net "bitwise_and", 15 0, L_0000019369a452b0;  1 drivers
v00000193699d7380_0 .net "result", 4 0, v00000193699d77e0_0;  alias, 1 drivers
v00000193699d7b00_0 .net "weight", 15 0, L_00000193699f8570;  1 drivers
S_00000193699df940 .scope module, "u_popcount" "popcount" 11 57, 12 33 0, S_00000193699de1d0;
 .timescale 0 0;
    .port_info 0 /INPUT 16 "data_in";
    .port_info 1 /OUTPUT 5 "count";
P_0000019369859e60 .param/l "OUT_W" 0 12 35, +C4<00000000000000000000000000000101>;
P_0000019369859e98 .param/l "WIDTH" 0 12 34, +C4<00000000000000000000000000010000>;
v00000193699d77e0_0 .var "count", 4 0;
v00000193699d7600_0 .net "data_in", 15 0, L_0000019369a452b0;  alias, 1 drivers
E_0000019369941b20 .event anyedge, v00000193699d7600_0;
S_00000193699df170 .scope begin, "$ivl_for_loop0" "$ivl_for_loop0" 12 61, 12 61 0, S_00000193699df940;
 .timescale 0 0;
v00000193699d7a60_0 .var/2s "i", 31 0;
S_00000193699df490 .scope generate, "gen_pe[10]" "gen_pe[10]" 10 73, 10 73 0, S_00000193699cb740;
 .timescale 0 0;
P_0000019369941e20 .param/l "g" 1 10 73, +C4<01010>;
S_00000193699df7b0 .scope module, "u_pe" "unipolar_pe" 10 77, 11 37 0, S_00000193699df490;
 .timescale 0 0;
    .port_info 0 /INPUT 16 "activation";
    .port_info 1 /INPUT 16 "weight";
    .port_info 2 /OUTPUT 5 "result";
P_0000019369859be0 .param/l "RESULT_W" 0 11 39, +C4<00000000000000000000000000000101>;
P_0000019369859c18 .param/l "VEC_WIDTH" 0 11 38, +C4<00000000000000000000000000010000>;
L_0000019369a44600 .functor AND 16, L_00000193699f8250, L_00000193699f7530, C4<1111111111111111>, C4<1111111111111111>;
v00000193699d6200_0 .net "activation", 15 0, L_00000193699f8250;  1 drivers
v00000193699d6b60_0 .net "bitwise_and", 15 0, L_0000019369a44600;  1 drivers
v00000193699d6d40_0 .net "result", 4 0, v00000193699d67a0_0;  alias, 1 drivers
v00000193699d9ea0_0 .net "weight", 15 0, L_00000193699f7530;  1 drivers
S_00000193699de680 .scope module, "u_popcount" "popcount" 11 57, 12 33 0, S_00000193699df7b0;
 .timescale 0 0;
    .port_info 0 /INPUT 16 "data_in";
    .port_info 1 /OUTPUT 5 "count";
P_000001936985a260 .param/l "OUT_W" 0 12 35, +C4<00000000000000000000000000000101>;
P_000001936985a298 .param/l "WIDTH" 0 12 34, +C4<00000000000000000000000000010000>;
v00000193699d67a0_0 .var "count", 4 0;
v00000193699d60c0_0 .net "data_in", 15 0, L_0000019369a44600;  alias, 1 drivers
E_0000019369941ee0 .event anyedge, v00000193699d60c0_0;
S_00000193699de810 .scope begin, "$ivl_for_loop0" "$ivl_for_loop0" 12 61, 12 61 0, S_00000193699de680;
 .timescale 0 0;
v00000193699d7c40_0 .var/2s "i", 31 0;
S_00000193699df300 .scope generate, "gen_pe[11]" "gen_pe[11]" 10 73, 10 73 0, S_00000193699cb740;
 .timescale 0 0;
P_0000019369941fa0 .param/l "g" 1 10 73, +C4<01011>;
S_00000193699dfad0 .scope module, "u_pe" "unipolar_pe" 10 77, 11 37 0, S_00000193699df300;
 .timescale 0 0;
    .port_info 0 /INPUT 16 "activation";
    .port_info 1 /INPUT 16 "weight";
    .port_info 2 /OUTPUT 5 "result";
P_0000019369859c60 .param/l "RESULT_W" 0 11 39, +C4<00000000000000000000000000000101>;
P_0000019369859c98 .param/l "VEC_WIDTH" 0 11 38, +C4<00000000000000000000000000010000>;
L_0000019369a44fa0 .functor AND 16, L_00000193699fb810, L_00000193699f9e70, C4<1111111111111111>, C4<1111111111111111>;
v00000193699d8be0_0 .net "activation", 15 0, L_00000193699fb810;  1 drivers
v00000193699d90e0_0 .net "bitwise_and", 15 0, L_0000019369a44fa0;  1 drivers
v00000193699d8e60_0 .net "result", 4 0, v00000193699d8aa0_0;  alias, 1 drivers
v00000193699d97c0_0 .net "weight", 15 0, L_00000193699f9e70;  1 drivers
S_00000193699de9a0 .scope module, "u_popcount" "popcount" 11 57, 12 33 0, S_00000193699dfad0;
 .timescale 0 0;
    .port_info 0 /INPUT 16 "data_in";
    .port_info 1 /OUTPUT 5 "count";
P_0000019369859f60 .param/l "OUT_W" 0 12 35, +C4<00000000000000000000000000000101>;
P_0000019369859f98 .param/l "WIDTH" 0 12 34, +C4<00000000000000000000000000010000>;
v00000193699d8aa0_0 .var "count", 4 0;
v00000193699d8b40_0 .net "data_in", 15 0, L_0000019369a44fa0;  alias, 1 drivers
E_00000193699418a0 .event anyedge, v00000193699d8b40_0;
S_00000193699df620 .scope begin, "$ivl_for_loop0" "$ivl_for_loop0" 12 61, 12 61 0, S_00000193699de9a0;
 .timescale 0 0;
v00000193699d9d60_0 .var/2s "i", 31 0;
S_00000193699deb30 .scope generate, "gen_pe[12]" "gen_pe[12]" 10 73, 10 73 0, S_00000193699cb740;
 .timescale 0 0;
P_0000019369941fe0 .param/l "g" 1 10 73, +C4<01100>;
S_00000193699de4f0 .scope module, "u_pe" "unipolar_pe" 10 77, 11 37 0, S_00000193699deb30;
 .timescale 0 0;
    .port_info 0 /INPUT 16 "activation";
    .port_info 1 /INPUT 16 "weight";
    .port_info 2 /OUTPUT 5 "result";
P_0000019369859ce0 .param/l "RESULT_W" 0 11 39, +C4<00000000000000000000000000000101>;
P_0000019369859d18 .param/l "VEC_WIDTH" 0 11 38, +C4<00000000000000000000000000010000>;
L_0000019369a44ec0 .functor AND 16, L_00000193699f9290, L_00000193699f91f0, C4<1111111111111111>, C4<1111111111111111>;
v00000193699d9360_0 .net "activation", 15 0, L_00000193699f9290;  1 drivers
v00000193699d9cc0_0 .net "bitwise_and", 15 0, L_0000019369a44ec0;  1 drivers
v00000193699d9400_0 .net "result", 4 0, v00000193699d9b80_0;  alias, 1 drivers
v00000193699d8c80_0 .net "weight", 15 0, L_00000193699f91f0;  1 drivers
S_00000193699dfc60 .scope module, "u_popcount" "popcount" 11 57, 12 33 0, S_00000193699de4f0;
 .timescale 0 0;
    .port_info 0 /INPUT 16 "data_in";
    .port_info 1 /OUTPUT 5 "count";
P_0000019369859fe0 .param/l "OUT_W" 0 12 35, +C4<00000000000000000000000000000101>;
P_000001936985a018 .param/l "WIDTH" 0 12 34, +C4<00000000000000000000000000010000>;
v00000193699d9b80_0 .var "count", 4 0;
v00000193699d9180_0 .net "data_in", 15 0, L_0000019369a44ec0;  alias, 1 drivers
E_00000193699422e0 .event anyedge, v00000193699d9180_0;
S_00000193699decc0 .scope begin, "$ivl_for_loop0" "$ivl_for_loop0" 12 61, 12 61 0, S_00000193699dfc60;
 .timescale 0 0;
v00000193699d9ae0_0 .var/2s "i", 31 0;
S_00000193699dfdf0 .scope generate, "gen_pe[13]" "gen_pe[13]" 10 73, 10 73 0, S_00000193699cb740;
 .timescale 0 0;
P_00000193699423a0 .param/l "g" 1 10 73, +C4<01101>;
S_00000193699de040 .scope module, "u_pe" "unipolar_pe" 10 77, 11 37 0, S_00000193699dfdf0;
 .timescale 0 0;
    .port_info 0 /INPUT 16 "activation";
    .port_info 1 /INPUT 16 "weight";
    .port_info 2 /OUTPUT 5 "result";
P_000001936985a360 .param/l "RESULT_W" 0 11 39, +C4<00000000000000000000000000000101>;
P_000001936985a398 .param/l "VEC_WIDTH" 0 11 38, +C4<00000000000000000000000000010000>;
L_0000019369a446e0 .functor AND 16, L_00000193699faaf0, L_00000193699fa690, C4<1111111111111111>, C4<1111111111111111>;
v00000193699d8dc0_0 .net "activation", 15 0, L_00000193699faaf0;  1 drivers
v00000193699d9e00_0 .net "bitwise_and", 15 0, L_0000019369a446e0;  1 drivers
v00000193699d8f00_0 .net "result", 4 0, v00000193699d8960_0;  alias, 1 drivers
v00000193699d8fa0_0 .net "weight", 15 0, L_00000193699fa690;  1 drivers
S_00000193699de360 .scope module, "u_popcount" "popcount" 11 57, 12 33 0, S_00000193699de040;
 .timescale 0 0;
    .port_info 0 /INPUT 16 "data_in";
    .port_info 1 /OUTPUT 5 "count";
P_00000193699e21e0 .param/l "OUT_W" 0 12 35, +C4<00000000000000000000000000000101>;
P_00000193699e2218 .param/l "WIDTH" 0 12 34, +C4<00000000000000000000000000010000>;
v00000193699d8960_0 .var "count", 4 0;
v00000193699d9a40_0 .net "data_in", 15 0, L_0000019369a446e0;  alias, 1 drivers
E_0000019369943120 .event anyedge, v00000193699d9a40_0;
S_00000193699e4b50 .scope begin, "$ivl_for_loop0" "$ivl_for_loop0" 12 61, 12 61 0, S_00000193699de360;
 .timescale 0 0;
v00000193699d8d20_0 .var/2s "i", 31 0;
S_00000193699e5e10 .scope generate, "gen_pe[14]" "gen_pe[14]" 10 73, 10 73 0, S_00000193699cb740;
 .timescale 0 0;
P_00000193699430a0 .param/l "g" 1 10 73, +C4<01110>;
S_00000193699e5320 .scope module, "u_pe" "unipolar_pe" 10 77, 11 37 0, S_00000193699e5e10;
 .timescale 0 0;
    .port_info 0 /INPUT 16 "activation";
    .port_info 1 /INPUT 16 "weight";
    .port_info 2 /OUTPUT 5 "result";
P_00000193699e2660 .param/l "RESULT_W" 0 11 39, +C4<00000000000000000000000000000101>;
P_00000193699e2698 .param/l "VEC_WIDTH" 0 11 38, +C4<00000000000000000000000000010000>;
L_0000019369a45400 .functor AND 16, L_00000193699f9470, L_00000193699f98d0, C4<1111111111111111>, C4<1111111111111111>;
v00000193699d9c20_0 .net "activation", 15 0, L_00000193699f9470;  1 drivers
v00000193699d8820_0 .net "bitwise_and", 15 0, L_0000019369a45400;  1 drivers
v00000193699d9040_0 .net "result", 4 0, v00000193699d9220_0;  alias, 1 drivers
v00000193699d9860_0 .net "weight", 15 0, L_00000193699f98d0;  1 drivers
S_00000193699e4ce0 .scope module, "u_popcount" "popcount" 11 57, 12 33 0, S_00000193699e5320;
 .timescale 0 0;
    .port_info 0 /INPUT 16 "data_in";
    .port_info 1 /OUTPUT 5 "count";
P_00000193699e28e0 .param/l "OUT_W" 0 12 35, +C4<00000000000000000000000000000101>;
P_00000193699e2918 .param/l "WIDTH" 0 12 34, +C4<00000000000000000000000000010000>;
v00000193699d9220_0 .var "count", 4 0;
v00000193699d8a00_0 .net "data_in", 15 0, L_0000019369a45400;  alias, 1 drivers
E_00000193699427a0 .event anyedge, v00000193699d8a00_0;
S_00000193699e57d0 .scope begin, "$ivl_for_loop0" "$ivl_for_loop0" 12 61, 12 61 0, S_00000193699e4ce0;
 .timescale 0 0;
v00000193699d94a0_0 .var/2s "i", 31 0;
S_00000193699e4e70 .scope generate, "gen_pe[15]" "gen_pe[15]" 10 73, 10 73 0, S_00000193699cb740;
 .timescale 0 0;
P_00000193699426e0 .param/l "g" 1 10 73, +C4<01111>;
S_00000193699e4830 .scope module, "u_pe" "unipolar_pe" 10 77, 11 37 0, S_00000193699e4e70;
 .timescale 0 0;
    .port_info 0 /INPUT 16 "activation";
    .port_info 1 /INPUT 16 "weight";
    .port_info 2 /OUTPUT 5 "result";
P_00000193699e3060 .param/l "RESULT_W" 0 11 39, +C4<00000000000000000000000000000101>;
P_00000193699e3098 .param/l "VEC_WIDTH" 0 11 38, +C4<00000000000000000000000000010000>;
L_0000019369a45470 .functor AND 16, L_00000193699f9b50, L_00000193699faeb0, C4<1111111111111111>, C4<1111111111111111>;
v00000193699d9680_0 .net "activation", 15 0, L_00000193699f9b50;  1 drivers
v00000193699d9900_0 .net "bitwise_and", 15 0, L_0000019369a45470;  1 drivers
v00000193699d92c0_0 .net "result", 4 0, v00000193699d99a0_0;  alias, 1 drivers
v00000193699d88c0_0 .net "weight", 15 0, L_00000193699faeb0;  1 drivers
S_00000193699e5000 .scope module, "u_popcount" "popcount" 11 57, 12 33 0, S_00000193699e4830;
 .timescale 0 0;
    .port_info 0 /INPUT 16 "data_in";
    .port_info 1 /OUTPUT 5 "count";
P_00000193699e3360 .param/l "OUT_W" 0 12 35, +C4<00000000000000000000000000000101>;
P_00000193699e3398 .param/l "WIDTH" 0 12 34, +C4<00000000000000000000000000010000>;
v00000193699d99a0_0 .var "count", 4 0;
v00000193699d95e0_0 .net "data_in", 15 0, L_0000019369a45470;  alias, 1 drivers
E_0000019369942be0 .event anyedge, v00000193699d95e0_0;
S_00000193699e4060 .scope begin, "$ivl_for_loop0" "$ivl_for_loop0" 12 61, 12 61 0, S_00000193699e5000;
 .timescale 0 0;
v00000193699d9540_0 .var/2s "i", 31 0;
S_00000193699e4380 .scope generate, "gen_pe_reg[0]" "gen_pe_reg[0]" 10 105, 10 105 0, S_00000193699cb740;
 .timescale 0 0;
P_0000019369942e60 .param/l "g" 1 10 105, +C4<00>;
S_00000193699e5190 .scope generate, "gen_pe_reg[1]" "gen_pe_reg[1]" 10 105, 10 105 0, S_00000193699cb740;
 .timescale 0 0;
P_00000193699430e0 .param/l "g" 1 10 105, +C4<01>;
S_00000193699e5af0 .scope generate, "gen_pe_reg[2]" "gen_pe_reg[2]" 10 105, 10 105 0, S_00000193699cb740;
 .timescale 0 0;
P_0000019369942da0 .param/l "g" 1 10 105, +C4<010>;
S_00000193699e49c0 .scope generate, "gen_pe_reg[3]" "gen_pe_reg[3]" 10 105, 10 105 0, S_00000193699cb740;
 .timescale 0 0;
P_0000019369943060 .param/l "g" 1 10 105, +C4<011>;
S_00000193699e54b0 .scope generate, "gen_pe_reg[4]" "gen_pe_reg[4]" 10 105, 10 105 0, S_00000193699cb740;
 .timescale 0 0;
P_0000019369942560 .param/l "g" 1 10 105, +C4<0100>;
S_00000193699e4510 .scope generate, "gen_pe_reg[5]" "gen_pe_reg[5]" 10 105, 10 105 0, S_00000193699cb740;
 .timescale 0 0;
P_0000019369942a20 .param/l "g" 1 10 105, +C4<0101>;
S_00000193699e5640 .scope generate, "gen_pe_reg[6]" "gen_pe_reg[6]" 10 105, 10 105 0, S_00000193699cb740;
 .timescale 0 0;
P_0000019369942aa0 .param/l "g" 1 10 105, +C4<0110>;
S_00000193699e41f0 .scope generate, "gen_pe_reg[7]" "gen_pe_reg[7]" 10 105, 10 105 0, S_00000193699cb740;
 .timescale 0 0;
P_0000019369943160 .param/l "g" 1 10 105, +C4<0111>;
S_00000193699e5c80 .scope generate, "gen_pe_reg[8]" "gen_pe_reg[8]" 10 105, 10 105 0, S_00000193699cb740;
 .timescale 0 0;
P_0000019369942fa0 .param/l "g" 1 10 105, +C4<01000>;
S_00000193699e46a0 .scope generate, "gen_pe_reg[9]" "gen_pe_reg[9]" 10 105, 10 105 0, S_00000193699cb740;
 .timescale 0 0;
P_0000019369943220 .param/l "g" 1 10 105, +C4<01001>;
S_00000193699e5960 .scope generate, "gen_pe_reg[10]" "gen_pe_reg[10]" 10 105, 10 105 0, S_00000193699cb740;
 .timescale 0 0;
P_0000019369942fe0 .param/l "g" 1 10 105, +C4<01010>;
S_00000193699e7c90 .scope generate, "gen_pe_reg[11]" "gen_pe_reg[11]" 10 105, 10 105 0, S_00000193699cb740;
 .timescale 0 0;
P_0000019369942460 .param/l "g" 1 10 105, +C4<01011>;
S_00000193699e77e0 .scope generate, "gen_pe_reg[12]" "gen_pe_reg[12]" 10 105, 10 105 0, S_00000193699cb740;
 .timescale 0 0;
P_0000019369942ca0 .param/l "g" 1 10 105, +C4<01100>;
S_00000193699e6840 .scope generate, "gen_pe_reg[13]" "gen_pe_reg[13]" 10 105, 10 105 0, S_00000193699cb740;
 .timescale 0 0;
P_00000193699429e0 .param/l "g" 1 10 105, +C4<01101>;
S_00000193699e66b0 .scope generate, "gen_pe_reg[14]" "gen_pe_reg[14]" 10 105, 10 105 0, S_00000193699cb740;
 .timescale 0 0;
P_0000019369942f20 .param/l "g" 1 10 105, +C4<01110>;
S_00000193699e7970 .scope generate, "gen_pe_reg[15]" "gen_pe_reg[15]" 10 105, 10 105 0, S_00000193699cb740;
 .timescale 0 0;
P_0000019369942a60 .param/l "g" 1 10 105, +C4<01111>;
S_00000193699e7b00 .scope module, "u_threshold" "threshold_unit" 4 130, 13 28 0, S_00000193697edc70;
 .timescale 0 0;
    .port_info 0 /INPUT 9 "accum_in";
    .port_info 1 /INPUT 9 "threshold";
    .port_info 2 /INPUT 1 "valid_in";
    .port_info 3 /OUTPUT 1 "keyword_detected";
P_00000193699420a0 .param/l "ACCUM_W" 0 13 29, +C4<00000000000000000000000000001001>;
L_0000019369a48380 .functor AND 1, v00000193699d3a20_0, L_00000193699f9dd0, C4<1>, C4<1>;
v00000193699eabb0_0 .net *"_ivl_0", 0 0, L_00000193699f9dd0;  1 drivers
v00000193699ea9d0_0 .net "accum_in", 8 0, v00000193699d2940_0;  alias, 1 drivers
v00000193699eb6f0_0 .net "keyword_detected", 0 0, L_0000019369a48380;  alias, 1 drivers
v00000193699eb150_0 .net "threshold", 8 0, v00000193699e8090_0;  alias, 1 drivers
v00000193699eb3d0_0 .net "valid_in", 0 0, v00000193699d3a20_0;  alias, 1 drivers
L_00000193699f9dd0 .cmp/ge 9, v00000193699d2940_0, v00000193699e8090_0;
S_00000193699e6200 .scope autofunction.vec2.u32, "golden_sum" "golden_sum" 3 77, 3 77 0, S_000001936996e4d0;
 .timescale -9 -12;
v00000193699e88b0_0 .var "acts_flat", 255 0;
; Variable golden_sum is bool return value of scope S_00000193699e6200
v00000193699ea070_0 .var/2s "s", 31 0;
v00000193699e8db0_0 .var "weight", 15 0;
TD_tb_top.golden_sum ;
    %pushi/vec4 0, 0, 32;
    %store/vec4 v00000193699ea070_0, 0, 32;
    %fork t_3, S_00000193699e7e20;
    %jmp t_2;
    .scope S_00000193699e7e20;
t_3 ;
    %pushi/vec4 0, 0, 32;
    %store/vec4 v00000193699eb0b0_0, 0, 32;
T_2.5 ; Top of for-loop
    %load/vec4 v00000193699eb0b0_0;
    %cmpi/s 16, 0, 32;
	  %jmp/0xz T_2.6, 5;
    %fork t_5, S_00000193699e6390;
    %jmp t_4;
    .scope S_00000193699e6390;
t_5 ;
    %load/vec4 v00000193699e88b0_0;
    %load/vec4 v00000193699eb0b0_0;
    %muli 16, 0, 32;
    %part/s 16;
    %store/vec4 v00000193699eaf70_0, 0, 16;
    %load/vec4 v00000193699eaf70_0;
    %or/r;
    %flag_set/vec4 8;
    %jmp/0xz  T_2.8, 8;
    ; show_stmt_assign_vector: Get l-value for compressed += operand
    %load/vec4 v00000193699ea070_0;
    %alloc S_00000193699e7010;
    %load/vec4 v00000193699eaf70_0;
    %load/vec4 v00000193699e8db0_0;
    %and;
    %store/vec4 v00000193699e8e50_0, 0, 16;
    %callf/vec4 TD_tb_top.gpc, S_00000193699e7010;
    %free S_00000193699e7010;
    %add;
    %cast2;
    %store/vec4 v00000193699ea070_0, 0, 32;
T_2.8 ;
    %end;
    .scope S_00000193699e7e20;
t_4 %join;
T_2.7 ; for-loop step statement
    ; show_stmt_assign_vector: Get l-value for compressed += operand
    %load/vec4 v00000193699eb0b0_0;
    %pushi/vec4 1, 0, 32;
    %add;
    %cast2;
    %store/vec4 v00000193699eb0b0_0, 0, 32;
    %jmp T_2.5;
T_2.6 ; for-loop exit label
    %end;
    .scope S_00000193699e6200;
t_2 %join;
    %load/vec4 v00000193699ea070_0;
    %ret/vec4 0, 0, 32;  Assign to golden_sum (store_vec4_to_lval)
    %disable/flow S_00000193699e6200;
    %end;
S_00000193699e7e20 .scope autobegin, "$ivl_for_loop3" "$ivl_for_loop3" 3 82, 3 82 0, S_00000193699e6200;
 .timescale -9 -12;
v00000193699eb0b0_0 .var/2s "i", 31 0;
S_00000193699e6390 .scope autobegin, "$unm_blk_25" "$unm_blk_25" 3 82, 3 82 0, S_00000193699e7e20;
 .timescale -9 -12;
v00000193699eaf70_0 .var "a", 15 0;
S_00000193699e7010 .scope autofunction.vec2.u32, "gpc" "gpc" 3 69, 3 69 0, S_000001936996e4d0;
 .timescale -9 -12;
v00000193699ea750_0 .var/2s "c", 31 0;
; Variable gpc is bool return value of scope S_00000193699e7010
v00000193699e8e50_0 .var "v", 15 0;
TD_tb_top.gpc ;
    %pushi/vec4 0, 0, 32;
    %store/vec4 v00000193699ea750_0, 0, 32;
    %fork t_7, S_00000193699e6520;
    %jmp t_6;
    .scope S_00000193699e6520;
t_7 ;
    %pushi/vec4 0, 0, 32;
    %store/vec4 v00000193699e8950_0, 0, 32;
T_3.10 ; Top of for-loop
    %load/vec4 v00000193699e8950_0;
    %cmpi/s 16, 0, 32;
	  %jmp/0xz T_3.11, 5;
    ; show_stmt_assign_vector: Get l-value for compressed += operand
    %load/vec4 v00000193699ea750_0;
    %load/vec4 v00000193699e8e50_0;
    %load/vec4 v00000193699e8950_0;
    %part/s 1;
    %pad/u 32;
    %cast2;
    %add;
    %cast2;
    %store/vec4 v00000193699ea750_0, 0, 32;
T_3.12 ; for-loop step statement
    ; show_stmt_assign_vector: Get l-value for compressed += operand
    %load/vec4 v00000193699e8950_0;
    %pushi/vec4 1, 0, 32;
    %add;
    %cast2;
    %store/vec4 v00000193699e8950_0, 0, 32;
    %jmp T_3.10;
T_3.11 ; for-loop exit label
    %end;
    .scope S_00000193699e7010;
t_6 %join;
    %load/vec4 v00000193699ea750_0;
    %ret/vec4 0, 0, 32;  Assign to gpc (store_vec4_to_lval)
    %disable/flow S_00000193699e7010;
    %end;
S_00000193699e6520 .scope autobegin, "$ivl_for_loop2" "$ivl_for_loop2" 3 71, 3 71 0, S_00000193699e7010;
 .timescale -9 -12;
v00000193699e8950_0 .var/2s "b", 31 0;
S_00000193699e6070 .scope task, "run_test" "run_test" 3 116, 3 116 0, S_000001936996e4d0;
 .timescale -9 -12;
v00000193699e8a90_0 .var "acts_flat", 255 0;
v00000193699ea390_0 .var "cap_ded", 0 0;
v00000193699e8130_0 .var "cap_kw", 0 0;
v00000193699e9c10_0 .var "cap_pe_active", 15 0;
v00000193699e8b30_0 .var "cap_sec", 0 0;
v00000193699e9a30_0 .var "cap_sum", 8 0;
v00000193699e92b0_0 .var/2u "exp_kw", 0 0;
v00000193699ea1b0_0 .var/2s "exp_sum", 31 0;
v00000193699e95d0_0 .var/2s "fb1", 31 0;
v00000193699ea2f0_0 .var/2s "fb2", 31 0;
v00000193699e8ef0_0 .var "flat_w", 255 0;
v00000193699ea430_0 .var "fmask", 21 0;
v00000193699e9ad0_0 .var/2u "inj", 0 0;
v00000193699ea4d0_0 .var/2u "pass", 0 0;
v00000193699e8bd0_0 .var "thr", 8 0;
v00000193699ea250_0 .var/str "tname";
v00000193699e8c70_0 .var "weight", 15 0;
TD_tb_top.run_test ;
    %pushi/vec4 0, 0, 1;
    %store/vec4 v00000193699e9b70_0, 0, 1;
    %pushi/vec4 0, 0, 256;
    %store/vec4 v00000193699e8d10_0, 0, 256;
    %pushi/vec4 0, 0, 256;
    %store/vec4 v00000193699e8f90_0, 0, 256;
    %wait E_000001936993d3a0;
    %delay 1000, 0;
    %wait E_000001936993d3a0;
    %delay 1000, 0;
    %pushi/vec4 1, 0, 1;
    %store/vec4 v00000193699e9b70_0, 0, 1;
    %wait E_000001936993d3a0;
    %delay 1000, 0;
    %pushi/vec4 0, 0, 256;
    %store/vec4 v00000193699e8ef0_0, 0, 256;
    %fork t_9, S_00000193699e7650;
    %jmp t_8;
    .scope S_00000193699e7650;
t_9 ;
    %pushi/vec4 0, 0, 32;
    %store/vec4 v00000193699e97b0_0, 0, 32;
T_4.13 ; Top of for-loop
    %load/vec4 v00000193699e97b0_0;
    %cmpi/s 16, 0, 32;
	  %jmp/0xz T_4.14, 5;
    %load/vec4 v00000193699e8c70_0;
    %load/vec4 v00000193699e97b0_0;
    %muli 16, 0, 32;
    %ix/vec4/s 4;
    %store/vec4 v00000193699e8ef0_0, 4, 16;
T_4.15 ; for-loop step statement
    ; show_stmt_assign_vector: Get l-value for compressed += operand
    %load/vec4 v00000193699e97b0_0;
    %pushi/vec4 1, 0, 32;
    %add;
    %cast2;
    %store/vec4 v00000193699e97b0_0, 0, 32;
    %jmp T_4.13;
T_4.14 ; for-loop exit label
    %end;
    .scope S_00000193699e6070;
t_8 %join;
    %wait E_000001936993d3a0;
    %delay 1000, 0;
    %pushi/vec4 1, 0, 1;
    %store/vec4 v00000193699e8590_0, 0, 1;
    %pushi/vec4 0, 0, 4;
    %store/vec4 v00000193699e83b0_0, 0, 4;
    %load/vec4 v00000193699e8c70_0;
    %store/vec4 v00000193699e8450_0, 0, 16;
    %wait E_000001936993d3a0;
    %delay 1000, 0;
    %pushi/vec4 0, 0, 1;
    %store/vec4 v00000193699e8590_0, 0, 1;
    %pushi/vec4 0, 0, 4;
    %store/vec4 v00000193699e81d0_0, 0, 4;
    %load/vec4 v00000193699e8a90_0;
    %store/vec4 v00000193699e8d10_0, 0, 256;
    %load/vec4 v00000193699e8ef0_0;
    %store/vec4 v00000193699e8f90_0, 0, 256;
    %load/vec4 v00000193699e8bd0_0;
    %store/vec4 v00000193699e8090_0, 0, 9;
    %pushi/vec4 0, 0, 22;
    %store/vec4 v00000193699ea430_0, 0, 22;
    %load/vec4 v00000193699e9ad0_0;
    %flag_set/vec4 8;
    %jmp/0xz  T_4.16, 8;
    %load/vec4 v00000193699e95d0_0;
    %cmpi/s 0, 0, 32;
    %flag_inv 5; GE is !LT
    %flag_get/vec4 5;
    %jmp/0 T_4.20, 5;
    %load/vec4 v00000193699e95d0_0;
    %cmpi/s 21, 0, 32;
    %flag_get/vec4 4;
    %flag_get/vec4 5;
    %or;
    %and;
T_4.20;
    %flag_set/vec4 8;
    %jmp/0xz  T_4.18, 8;
    %pushi/vec4 1, 0, 1;
    %ix/getv/s 4, v00000193699e95d0_0;
    %store/vec4 v00000193699ea430_0, 4, 1;
T_4.18 ;
    %load/vec4 v00000193699ea2f0_0;
    %cmpi/s 0, 0, 32;
    %flag_inv 5; GE is !LT
    %flag_get/vec4 5;
    %jmp/0 T_4.23, 5;
    %load/vec4 v00000193699ea2f0_0;
    %cmpi/s 21, 0, 32;
    %flag_get/vec4 4;
    %flag_get/vec4 5;
    %or;
    %and;
T_4.23;
    %flag_set/vec4 8;
    %jmp/0xz  T_4.21, 8;
    %pushi/vec4 1, 0, 1;
    %ix/getv/s 4, v00000193699ea2f0_0;
    %store/vec4 v00000193699ea430_0, 4, 1;
T_4.21 ;
    %pushi/vec4 1, 0, 1;
    %store/vec4 v00000193699e8810_0, 0, 1;
    %load/vec4 v00000193699ea430_0;
    %store/vec4 v00000193699e9d50_0, 0, 22;
    %jmp T_4.17;
T_4.16 ;
    %pushi/vec4 0, 0, 1;
    %store/vec4 v00000193699e8810_0, 0, 1;
    %pushi/vec4 0, 0, 22;
    %store/vec4 v00000193699e9d50_0, 0, 22;
T_4.17 ;
    %wait E_000001936993d3a0;
    %delay 1000, 0;
    %load/vec4 v00000193699e90d0_0;
    %store/vec4 v00000193699e9c10_0, 0, 16;
    %load/vec4 v00000193699e9350_0;
    %store/vec4 v00000193699e8b30_0, 0, 1;
    %load/vec4 v00000193699e9030_0;
    %store/vec4 v00000193699ea390_0, 0, 1;
    %pushi/vec4 1, 0, 1;
    %store/vec4 v00000193699ea570_0, 0, 1;
    %wait E_000001936993d3a0;
    %delay 1000, 0;
    %pushi/vec4 0, 0, 1;
    %store/vec4 v00000193699ea570_0, 0, 1;
    %delay 1000, 0;
    %load/vec4 v00000193699e8270_0;
    %store/vec4 v00000193699e9a30_0, 0, 9;
    %load/vec4 v00000193699e84f0_0;
    %store/vec4 v00000193699e8130_0, 0, 1;
    %wait E_000001936993d3a0;
    %delay 1000, 0;
    %pushi/vec4 0, 0, 1;
    %store/vec4 v00000193699e8810_0, 0, 1;
    %pushi/vec4 0, 0, 22;
    %store/vec4 v00000193699e9d50_0, 0, 22;
    %wait E_000001936993d3a0;
    %delay 1000, 0;
    ; show_stmt_assign_vector: Get l-value for compressed += operand
    %load/vec4 v00000193699e8310_0;
    %pushi/vec4 1, 0, 32;
    %add;
    %cast2;
    %store/vec4 v00000193699e8310_0, 0, 32;
    %pushi/vec4 1, 0, 1;
    %store/vec4 v00000193699ea4d0_0, 0, 1;
    %load/vec4 v00000193699e9ad0_0;
    %flag_set/vec4 9;
    %flag_get/vec4 9;
    %jmp/0 T_4.26, 9;
    %pushi/vec4 0, 0, 32;
    %load/vec4 v00000193699ea2f0_0;
    %cmp/s;
    %flag_get/vec4 4;
    %flag_get/vec4 5;
    %or;
    %and;
T_4.26;
    %flag_set/vec4 8;
    %jmp/0xz  T_4.24, 8;
    %load/vec4 v00000193699ea390_0;
    %nor/r;
    %flag_set/vec4 8;
    %jmp/0xz  T_4.27, 8;
    %vpi_call/w 3 215 "$display", "[FAIL] %s: Expected DED=1 got 0", v00000193699ea250_0 {0 0 0};
    %pushi/vec4 0, 0, 1;
    %store/vec4 v00000193699ea4d0_0, 0, 1;
T_4.27 ;
    %jmp T_4.25;
T_4.24 ;
    %alloc S_00000193699e6200;
    %load/vec4 v00000193699e8a90_0;
    %load/vec4 v00000193699e8c70_0;
    %store/vec4 v00000193699e8db0_0, 0, 16;
    %store/vec4 v00000193699e88b0_0, 0, 256;
    %callf/vec4 TD_tb_top.golden_sum, S_00000193699e6200;
    %free S_00000193699e6200;
    %store/vec4 v00000193699ea1b0_0, 0, 32;
    %load/vec4 v00000193699e8bd0_0;
    %pad/u 32;
    %cast2;
    %load/vec4 v00000193699ea1b0_0;
    %cmp/s;
    %flag_get/vec4 4;
    %flag_get/vec4 5;
    %or;
    %store/vec4 v00000193699e92b0_0, 0, 1;
    %load/vec4 v00000193699e8130_0;
    %load/vec4 v00000193699e92b0_0;
    %cmp/ne;
    %jmp/0xz  T_4.29, 6;
    %vpi_call/w 3 223 "$display", "[FAIL] %s: kw exp=%0b act=%0b sum=%0d exp_sum=%0d thr=%0d", v00000193699ea250_0, v00000193699e92b0_0, v00000193699e8130_0, v00000193699e9a30_0, v00000193699ea1b0_0, v00000193699e8bd0_0 {0 0 0};
    %pushi/vec4 0, 0, 1;
    %store/vec4 v00000193699ea4d0_0, 0, 1;
T_4.29 ;
    %load/vec4 v00000193699e9a30_0;
    %pad/u 32;
    %cast2;
    %load/vec4 v00000193699ea1b0_0;
    %cmp/ne;
    %jmp/0xz  T_4.31, 6;
    %vpi_call/w 3 228 "$display", "[FAIL] %s: sum exp=%0d act=%0d", v00000193699ea250_0, v00000193699ea1b0_0, v00000193699e9a30_0 {0 0 0};
    %pushi/vec4 0, 0, 1;
    %store/vec4 v00000193699ea4d0_0, 0, 1;
T_4.31 ;
    %load/vec4 v00000193699e9ad0_0;
    %flag_set/vec4 9;
    %flag_get/vec4 9;
    %jmp/0 T_4.35, 9;
    %load/vec4 v00000193699ea2f0_0;
    %cmpi/s 0, 0, 32;
    %flag_get/vec4 5;
    %and;
T_4.35;
    %flag_set/vec4 8;
    %jmp/0xz  T_4.33, 8;
    %load/vec4 v00000193699e8b30_0;
    %nor/r;
    %flag_set/vec4 8;
    %jmp/0xz  T_4.36, 8;
    %vpi_call/w 3 234 "$display", "[FAIL] %s: Expected SEC=1 got 0", v00000193699ea250_0 {0 0 0};
    %pushi/vec4 0, 0, 1;
    %store/vec4 v00000193699ea4d0_0, 0, 1;
T_4.36 ;
T_4.33 ;
T_4.25 ;
    %load/str v00000193699ea250_0;
    %pushi/str "T2_zero_activation_PE0";
    %cmp/str;
    %flag_get/vec4 4;
    %flag_set/vec4 8;
    %jmp/0xz  T_4.38, 8;
    %load/vec4 v00000193699e9c10_0;
    %parti/s 1, 0, 2;
    %cmpi/ne 0, 0, 1;
    %jmp/0xz  T_4.40, 6;
    %vpi_call/w 3 243 "$display", "[FAIL] %s: pe_active[0] exp=0 got=%0b", v00000193699ea250_0, &PV<v00000193699e9c10_0, 0, 1> {0 0 0};
    %pushi/vec4 0, 0, 1;
    %store/vec4 v00000193699ea4d0_0, 0, 1;
T_4.40 ;
T_4.38 ;
    %load/str v00000193699ea250_0;
    %pushi/str "T3_nonzero_activation_PE0";
    %cmp/str;
    %flag_get/vec4 4;
    %flag_set/vec4 8;
    %jmp/0xz  T_4.42, 8;
    %load/vec4 v00000193699e9c10_0;
    %parti/s 1, 0, 2;
    %cmpi/ne 1, 0, 1;
    %jmp/0xz  T_4.44, 6;
    %vpi_call/w 3 249 "$display", "[FAIL] %s: pe_active[0] exp=1 got=%0b", v00000193699ea250_0, &PV<v00000193699e9c10_0, 0, 1> {0 0 0};
    %pushi/vec4 0, 0, 1;
    %store/vec4 v00000193699ea4d0_0, 0, 1;
T_4.44 ;
T_4.42 ;
    %load/vec4 v00000193699ea4d0_0;
    %flag_set/vec4 8;
    %jmp/0xz  T_4.46, 8;
    %vpi_call/w 3 255 "$display", "[PASS] %s  sum=%0d kw=%0b SEC=%0b DED=%0b pe_act=0x%04h", v00000193699ea250_0, v00000193699e9a30_0, v00000193699e8130_0, v00000193699e8b30_0, v00000193699ea390_0, v00000193699e9c10_0 {0 0 0};
    ; show_stmt_assign_vector: Get l-value for compressed += operand
    %load/vec4 v00000193699ea7f0_0;
    %pushi/vec4 1, 0, 32;
    %add;
    %cast2;
    %store/vec4 v00000193699ea7f0_0, 0, 32;
    %jmp T_4.47;
T_4.46 ;
    ; show_stmt_assign_vector: Get l-value for compressed += operand
    %load/vec4 v00000193699ea6b0_0;
    %pushi/vec4 1, 0, 32;
    %add;
    %cast2;
    %store/vec4 v00000193699ea6b0_0, 0, 32;
T_4.47 ;
    %end;
S_00000193699e7650 .scope begin, "$ivl_for_loop4" "$ivl_for_loop4" 3 149, 3 149 0, S_00000193699e6070;
 .timescale -9 -12;
v00000193699e97b0_0 .var/2s "i", 31 0;
    .scope S_00000193699cbd80;
T_5 ;
Ewait_0 .event/or E_00000193699413e0, E_0x0;
    %wait Ewait_0;
    %load/vec4 v00000193699cd850_0;
    %store/vec4 v00000193699cc770_0, 0, 22;
    %pushi/vec4 0, 0, 1;
    %store/vec4 v00000193699cf790_0, 0, 1;
    %pushi/vec4 0, 0, 1;
    %store/vec4 v00000193699cd990_0, 0, 1;
    %load/vec4 v00000193699cf8d0_0;
    %cmpi/e 0, 0, 5;
    %jmp/0xz  T_5.0, 4;
    %load/vec4 v00000193699cc270_0;
    %cmpi/e 1, 0, 1;
    %jmp/0xz  T_5.2, 4;
    %load/vec4 v00000193699cd850_0;
    %parti/s 1, 21, 6;
    %inv;
    %ix/load 4, 21, 0;
    %flag_set/imm 4, 0;
    %store/vec4 v00000193699cc770_0, 4, 1;
    %pushi/vec4 1, 0, 1;
    %store/vec4 v00000193699cf790_0, 0, 1;
T_5.2 ;
    %jmp T_5.1;
T_5.0 ;
    %load/vec4 v00000193699cc270_0;
    %cmpi/e 1, 0, 1;
    %jmp/0xz  T_5.4, 4;
    %load/vec4 v00000193699cf8d0_0;
    %dup/vec4;
    %pushi/vec4 1, 0, 5;
    %cmp/e;
    %jmp/1 T_5.6, 6;
    %dup/vec4;
    %pushi/vec4 2, 0, 5;
    %cmp/e;
    %jmp/1 T_5.7, 6;
    %dup/vec4;
    %pushi/vec4 3, 0, 5;
    %cmp/e;
    %jmp/1 T_5.8, 6;
    %dup/vec4;
    %pushi/vec4 4, 0, 5;
    %cmp/e;
    %jmp/1 T_5.9, 6;
    %dup/vec4;
    %pushi/vec4 5, 0, 5;
    %cmp/e;
    %jmp/1 T_5.10, 6;
    %dup/vec4;
    %pushi/vec4 6, 0, 5;
    %cmp/e;
    %jmp/1 T_5.11, 6;
    %dup/vec4;
    %pushi/vec4 7, 0, 5;
    %cmp/e;
    %jmp/1 T_5.12, 6;
    %dup/vec4;
    %pushi/vec4 8, 0, 5;
    %cmp/e;
    %jmp/1 T_5.13, 6;
    %dup/vec4;
    %pushi/vec4 9, 0, 5;
    %cmp/e;
    %jmp/1 T_5.14, 6;
    %dup/vec4;
    %pushi/vec4 10, 0, 5;
    %cmp/e;
    %jmp/1 T_5.15, 6;
    %dup/vec4;
    %pushi/vec4 11, 0, 5;
    %cmp/e;
    %jmp/1 T_5.16, 6;
    %dup/vec4;
    %pushi/vec4 12, 0, 5;
    %cmp/e;
    %jmp/1 T_5.17, 6;
    %dup/vec4;
    %pushi/vec4 13, 0, 5;
    %cmp/e;
    %jmp/1 T_5.18, 6;
    %dup/vec4;
    %pushi/vec4 14, 0, 5;
    %cmp/e;
    %jmp/1 T_5.19, 6;
    %dup/vec4;
    %pushi/vec4 15, 0, 5;
    %cmp/e;
    %jmp/1 T_5.20, 6;
    %dup/vec4;
    %pushi/vec4 16, 0, 5;
    %cmp/e;
    %jmp/1 T_5.21, 6;
    %dup/vec4;
    %pushi/vec4 17, 0, 5;
    %cmp/e;
    %jmp/1 T_5.22, 6;
    %dup/vec4;
    %pushi/vec4 18, 0, 5;
    %cmp/e;
    %jmp/1 T_5.23, 6;
    %dup/vec4;
    %pushi/vec4 19, 0, 5;
    %cmp/e;
    %jmp/1 T_5.24, 6;
    %dup/vec4;
    %pushi/vec4 20, 0, 5;
    %cmp/e;
    %jmp/1 T_5.25, 6;
    %dup/vec4;
    %pushi/vec4 21, 0, 5;
    %cmp/e;
    %jmp/1 T_5.26, 6;
    %jmp T_5.28;
T_5.6 ;
    %load/vec4 v00000193699cd850_0;
    %parti/s 1, 0, 2;
    %inv;
    %ix/load 4, 0, 0;
    %flag_set/imm 4, 0;
    %store/vec4 v00000193699cc770_0, 4, 1;
    %jmp T_5.28;
T_5.7 ;
    %load/vec4 v00000193699cd850_0;
    %parti/s 1, 1, 2;
    %inv;
    %ix/load 4, 1, 0;
    %flag_set/imm 4, 0;
    %store/vec4 v00000193699cc770_0, 4, 1;
    %jmp T_5.28;
T_5.8 ;
    %load/vec4 v00000193699cd850_0;
    %parti/s 1, 2, 3;
    %inv;
    %ix/load 4, 2, 0;
    %flag_set/imm 4, 0;
    %store/vec4 v00000193699cc770_0, 4, 1;
    %jmp T_5.28;
T_5.9 ;
    %load/vec4 v00000193699cd850_0;
    %parti/s 1, 3, 3;
    %inv;
    %ix/load 4, 3, 0;
    %flag_set/imm 4, 0;
    %store/vec4 v00000193699cc770_0, 4, 1;
    %jmp T_5.28;
T_5.10 ;
    %load/vec4 v00000193699cd850_0;
    %parti/s 1, 4, 4;
    %inv;
    %ix/load 4, 4, 0;
    %flag_set/imm 4, 0;
    %store/vec4 v00000193699cc770_0, 4, 1;
    %jmp T_5.28;
T_5.11 ;
    %load/vec4 v00000193699cd850_0;
    %parti/s 1, 5, 4;
    %inv;
    %ix/load 4, 5, 0;
    %flag_set/imm 4, 0;
    %store/vec4 v00000193699cc770_0, 4, 1;
    %jmp T_5.28;
T_5.12 ;
    %load/vec4 v00000193699cd850_0;
    %parti/s 1, 6, 4;
    %inv;
    %ix/load 4, 6, 0;
    %flag_set/imm 4, 0;
    %store/vec4 v00000193699cc770_0, 4, 1;
    %jmp T_5.28;
T_5.13 ;
    %load/vec4 v00000193699cd850_0;
    %parti/s 1, 7, 4;
    %inv;
    %ix/load 4, 7, 0;
    %flag_set/imm 4, 0;
    %store/vec4 v00000193699cc770_0, 4, 1;
    %jmp T_5.28;
T_5.14 ;
    %load/vec4 v00000193699cd850_0;
    %parti/s 1, 8, 5;
    %inv;
    %ix/load 4, 8, 0;
    %flag_set/imm 4, 0;
    %store/vec4 v00000193699cc770_0, 4, 1;
    %jmp T_5.28;
T_5.15 ;
    %load/vec4 v00000193699cd850_0;
    %parti/s 1, 9, 5;
    %inv;
    %ix/load 4, 9, 0;
    %flag_set/imm 4, 0;
    %store/vec4 v00000193699cc770_0, 4, 1;
    %jmp T_5.28;
T_5.16 ;
    %load/vec4 v00000193699cd850_0;
    %parti/s 1, 10, 5;
    %inv;
    %ix/load 4, 10, 0;
    %flag_set/imm 4, 0;
    %store/vec4 v00000193699cc770_0, 4, 1;
    %jmp T_5.28;
T_5.17 ;
    %load/vec4 v00000193699cd850_0;
    %parti/s 1, 11, 5;
    %inv;
    %ix/load 4, 11, 0;
    %flag_set/imm 4, 0;
    %store/vec4 v00000193699cc770_0, 4, 1;
    %jmp T_5.28;
T_5.18 ;
    %load/vec4 v00000193699cd850_0;
    %parti/s 1, 12, 5;
    %inv;
    %ix/load 4, 12, 0;
    %flag_set/imm 4, 0;
    %store/vec4 v00000193699cc770_0, 4, 1;
    %jmp T_5.28;
T_5.19 ;
    %load/vec4 v00000193699cd850_0;
    %parti/s 1, 13, 5;
    %inv;
    %ix/load 4, 13, 0;
    %flag_set/imm 4, 0;
    %store/vec4 v00000193699cc770_0, 4, 1;
    %jmp T_5.28;
T_5.20 ;
    %load/vec4 v00000193699cd850_0;
    %parti/s 1, 14, 5;
    %inv;
    %ix/load 4, 14, 0;
    %flag_set/imm 4, 0;
    %store/vec4 v00000193699cc770_0, 4, 1;
    %jmp T_5.28;
T_5.21 ;
    %load/vec4 v00000193699cd850_0;
    %parti/s 1, 15, 5;
    %inv;
    %ix/load 4, 15, 0;
    %flag_set/imm 4, 0;
    %store/vec4 v00000193699cc770_0, 4, 1;
    %jmp T_5.28;
T_5.22 ;
    %load/vec4 v00000193699cd850_0;
    %parti/s 1, 16, 6;
    %inv;
    %ix/load 4, 16, 0;
    %flag_set/imm 4, 0;
    %store/vec4 v00000193699cc770_0, 4, 1;
    %jmp T_5.28;
T_5.23 ;
    %load/vec4 v00000193699cd850_0;
    %parti/s 1, 17, 6;
    %inv;
    %ix/load 4, 17, 0;
    %flag_set/imm 4, 0;
    %store/vec4 v00000193699cc770_0, 4, 1;
    %jmp T_5.28;
T_5.24 ;
    %load/vec4 v00000193699cd850_0;
    %parti/s 1, 18, 6;
    %inv;
    %ix/load 4, 18, 0;
    %flag_set/imm 4, 0;
    %store/vec4 v00000193699cc770_0, 4, 1;
    %jmp T_5.28;
T_5.25 ;
    %load/vec4 v00000193699cd850_0;
    %parti/s 1, 19, 6;
    %inv;
    %ix/load 4, 19, 0;
    %flag_set/imm 4, 0;
    %store/vec4 v00000193699cc770_0, 4, 1;
    %jmp T_5.28;
T_5.26 ;
    %load/vec4 v00000193699cd850_0;
    %parti/s 1, 20, 6;
    %inv;
    %ix/load 4, 20, 0;
    %flag_set/imm 4, 0;
    %store/vec4 v00000193699cc770_0, 4, 1;
    %jmp T_5.28;
T_5.28 ;
    %pop/vec4 1;
    %pushi/vec4 1, 0, 1;
    %store/vec4 v00000193699cf790_0, 0, 1;
    %jmp T_5.5;
T_5.4 ;
    %pushi/vec4 1, 0, 1;
    %store/vec4 v00000193699cd990_0, 0, 1;
T_5.5 ;
T_5.1 ;
    %jmp T_5;
    .thread T_5, $push;
    .scope S_00000193699ca160;
T_6 ;
    %wait E_000001936993d3a0;
    %load/vec4 v00000193699d17c0_0;
    %nor/r;
    %flag_set/vec4 8;
    %jmp/0xz  T_6.0, 8;
    %pushi/vec4 0, 0, 32;
    %store/vec4 v00000193699d2760_0, 0, 32;
T_6.2 ; Top of for-loop
    %load/vec4 v00000193699d2760_0;
    %cmpi/s 16, 0, 32;
	  %jmp/0xz T_6.3, 5;
    %pushi/vec4 0, 0, 22;
    %ix/getv/s 3, v00000193699d2760_0;
    %ix/load 4, 0, 0; Constant delay
    %assign/vec4/a/d v00000193699d26c0, 0, 4;
T_6.4 ; for-loop step statement
    ; show_stmt_assign_vector: Get l-value for compressed += operand
    %load/vec4 v00000193699d2760_0;
    %pushi/vec4 1, 0, 32;
    %add;
    %cast2;
    %store/vec4 v00000193699d2760_0, 0, 32;
    %jmp T_6.2;
T_6.3 ; for-loop exit label
    %jmp T_6.1;
T_6.0 ;
    %load/vec4 v00000193699d1900_0;
    %flag_set/vec4 8;
    %jmp/0xz  T_6.5, 8;
    %load/vec4 v00000193699d1d60_0;
    %load/vec4 v00000193699d01e0_0;
    %pad/u 6;
    %ix/vec4 3;
    %ix/load 4, 0, 0; Constant delay
    %assign/vec4/a/d v00000193699d26c0, 0, 4;
T_6.5 ;
T_6.1 ;
    %jmp T_6;
    .thread T_6;
    .scope S_00000193699d4c80;
T_7 ;
Ewait_1 .event/or E_0000019369941c20, E_0x0;
    %wait Ewait_1;
    %pushi/vec4 0, 0, 5;
    %store/vec4 v00000193699d2c60_0, 0, 5;
    %fork t_11, S_00000193699d5db0;
    %jmp t_10;
    .scope S_00000193699d5db0;
t_11 ;
    %pushi/vec4 0, 0, 32;
    %store/vec4 v00000193699d32a0_0, 0, 32;
T_7.0 ; Top of for-loop
    %load/vec4 v00000193699d32a0_0;
    %cmpi/s 16, 0, 32;
	  %jmp/0xz T_7.1, 5;
    %load/vec4 v00000193699d2c60_0;
    %pushi/vec4 0, 0, 4;
    %load/vec4 v00000193699d35c0_0;
    %load/vec4 v00000193699d32a0_0;
    %part/s 1;
    %concat/vec4; draw_concat_vec4
    %add;
    %store/vec4 v00000193699d2c60_0, 0, 5;
T_7.2 ; for-loop step statement
    ; show_stmt_assign_vector: Get l-value for compressed += operand
    %load/vec4 v00000193699d32a0_0;
    %pushi/vec4 1, 0, 32;
    %add;
    %cast2;
    %store/vec4 v00000193699d32a0_0, 0, 32;
    %jmp T_7.0;
T_7.1 ; for-loop exit label
    %end;
    .scope S_00000193699d4c80;
t_10 %join;
    %jmp T_7;
    .thread T_7, $push;
    .scope S_00000193699d4320;
T_8 ;
Ewait_2 .event/or E_00000193699416a0, E_0x0;
    %wait Ewait_2;
    %pushi/vec4 0, 0, 5;
    %store/vec4 v00000193699d2ee0_0, 0, 5;
    %fork t_13, S_00000193699d44b0;
    %jmp t_12;
    .scope S_00000193699d44b0;
t_13 ;
    %pushi/vec4 0, 0, 32;
    %store/vec4 v00000193699d2e40_0, 0, 32;
T_8.0 ; Top of for-loop
    %load/vec4 v00000193699d2e40_0;
    %cmpi/s 16, 0, 32;
	  %jmp/0xz T_8.1, 5;
    %load/vec4 v00000193699d2ee0_0;
    %pushi/vec4 0, 0, 4;
    %load/vec4 v00000193699d3c00_0;
    %load/vec4 v00000193699d2e40_0;
    %part/s 1;
    %concat/vec4; draw_concat_vec4
    %add;
    %store/vec4 v00000193699d2ee0_0, 0, 5;
T_8.2 ; for-loop step statement
    ; show_stmt_assign_vector: Get l-value for compressed += operand
    %load/vec4 v00000193699d2e40_0;
    %pushi/vec4 1, 0, 32;
    %add;
    %cast2;
    %store/vec4 v00000193699d2e40_0, 0, 32;
    %jmp T_8.0;
T_8.1 ; for-loop exit label
    %end;
    .scope S_00000193699d4320;
t_12 %join;
    %jmp T_8;
    .thread T_8, $push;
    .scope S_00000193699d47d0;
T_9 ;
Ewait_3 .event/or E_0000019369941ce0, E_0x0;
    %wait Ewait_3;
    %pushi/vec4 0, 0, 5;
    %store/vec4 v00000193699d8320_0, 0, 5;
    %fork t_15, S_00000193699d4e10;
    %jmp t_14;
    .scope S_00000193699d4e10;
t_15 ;
    %pushi/vec4 0, 0, 32;
    %store/vec4 v00000193699d6de0_0, 0, 32;
T_9.0 ; Top of for-loop
    %load/vec4 v00000193699d6de0_0;
    %cmpi/s 16, 0, 32;
	  %jmp/0xz T_9.1, 5;
    %load/vec4 v00000193699d8320_0;
    %pushi/vec4 0, 0, 4;
    %load/vec4 v00000193699d7f60_0;
    %load/vec4 v00000193699d6de0_0;
    %part/s 1;
    %concat/vec4; draw_concat_vec4
    %add;
    %store/vec4 v00000193699d8320_0, 0, 5;
T_9.2 ; for-loop step statement
    ; show_stmt_assign_vector: Get l-value for compressed += operand
    %load/vec4 v00000193699d6de0_0;
    %pushi/vec4 1, 0, 32;
    %add;
    %cast2;
    %store/vec4 v00000193699d6de0_0, 0, 32;
    %jmp T_9.0;
T_9.1 ; for-loop exit label
    %end;
    .scope S_00000193699d47d0;
t_14 %join;
    %jmp T_9;
    .thread T_9, $push;
    .scope S_00000193699d52c0;
T_10 ;
Ewait_4 .event/or E_0000019369941ca0, E_0x0;
    %wait Ewait_4;
    %pushi/vec4 0, 0, 5;
    %store/vec4 v00000193699d6160_0, 0, 5;
    %fork t_17, S_00000193699dc4e0;
    %jmp t_16;
    .scope S_00000193699dc4e0;
t_17 ;
    %pushi/vec4 0, 0, 32;
    %store/vec4 v00000193699d6520_0, 0, 32;
T_10.0 ; Top of for-loop
    %load/vec4 v00000193699d6520_0;
    %cmpi/s 16, 0, 32;
	  %jmp/0xz T_10.1, 5;
    %load/vec4 v00000193699d6160_0;
    %pushi/vec4 0, 0, 4;
    %load/vec4 v00000193699d6a20_0;
    %load/vec4 v00000193699d6520_0;
    %part/s 1;
    %concat/vec4; draw_concat_vec4
    %add;
    %store/vec4 v00000193699d6160_0, 0, 5;
T_10.2 ; for-loop step statement
    ; show_stmt_assign_vector: Get l-value for compressed += operand
    %load/vec4 v00000193699d6520_0;
    %pushi/vec4 1, 0, 32;
    %add;
    %cast2;
    %store/vec4 v00000193699d6520_0, 0, 32;
    %jmp T_10.0;
T_10.1 ; for-loop exit label
    %end;
    .scope S_00000193699d52c0;
t_16 %join;
    %jmp T_10;
    .thread T_10, $push;
    .scope S_00000193699dccb0;
T_11 ;
Ewait_5 .event/or E_00000193699414a0, E_0x0;
    %wait Ewait_5;
    %pushi/vec4 0, 0, 5;
    %store/vec4 v00000193699d7060_0, 0, 5;
    %fork t_19, S_00000193699dd930;
    %jmp t_18;
    .scope S_00000193699dd930;
t_19 ;
    %pushi/vec4 0, 0, 32;
    %store/vec4 v00000193699d8000_0, 0, 32;
T_11.0 ; Top of for-loop
    %load/vec4 v00000193699d8000_0;
    %cmpi/s 16, 0, 32;
	  %jmp/0xz T_11.1, 5;
    %load/vec4 v00000193699d7060_0;
    %pushi/vec4 0, 0, 4;
    %load/vec4 v00000193699d74c0_0;
    %load/vec4 v00000193699d8000_0;
    %part/s 1;
    %concat/vec4; draw_concat_vec4
    %add;
    %store/vec4 v00000193699d7060_0, 0, 5;
T_11.2 ; for-loop step statement
    ; show_stmt_assign_vector: Get l-value for compressed += operand
    %load/vec4 v00000193699d8000_0;
    %pushi/vec4 1, 0, 32;
    %add;
    %cast2;
    %store/vec4 v00000193699d8000_0, 0, 32;
    %jmp T_11.0;
T_11.1 ; for-loop exit label
    %end;
    .scope S_00000193699dccb0;
t_18 %join;
    %jmp T_11;
    .thread T_11, $push;
    .scope S_00000193699dc670;
T_12 ;
Ewait_6 .event/or E_0000019369941da0, E_0x0;
    %wait Ewait_6;
    %pushi/vec4 0, 0, 5;
    %store/vec4 v00000193699d83c0_0, 0, 5;
    %fork t_21, S_00000193699ddc50;
    %jmp t_20;
    .scope S_00000193699ddc50;
t_21 ;
    %pushi/vec4 0, 0, 32;
    %store/vec4 v00000193699d6700_0, 0, 32;
T_12.0 ; Top of for-loop
    %load/vec4 v00000193699d6700_0;
    %cmpi/s 16, 0, 32;
	  %jmp/0xz T_12.1, 5;
    %load/vec4 v00000193699d83c0_0;
    %pushi/vec4 0, 0, 4;
    %load/vec4 v00000193699d63e0_0;
    %load/vec4 v00000193699d6700_0;
    %part/s 1;
    %concat/vec4; draw_concat_vec4
    %add;
    %store/vec4 v00000193699d83c0_0, 0, 5;
T_12.2 ; for-loop step statement
    ; show_stmt_assign_vector: Get l-value for compressed += operand
    %load/vec4 v00000193699d6700_0;
    %pushi/vec4 1, 0, 32;
    %add;
    %cast2;
    %store/vec4 v00000193699d6700_0, 0, 32;
    %jmp T_12.0;
T_12.1 ; for-loop exit label
    %end;
    .scope S_00000193699dc670;
t_20 %join;
    %jmp T_12;
    .thread T_12, $push;
    .scope S_00000193699dc030;
T_13 ;
Ewait_7 .event/or E_0000019369941ea0, E_0x0;
    %wait Ewait_7;
    %pushi/vec4 0, 0, 5;
    %store/vec4 v00000193699d86e0_0, 0, 5;
    %fork t_23, S_00000193699dc800;
    %jmp t_22;
    .scope S_00000193699dc800;
t_23 ;
    %pushi/vec4 0, 0, 32;
    %store/vec4 v00000193699d79c0_0, 0, 32;
T_13.0 ; Top of for-loop
    %load/vec4 v00000193699d79c0_0;
    %cmpi/s 16, 0, 32;
	  %jmp/0xz T_13.1, 5;
    %load/vec4 v00000193699d86e0_0;
    %pushi/vec4 0, 0, 4;
    %load/vec4 v00000193699d7560_0;
    %load/vec4 v00000193699d79c0_0;
    %part/s 1;
    %concat/vec4; draw_concat_vec4
    %add;
    %store/vec4 v00000193699d86e0_0, 0, 5;
T_13.2 ; for-loop step statement
    ; show_stmt_assign_vector: Get l-value for compressed += operand
    %load/vec4 v00000193699d79c0_0;
    %pushi/vec4 1, 0, 32;
    %add;
    %cast2;
    %store/vec4 v00000193699d79c0_0, 0, 32;
    %jmp T_13.0;
T_13.1 ; for-loop exit label
    %end;
    .scope S_00000193699dc030;
t_22 %join;
    %jmp T_13;
    .thread T_13, $push;
    .scope S_00000193699dd160;
T_14 ;
Ewait_8 .event/or E_0000019369942220, E_0x0;
    %wait Ewait_8;
    %pushi/vec4 0, 0, 5;
    %store/vec4 v00000193699d7ba0_0, 0, 5;
    %fork t_25, S_00000193699dce40;
    %jmp t_24;
    .scope S_00000193699dce40;
t_25 ;
    %pushi/vec4 0, 0, 32;
    %store/vec4 v00000193699d6c00_0, 0, 32;
T_14.0 ; Top of for-loop
    %load/vec4 v00000193699d6c00_0;
    %cmpi/s 16, 0, 32;
	  %jmp/0xz T_14.1, 5;
    %load/vec4 v00000193699d7ba0_0;
    %pushi/vec4 0, 0, 4;
    %load/vec4 v00000193699d6840_0;
    %load/vec4 v00000193699d6c00_0;
    %part/s 1;
    %concat/vec4; draw_concat_vec4
    %add;
    %store/vec4 v00000193699d7ba0_0, 0, 5;
T_14.2 ; for-loop step statement
    ; show_stmt_assign_vector: Get l-value for compressed += operand
    %load/vec4 v00000193699d6c00_0;
    %pushi/vec4 1, 0, 32;
    %add;
    %cast2;
    %store/vec4 v00000193699d6c00_0, 0, 32;
    %jmp T_14.0;
T_14.1 ; for-loop exit label
    %end;
    .scope S_00000193699dd160;
t_24 %join;
    %jmp T_14;
    .thread T_14, $push;
    .scope S_00000193699dd610;
T_15 ;
Ewait_9 .event/or E_0000019369941d60, E_0x0;
    %wait Ewait_9;
    %pushi/vec4 0, 0, 5;
    %store/vec4 v00000193699d6ca0_0, 0, 5;
    %fork t_27, S_00000193699dee50;
    %jmp t_26;
    .scope S_00000193699dee50;
t_27 ;
    %pushi/vec4 0, 0, 32;
    %store/vec4 v00000193699d68e0_0, 0, 32;
T_15.0 ; Top of for-loop
    %load/vec4 v00000193699d68e0_0;
    %cmpi/s 16, 0, 32;
	  %jmp/0xz T_15.1, 5;
    %load/vec4 v00000193699d6ca0_0;
    %pushi/vec4 0, 0, 4;
    %load/vec4 v00000193699d7240_0;
    %load/vec4 v00000193699d68e0_0;
    %part/s 1;
    %concat/vec4; draw_concat_vec4
    %add;
    %store/vec4 v00000193699d6ca0_0, 0, 5;
T_15.2 ; for-loop step statement
    ; show_stmt_assign_vector: Get l-value for compressed += operand
    %load/vec4 v00000193699d68e0_0;
    %pushi/vec4 1, 0, 32;
    %add;
    %cast2;
    %store/vec4 v00000193699d68e0_0, 0, 32;
    %jmp T_15.0;
T_15.1 ; for-loop exit label
    %end;
    .scope S_00000193699dd610;
t_26 %join;
    %jmp T_15;
    .thread T_15, $push;
    .scope S_00000193699df940;
T_16 ;
Ewait_10 .event/or E_0000019369941b20, E_0x0;
    %wait Ewait_10;
    %pushi/vec4 0, 0, 5;
    %store/vec4 v00000193699d77e0_0, 0, 5;
    %fork t_29, S_00000193699df170;
    %jmp t_28;
    .scope S_00000193699df170;
t_29 ;
    %pushi/vec4 0, 0, 32;
    %store/vec4 v00000193699d7a60_0, 0, 32;
T_16.0 ; Top of for-loop
    %load/vec4 v00000193699d7a60_0;
    %cmpi/s 16, 0, 32;
	  %jmp/0xz T_16.1, 5;
    %load/vec4 v00000193699d77e0_0;
    %pushi/vec4 0, 0, 4;
    %load/vec4 v00000193699d7600_0;
    %load/vec4 v00000193699d7a60_0;
    %part/s 1;
    %concat/vec4; draw_concat_vec4
    %add;
    %store/vec4 v00000193699d77e0_0, 0, 5;
T_16.2 ; for-loop step statement
    ; show_stmt_assign_vector: Get l-value for compressed += operand
    %load/vec4 v00000193699d7a60_0;
    %pushi/vec4 1, 0, 32;
    %add;
    %cast2;
    %store/vec4 v00000193699d7a60_0, 0, 32;
    %jmp T_16.0;
T_16.1 ; for-loop exit label
    %end;
    .scope S_00000193699df940;
t_28 %join;
    %jmp T_16;
    .thread T_16, $push;
    .scope S_00000193699de680;
T_17 ;
Ewait_11 .event/or E_0000019369941ee0, E_0x0;
    %wait Ewait_11;
    %pushi/vec4 0, 0, 5;
    %store/vec4 v00000193699d67a0_0, 0, 5;
    %fork t_31, S_00000193699de810;
    %jmp t_30;
    .scope S_00000193699de810;
t_31 ;
    %pushi/vec4 0, 0, 32;
    %store/vec4 v00000193699d7c40_0, 0, 32;
T_17.0 ; Top of for-loop
    %load/vec4 v00000193699d7c40_0;
    %cmpi/s 16, 0, 32;
	  %jmp/0xz T_17.1, 5;
    %load/vec4 v00000193699d67a0_0;
    %pushi/vec4 0, 0, 4;
    %load/vec4 v00000193699d60c0_0;
    %load/vec4 v00000193699d7c40_0;
    %part/s 1;
    %concat/vec4; draw_concat_vec4
    %add;
    %store/vec4 v00000193699d67a0_0, 0, 5;
T_17.2 ; for-loop step statement
    ; show_stmt_assign_vector: Get l-value for compressed += operand
    %load/vec4 v00000193699d7c40_0;
    %pushi/vec4 1, 0, 32;
    %add;
    %cast2;
    %store/vec4 v00000193699d7c40_0, 0, 32;
    %jmp T_17.0;
T_17.1 ; for-loop exit label
    %end;
    .scope S_00000193699de680;
t_30 %join;
    %jmp T_17;
    .thread T_17, $push;
    .scope S_00000193699de9a0;
T_18 ;
Ewait_12 .event/or E_00000193699418a0, E_0x0;
    %wait Ewait_12;
    %pushi/vec4 0, 0, 5;
    %store/vec4 v00000193699d8aa0_0, 0, 5;
    %fork t_33, S_00000193699df620;
    %jmp t_32;
    .scope S_00000193699df620;
t_33 ;
    %pushi/vec4 0, 0, 32;
    %store/vec4 v00000193699d9d60_0, 0, 32;
T_18.0 ; Top of for-loop
    %load/vec4 v00000193699d9d60_0;
    %cmpi/s 16, 0, 32;
	  %jmp/0xz T_18.1, 5;
    %load/vec4 v00000193699d8aa0_0;
    %pushi/vec4 0, 0, 4;
    %load/vec4 v00000193699d8b40_0;
    %load/vec4 v00000193699d9d60_0;
    %part/s 1;
    %concat/vec4; draw_concat_vec4
    %add;
    %store/vec4 v00000193699d8aa0_0, 0, 5;
T_18.2 ; for-loop step statement
    ; show_stmt_assign_vector: Get l-value for compressed += operand
    %load/vec4 v00000193699d9d60_0;
    %pushi/vec4 1, 0, 32;
    %add;
    %cast2;
    %store/vec4 v00000193699d9d60_0, 0, 32;
    %jmp T_18.0;
T_18.1 ; for-loop exit label
    %end;
    .scope S_00000193699de9a0;
t_32 %join;
    %jmp T_18;
    .thread T_18, $push;
    .scope S_00000193699dfc60;
T_19 ;
Ewait_13 .event/or E_00000193699422e0, E_0x0;
    %wait Ewait_13;
    %pushi/vec4 0, 0, 5;
    %store/vec4 v00000193699d9b80_0, 0, 5;
    %fork t_35, S_00000193699decc0;
    %jmp t_34;
    .scope S_00000193699decc0;
t_35 ;
    %pushi/vec4 0, 0, 32;
    %store/vec4 v00000193699d9ae0_0, 0, 32;
T_19.0 ; Top of for-loop
    %load/vec4 v00000193699d9ae0_0;
    %cmpi/s 16, 0, 32;
	  %jmp/0xz T_19.1, 5;
    %load/vec4 v00000193699d9b80_0;
    %pushi/vec4 0, 0, 4;
    %load/vec4 v00000193699d9180_0;
    %load/vec4 v00000193699d9ae0_0;
    %part/s 1;
    %concat/vec4; draw_concat_vec4
    %add;
    %store/vec4 v00000193699d9b80_0, 0, 5;
T_19.2 ; for-loop step statement
    ; show_stmt_assign_vector: Get l-value for compressed += operand
    %load/vec4 v00000193699d9ae0_0;
    %pushi/vec4 1, 0, 32;
    %add;
    %cast2;
    %store/vec4 v00000193699d9ae0_0, 0, 32;
    %jmp T_19.0;
T_19.1 ; for-loop exit label
    %end;
    .scope S_00000193699dfc60;
t_34 %join;
    %jmp T_19;
    .thread T_19, $push;
    .scope S_00000193699de360;
T_20 ;
Ewait_14 .event/or E_0000019369943120, E_0x0;
    %wait Ewait_14;
    %pushi/vec4 0, 0, 5;
    %store/vec4 v00000193699d8960_0, 0, 5;
    %fork t_37, S_00000193699e4b50;
    %jmp t_36;
    .scope S_00000193699e4b50;
t_37 ;
    %pushi/vec4 0, 0, 32;
    %store/vec4 v00000193699d8d20_0, 0, 32;
T_20.0 ; Top of for-loop
    %load/vec4 v00000193699d8d20_0;
    %cmpi/s 16, 0, 32;
	  %jmp/0xz T_20.1, 5;
    %load/vec4 v00000193699d8960_0;
    %pushi/vec4 0, 0, 4;
    %load/vec4 v00000193699d9a40_0;
    %load/vec4 v00000193699d8d20_0;
    %part/s 1;
    %concat/vec4; draw_concat_vec4
    %add;
    %store/vec4 v00000193699d8960_0, 0, 5;
T_20.2 ; for-loop step statement
    ; show_stmt_assign_vector: Get l-value for compressed += operand
    %load/vec4 v00000193699d8d20_0;
    %pushi/vec4 1, 0, 32;
    %add;
    %cast2;
    %store/vec4 v00000193699d8d20_0, 0, 32;
    %jmp T_20.0;
T_20.1 ; for-loop exit label
    %end;
    .scope S_00000193699de360;
t_36 %join;
    %jmp T_20;
    .thread T_20, $push;
    .scope S_00000193699e4ce0;
T_21 ;
Ewait_15 .event/or E_00000193699427a0, E_0x0;
    %wait Ewait_15;
    %pushi/vec4 0, 0, 5;
    %store/vec4 v00000193699d9220_0, 0, 5;
    %fork t_39, S_00000193699e57d0;
    %jmp t_38;
    .scope S_00000193699e57d0;
t_39 ;
    %pushi/vec4 0, 0, 32;
    %store/vec4 v00000193699d94a0_0, 0, 32;
T_21.0 ; Top of for-loop
    %load/vec4 v00000193699d94a0_0;
    %cmpi/s 16, 0, 32;
	  %jmp/0xz T_21.1, 5;
    %load/vec4 v00000193699d9220_0;
    %pushi/vec4 0, 0, 4;
    %load/vec4 v00000193699d8a00_0;
    %load/vec4 v00000193699d94a0_0;
    %part/s 1;
    %concat/vec4; draw_concat_vec4
    %add;
    %store/vec4 v00000193699d9220_0, 0, 5;
T_21.2 ; for-loop step statement
    ; show_stmt_assign_vector: Get l-value for compressed += operand
    %load/vec4 v00000193699d94a0_0;
    %pushi/vec4 1, 0, 32;
    %add;
    %cast2;
    %store/vec4 v00000193699d94a0_0, 0, 32;
    %jmp T_21.0;
T_21.1 ; for-loop exit label
    %end;
    .scope S_00000193699e4ce0;
t_38 %join;
    %jmp T_21;
    .thread T_21, $push;
    .scope S_00000193699e5000;
T_22 ;
Ewait_16 .event/or E_0000019369942be0, E_0x0;
    %wait Ewait_16;
    %pushi/vec4 0, 0, 5;
    %store/vec4 v00000193699d99a0_0, 0, 5;
    %fork t_41, S_00000193699e4060;
    %jmp t_40;
    .scope S_00000193699e4060;
t_41 ;
    %pushi/vec4 0, 0, 32;
    %store/vec4 v00000193699d9540_0, 0, 32;
T_22.0 ; Top of for-loop
    %load/vec4 v00000193699d9540_0;
    %cmpi/s 16, 0, 32;
	  %jmp/0xz T_22.1, 5;
    %load/vec4 v00000193699d99a0_0;
    %pushi/vec4 0, 0, 4;
    %load/vec4 v00000193699d95e0_0;
    %load/vec4 v00000193699d9540_0;
    %part/s 1;
    %concat/vec4; draw_concat_vec4
    %add;
    %store/vec4 v00000193699d99a0_0, 0, 5;
T_22.2 ; for-loop step statement
    ; show_stmt_assign_vector: Get l-value for compressed += operand
    %load/vec4 v00000193699d9540_0;
    %pushi/vec4 1, 0, 32;
    %add;
    %cast2;
    %store/vec4 v00000193699d9540_0, 0, 32;
    %jmp T_22.0;
T_22.1 ; for-loop exit label
    %end;
    .scope S_00000193699e5000;
t_40 %join;
    %jmp T_22;
    .thread T_22, $push;
    .scope S_00000193699e4380;
T_23 ;
    %wait E_000001936993d3a0;
    %load/vec4 v00000193699eb970_0;
    %nor/r;
    %flag_set/vec4 8;
    %jmp/0xz  T_23.0, 8;
    %pushi/vec4 0, 0, 5;
    %ix/load 3, 0, 0;
    %flag_set/imm 4, 0;
    %ix/load 4, 0, 0; Constant delay
    %assign/vec4/a/d v00000193699ebab0, 0, 4;
    %jmp T_23.1;
T_23.0 ;
    %load/vec4 v00000193699eacf0_0;
    %parti/s 1, 0, 2;
    %flag_set/vec4 8;
    %jmp/0xz  T_23.2, 8;
    %ix/load 4, 0, 0;
    %flag_set/imm 4, 0;
    %load/vec4a v00000193699eb290, 4;
    %ix/load 3, 0, 0;
    %flag_set/imm 4, 0;
    %ix/load 4, 0, 0; Constant delay
    %assign/vec4/a/d v00000193699ebab0, 0, 4;
T_23.2 ;
T_23.1 ;
    %jmp T_23;
    .thread T_23;
    .scope S_00000193699e5190;
T_24 ;
    %wait E_000001936993d3a0;
    %load/vec4 v00000193699eb970_0;
    %nor/r;
    %flag_set/vec4 8;
    %jmp/0xz  T_24.0, 8;
    %pushi/vec4 0, 0, 5;
    %ix/load 3, 1, 0;
    %flag_set/imm 4, 0;
    %ix/load 4, 0, 0; Constant delay
    %assign/vec4/a/d v00000193699ebab0, 0, 4;
    %jmp T_24.1;
T_24.0 ;
    %load/vec4 v00000193699eacf0_0;
    %parti/s 1, 1, 2;
    %flag_set/vec4 8;
    %jmp/0xz  T_24.2, 8;
    %ix/load 4, 1, 0;
    %flag_set/imm 4, 0;
    %load/vec4a v00000193699eb290, 4;
    %ix/load 3, 1, 0;
    %flag_set/imm 4, 0;
    %ix/load 4, 0, 0; Constant delay
    %assign/vec4/a/d v00000193699ebab0, 0, 4;
T_24.2 ;
T_24.1 ;
    %jmp T_24;
    .thread T_24;
    .scope S_00000193699e5af0;
T_25 ;
    %wait E_000001936993d3a0;
    %load/vec4 v00000193699eb970_0;
    %nor/r;
    %flag_set/vec4 8;
    %jmp/0xz  T_25.0, 8;
    %pushi/vec4 0, 0, 5;
    %ix/load 3, 2, 0;
    %flag_set/imm 4, 0;
    %ix/load 4, 0, 0; Constant delay
    %assign/vec4/a/d v00000193699ebab0, 0, 4;
    %jmp T_25.1;
T_25.0 ;
    %load/vec4 v00000193699eacf0_0;
    %parti/s 1, 2, 3;
    %flag_set/vec4 8;
    %jmp/0xz  T_25.2, 8;
    %ix/load 4, 2, 0;
    %flag_set/imm 4, 0;
    %load/vec4a v00000193699eb290, 4;
    %ix/load 3, 2, 0;
    %flag_set/imm 4, 0;
    %ix/load 4, 0, 0; Constant delay
    %assign/vec4/a/d v00000193699ebab0, 0, 4;
T_25.2 ;
T_25.1 ;
    %jmp T_25;
    .thread T_25;
    .scope S_00000193699e49c0;
T_26 ;
    %wait E_000001936993d3a0;
    %load/vec4 v00000193699eb970_0;
    %nor/r;
    %flag_set/vec4 8;
    %jmp/0xz  T_26.0, 8;
    %pushi/vec4 0, 0, 5;
    %ix/load 3, 3, 0;
    %flag_set/imm 4, 0;
    %ix/load 4, 0, 0; Constant delay
    %assign/vec4/a/d v00000193699ebab0, 0, 4;
    %jmp T_26.1;
T_26.0 ;
    %load/vec4 v00000193699eacf0_0;
    %parti/s 1, 3, 3;
    %flag_set/vec4 8;
    %jmp/0xz  T_26.2, 8;
    %ix/load 4, 3, 0;
    %flag_set/imm 4, 0;
    %load/vec4a v00000193699eb290, 4;
    %ix/load 3, 3, 0;
    %flag_set/imm 4, 0;
    %ix/load 4, 0, 0; Constant delay
    %assign/vec4/a/d v00000193699ebab0, 0, 4;
T_26.2 ;
T_26.1 ;
    %jmp T_26;
    .thread T_26;
    .scope S_00000193699e54b0;
T_27 ;
    %wait E_000001936993d3a0;
    %load/vec4 v00000193699eb970_0;
    %nor/r;
    %flag_set/vec4 8;
    %jmp/0xz  T_27.0, 8;
    %pushi/vec4 0, 0, 5;
    %ix/load 3, 4, 0;
    %flag_set/imm 4, 0;
    %ix/load 4, 0, 0; Constant delay
    %assign/vec4/a/d v00000193699ebab0, 0, 4;
    %jmp T_27.1;
T_27.0 ;
    %load/vec4 v00000193699eacf0_0;
    %parti/s 1, 4, 4;
    %flag_set/vec4 8;
    %jmp/0xz  T_27.2, 8;
    %ix/load 4, 4, 0;
    %flag_set/imm 4, 0;
    %load/vec4a v00000193699eb290, 4;
    %ix/load 3, 4, 0;
    %flag_set/imm 4, 0;
    %ix/load 4, 0, 0; Constant delay
    %assign/vec4/a/d v00000193699ebab0, 0, 4;
T_27.2 ;
T_27.1 ;
    %jmp T_27;
    .thread T_27;
    .scope S_00000193699e4510;
T_28 ;
    %wait E_000001936993d3a0;
    %load/vec4 v00000193699eb970_0;
    %nor/r;
    %flag_set/vec4 8;
    %jmp/0xz  T_28.0, 8;
    %pushi/vec4 0, 0, 5;
    %ix/load 3, 5, 0;
    %flag_set/imm 4, 0;
    %ix/load 4, 0, 0; Constant delay
    %assign/vec4/a/d v00000193699ebab0, 0, 4;
    %jmp T_28.1;
T_28.0 ;
    %load/vec4 v00000193699eacf0_0;
    %parti/s 1, 5, 4;
    %flag_set/vec4 8;
    %jmp/0xz  T_28.2, 8;
    %ix/load 4, 5, 0;
    %flag_set/imm 4, 0;
    %load/vec4a v00000193699eb290, 4;
    %ix/load 3, 5, 0;
    %flag_set/imm 4, 0;
    %ix/load 4, 0, 0; Constant delay
    %assign/vec4/a/d v00000193699ebab0, 0, 4;
T_28.2 ;
T_28.1 ;
    %jmp T_28;
    .thread T_28;
    .scope S_00000193699e5640;
T_29 ;
    %wait E_000001936993d3a0;
    %load/vec4 v00000193699eb970_0;
    %nor/r;
    %flag_set/vec4 8;
    %jmp/0xz  T_29.0, 8;
    %pushi/vec4 0, 0, 5;
    %ix/load 3, 6, 0;
    %flag_set/imm 4, 0;
    %ix/load 4, 0, 0; Constant delay
    %assign/vec4/a/d v00000193699ebab0, 0, 4;
    %jmp T_29.1;
T_29.0 ;
    %load/vec4 v00000193699eacf0_0;
    %parti/s 1, 6, 4;
    %flag_set/vec4 8;
    %jmp/0xz  T_29.2, 8;
    %ix/load 4, 6, 0;
    %flag_set/imm 4, 0;
    %load/vec4a v00000193699eb290, 4;
    %ix/load 3, 6, 0;
    %flag_set/imm 4, 0;
    %ix/load 4, 0, 0; Constant delay
    %assign/vec4/a/d v00000193699ebab0, 0, 4;
T_29.2 ;
T_29.1 ;
    %jmp T_29;
    .thread T_29;
    .scope S_00000193699e41f0;
T_30 ;
    %wait E_000001936993d3a0;
    %load/vec4 v00000193699eb970_0;
    %nor/r;
    %flag_set/vec4 8;
    %jmp/0xz  T_30.0, 8;
    %pushi/vec4 0, 0, 5;
    %ix/load 3, 7, 0;
    %flag_set/imm 4, 0;
    %ix/load 4, 0, 0; Constant delay
    %assign/vec4/a/d v00000193699ebab0, 0, 4;
    %jmp T_30.1;
T_30.0 ;
    %load/vec4 v00000193699eacf0_0;
    %parti/s 1, 7, 4;
    %flag_set/vec4 8;
    %jmp/0xz  T_30.2, 8;
    %ix/load 4, 7, 0;
    %flag_set/imm 4, 0;
    %load/vec4a v00000193699eb290, 4;
    %ix/load 3, 7, 0;
    %flag_set/imm 4, 0;
    %ix/load 4, 0, 0; Constant delay
    %assign/vec4/a/d v00000193699ebab0, 0, 4;
T_30.2 ;
T_30.1 ;
    %jmp T_30;
    .thread T_30;
    .scope S_00000193699e5c80;
T_31 ;
    %wait E_000001936993d3a0;
    %load/vec4 v00000193699eb970_0;
    %nor/r;
    %flag_set/vec4 8;
    %jmp/0xz  T_31.0, 8;
    %pushi/vec4 0, 0, 5;
    %ix/load 3, 8, 0;
    %flag_set/imm 4, 0;
    %ix/load 4, 0, 0; Constant delay
    %assign/vec4/a/d v00000193699ebab0, 0, 4;
    %jmp T_31.1;
T_31.0 ;
    %load/vec4 v00000193699eacf0_0;
    %parti/s 1, 8, 5;
    %flag_set/vec4 8;
    %jmp/0xz  T_31.2, 8;
    %ix/load 4, 8, 0;
    %flag_set/imm 4, 0;
    %load/vec4a v00000193699eb290, 4;
    %ix/load 3, 8, 0;
    %flag_set/imm 4, 0;
    %ix/load 4, 0, 0; Constant delay
    %assign/vec4/a/d v00000193699ebab0, 0, 4;
T_31.2 ;
T_31.1 ;
    %jmp T_31;
    .thread T_31;
    .scope S_00000193699e46a0;
T_32 ;
    %wait E_000001936993d3a0;
    %load/vec4 v00000193699eb970_0;
    %nor/r;
    %flag_set/vec4 8;
    %jmp/0xz  T_32.0, 8;
    %pushi/vec4 0, 0, 5;
    %ix/load 3, 9, 0;
    %flag_set/imm 4, 0;
    %ix/load 4, 0, 0; Constant delay
    %assign/vec4/a/d v00000193699ebab0, 0, 4;
    %jmp T_32.1;
T_32.0 ;
    %load/vec4 v00000193699eacf0_0;
    %parti/s 1, 9, 5;
    %flag_set/vec4 8;
    %jmp/0xz  T_32.2, 8;
    %ix/load 4, 9, 0;
    %flag_set/imm 4, 0;
    %load/vec4a v00000193699eb290, 4;
    %ix/load 3, 9, 0;
    %flag_set/imm 4, 0;
    %ix/load 4, 0, 0; Constant delay
    %assign/vec4/a/d v00000193699ebab0, 0, 4;
T_32.2 ;
T_32.1 ;
    %jmp T_32;
    .thread T_32;
    .scope S_00000193699e5960;
T_33 ;
    %wait E_000001936993d3a0;
    %load/vec4 v00000193699eb970_0;
    %nor/r;
    %flag_set/vec4 8;
    %jmp/0xz  T_33.0, 8;
    %pushi/vec4 0, 0, 5;
    %ix/load 3, 10, 0;
    %flag_set/imm 4, 0;
    %ix/load 4, 0, 0; Constant delay
    %assign/vec4/a/d v00000193699ebab0, 0, 4;
    %jmp T_33.1;
T_33.0 ;
    %load/vec4 v00000193699eacf0_0;
    %parti/s 1, 10, 5;
    %flag_set/vec4 8;
    %jmp/0xz  T_33.2, 8;
    %ix/load 4, 10, 0;
    %flag_set/imm 4, 0;
    %load/vec4a v00000193699eb290, 4;
    %ix/load 3, 10, 0;
    %flag_set/imm 4, 0;
    %ix/load 4, 0, 0; Constant delay
    %assign/vec4/a/d v00000193699ebab0, 0, 4;
T_33.2 ;
T_33.1 ;
    %jmp T_33;
    .thread T_33;
    .scope S_00000193699e7c90;
T_34 ;
    %wait E_000001936993d3a0;
    %load/vec4 v00000193699eb970_0;
    %nor/r;
    %flag_set/vec4 8;
    %jmp/0xz  T_34.0, 8;
    %pushi/vec4 0, 0, 5;
    %ix/load 3, 11, 0;
    %flag_set/imm 4, 0;
    %ix/load 4, 0, 0; Constant delay
    %assign/vec4/a/d v00000193699ebab0, 0, 4;
    %jmp T_34.1;
T_34.0 ;
    %load/vec4 v00000193699eacf0_0;
    %parti/s 1, 11, 5;
    %flag_set/vec4 8;
    %jmp/0xz  T_34.2, 8;
    %ix/load 4, 11, 0;
    %flag_set/imm 4, 0;
    %load/vec4a v00000193699eb290, 4;
    %ix/load 3, 11, 0;
    %flag_set/imm 4, 0;
    %ix/load 4, 0, 0; Constant delay
    %assign/vec4/a/d v00000193699ebab0, 0, 4;
T_34.2 ;
T_34.1 ;
    %jmp T_34;
    .thread T_34;
    .scope S_00000193699e77e0;
T_35 ;
    %wait E_000001936993d3a0;
    %load/vec4 v00000193699eb970_0;
    %nor/r;
    %flag_set/vec4 8;
    %jmp/0xz  T_35.0, 8;
    %pushi/vec4 0, 0, 5;
    %ix/load 3, 12, 0;
    %flag_set/imm 4, 0;
    %ix/load 4, 0, 0; Constant delay
    %assign/vec4/a/d v00000193699ebab0, 0, 4;
    %jmp T_35.1;
T_35.0 ;
    %load/vec4 v00000193699eacf0_0;
    %parti/s 1, 12, 5;
    %flag_set/vec4 8;
    %jmp/0xz  T_35.2, 8;
    %ix/load 4, 12, 0;
    %flag_set/imm 4, 0;
    %load/vec4a v00000193699eb290, 4;
    %ix/load 3, 12, 0;
    %flag_set/imm 4, 0;
    %ix/load 4, 0, 0; Constant delay
    %assign/vec4/a/d v00000193699ebab0, 0, 4;
T_35.2 ;
T_35.1 ;
    %jmp T_35;
    .thread T_35;
    .scope S_00000193699e6840;
T_36 ;
    %wait E_000001936993d3a0;
    %load/vec4 v00000193699eb970_0;
    %nor/r;
    %flag_set/vec4 8;
    %jmp/0xz  T_36.0, 8;
    %pushi/vec4 0, 0, 5;
    %ix/load 3, 13, 0;
    %flag_set/imm 4, 0;
    %ix/load 4, 0, 0; Constant delay
    %assign/vec4/a/d v00000193699ebab0, 0, 4;
    %jmp T_36.1;
T_36.0 ;
    %load/vec4 v00000193699eacf0_0;
    %parti/s 1, 13, 5;
    %flag_set/vec4 8;
    %jmp/0xz  T_36.2, 8;
    %ix/load 4, 13, 0;
    %flag_set/imm 4, 0;
    %load/vec4a v00000193699eb290, 4;
    %ix/load 3, 13, 0;
    %flag_set/imm 4, 0;
    %ix/load 4, 0, 0; Constant delay
    %assign/vec4/a/d v00000193699ebab0, 0, 4;
T_36.2 ;
T_36.1 ;
    %jmp T_36;
    .thread T_36;
    .scope S_00000193699e66b0;
T_37 ;
    %wait E_000001936993d3a0;
    %load/vec4 v00000193699eb970_0;
    %nor/r;
    %flag_set/vec4 8;
    %jmp/0xz  T_37.0, 8;
    %pushi/vec4 0, 0, 5;
    %ix/load 3, 14, 0;
    %flag_set/imm 4, 0;
    %ix/load 4, 0, 0; Constant delay
    %assign/vec4/a/d v00000193699ebab0, 0, 4;
    %jmp T_37.1;
T_37.0 ;
    %load/vec4 v00000193699eacf0_0;
    %parti/s 1, 14, 5;
    %flag_set/vec4 8;
    %jmp/0xz  T_37.2, 8;
    %ix/load 4, 14, 0;
    %flag_set/imm 4, 0;
    %load/vec4a v00000193699eb290, 4;
    %ix/load 3, 14, 0;
    %flag_set/imm 4, 0;
    %ix/load 4, 0, 0; Constant delay
    %assign/vec4/a/d v00000193699ebab0, 0, 4;
T_37.2 ;
T_37.1 ;
    %jmp T_37;
    .thread T_37;
    .scope S_00000193699e7970;
T_38 ;
    %wait E_000001936993d3a0;
    %load/vec4 v00000193699eb970_0;
    %nor/r;
    %flag_set/vec4 8;
    %jmp/0xz  T_38.0, 8;
    %pushi/vec4 0, 0, 5;
    %ix/load 3, 15, 0;
    %flag_set/imm 4, 0;
    %ix/load 4, 0, 0; Constant delay
    %assign/vec4/a/d v00000193699ebab0, 0, 4;
    %jmp T_38.1;
T_38.0 ;
    %load/vec4 v00000193699eacf0_0;
    %parti/s 1, 15, 5;
    %flag_set/vec4 8;
    %jmp/0xz  T_38.2, 8;
    %ix/load 4, 15, 0;
    %flag_set/imm 4, 0;
    %load/vec4a v00000193699eb290, 4;
    %ix/load 3, 15, 0;
    %flag_set/imm 4, 0;
    %ix/load 4, 0, 0; Constant delay
    %assign/vec4/a/d v00000193699ebab0, 0, 4;
T_38.2 ;
T_38.1 ;
    %jmp T_38;
    .thread T_38;
    .scope S_00000193699cb5b0;
T_39 ;
Ewait_17 .event/or E_0000019369941460, E_0x0;
    %wait Ewait_17;
    %pushi/vec4 0, 0, 9;
    %store/vec4 v00000193699d3160_0, 0, 9;
    %fork t_43, S_00000193699cb100;
    %jmp t_42;
    .scope S_00000193699cb100;
t_43 ;
    %pushi/vec4 0, 0, 32;
    %store/vec4 v00000193699d3ca0_0, 0, 32;
T_39.0 ; Top of for-loop
    %load/vec4 v00000193699d3ca0_0;
    %cmpi/s 16, 0, 32;
	  %jmp/0xz T_39.1, 5;
    %load/vec4 v00000193699d3160_0;
    %pushi/vec4 0, 0, 4;
    %load/vec4 v00000193699d28a0_0;
    %load/vec4 v00000193699d3ca0_0;
    %muli 5, 0, 32;
    %part/s 5;
    %concat/vec4; draw_concat_vec4
    %add;
    %store/vec4 v00000193699d3160_0, 0, 9;
T_39.2 ; for-loop step statement
    ; show_stmt_assign_vector: Get l-value for compressed += operand
    %load/vec4 v00000193699d3ca0_0;
    %pushi/vec4 1, 0, 32;
    %add;
    %cast2;
    %store/vec4 v00000193699d3ca0_0, 0, 32;
    %jmp T_39.0;
T_39.1 ; for-loop exit label
    %end;
    .scope S_00000193699cb5b0;
t_42 %join;
    %jmp T_39;
    .thread T_39, $push;
    .scope S_00000193699cb5b0;
T_40 ;
    %wait E_000001936993d3a0;
    %load/vec4 v00000193699d3020_0;
    %nor/r;
    %flag_set/vec4 8;
    %jmp/0xz  T_40.0, 8;
    %pushi/vec4 0, 0, 9;
    %assign/vec4 v00000193699d2940_0, 0;
    %pushi/vec4 0, 0, 1;
    %assign/vec4 v00000193699d3a20_0, 0;
    %jmp T_40.1;
T_40.0 ;
    %load/vec4 v00000193699d3520_0;
    %flag_set/vec4 8;
    %jmp/0xz  T_40.2, 8;
    %load/vec4 v00000193699d3160_0;
    %assign/vec4 v00000193699d2940_0, 0;
    %pushi/vec4 1, 0, 1;
    %assign/vec4 v00000193699d3a20_0, 0;
    %jmp T_40.3;
T_40.2 ;
    %pushi/vec4 0, 0, 1;
    %assign/vec4 v00000193699d3a20_0, 0;
T_40.3 ;
T_40.1 ;
    %jmp T_40;
    .thread T_40;
    .scope S_000001936996e4d0;
T_41 ;
    %pushi/vec4 0, 0, 32;
    %store/vec4 v00000193699e8310_0, 0, 32;
    %pushi/vec4 0, 0, 32;
    %store/vec4 v00000193699ea7f0_0, 0, 32;
    %pushi/vec4 0, 0, 32;
    %store/vec4 v00000193699ea6b0_0, 0, 32;
    %end;
    .thread T_41, $init;
    .scope S_000001936996e4d0;
T_42 ;
    %pushi/vec4 0, 0, 1;
    %store/vec4 v00000193699ea610_0, 0, 1;
    %end;
    .thread T_42;
    .scope S_000001936996e4d0;
T_43 ;
    %delay 5000, 0;
    %load/vec4 v00000193699ea610_0;
    %inv;
    %store/vec4 v00000193699ea610_0, 0, 1;
    %jmp T_43;
    .thread T_43;
    .scope S_000001936996e4d0;
T_44 ;
    %vpi_call/w 3 59 "$dumpfile", "outputs/simulation/enhanced_waveform.vcd" {0 0 0};
    %vpi_call/w 3 60 "$dumpvars", 32'sb00000000000000000000000000000000, S_000001936996e4d0 {0 0 0};
    %end;
    .thread T_44;
    .scope S_000001936996e4d0;
T_45 ;
    %vpi_call/w 3 279 "$display", "============================================================" {0 0 0};
    %vpi_call/w 3 280 "$display", "  ARe-UBNN-KWS Verification  %0t", $time {0 0 0};
    %vpi_call/w 3 281 "$display", "============================================================" {0 0 0};
    %fork TD_tb_top.apply_reset, S_0000019369837160;
    %join;
    %alloc S_0000019369836e40;
    %pushi/vec4 42405, 0, 16;
    %store/vec4 v0000019369959dc0_0, 0, 16;
    %callf/vec4 TD_tb_top.all_act, S_0000019369836e40;
    %free S_0000019369836e40;
    %store/vec4 v00000193699e9490_0, 0, 256;
    %load/vec4 v00000193699e9490_0;
    %store/vec4 v00000193699e8a90_0, 0, 256;
    %pushi/vec4 42405, 0, 16;
    %store/vec4 v00000193699e8c70_0, 0, 16;
    %pushi/vec4 10, 0, 9;
    %store/vec4 v00000193699e8bd0_0, 0, 9;
    %pushi/vec4 0, 0, 1;
    %store/vec4 v00000193699e9ad0_0, 0, 1;
    %pushi/vec4 4294967295, 0, 32;
    %store/vec4 v00000193699e95d0_0, 0, 32;
    %pushi/vec4 4294967295, 0, 32;
    %store/vec4 v00000193699ea2f0_0, 0, 32;
    %pushi/str "T1_normal_inference";
    %store/str v00000193699ea250_0;
    %fork TD_tb_top.run_test, S_00000193699e6070;
    %join;
    %alloc S_0000019369836e40;
    %pushi/vec4 65535, 0, 16;
    %store/vec4 v0000019369959dc0_0, 0, 16;
    %callf/vec4 TD_tb_top.all_act, S_0000019369836e40;
    %free S_0000019369836e40;
    %store/vec4 v00000193699e9490_0, 0, 256;
    %pushi/vec4 0, 0, 16;
    %ix/load 4, 0, 0;
    %flag_set/imm 4, 0;
    %store/vec4 v00000193699e9490_0, 4, 16;
    %load/vec4 v00000193699e9490_0;
    %store/vec4 v00000193699e8a90_0, 0, 256;
    %pushi/vec4 65535, 0, 16;
    %store/vec4 v00000193699e8c70_0, 0, 16;
    %pushi/vec4 5, 0, 9;
    %store/vec4 v00000193699e8bd0_0, 0, 9;
    %pushi/vec4 0, 0, 1;
    %store/vec4 v00000193699e9ad0_0, 0, 1;
    %pushi/vec4 4294967295, 0, 32;
    %store/vec4 v00000193699e95d0_0, 0, 32;
    %pushi/vec4 4294967295, 0, 32;
    %store/vec4 v00000193699ea2f0_0, 0, 32;
    %pushi/str "T2_zero_activation_PE0";
    %store/str v00000193699ea250_0;
    %fork TD_tb_top.run_test, S_00000193699e6070;
    %join;
    %alloc S_0000019369836e40;
    %pushi/vec4 0, 0, 16;
    %store/vec4 v0000019369959dc0_0, 0, 16;
    %callf/vec4 TD_tb_top.all_act, S_0000019369836e40;
    %free S_0000019369836e40;
    %store/vec4 v00000193699e9490_0, 0, 256;
    %pushi/vec4 1, 0, 16;
    %ix/load 4, 0, 0;
    %flag_set/imm 4, 0;
    %store/vec4 v00000193699e9490_0, 4, 16;
    %load/vec4 v00000193699e9490_0;
    %store/vec4 v00000193699e8a90_0, 0, 256;
    %pushi/vec4 65535, 0, 16;
    %store/vec4 v00000193699e8c70_0, 0, 16;
    %pushi/vec4 1, 0, 9;
    %store/vec4 v00000193699e8bd0_0, 0, 9;
    %pushi/vec4 0, 0, 1;
    %store/vec4 v00000193699e9ad0_0, 0, 1;
    %pushi/vec4 4294967295, 0, 32;
    %store/vec4 v00000193699e95d0_0, 0, 32;
    %pushi/vec4 4294967295, 0, 32;
    %store/vec4 v00000193699ea2f0_0, 0, 32;
    %pushi/str "T3_nonzero_activation_PE0";
    %store/str v00000193699ea250_0;
    %fork TD_tb_top.run_test, S_00000193699e6070;
    %join;
    %alloc S_0000019369836e40;
    %pushi/vec4 65535, 0, 16;
    %store/vec4 v0000019369959dc0_0, 0, 16;
    %callf/vec4 TD_tb_top.all_act, S_0000019369836e40;
    %free S_0000019369836e40;
    %store/vec4 v00000193699e9490_0, 0, 256;
    %fork t_45, S_0000019369970d40;
    %jmp t_44;
    .scope S_0000019369970d40;
t_45 ;
    %pushi/vec4 0, 0, 32;
    %store/vec4 v0000019369958ce0_0, 0, 32;
T_45.0 ; Top of for-loop
    %load/vec4 v0000019369958ce0_0;
    %cmpi/s 22, 0, 32;
	  %jmp/0xz T_45.1, 5;
    %fork t_47, S_000001936978d3f0;
    %jmp t_46;
    .scope S_000001936978d3f0;
t_47 ;
    %vpi_func/s 3 302 "$sformatf", "T4_single_bit_fault_bit_%0d", v0000019369958ce0_0 {0 0 0};
    %store/str v0000019369959aa0_0;
    %load/vec4 v00000193699e9490_0;
    %store/vec4 v00000193699e8a90_0, 0, 256;
    %pushi/vec4 43690, 0, 16;
    %store/vec4 v00000193699e8c70_0, 0, 16;
    %pushi/vec4 5, 0, 9;
    %store/vec4 v00000193699e8bd0_0, 0, 9;
    %pushi/vec4 1, 0, 1;
    %store/vec4 v00000193699e9ad0_0, 0, 1;
    %load/vec4 v0000019369958ce0_0;
    %store/vec4 v00000193699e95d0_0, 0, 32;
    %pushi/vec4 4294967295, 0, 32;
    %store/vec4 v00000193699ea2f0_0, 0, 32;
    %load/str v0000019369959aa0_0;
    %store/str v00000193699ea250_0;
    %fork TD_tb_top.run_test, S_00000193699e6070;
    %join;
    %end;
    .scope S_0000019369970d40;
t_46 %join;
T_45.2 ; for-loop step statement
    ; show_stmt_assign_vector: Get l-value for compressed += operand
    %load/vec4 v0000019369958ce0_0;
    %pushi/vec4 1, 0, 32;
    %add;
    %cast2;
    %store/vec4 v0000019369958ce0_0, 0, 32;
    %jmp T_45.0;
T_45.1 ; for-loop exit label
    %end;
    .scope S_000001936996e4d0;
t_44 %join;
    %alloc S_0000019369836e40;
    %pushi/vec4 65535, 0, 16;
    %store/vec4 v0000019369959dc0_0, 0, 16;
    %callf/vec4 TD_tb_top.all_act, S_0000019369836e40;
    %free S_0000019369836e40;
    %store/vec4 v00000193699e9490_0, 0, 256;
    %load/vec4 v00000193699e9490_0;
    %store/vec4 v00000193699e8a90_0, 0, 256;
    %pushi/vec4 43690, 0, 16;
    %store/vec4 v00000193699e8c70_0, 0, 16;
    %pushi/vec4 5, 0, 9;
    %store/vec4 v00000193699e8bd0_0, 0, 9;
    %pushi/vec4 1, 0, 1;
    %store/vec4 v00000193699e9ad0_0, 0, 1;
    %pushi/vec4 3, 0, 32;
    %store/vec4 v00000193699e95d0_0, 0, 32;
    %pushi/vec4 7, 0, 32;
    %store/vec4 v00000193699ea2f0_0, 0, 32;
    %pushi/str "T5_double_bit_fault";
    %store/str v00000193699ea250_0;
    %fork TD_tb_top.run_test, S_00000193699e6070;
    %join;
    %pushi/vec4 0, 0, 256;
    %store/vec4 v00000193699e9490_0, 0, 256;
    %fork t_49, S_000001936978d580;
    %jmp t_48;
    .scope S_000001936978d580;
t_49 ;
    %pushi/vec4 0, 0, 32;
    %store/vec4 v000001936995a180_0, 0, 32;
T_45.3 ; Top of for-loop
    %load/vec4 v000001936995a180_0;
    %cmpi/s 8, 0, 32;
	  %jmp/0xz T_45.4, 5;
    %pushi/vec4 65535, 0, 16;
    %load/vec4 v000001936995a180_0;
    %muli 16, 0, 32;
    %ix/vec4/s 4;
    %store/vec4 v00000193699e9490_0, 4, 16;
T_45.5 ; for-loop step statement
    ; show_stmt_assign_vector: Get l-value for compressed += operand
    %load/vec4 v000001936995a180_0;
    %pushi/vec4 1, 0, 32;
    %add;
    %cast2;
    %store/vec4 v000001936995a180_0, 0, 32;
    %jmp T_45.3;
T_45.4 ; for-loop exit label
    %end;
    .scope S_000001936996e4d0;
t_48 %join;
    %fork t_51, S_000001936978d710;
    %jmp t_50;
    .scope S_000001936978d710;
t_51 ;
    %pushi/vec4 8, 0, 32;
    %store/vec4 v0000019369958380_0, 0, 32;
T_45.6 ; Top of for-loop
    %load/vec4 v0000019369958380_0;
    %cmpi/s 16, 0, 32;
	  %jmp/0xz T_45.7, 5;
    %pushi/vec4 0, 0, 16;
    %load/vec4 v0000019369958380_0;
    %muli 16, 0, 32;
    %ix/vec4/s 4;
    %store/vec4 v00000193699e9490_0, 4, 16;
T_45.8 ; for-loop step statement
    ; show_stmt_assign_vector: Get l-value for compressed += operand
    %load/vec4 v0000019369958380_0;
    %pushi/vec4 1, 0, 32;
    %add;
    %cast2;
    %store/vec4 v0000019369958380_0, 0, 32;
    %jmp T_45.6;
T_45.7 ; for-loop exit label
    %end;
    .scope S_000001936996e4d0;
t_50 %join;
    %load/vec4 v00000193699e9490_0;
    %store/vec4 v00000193699e8a90_0, 0, 256;
    %pushi/vec4 65535, 0, 16;
    %store/vec4 v00000193699e8c70_0, 0, 16;
    %pushi/vec4 50, 0, 9;
    %store/vec4 v00000193699e8bd0_0, 0, 9;
    %pushi/vec4 0, 0, 1;
    %store/vec4 v00000193699e9ad0_0, 0, 1;
    %pushi/vec4 4294967295, 0, 32;
    %store/vec4 v00000193699e95d0_0, 0, 32;
    %pushi/vec4 4294967295, 0, 32;
    %store/vec4 v00000193699ea2f0_0, 0, 32;
    %pushi/str "T6_mixed_sparse";
    %store/str v00000193699ea250_0;
    %fork TD_tb_top.run_test, S_00000193699e6070;
    %join;
    %alloc S_0000019369836e40;
    %pushi/vec4 21845, 0, 16;
    %store/vec4 v0000019369959dc0_0, 0, 16;
    %callf/vec4 TD_tb_top.all_act, S_0000019369836e40;
    %free S_0000019369836e40;
    %store/vec4 v00000193699e9490_0, 0, 256;
    %load/vec4 v00000193699e9490_0;
    %store/vec4 v00000193699e8a90_0, 0, 256;
    %pushi/vec4 21845, 0, 16;
    %store/vec4 v00000193699e8c70_0, 0, 16;
    %pushi/vec4 8, 0, 9;
    %store/vec4 v00000193699e8bd0_0, 0, 9;
    %pushi/vec4 1, 0, 1;
    %store/vec4 v00000193699e9ad0_0, 0, 1;
    %pushi/vec4 10, 0, 32;
    %store/vec4 v00000193699e95d0_0, 0, 32;
    %pushi/vec4 4294967295, 0, 32;
    %store/vec4 v00000193699ea2f0_0, 0, 32;
    %pushi/str "T7_fault_during_inference";
    %store/str v00000193699ea250_0;
    %fork TD_tb_top.run_test, S_00000193699e6070;
    %join;
    %pushi/vec4 0, 0, 256;
    %store/vec4 v00000193699e9490_0, 0, 256;
    %fork t_53, S_00000193697ed6f0;
    %jmp t_52;
    .scope S_00000193697ed6f0;
t_53 ;
    %pushi/vec4 0, 0, 32;
    %store/vec4 v0000019369959140_0, 0, 32;
T_45.9 ; Top of for-loop
    %load/vec4 v0000019369959140_0;
    %cmpi/s 16, 0, 32;
	  %jmp/0xz T_45.10, 5;
    %load/vec4 v0000019369959140_0;
    %pushi/vec4 2, 0, 32;
    %mod/s;
    %cmpi/e 0, 0, 32;
    %flag_mov 8, 4;
    %jmp/0 T_45.12, 8;
    %pushi/vec4 61680, 0, 16;
    %jmp/1 T_45.13, 8;
T_45.12 ; End of true expr.
    %pushi/vec4 0, 0, 16;
    %jmp/0 T_45.13, 8;
 ; End of false expr.
    %blend;
T_45.13;
    %load/vec4 v0000019369959140_0;
    %muli 16, 0, 32;
    %ix/vec4/s 4;
    %store/vec4 v00000193699e9490_0, 4, 16;
T_45.11 ; for-loop step statement
    ; show_stmt_assign_vector: Get l-value for compressed += operand
    %load/vec4 v0000019369959140_0;
    %pushi/vec4 1, 0, 32;
    %add;
    %cast2;
    %store/vec4 v0000019369959140_0, 0, 32;
    %jmp T_45.9;
T_45.10 ; for-loop exit label
    %end;
    .scope S_000001936996e4d0;
t_52 %join;
    %load/vec4 v00000193699e9490_0;
    %store/vec4 v00000193699e8a90_0, 0, 256;
    %pushi/vec4 61680, 0, 16;
    %store/vec4 v00000193699e8c70_0, 0, 16;
    %pushi/vec4 20, 0, 9;
    %store/vec4 v00000193699e8bd0_0, 0, 9;
    %pushi/vec4 1, 0, 1;
    %store/vec4 v00000193699e9ad0_0, 0, 1;
    %pushi/vec4 5, 0, 32;
    %store/vec4 v00000193699e95d0_0, 0, 32;
    %pushi/vec4 4294967295, 0, 32;
    %store/vec4 v00000193699ea2f0_0, 0, 32;
    %pushi/str "T8_sparse_plus_fault";
    %store/str v00000193699ea250_0;
    %fork TD_tb_top.run_test, S_00000193699e6070;
    %join;
    %alloc S_0000019369836e40;
    %pushi/vec4 65535, 0, 16;
    %store/vec4 v0000019369959dc0_0, 0, 16;
    %callf/vec4 TD_tb_top.all_act, S_0000019369836e40;
    %free S_0000019369836e40;
    %store/vec4 v00000193699e9490_0, 0, 256;
    %load/vec4 v00000193699e9490_0;
    %store/vec4 v00000193699e8a90_0, 0, 256;
    %pushi/vec4 65535, 0, 16;
    %store/vec4 v00000193699e8c70_0, 0, 16;
    %pushi/vec4 200, 0, 9;
    %store/vec4 v00000193699e8bd0_0, 0, 9;
    %pushi/vec4 0, 0, 1;
    %store/vec4 v00000193699e9ad0_0, 0, 1;
    %pushi/vec4 4294967295, 0, 32;
    %store/vec4 v00000193699e95d0_0, 0, 32;
    %pushi/vec4 4294967295, 0, 32;
    %store/vec4 v00000193699ea2f0_0, 0, 32;
    %pushi/str "T9a_all_ones";
    %store/str v00000193699ea250_0;
    %fork TD_tb_top.run_test, S_00000193699e6070;
    %join;
    %alloc S_0000019369836e40;
    %pushi/vec4 0, 0, 16;
    %store/vec4 v0000019369959dc0_0, 0, 16;
    %callf/vec4 TD_tb_top.all_act, S_0000019369836e40;
    %free S_0000019369836e40;
    %store/vec4 v00000193699e9490_0, 0, 256;
    %load/vec4 v00000193699e9490_0;
    %store/vec4 v00000193699e8a90_0, 0, 256;
    %pushi/vec4 0, 0, 16;
    %store/vec4 v00000193699e8c70_0, 0, 16;
    %pushi/vec4 1, 0, 9;
    %store/vec4 v00000193699e8bd0_0, 0, 9;
    %pushi/vec4 0, 0, 1;
    %store/vec4 v00000193699e9ad0_0, 0, 1;
    %pushi/vec4 4294967295, 0, 32;
    %store/vec4 v00000193699e95d0_0, 0, 32;
    %pushi/vec4 4294967295, 0, 32;
    %store/vec4 v00000193699ea2f0_0, 0, 32;
    %pushi/str "T9b_all_zeros";
    %store/str v00000193699ea250_0;
    %fork TD_tb_top.run_test, S_00000193699e6070;
    %join;
    %alloc S_0000019369836e40;
    %pushi/vec4 0, 0, 16;
    %store/vec4 v0000019369959dc0_0, 0, 16;
    %callf/vec4 TD_tb_top.all_act, S_0000019369836e40;
    %free S_0000019369836e40;
    %store/vec4 v00000193699e9490_0, 0, 256;
    %load/vec4 v00000193699e9490_0;
    %store/vec4 v00000193699e8a90_0, 0, 256;
    %pushi/vec4 65535, 0, 16;
    %store/vec4 v00000193699e8c70_0, 0, 16;
    %pushi/vec4 0, 0, 9;
    %store/vec4 v00000193699e8bd0_0, 0, 9;
    %pushi/vec4 0, 0, 1;
    %store/vec4 v00000193699e9ad0_0, 0, 1;
    %pushi/vec4 4294967295, 0, 32;
    %store/vec4 v00000193699e95d0_0, 0, 32;
    %pushi/vec4 4294967295, 0, 32;
    %store/vec4 v00000193699ea2f0_0, 0, 32;
    %pushi/str "T9c_zero_threshold";
    %store/str v00000193699ea250_0;
    %fork TD_tb_top.run_test, S_00000193699e6070;
    %join;
    %fork t_55, S_00000193697ed880;
    %jmp t_54;
    .scope S_00000193697ed880;
t_55 ;
    %pushi/vec4 42, 0, 32;
    %store/vec4 v0000019369959f00_0, 0, 32;
    %vpi_func 3 344 "$urandom" 32, v0000019369959f00_0 {0 0 0};
    %store/vec4 v0000019369959f00_0, 0, 32;
    %pushi/vec4 0, 0, 32;
    %store/vec4 v0000019369958b00_0, 0, 32;
T_45.14 ; Top of for-loop
    %load/vec4 v0000019369958b00_0;
    %cmpi/s 10, 0, 32;
	  %jmp/0xz T_45.15, 5;
    %fork t_57, S_00000193697eda10;
    %jmp t_56;
    .scope S_00000193697eda10;
t_57 ;
    %pushi/vec4 0, 0, 32;
    %store/vec4 v00000193699595a0_0, 0, 32;
T_45.17 ; Top of for-loop
    %load/vec4 v00000193699595a0_0;
    %cmpi/s 16, 0, 32;
	  %jmp/0xz T_45.18, 5;
    %vpi_func 3 347 "$urandom" 32 {0 0 0};
    %pad/u 16;
    %load/vec4 v00000193699595a0_0;
    %muli 16, 0, 32;
    %ix/vec4/s 4;
    %store/vec4 v00000193699e9490_0, 4, 16;
T_45.19 ; for-loop step statement
    ; show_stmt_assign_vector: Get l-value for compressed += operand
    %load/vec4 v00000193699595a0_0;
    %pushi/vec4 1, 0, 32;
    %add;
    %cast2;
    %store/vec4 v00000193699595a0_0, 0, 32;
    %jmp T_45.17;
T_45.18 ; for-loop exit label
    %end;
    .scope S_00000193697ed880;
t_56 %join;
    %vpi_func 3 348 "$urandom" 32 {0 0 0};
    %pad/u 16;
    %store/vec4 v00000193699e9170_0, 0, 16;
    %vpi_func 3 349 "$urandom_range" 32, 32'sb00000000000000000000000000000001, 32'sb00000000000000000000000001100100 {0 0 0};
    %pad/u 9;
    %store/vec4 v00000193699e9530_0, 0, 9;
    %vpi_func/s 3 350 "$sformatf", "T10_random_%0d", v0000019369958b00_0 {0 0 0};
    %store/str v0000019369958c40_0;
    %load/vec4 v00000193699e9490_0;
    %store/vec4 v00000193699e8a90_0, 0, 256;
    %load/vec4 v00000193699e9170_0;
    %store/vec4 v00000193699e8c70_0, 0, 16;
    %load/vec4 v00000193699e9530_0;
    %store/vec4 v00000193699e8bd0_0, 0, 9;
    %pushi/vec4 0, 0, 1;
    %store/vec4 v00000193699e9ad0_0, 0, 1;
    %pushi/vec4 4294967295, 0, 32;
    %store/vec4 v00000193699e95d0_0, 0, 32;
    %pushi/vec4 4294967295, 0, 32;
    %store/vec4 v00000193699ea2f0_0, 0, 32;
    %load/str v0000019369958c40_0;
    %store/str v00000193699ea250_0;
    %fork TD_tb_top.run_test, S_00000193699e6070;
    %join;
T_45.16 ; for-loop step statement
    ; show_stmt_assign_vector: Get l-value for compressed += operand
    %load/vec4 v0000019369958b00_0;
    %pushi/vec4 1, 0, 32;
    %add;
    %cast2;
    %store/vec4 v0000019369958b00_0, 0, 32;
    %jmp T_45.14;
T_45.15 ; for-loop exit label
    %end;
    .scope S_000001936996e4d0;
t_54 %join;
    %vpi_call/w 3 358 "$display", "\000" {0 0 0};
    %vpi_call/w 3 359 "$display", "================================================" {0 0 0};
    %vpi_call/w 3 360 "$display", "  ARe-UBNN-KWS VERIFICATION SUMMARY" {0 0 0};
    %vpi_call/w 3 361 "$display", "  TOTAL  : %0d", v00000193699e8310_0 {0 0 0};
    %vpi_call/w 3 362 "$display", "  PASSED : %0d", v00000193699ea7f0_0 {0 0 0};
    %vpi_call/w 3 363 "$display", "  FAILED : %0d", v00000193699ea6b0_0 {0 0 0};
    %vpi_call/w 3 364 "$display", "================================================" {0 0 0};
    %load/vec4 v00000193699ea6b0_0;
    %cmpi/e 0, 0, 32;
    %jmp/0xz  T_45.20, 4;
    %vpi_call/w 3 366 "$display", "  *** ALL TESTS PASSED ***" {0 0 0};
    %jmp T_45.21;
T_45.20 ;
    %vpi_call/w 3 368 "$display", "  *** %0d TEST(S) FAILED ***", v00000193699ea6b0_0 {0 0 0};
T_45.21 ;
    %vpi_call/w 3 369 "$display", "================================================" {0 0 0};
    %vpi_call/w 3 370 "$display", "[TB] Done at %0t ns", $time {0 0 0};
    %vpi_call/w 3 371 "$finish" {0 0 0};
    %end;
    .thread T_45;
    .scope S_000001936996e4d0;
T_46 ;
    %delay 705032704, 1;
    %vpi_call/w 3 374 "$display", "[TB] TIMEOUT" {0 0 0};
    %vpi_call/w 3 374 "$finish" {0 0 0};
    %end;
    .thread T_46;
# The file index is used to find the file name in the following table.
:file_names 14;
    "N/A";
    "<interactive>";
    "-";
    "E:\Are_UBNN_KWS\self\tb\top\tb_top.sv";
    "E:\Are_UBNN_KWS\self\src\top\are_ubnn_kws_top.sv";
    "E:\Are_UBNN_KWS\self\src\power\activation_detector.sv";
    "E:\Are_UBNN_KWS\self\src\memory\protected_weight_memory.sv";
    "E:\Are_UBNN_KWS\self\src\ecc\secded_decoder.sv";
    "E:\Are_UBNN_KWS\self\src\ecc\secded_encoder.sv";
    "E:\Are_UBNN_KWS\self\src\baseline\accumulator.sv";
    "E:\Are_UBNN_KWS\self\src\compute\pe_array.sv";
    "E:\Are_UBNN_KWS\self\src\compute\unipolar_pe.sv";
    "E:\Are_UBNN_KWS\self\src\compute\popcount.sv";
    "E:\Are_UBNN_KWS\self\src\baseline\threshold_unit.sv";
